{
	"info": {
		"_postman_id": "2b690a7a-e129-4c6e-b5bb-af61915b6bda",
		"name": "kmoh to commit",
		"schema": "https://schema.getpostman.com/json/collection/v2.1.0/collection.json"
	},
	"item": [
		{
			"name": "C02 - 1 - Create a data source",
			"request": {
				"method": "POST",
				"header": [
					{
						"key": "api-key",
						"type": "text",
						"value": "YOUR_AZURE_SEARCH_API_KEY"
					},
					{
						"key": "Content-Type",
						"type": "text",
						"value": "application/json"
					}
				],
				"body": {
					"mode": "raw",
					"raw": "{   \r\n    \"name\" : \"ohdata\",  \r\n    \"description\" : \"Demo files to demonstrate cognitive search capabilities.\",  \r\n    \"type\" : \"azureblob\",\r\n    \"credentials\" :\r\n    { \"connectionString\" :\r\n      \"YOUR_CONNECTION_STRING\"\r\n    },  \r\n    \"container\" : { \"name\" : \"travel\" }\r\n}  "
				},
				"url": {
					"raw": "https://YOUR_AZURE_SEARCH_NAME.search.windows.net/datasources?api-version=2017-11-11-Preview  ",
					"protocol": "https",
					"host": [
						"kmohsearch",
						"search",
						"windows",
						"net"
					],
					"path": [
						"datasources"
					],
					"query": [
						{
							"key": "api-version",
							"value": "2017-11-11-Preview  "
						}
					]
				}
			},
			"response": []
		},
		{
			"name": "C02 - 2 - Create an index",
			"request": {
				"method": "PUT",
				"header": [
					{
						"key": "api-key",
						"type": "text",
						"value": "YOUR_AZURE_SEARCH_API_KEY"
					},
					{
						"key": "Content-Type",
						"type": "text",
						"value": "application/json"
					}
				],
				"body": {
					"mode": "raw",
					"raw": "{\r\n  \"fields\": [\r\n    {\r\n      \"name\": \"id\",\r\n      \"type\": \"Edm.String\",\r\n      \"key\": true,\r\n      \"searchable\": true,\r\n      \"filterable\": true,\r\n      \"facetable\": false,\r\n      \"sortable\": true\r\n    },\r\n    {\r\n      \"name\": \"url\",\r\n      \"type\": \"Edm.String\",\r\n      \"sortable\": true,\r\n      \"searchable\": true,\r\n      \"filterable\": true,\r\n      \"facetable\": false\r\n    },\r\n    {\r\n      \"name\": \"file_name\",\r\n      \"type\": \"Edm.String\",\r\n      \"sortable\": true,\r\n      \"searchable\": true,\r\n      \"filterable\": true,\r\n      \"facetable\": false\r\n    },\r\n    {\r\n      \"name\": \"content\",\r\n      \"type\": \"Edm.String\",\r\n      \"sortable\": false,\r\n      \"searchable\": true,\r\n      \"filterable\": true,\r\n      \"facetable\": false\r\n    },\r\n    {\r\n      \"name\": \"size\",\r\n      \"type\": \"Edm.Int64\",\r\n      \"sortable\": true,\r\n      \"searchable\": false,\r\n      \"filterable\": true,\r\n      \"facetable\": false\r\n    },\r\n    {\r\n      \"name\": \"last_modified\",\r\n      \"type\": \"Edm.DateTimeOffset\",\r\n      \"sortable\": true,\r\n      \"searchable\": false,\r\n      \"filterable\": true,\r\n      \"facetable\": false\r\n    }\r\n  ]\r\n}  "
				},
				"url": {
					"raw": "https://YOUR_AZURE_SEARCH_NAME.search.windows.net/indexes/ohindex?api-version=2017-11-11-Preview",
					"protocol": "https",
					"host": [
						"kmohsearch",
						"search",
						"windows",
						"net"
					],
					"path": [
						"indexes",
						"ohindex"
					],
					"query": [
						{
							"key": "api-version",
							"value": "2017-11-11-Preview"
						}
					]
				}
			},
			"response": []
		},
		{
			"name": "C02 - 3 - Create an indexer",
			"request": {
				"method": "PUT",
				"header": [
					{
						"key": "api-key",
						"type": "text",
						"value": "YOUR_AZURE_SEARCH_API_KEY"
					},
					{
						"key": "Content-Type",
						"type": "text",
						"value": "application/json"
					}
				],
				"body": {
					"mode": "raw",
					"raw": "{\r\n  \"name\":\"ohindexer\", \r\n  \"dataSourceName\" : \"ohdata\",\r\n  \"targetIndexName\" : \"ohindex\",\r\n  \"fieldMappings\" : [\r\n        {\r\n          \"sourceFieldName\" : \"metadata_storage_path\",\r\n          \"targetFieldName\" : \"id\",\r\n          \"mappingFunction\" : \r\n            { \"name\" : \"base64Encode\" }\r\n        },\r\n        {\r\n          \"sourceFieldName\" : \"metadata_storage_path\",\r\n          \"targetFieldName\" : \"url\"\r\n        },\r\n        {\r\n          \"sourceFieldName\" : \"metadata_storage_name\",\r\n          \"targetFieldName\" : \"file_name\"\r\n        },\r\n        {\r\n          \"sourceFieldName\" : \"content\",\r\n          \"targetFieldName\" : \"content\"\r\n        },\r\n        {\r\n          \"sourceFieldName\" : \"metadata_storage_size\",\r\n          \"targetFieldName\" : \"size\"\r\n        },\r\n        {\r\n          \"sourceFieldName\" : \"metadata_storage_last_modified\",\r\n          \"targetFieldName\" : \"last_modified\"\r\n        }\r\n   ],\r\n  \"parameters\":\r\n  {\r\n    \"maxFailedItems\":-1,\r\n    \"maxFailedItemsPerBatch\":-1,\r\n    \"configuration\": \r\n    {\r\n        \"dataToExtract\": \"contentAndMetadata\"\r\n    }\r\n  }\r\n}  "
				},
				"url": {
					"raw": "https://YOUR_AZURE_SEARCH_NAME.search.windows.net/indexers/ohindexer?api-version=2017-11-11-Preview",
					"protocol": "https",
					"host": [
						"kmohsearch",
						"search",
						"windows",
						"net"
					],
					"path": [
						"indexers",
						"ohindexer"
					],
					"query": [
						{
							"key": "api-version",
							"value": "2017-11-11-Preview"
						}
					]
				}
			},
			"response": []
		},
		{
			"name": "C02 - 4 - Verify Content",
			"request": {
				"method": "GET",
				"header": [
					{
						"key": "api-key",
						"type": "text",
						"value": "YOUR_AZURE_SEARCH_API_KEY"
					},
					{
						"key": "Content-Type",
						"type": "text",
						"value": "application/json"
					}
				],
				"url": {
					"raw": "https://YOUR_AZURE_SEARCH_NAME.search.windows.net/indexes/ohindex/docs?search=*&api-version=2017-11-11-Preview",
					"protocol": "https",
					"host": [
						"kmohsearch",
						"search",
						"windows",
						"net"
					],
					"path": [
						"indexes",
						"ohindex",
						"docs"
					],
					"query": [
						{
							"key": "search",
							"value": "*"
						},
						{
							"key": "api-version",
							"value": "2017-11-11-Preview"
						}
					]
				}
			},
			"response": []
		},
		{
			"name": "C03 - 1 - Update the index",
			"request": {
				"method": "PUT",
				"header": [
					{
						"key": "api-key",
						"type": "text",
						"value": "YOUR_AZURE_SEARCH_API_KEY"
					},
					{
						"key": "Content-Type",
						"type": "text",
						"value": "application/json"
					}
				],
				"body": {
					"mode": "raw",
					"raw": "{\r\n  \"fields\": [\r\n    {\r\n      \"name\": \"id\",\r\n      \"type\": \"Edm.String\",\r\n      \"key\": true,\r\n      \"searchable\": true,\r\n      \"filterable\": true,\r\n      \"facetable\": false,\r\n      \"sortable\": true\r\n    },\r\n    {\r\n      \"name\": \"url\",\r\n      \"type\": \"Edm.String\",\r\n      \"sortable\": true,\r\n      \"searchable\": true,\r\n      \"filterable\": true,\r\n      \"facetable\": false\r\n    },\r\n    {\r\n      \"name\": \"file_name\",\r\n      \"type\": \"Edm.String\",\r\n      \"sortable\": true,\r\n      \"searchable\": true,\r\n      \"filterable\": true,\r\n      \"facetable\": false\r\n    },\r\n    {\r\n      \"name\": \"size\",\r\n      \"type\": \"Edm.Int64\",\r\n      \"sortable\": true,\r\n      \"searchable\": false,\r\n      \"filterable\": true,\r\n      \"facetable\": false\r\n    },\r\n    {\r\n      \"name\": \"last_modified\",\r\n      \"type\": \"Edm.DateTimeOffset\",\r\n      \"sortable\": true,\r\n      \"searchable\": false,\r\n      \"filterable\": true,\r\n      \"facetable\": false\r\n    },\r\n    {\r\n      \"name\": \"content\",\r\n      \"type\": \"Edm.String\",\r\n      \"sortable\": false,\r\n      \"searchable\": true,\r\n      \"filterable\": true,\r\n      \"facetable\": false\r\n    },\r\n    {\r\n      \"name\": \"sentiment\",\r\n      \"type\": \"Edm.Double\",\r\n      \"searchable\": false,\r\n      \"sortable\": true,\r\n      \"filterable\": true,\r\n      \"facetable\": true\r\n    },\r\n    {\r\n      \"name\": \"key_phrases\",\r\n      \"type\": \"Collection(Edm.String)\",\r\n      \"searchable\": true,\r\n      \"filterable\": false,\r\n      \"facetable\": false\r\n    },\r\n    {\r\n      \"name\": \"locations\",\r\n      \"type\": \"Collection(Edm.String)\",\r\n      \"searchable\": true,\r\n      \"sortable\": false,\r\n      \"filterable\": true,\r\n      \"facetable\": false\r\n    },\r\n    {\r\n      \"name\": \"people\",\r\n      \"type\": \"Collection(Edm.String)\",\r\n      \"searchable\": true,\r\n      \"sortable\": false,\r\n      \"filterable\": true,\r\n      \"facetable\": false\r\n    },\r\n    {\r\n      \"name\": \"links\",\r\n      \"type\": \"Collection(Edm.String)\",\r\n      \"searchable\": true,\r\n      \"sortable\": false,\r\n      \"filterable\": true,\r\n      \"facetable\": false\r\n    },\r\n    {\r\n      \"name\": \"entities\",\r\n      \"type\": \"Collection(Edm.String)\",\r\n      \"searchable\": true,\r\n      \"sortable\": false,\r\n      \"filterable\": true,\r\n      \"facetable\": false\r\n    }\r\n  ]\r\n}  "
				},
				"url": {
					"raw": "https://YOUR_AZURE_SEARCH_NAME.search.windows.net/indexes/ohindex?api-version=2017-11-11-Preview",
					"protocol": "https",
					"host": [
						"kmohsearch",
						"search",
						"windows",
						"net"
					],
					"path": [
						"indexes",
						"ohindex"
					],
					"query": [
						{
							"key": "api-version",
							"value": "2017-11-11-Preview"
						}
					]
				}
			},
			"response": []
		},
		{
			"name": "C03 - 2 - Create a skillset",
			"request": {
				"method": "PUT",
				"header": [
					{
						"key": "api-key",
						"value": "YOUR_AZURE_SEARCH_API_KEY",
						"type": "text"
					},
					{
						"key": "Content-Type",
						"value": "application/json",
						"type": "text"
					}
				],
				"body": {
					"mode": "raw",
					"raw": "{\r\n  \"description\": \"Extract and enhance text\",\r\n  \"skills\":\r\n  [\r\n        {\r\n          \"description\": \"Detect sentiment.\",\r\n          \"@odata.type\": \"#Microsoft.Skills.Text.SentimentSkill\",\r\n          \"defaultLanguageCode\": \"en\",\r\n          \"inputs\": [\r\n            {\r\n              \"name\": \"text\",\r\n              \"source\": \"/document/content\"\r\n            }\r\n          ],\r\n            \"outputs\": [\r\n                {\r\n                  \"name\": \"score\",\r\n                  \"targetName\": \"sentimentScore\"\r\n                }\r\n            ]\r\n        },\r\n        {\r\n          \"@odata.type\": \"#Microsoft.Skills.Text.EntityRecognitionSkill\",\r\n          \"categories\": [ \"Organization\", \"location\", \"person\", \"datetime\", \"url\" ],\r\n          \"defaultLanguageCode\": \"en\",\r\n          \"inputs\": [\r\n            {\r\n              \"name\": \"text\",\r\n              \"source\": \"/document/content\"\r\n            }\r\n          ],\r\n          \"outputs\": [\r\n            {\r\n              \"name\": \"locations\"\r\n            },\r\n            {\r\n              \"name\": \"persons\"\r\n            },\r\n            {\r\n              \"name\": \"urls\"\r\n            },\r\n            {\r\n              \"name\": \"entities\"\r\n            }\r\n          ]\r\n        },\r\n      {\r\n          \"@odata.type\": \"#Microsoft.Skills.Text.KeyPhraseExtractionSkill\",\r\n          \"context\": \"/document\",\r\n          \"defaultLanguageCode\": \"en\",\r\n          \"maxKeyPhraseCount\": 5,\r\n          \"inputs\": [\r\n            {\r\n              \"name\": \"text\", \"source\": \"/document/content\"\r\n            }\r\n          ],\r\n          \"outputs\": [\r\n            {\r\n              \"name\": \"keyPhrases\"\r\n            }\r\n          ]\r\n        }\r\n        ],\r\n      \"cognitiveServices\": {\r\n        \"@odata.type\": \"#Microsoft.Azure.Search.CognitiveServicesByKey\",\r\n        \"description\": \"margies-cog-svc\",\r\n        \"key\": \"YOU_COGNITIVE_SERVICE_KEY\"\r\n      }\r\n    }  \r\n"
				},
				"url": {
					"raw": "https://YOUR_AZURE_SEARCH_NAME.search.windows.net/skillsets/ohskillset?api-version=2017-11-11-Preview",
					"protocol": "https",
					"host": [
						"kmohsearch",
						"search",
						"windows",
						"net"
					],
					"path": [
						"skillsets",
						"ohskillset"
					],
					"query": [
						{
							"key": "api-version",
							"value": "2017-11-11-Preview"
						}
					]
				}
			},
			"response": []
		},
		{
			"name": "C03 - 3 - Create an indexer",
			"request": {
				"method": "PUT",
				"header": [
					{
						"key": "api-key",
						"type": "text",
						"value": "YOUR_AZURE_SEARCH_API_KEY"
					},
					{
						"key": "Content-Type",
						"type": "text",
						"value": "application/json"
					}
				],
				"body": {
					"mode": "raw",
					"raw": "{\r\n  \"name\":\"ohindexer\", \r\n  \"dataSourceName\" : \"ohdata\",\r\n  \"skillsetName\" : \"ohskillset\",\r\n  \"targetIndexName\" : \"ohindex\",\r\n  \"fieldMappings\" : [\r\n  \t     {\r\n          \"sourceFieldName\" : \"metadata_storage_path\",\r\n          \"targetFieldName\" : \"id\",\r\n          \"mappingFunction\" : \r\n            { \"name\" : \"base64Encode\" }\r\n        },\r\n        {\r\n          \"sourceFieldName\" : \"metadata_storage_path\",\r\n          \"targetFieldName\" : \"url\"\r\n        },\r\n        {\r\n          \"sourceFieldName\" : \"metadata_storage_name\",\r\n          \"targetFieldName\" : \"file_name\"\r\n        },\r\n        {\r\n          \"sourceFieldName\" : \"content\",\r\n          \"targetFieldName\" : \"content\"\r\n        },\r\n        {\r\n          \"sourceFieldName\" : \"metadata_storage_size\",\r\n          \"targetFieldName\" : \"size\"\r\n        },\r\n        {\r\n          \"sourceFieldName\" : \"metadata_storage_last_modified\",\r\n          \"targetFieldName\" : \"last_modified\"\r\n        }\r\n   ],\r\n  \"outputFieldMappings\" : \r\n  [\r\n        {\r\n            \"sourceFieldName\": \"/document/sentimentScore\", \r\n            \"targetFieldName\": \"sentiment\"\r\n        },\r\n        {\r\n          \"sourceFieldName\" : \"/document/persons\", \r\n          \"targetFieldName\" : \"people\"\r\n        },\r\n        {\r\n          \"sourceFieldName\" : \"/document/locations\", \r\n          \"targetFieldName\" : \"locations\"\r\n        },\r\n        {\r\n          \"sourceFieldName\" : \"/document/urls\", \r\n          \"targetFieldName\" : \"links\"\r\n        },\r\n        {\r\n          \"sourceFieldName\" : \"/document/entities\", \r\n          \"targetFieldName\" : \"entities\"\r\n        },\r\n        {\r\n          \"sourceFieldName\" : \"/document/keyPhrases/*\", \r\n          \"targetFieldName\" : \"key_phrases\"\r\n        }\r\n  ],\r\n  \"parameters\":\r\n  {\r\n    \"maxFailedItems\":-1,\r\n    \"maxFailedItemsPerBatch\":-1,\r\n    \"configuration\": \r\n    {\r\n        \"dataToExtract\": \"contentAndMetadata\"\r\n    }\r\n  }\r\n}  "
				},
				"url": {
					"raw": "https://YOUR_AZURE_SEARCH_NAME.search.windows.net/indexers/ohindexer?api-version=2017-11-11-Preview",
					"protocol": "https",
					"host": [
						"kmohsearch",
						"search",
						"windows",
						"net"
					],
					"path": [
						"indexers",
						"ohindexer"
					],
					"query": [
						{
							"key": "api-version",
							"value": "2017-11-11-Preview"
						}
					]
				}
			},
			"response": []
		},
		{
			"name": "C03 - 4 - Verify Content",
			"request": {
				"method": "GET",
				"header": [
					{
						"key": "api-key",
						"type": "text",
						"value": "YOUR_AZURE_SEARCH_API_KEY"
					},
					{
						"key": "Content-Type",
						"type": "text",
						"value": "application/json"
					}
				],
				"url": {
					"raw": "https://YOUR_AZURE_SEARCH_NAME.search.windows.net/indexes/ohindex/docs?search=*&api-version=2017-11-11-Preview",
					"protocol": "https",
					"host": [
						"kmohsearch",
						"search",
						"windows",
						"net"
					],
					"path": [
						"indexes",
						"ohindex",
						"docs"
					],
					"query": [
						{
							"key": "search",
							"value": "*"
						},
						{
							"key": "api-version",
							"value": "2017-11-11-Preview"
						}
					]
				}
			},
			"response": []
		},
		{
			"name": "C04 - 1 - Update the index",
			"request": {
				"method": "PUT",
				"header": [
					{
						"key": "api-key",
						"type": "text",
						"value": "YOUR_AZURE_SEARCH_API_KEY"
					},
					{
						"key": "Content-Type",
						"type": "text",
						"value": "application/json"
					}
				],
				"body": {
					"mode": "raw",
					"raw": "{\r\n  \"fields\": [\r\n    {\r\n      \"name\": \"id\",\r\n      \"type\": \"Edm.String\",\r\n      \"key\": true,\r\n      \"searchable\": true,\r\n      \"filterable\": true,\r\n      \"facetable\": false,\r\n      \"sortable\": true\r\n    },\r\n    {\r\n      \"name\": \"url\",\r\n      \"type\": \"Edm.String\",\r\n      \"sortable\": true,\r\n      \"searchable\": true,\r\n      \"filterable\": true,\r\n      \"facetable\": false\r\n    },\r\n    {\r\n      \"name\": \"file_name\",\r\n      \"type\": \"Edm.String\",\r\n      \"sortable\": true,\r\n      \"searchable\": true,\r\n      \"filterable\": true,\r\n      \"facetable\": false\r\n    },\r\n    {\r\n      \"name\": \"size\",\r\n      \"type\": \"Edm.Int64\",\r\n      \"sortable\": true,\r\n      \"searchable\": false,\r\n      \"filterable\": true,\r\n      \"facetable\": false\r\n    },\r\n    {\r\n      \"name\": \"last_modified\",\r\n      \"type\": \"Edm.DateTimeOffset\",\r\n      \"sortable\": true,\r\n      \"searchable\": false,\r\n      \"filterable\": true,\r\n      \"facetable\": false\r\n    },\r\n    {\r\n      \"name\": \"content\",\r\n      \"type\": \"Edm.String\",\r\n      \"sortable\": false,\r\n      \"searchable\": true,\r\n      \"filterable\": true,\r\n      \"facetable\": false\r\n    },\r\n    {\r\n      \"name\": \"sentiment\",\r\n      \"type\": \"Edm.Double\",\r\n      \"searchable\": false,\r\n      \"sortable\": true,\r\n      \"filterable\": true,\r\n      \"facetable\": true\r\n    },\r\n    {\r\n      \"name\": \"key_phrases\",\r\n      \"type\": \"Collection(Edm.String)\",\r\n      \"searchable\": true,\r\n      \"filterable\": false,\r\n      \"facetable\": false\r\n    },\r\n    {\r\n      \"name\": \"locations\",\r\n      \"type\": \"Collection(Edm.String)\",\r\n      \"searchable\": true,\r\n      \"sortable\": false,\r\n      \"filterable\": true,\r\n      \"facetable\": false\r\n    },\r\n    {\r\n      \"name\": \"people\",\r\n      \"type\": \"Collection(Edm.String)\",\r\n      \"searchable\": true,\r\n      \"sortable\": false,\r\n      \"filterable\": true,\r\n      \"facetable\": false\r\n    },\r\n    {\r\n      \"name\": \"links\",\r\n      \"type\": \"Collection(Edm.String)\",\r\n      \"searchable\": true,\r\n      \"sortable\": false,\r\n      \"filterable\": true,\r\n      \"facetable\": false\r\n    },\r\n    {\r\n      \"name\": \"entities\",\r\n      \"type\": \"Collection(Edm.String)\",\r\n      \"searchable\": true,\r\n      \"sortable\": false,\r\n      \"filterable\": true,\r\n      \"facetable\": false\r\n    },    \r\n    {\r\n      \"name\": \"image_descriptions\",\r\n      \"type\": \"Collection(Edm.String)\",\r\n      \"sortable\": false,\r\n      \"searchable\": true,\r\n      \"filterable\": true,\r\n      \"facetable\": false\r\n    },\r\n    {\r\n      \"name\": \"image_text\",\r\n      \"type\": \"Collection(Edm.String)\",\r\n      \"searchable\": true,\r\n      \"sortable\": false,\r\n      \"filterable\": true,\r\n      \"facetable\": false\r\n    },\r\n    {\r\n      \"name\": \"merged_text\",\r\n      \"type\": \"Edm.String\",\r\n      \"searchable\": true,\r\n      \"sortable\": false,\r\n      \"filterable\": false,\r\n      \"facetable\": false\r\n    }\r\n  ]\r\n}"
				},
				"url": {
					"raw": "https://YOUR_AZURE_SEARCH_NAME.search.windows.net/indexes/ohindex?api-version=2017-11-11-Preview",
					"protocol": "https",
					"host": [
						"kmohsearch",
						"search",
						"windows",
						"net"
					],
					"path": [
						"indexes",
						"ohindex"
					],
					"query": [
						{
							"key": "api-version",
							"value": "2017-11-11-Preview"
						}
					]
				}
			},
			"response": []
		},
		{
			"name": "C04 - 2 - Create a skillset",
			"request": {
				"method": "PUT",
				"header": [
					{
						"key": "api-key",
						"value": "YOUR_AZURE_SEARCH_API_KEY",
						"type": "text"
					},
					{
						"key": "Content-Type",
						"value": "application/json",
						"type": "text"
					}
				],
				"body": {
					"mode": "raw",
					"raw": "{\r\n  \"description\": \"Extract and enhance text\",\r\n  \"skills\":\r\n  [\r\n        {\r\n            \"description\": \"Extract descriptions from images.\",\r\n            \"@odata.type\": \"#Microsoft.Skills.Vision.ImageAnalysisSkill\",\r\n            \"context\": \"/document/normalized_images/*\",\r\n            \"defaultLanguageCode\": \"en\",\r\n            \"visualFeatures\": [\"Description\"],\r\n            \"details\": [\"Landmarks\"],\r\n            \"inputs\": [\r\n              {\r\n                \"name\": \"image\",\r\n                \"source\": \"/document/normalized_images/*\"\r\n              }\r\n            ],\r\n            \"outputs\": [\r\n              {\r\n                \"name\": \"description\",\r\n                \"targetName\": \"imageDescription\"\r\n              }\r\n            ]\r\n        },\r\n        {\r\n            \"description\": \"Extract text from images.\",\r\n            \"@odata.type\": \"#Microsoft.Skills.Vision.OcrSkill\",\r\n            \"context\": \"/document/normalized_images/*\",\r\n            \"defaultLanguageCode\": \"en\",\r\n            \"detectOrientation\": true,\r\n            \"inputs\": [\r\n              {\r\n                \"name\": \"image\",\r\n                \"source\": \"/document/normalized_images/*\"\r\n              }\r\n            ],\r\n            \"outputs\": [\r\n              {\r\n                \"name\": \"text\"\r\n              }\r\n            ]\r\n        },\r\n        {\r\n          \"@odata.type\": \"#Microsoft.Skills.Text.MergeSkill\",\r\n          \"description\": \"Create merged_text, which includes all the textual representation of each image inserted at the right location in the content field.\",\r\n          \"context\": \"/document\",\r\n          \"insertPreTag\": \"[\",\r\n          \"insertPostTag\": \"]\",\r\n          \"inputs\": [\r\n            {\r\n              \"name\":\"text\", \"source\": \"/document/content\"\r\n            },\r\n            {\r\n              \"name\": \"itemsToInsert\", \"source\": \"/document/normalized_images/*/text\"\r\n            },\r\n            {\r\n              \"name\":\"offsets\", \"source\": \"/document/normalized_images/*/contentOffset\" \r\n            }\r\n          ],\r\n          \"outputs\": [\r\n            {\r\n              \"name\": \"mergedText\"\r\n            }\r\n          ]\r\n        },\r\n        {\r\n          \"description\": \"Detect sentiment.\",\r\n          \"@odata.type\": \"#Microsoft.Skills.Text.SentimentSkill\",\r\n        \"defaultLanguageCode\": \"en\",\r\n          \"inputs\": [\r\n            {\r\n              \"name\": \"text\",\r\n              \"source\": \"/document/mergedText\"\r\n            }\r\n          ],\r\n            \"outputs\": [\r\n                {\r\n                  \"name\": \"score\",\r\n                  \"targetName\": \"sentimentScore\"\r\n                }\r\n            ]\r\n        },\r\n        {\r\n          \"@odata.type\": \"#Microsoft.Skills.Text.EntityRecognitionSkill\",\r\n          \"categories\": [ \"Organization\", \"location\", \"person\", \"datetime\", \"url\" ],\r\n          \"defaultLanguageCode\": \"en\",\r\n          \"inputs\": [\r\n            {\r\n              \"name\": \"text\",\r\n              \"source\": \"/document/mergedText\"\r\n            }\r\n          ],\r\n          \"outputs\": [\r\n            {\r\n              \"name\": \"locations\"\r\n            },\r\n            {\r\n              \"name\": \"persons\"\r\n            },\r\n            {\r\n              \"name\": \"urls\"\r\n            },\r\n            {\r\n              \"name\": \"entities\"\r\n            }\r\n          ]\r\n        },\r\n      {\r\n          \"@odata.type\": \"#Microsoft.Skills.Text.KeyPhraseExtractionSkill\",\r\n          \"context\": \"/document\",\r\n          \"defaultLanguageCode\": \"en\",\r\n          \"maxKeyPhraseCount\": 5,\r\n          \"inputs\": [\r\n            {\r\n              \"name\": \"text\", \"source\": \"/document/mergedText\"\r\n            }\r\n          ],\r\n          \"outputs\": [\r\n            {\r\n              \"name\": \"keyPhrases\"\r\n            }\r\n          ]\r\n        }  \r\n      ],\r\n      \"cognitiveServices\": {\r\n        \"@odata.type\": \"#Microsoft.Azure.Search.CognitiveServicesByKey\",\r\n        \"description\": \"margies-cog-svc\",\r\n        \"key\": \"YOU_COGNITIVE_SERVICE_KEY\"\r\n      }\r\n    }  "
				},
				"url": {
					"raw": "https://YOUR_AZURE_SEARCH_NAME.search.windows.net/skillsets/ohskillset?api-version=2017-11-11-Preview",
					"protocol": "https",
					"host": [
						"kmohsearch",
						"search",
						"windows",
						"net"
					],
					"path": [
						"skillsets",
						"ohskillset"
					],
					"query": [
						{
							"key": "api-version",
							"value": "2017-11-11-Preview"
						}
					]
				}
			},
			"response": []
		},
		{
			"name": "C04 - 3 - Create an indexer",
			"request": {
				"method": "PUT",
				"header": [
					{
						"key": "api-key",
						"type": "text",
						"value": "YOUR_AZURE_SEARCH_API_KEY"
					},
					{
						"key": "Content-Type",
						"type": "text",
						"value": "application/json"
					}
				],
				"body": {
					"mode": "raw",
					"raw": "{\r\n  \"name\":\"ohindexer\", \r\n  \"dataSourceName\" : \"ohdata\",\r\n  \"skillsetName\" : \"ohskillset\",\r\n  \"targetIndexName\" : \"ohindex\",\r\n  \"fieldMappings\" : [\r\n        {\r\n          \"sourceFieldName\" : \"metadata_storage_path\",\r\n          \"targetFieldName\" : \"id\",\r\n          \"mappingFunction\" : \r\n            { \"name\" : \"base64Encode\" }\r\n        },\r\n        {\r\n          \"sourceFieldName\" : \"metadata_storage_path\",\r\n          \"targetFieldName\" : \"url\"\r\n        },\r\n        {\r\n          \"sourceFieldName\" : \"metadata_storage_name\",\r\n          \"targetFieldName\" : \"file_name\"\r\n        },\r\n        {\r\n          \"sourceFieldName\" : \"content\",\r\n          \"targetFieldName\" : \"content\"\r\n        },\r\n        {\r\n          \"sourceFieldName\" : \"metadata_storage_size\",\r\n          \"targetFieldName\" : \"size\"\r\n        },\r\n        {\r\n          \"sourceFieldName\" : \"metadata_storage_last_modified\",\r\n          \"targetFieldName\" : \"last_modified\"\r\n        }\r\n   ],\r\n  \"outputFieldMappings\" : \r\n  [\r\n        {\r\n            \"sourceFieldName\": \"/document/normalized_images/*/imageDescription\", \r\n            \"targetFieldName\": \"image_descriptions\"\r\n        },\r\n        {\r\n            \"sourceFieldName\": \"/document/normalized_images/*/text\",\r\n            \"targetFieldName\": \"image_text\"\r\n        },\r\n        {\r\n            \"sourceFieldName\": \"/document/mergedText\", \r\n            \"targetFieldName\": \"merged_text\"\r\n        },\r\n        {\r\n            \"sourceFieldName\": \"/document/sentimentScore\", \r\n            \"targetFieldName\": \"sentiment\"\r\n        },\r\n        {\r\n          \"sourceFieldName\" : \"/document/persons\", \r\n          \"targetFieldName\" : \"people\"\r\n        },\r\n        {\r\n          \"sourceFieldName\" : \"/document/locations\", \r\n          \"targetFieldName\" : \"locations\"\r\n        },\r\n        {\r\n          \"sourceFieldName\" : \"/document/urls\", \r\n          \"targetFieldName\" : \"links\"\r\n        },\r\n        {\r\n          \"sourceFieldName\" : \"/document/entities\", \r\n          \"targetFieldName\" : \"entities\"\r\n        },\r\n        {\r\n          \"sourceFieldName\" : \"/document/keyPhrases/*\", \r\n          \"targetFieldName\" : \"key_phrases\"\r\n        }\r\n  ],\r\n  \"parameters\":\r\n  {\r\n    \"maxFailedItems\":-1,\r\n    \"maxFailedItemsPerBatch\":-1,\r\n    \"configuration\": \r\n    {\r\n        \"dataToExtract\": \"contentAndMetadata\",\r\n        \"imageAction\": \"generateNormalizedImages\"\r\n    }\r\n  }\r\n}  "
				},
				"url": {
					"raw": "https://YOUR_AZURE_SEARCH_NAME.search.windows.net/indexers/ohindexer?api-version=2017-11-11-Preview",
					"protocol": "https",
					"host": [
						"kmohsearch",
						"search",
						"windows",
						"net"
					],
					"path": [
						"indexers",
						"ohindexer"
					],
					"query": [
						{
							"key": "api-version",
							"value": "2017-11-11-Preview"
						}
					]
				}
			},
			"response": []
		},
		{
			"name": "C04 - 4 - Verify Content",
			"request": {
				"method": "GET",
				"header": [
					{
						"key": "api-key",
						"type": "text",
						"value": "YOUR_AZURE_SEARCH_API_KEY"
					},
					{
						"key": "Content-Type",
						"type": "text",
						"value": "application/json"
					}
				],
				"url": {
					"raw": "https://YOUR_AZURE_SEARCH_NAME.search.windows.net/indexes/ohindex/docs?search=*&api-version=2017-11-11-Preview",
					"protocol": "https",
					"host": [
						"kmohsearch",
						"search",
						"windows",
						"net"
					],
					"path": [
						"indexes",
						"ohindex",
						"docs"
					],
					"query": [
						{
							"key": "search",
							"value": "*"
						},
						{
							"key": "api-version",
							"value": "2017-11-11-Preview"
						}
					]
				}
			},
			"response": []
		},
		{
			"name": "C05 - 1 - Update the index",
			"request": {
				"method": "PUT",
				"header": [
					{
						"key": "api-key",
						"type": "text",
						"value": "YOUR_AZURE_SEARCH_API_KEY"
					},
					{
						"key": "Content-Type",
						"type": "text",
						"value": "application/json"
					}
				],
				"body": {
					"mode": "raw",
					"raw": "{\r\n  \"fields\": [\r\n    {\r\n      \"name\": \"id\",\r\n      \"type\": \"Edm.String\",\r\n      \"key\": true,\r\n      \"searchable\": true,\r\n      \"filterable\": true,\r\n      \"facetable\": false,\r\n      \"sortable\": true\r\n    },\r\n    {\r\n      \"name\": \"url\",\r\n      \"type\": \"Edm.String\",\r\n      \"sortable\": true,\r\n      \"searchable\": true,\r\n      \"filterable\": true,\r\n      \"facetable\": false\r\n    },\r\n    {\r\n      \"name\": \"file_name\",\r\n      \"type\": \"Edm.String\",\r\n      \"sortable\": true,\r\n      \"searchable\": true,\r\n      \"filterable\": true,\r\n      \"facetable\": false\r\n    },\r\n    {\r\n      \"name\": \"size\",\r\n      \"type\": \"Edm.Int64\",\r\n      \"sortable\": true,\r\n      \"searchable\": false,\r\n      \"filterable\": true,\r\n      \"facetable\": false\r\n    },\r\n    {\r\n      \"name\": \"last_modified\",\r\n      \"type\": \"Edm.DateTimeOffset\",\r\n      \"sortable\": true,\r\n      \"searchable\": false,\r\n      \"filterable\": true,\r\n      \"facetable\": false\r\n    },\r\n    {\r\n      \"name\": \"content\",\r\n      \"type\": \"Edm.String\",\r\n      \"sortable\": false,\r\n      \"searchable\": true,\r\n      \"filterable\": true,\r\n      \"facetable\": false\r\n    },\r\n    {\r\n      \"name\": \"sentiment\",\r\n      \"type\": \"Edm.Double\",\r\n      \"searchable\": false,\r\n      \"sortable\": true,\r\n      \"filterable\": true,\r\n      \"facetable\": true\r\n    },\r\n    {\r\n      \"name\": \"key_phrases\",\r\n      \"type\": \"Collection(Edm.String)\",\r\n      \"searchable\": true,\r\n      \"filterable\": false,\r\n      \"facetable\": false\r\n    },\r\n    {\r\n      \"name\": \"locations\",\r\n      \"type\": \"Collection(Edm.String)\",\r\n      \"searchable\": true,\r\n      \"sortable\": false,\r\n      \"filterable\": true,\r\n      \"facetable\": false\r\n    },\r\n    {\r\n      \"name\": \"people\",\r\n      \"type\": \"Collection(Edm.String)\",\r\n      \"searchable\": true,\r\n      \"sortable\": false,\r\n      \"filterable\": true,\r\n      \"facetable\": false\r\n    },\r\n    {\r\n      \"name\": \"links\",\r\n      \"type\": \"Collection(Edm.String)\",\r\n      \"searchable\": true,\r\n      \"sortable\": false,\r\n      \"filterable\": true,\r\n      \"facetable\": false\r\n    },\r\n    {\r\n      \"name\": \"entities\",\r\n      \"type\": \"Collection(Edm.String)\",\r\n      \"searchable\": true,\r\n      \"sortable\": false,\r\n      \"filterable\": true,\r\n      \"facetable\": false\r\n    },    \r\n    {\r\n      \"name\": \"image_descriptions\",\r\n      \"type\": \"Collection(Edm.String)\",\r\n      \"sortable\": false,\r\n      \"searchable\": true,\r\n      \"filterable\": true,\r\n      \"facetable\": false\r\n    },\r\n    {\r\n      \"name\": \"image_text\",\r\n      \"type\": \"Collection(Edm.String)\",\r\n      \"searchable\": true,\r\n      \"sortable\": false,\r\n      \"filterable\": true,\r\n      \"facetable\": false\r\n    },\r\n    {\r\n      \"name\": \"merged_text\",\r\n      \"type\": \"Edm.String\",\r\n      \"searchable\": true,\r\n      \"sortable\": false,\r\n      \"filterable\": false,\r\n      \"facetable\": false\r\n    },\r\n    {\r\n      \"name\": \"top_words\",\r\n      \"type\": \"Collection(Edm.String)\",\r\n      \"searchable\": true,\r\n      \"sortable\": false,\r\n      \"filterable\": true,\r\n      \"facetable\": false\r\n    }\r\n  ]\r\n}"
				},
				"url": {
					"raw": "https://YOUR_AZURE_SEARCH_NAME.search.windows.net/indexes/ohindex?api-version=2017-11-11-Preview",
					"protocol": "https",
					"host": [
						"kmohsearch",
						"search",
						"windows",
						"net"
					],
					"path": [
						"indexes",
						"ohindex"
					],
					"query": [
						{
							"key": "api-version",
							"value": "2017-11-11-Preview"
						}
					]
				}
			},
			"response": []
		},
		{
			"name": "C05 - 2 - Create a skillset",
			"request": {
				"method": "PUT",
				"header": [
					{
						"key": "api-key",
						"value": "YOUR_AZURE_SEARCH_API_KEY",
						"type": "text"
					},
					{
						"key": "Content-Type",
						"value": "application/json",
						"type": "text"
					}
				],
				"body": {
					"mode": "raw",
					"raw": "{\r\n  \"description\": \"Extract and enhance text\",\r\n  \"skills\":\r\n  [\r\n        {\r\n            \"description\": \"Extract descriptions from images.\",\r\n            \"@odata.type\": \"#Microsoft.Skills.Vision.ImageAnalysisSkill\",\r\n            \"context\": \"/document/normalized_images/*\",\r\n            \"defaultLanguageCode\": \"en\",\r\n            \"visualFeatures\": [\"Description\"],\r\n            \"details\": [\"Landmarks\"],\r\n            \"inputs\": [\r\n              {\r\n                \"name\": \"image\",\r\n                \"source\": \"/document/normalized_images/*\"\r\n              }\r\n            ],\r\n            \"outputs\": [\r\n              {\r\n                \"name\": \"description\",\r\n                \"targetName\": \"imageDescription\"\r\n              }\r\n            ]\r\n        },\r\n        {\r\n            \"description\": \"Extract text from images.\",\r\n            \"@odata.type\": \"#Microsoft.Skills.Vision.OcrSkill\",\r\n            \"context\": \"/document/normalized_images/*\",\r\n            \"defaultLanguageCode\": \"en\",\r\n            \"detectOrientation\": true,\r\n            \"inputs\": [\r\n              {\r\n                \"name\": \"image\",\r\n                \"source\": \"/document/normalized_images/*\"\r\n              }\r\n            ],\r\n            \"outputs\": [\r\n              {\r\n                \"name\": \"text\"\r\n              }\r\n            ]\r\n        },\r\n        {\r\n          \"@odata.type\": \"#Microsoft.Skills.Text.MergeSkill\",\r\n          \"description\": \"Create merged_text, which includes all the textual representation of each image inserted at the right location in the content field.\",\r\n          \"context\": \"/document\",\r\n          \"insertPreTag\": \"[\",\r\n          \"insertPostTag\": \"]\",\r\n          \"inputs\": [\r\n            {\r\n              \"name\":\"text\", \"source\": \"/document/content\"\r\n            },\r\n            {\r\n              \"name\": \"itemsToInsert\", \"source\": \"/document/normalized_images/*/text\"\r\n            },\r\n            {\r\n              \"name\":\"offsets\", \"source\": \"/document/normalized_images/*/contentOffset\" \r\n            }\r\n          ],\r\n          \"outputs\": [\r\n            {\r\n              \"name\": \"mergedText\"\r\n            }\r\n          ]\r\n        },\r\n        {\r\n          \"description\": \"Detect sentiment.\",\r\n          \"@odata.type\": \"#Microsoft.Skills.Text.SentimentSkill\",\r\n        \"defaultLanguageCode\": \"en\",\r\n          \"inputs\": [\r\n            {\r\n              \"name\": \"text\",\r\n              \"source\": \"/document/mergedText\"\r\n            }\r\n          ],\r\n            \"outputs\": [\r\n                {\r\n                  \"name\": \"score\",\r\n                  \"targetName\": \"sentimentScore\"\r\n                }\r\n            ]\r\n        },\r\n        {\r\n          \"@odata.type\": \"#Microsoft.Skills.Text.EntityRecognitionSkill\",\r\n          \"categories\": [ \"Organization\", \"location\", \"person\", \"datetime\", \"url\" ],\r\n          \"defaultLanguageCode\": \"en\",\r\n          \"inputs\": [\r\n            {\r\n              \"name\": \"text\",\r\n              \"source\": \"/document/mergedText\"\r\n            }\r\n          ],\r\n          \"outputs\": [\r\n            {\r\n              \"name\": \"locations\"\r\n            },\r\n            {\r\n              \"name\": \"persons\"\r\n            },\r\n            {\r\n              \"name\": \"urls\"\r\n            },\r\n            {\r\n              \"name\": \"entities\"\r\n            }\r\n          ]\r\n        },\r\n        \r\n      {\r\n        \"@odata.type\": \"#Microsoft.Skills.Custom.WebApiSkill\",\r\n        \"description\": \"This skill calls an Azure function, which in turn calls TA sentiment\",\r\n        \"uri\": \"https://sbaydachohfunc.azurewebsites.net/api/CountFrequentWords\",\r\n        \"context\": \"/document\",\r\n        \"inputs\": [\r\n          {\r\n            \"name\": \"text\",\r\n            \"source\": \"/document/content\"\r\n          }\r\n        ],\r\n        \"outputs\": [\r\n          {\r\n            \"name\": \"text\",\r\n            \"targetName\": \"top_words\"\r\n          }\r\n        ]\r\n      },\r\n      {\r\n          \"@odata.type\": \"#Microsoft.Skills.Text.KeyPhraseExtractionSkill\",\r\n          \"context\": \"/document\",\r\n          \"defaultLanguageCode\": \"en\",\r\n          \"maxKeyPhraseCount\": 5,\r\n          \"inputs\": [\r\n            {\r\n              \"name\": \"text\", \"source\": \"/document/mergedText\"\r\n            }\r\n          ],\r\n          \"outputs\": [\r\n            {\r\n              \"name\": \"keyPhrases\"\r\n            }\r\n          ]\r\n        }  \r\n      ],\r\n      \"cognitiveServices\": {\r\n        \"@odata.type\": \"#Microsoft.Azure.Search.CognitiveServicesByKey\",\r\n        \"description\": \"margies-cog-svc\",\r\n        \"key\": \"YOU_COGNITIVE_SERVICE_KEY\"\r\n      }\r\n    }  "
				},
				"url": {
					"raw": "https://YOUR_AZURE_SEARCH_NAME.search.windows.net/skillsets/ohskillset?api-version=2017-11-11-Preview",
					"protocol": "https",
					"host": [
						"kmohsearch",
						"search",
						"windows",
						"net"
					],
					"path": [
						"skillsets",
						"ohskillset"
					],
					"query": [
						{
							"key": "api-version",
							"value": "2017-11-11-Preview"
						}
					]
				}
			},
			"response": []
		},
		{
			"name": "C05 - 3 - Create an indexer",
			"request": {
				"method": "PUT",
				"header": [
					{
						"key": "api-key",
						"type": "text",
						"value": "YOUR_AZURE_SEARCH_API_KEY"
					},
					{
						"key": "Content-Type",
						"type": "text",
						"value": "application/json"
					}
				],
				"body": {
					"mode": "raw",
					"raw": "{\r\n  \"name\":\"ohindexer\", \r\n  \"dataSourceName\" : \"ohdata\",\r\n  \"skillsetName\" : \"ohskillset\",\r\n  \"targetIndexName\" : \"ohindex\",\r\n  \"fieldMappings\" : [\r\n        {\r\n          \"sourceFieldName\" : \"metadata_storage_path\",\r\n          \"targetFieldName\" : \"id\",\r\n          \"mappingFunction\" : \r\n            { \"name\" : \"base64Encode\" }\r\n        },\r\n        {\r\n          \"sourceFieldName\" : \"metadata_storage_path\",\r\n          \"targetFieldName\" : \"url\"\r\n        },\r\n        {\r\n          \"sourceFieldName\" : \"metadata_storage_name\",\r\n          \"targetFieldName\" : \"file_name\"\r\n        },\r\n        {\r\n          \"sourceFieldName\" : \"content\",\r\n          \"targetFieldName\" : \"content\"\r\n        },\r\n        {\r\n          \"sourceFieldName\" : \"metadata_storage_size\",\r\n          \"targetFieldName\" : \"size\"\r\n        },\r\n        {\r\n          \"sourceFieldName\" : \"metadata_storage_last_modified\",\r\n          \"targetFieldName\" : \"last_modified\"\r\n        }\r\n   ],\r\n  \"outputFieldMappings\" : \r\n  [\r\n        {\r\n            \"sourceFieldName\": \"/document/normalized_images/*/imageDescription\", \r\n            \"targetFieldName\": \"image_descriptions\"\r\n        },\r\n        {\r\n            \"sourceFieldName\": \"/document/normalized_images/*/text\",\r\n            \"targetFieldName\": \"image_text\"\r\n        },\r\n        {\r\n            \"sourceFieldName\": \"/document/mergedText\", \r\n            \"targetFieldName\": \"merged_text\"\r\n        },\r\n        {\r\n            \"sourceFieldName\": \"/document/sentimentScore\", \r\n            \"targetFieldName\": \"sentiment\"\r\n        },\r\n        {\r\n          \"sourceFieldName\" : \"/document/persons\", \r\n          \"targetFieldName\" : \"people\"\r\n        },\r\n        {\r\n          \"sourceFieldName\" : \"/document/locations\", \r\n          \"targetFieldName\" : \"locations\"\r\n        },\r\n        {\r\n          \"sourceFieldName\" : \"/document/urls\", \r\n          \"targetFieldName\" : \"links\"\r\n        },\r\n        {\r\n          \"sourceFieldName\" : \"/document/entities\", \r\n          \"targetFieldName\" : \"entities\"\r\n        },        \r\n        {\r\n          \"sourceFieldName\" : \"/document/top_words\", \r\n          \"targetFieldName\" : \"top_words\"\r\n        },\r\n        {\r\n          \"sourceFieldName\" : \"/document/keyPhrases/*\", \r\n          \"targetFieldName\" : \"key_phrases\"\r\n        }\r\n  ],\r\n  \"parameters\":\r\n  {\r\n    \"maxFailedItems\":-1,\r\n    \"maxFailedItemsPerBatch\":-1,\r\n    \"configuration\": \r\n    {\r\n        \"dataToExtract\": \"contentAndMetadata\",\r\n        \"imageAction\": \"generateNormalizedImages\"\r\n    }\r\n  }\r\n}  "
				},
				"url": {
					"raw": "https://YOUR_AZURE_SEARCH_NAME.search.windows.net/indexers/ohindexer?api-version=2017-11-11-Preview",
					"protocol": "https",
					"host": [
						"kmohsearch",
						"search",
						"windows",
						"net"
					],
					"path": [
						"indexers",
						"ohindexer"
					],
					"query": [
						{
							"key": "api-version",
							"value": "2017-11-11-Preview"
						}
					]
				}
			},
			"response": []
		},
		{
			"name": "C06 - 1 - Update the index",
			"request": {
				"method": "PUT",
				"header": [
					{
						"key": "api-key",
						"type": "text",
						"value": "YOUR_AZURE_SEARCH_API_KEY"
					},
					{
						"key": "Content-Type",
						"type": "text",
						"value": "application/json"
					}
				],
				"body": {
					"mode": "raw",
					"raw": "{\r\n  \"fields\": [\r\n    {\r\n      \"name\": \"id\",\r\n      \"type\": \"Edm.String\",\r\n      \"key\": true,\r\n      \"searchable\": true,\r\n      \"filterable\": true,\r\n      \"facetable\": false,\r\n      \"sortable\": true\r\n    },\r\n    {\r\n      \"name\": \"url\",\r\n      \"type\": \"Edm.String\",\r\n      \"sortable\": true,\r\n      \"searchable\": true,\r\n      \"filterable\": true,\r\n      \"facetable\": false\r\n    },\r\n    {\r\n      \"name\": \"file_name\",\r\n      \"type\": \"Edm.String\",\r\n      \"sortable\": true,\r\n      \"searchable\": true,\r\n      \"filterable\": true,\r\n      \"facetable\": false\r\n    },\r\n    {\r\n      \"name\": \"size\",\r\n      \"type\": \"Edm.Int64\",\r\n      \"sortable\": true,\r\n      \"searchable\": false,\r\n      \"filterable\": true,\r\n      \"facetable\": false\r\n    },\r\n    {\r\n      \"name\": \"last_modified\",\r\n      \"type\": \"Edm.DateTimeOffset\",\r\n      \"sortable\": true,\r\n      \"searchable\": false,\r\n      \"filterable\": true,\r\n      \"facetable\": false\r\n    },\r\n    {\r\n      \"name\": \"content\",\r\n      \"type\": \"Edm.String\",\r\n      \"sortable\": false,\r\n      \"searchable\": true,\r\n      \"filterable\": true,\r\n      \"facetable\": false,\r\n      \"synonymMaps\":[\r\n            \"mysynonymmap\"\r\n         ]\r\n    },\r\n    {\r\n      \"name\": \"sentiment\",\r\n      \"type\": \"Edm.Double\",\r\n      \"searchable\": false,\r\n      \"sortable\": true,\r\n      \"filterable\": true,\r\n      \"facetable\": true\r\n    },\r\n    {\r\n      \"name\": \"key_phrases\",\r\n      \"type\": \"Collection(Edm.String)\",\r\n      \"searchable\": true,\r\n      \"filterable\": false,\r\n      \"facetable\": false,\r\n      \"synonymMaps\":[\r\n            \"mysynonymmap\"\r\n         ]\r\n    },\r\n    {\r\n      \"name\": \"locations\",\r\n      \"type\": \"Collection(Edm.String)\",\r\n      \"searchable\": true,\r\n      \"sortable\": false,\r\n      \"filterable\": true,\r\n      \"facetable\": false,\r\n      \"synonymMaps\":[\r\n            \"mysynonymmap\"\r\n         ]\r\n    },\r\n    {\r\n      \"name\": \"people\",\r\n      \"type\": \"Collection(Edm.String)\",\r\n      \"searchable\": true,\r\n      \"sortable\": false,\r\n      \"filterable\": true,\r\n      \"facetable\": false\r\n    },\r\n    {\r\n      \"name\": \"links\",\r\n      \"type\": \"Collection(Edm.String)\",\r\n      \"searchable\": true,\r\n      \"sortable\": false,\r\n      \"filterable\": true,\r\n      \"facetable\": false\r\n    },\r\n    {\r\n      \"name\": \"entities\",\r\n      \"type\": \"Collection(Edm.String)\",\r\n      \"searchable\": true,\r\n      \"sortable\": false,\r\n      \"filterable\": true,\r\n      \"facetable\": false,\r\n      \"synonymMaps\":[\r\n            \"mysynonymmap\"\r\n         ]\r\n    },    \r\n    {\r\n      \"name\": \"image_descriptions\",\r\n      \"type\": \"Collection(Edm.String)\",\r\n      \"sortable\": false,\r\n      \"searchable\": true,\r\n      \"filterable\": true,\r\n      \"facetable\": false,\r\n      \"synonymMaps\":[\r\n            \"mysynonymmap\"\r\n         ]\r\n    },\r\n    {\r\n      \"name\": \"image_text\",\r\n      \"type\": \"Collection(Edm.String)\",\r\n      \"searchable\": true,\r\n      \"sortable\": false,\r\n      \"filterable\": true,\r\n      \"facetable\": false,\r\n      \"synonymMaps\":[\r\n            \"mysynonymmap\"\r\n         ]\r\n    },\r\n    {\r\n      \"name\": \"merged_text\",\r\n      \"type\": \"Edm.String\",\r\n      \"searchable\": true,\r\n      \"sortable\": false,\r\n      \"filterable\": false,\r\n      \"facetable\": false,\r\n      \"synonymMaps\":[\r\n            \"mysynonymmap\"\r\n         ]\r\n    },\r\n    {\r\n      \"name\": \"top_words\",\r\n      \"type\": \"Collection(Edm.String)\",\r\n      \"searchable\": true,\r\n      \"sortable\": false,\r\n      \"filterable\": true,\r\n      \"facetable\": false,\r\n      \"synonymMaps\":[\r\n            \"mysynonymmap\"\r\n         ]\r\n    }\r\n  ],\r\n  \"suggesters\": [\r\n\t{\r\n      \"name\": \"location_suggester\",\r\n      \"searchMode\": \"analyzingInfixMatching\",\r\n      \"sourceFields\": [\"locations\"]\r\n    }\r\n  ],\r\n  \"scoringProfiles\": [  \r\n    {  \r\n      \"name\": \"boost_relevance\",  \r\n      \"text\": {  \r\n        \"weights\": {  \r\n          \"key_phrases\": 5.0 \r\n        }\r\n      },\r\n      \"functions\": [  \r\n      {  \r\n    \t\"type\": \"freshness\",  \r\n        \"fieldName\": \"last_modified\",  \r\n        \"boost\": 2,  \r\n        \"interpolation\": \"quadratic\",  \r\n        \"freshness\": {  \r\n        \"boostingDuration\": \"P365D\"  \r\n    \t}  \r\n      },  \r\n      {\r\n        \"type\": \"magnitude\",  \r\n        \"fieldName\": \"size\",  \r\n        \"boost\": 2,  \r\n        \"interpolation\": \"linear\",  \r\n        \"magnitude\": {  \r\n        \"boostingRangeStart\": 1000,  \r\n        \"boostingRangeEnd\": 500000,  \r\n        \"constantBoostBeyondRange\": \"true\"\r\n        }  \r\n      }\r\n      ]\r\n    }\r\n  ]\r\n}"
				},
				"url": {
					"raw": "https://YOUR_AZURE_SEARCH_NAME.search.windows.net/indexes/ohindex?api-version=2017-11-11-Preview",
					"protocol": "https",
					"host": [
						"kmohsearch",
						"search",
						"windows",
						"net"
					],
					"path": [
						"indexes",
						"ohindex"
					],
					"query": [
						{
							"key": "api-version",
							"value": "2017-11-11-Preview"
						}
					]
				}
			},
			"response": []
		},
		{
			"name": "C06 - 2 - Create a skillset",
			"request": {
				"method": "PUT",
				"header": [
					{
						"key": "api-key",
						"type": "text",
						"value": "YOUR_AZURE_SEARCH_API_KEY"
					},
					{
						"key": "Content-Type",
						"type": "text",
						"value": "application/json"
					}
				],
				"body": {
					"mode": "raw",
					"raw": "{\r\n  \"description\": \"Extract and enhance text\",\r\n  \"skills\":\r\n  [\r\n        {\r\n            \"description\": \"Extract descriptions from images.\",\r\n            \"@odata.type\": \"#Microsoft.Skills.Vision.ImageAnalysisSkill\",\r\n            \"context\": \"/document/normalized_images/*\",\r\n            \"defaultLanguageCode\": \"en\",\r\n            \"visualFeatures\": [\"Description\"],\r\n            \"details\": [\"Landmarks\"],\r\n            \"inputs\": [\r\n              {\r\n                \"name\": \"image\",\r\n                \"source\": \"/document/normalized_images/*\"\r\n              }\r\n            ],\r\n            \"outputs\": [\r\n              {\r\n                \"name\": \"description\",\r\n                \"targetName\": \"imageDescription\"\r\n              }\r\n            ]\r\n        },\r\n        {\r\n            \"description\": \"Extract text from images.\",\r\n            \"@odata.type\": \"#Microsoft.Skills.Vision.OcrSkill\",\r\n            \"context\": \"/document/normalized_images/*\",\r\n            \"defaultLanguageCode\": \"en\",\r\n            \"detectOrientation\": true,\r\n            \"inputs\": [\r\n              {\r\n                \"name\": \"image\",\r\n                \"source\": \"/document/normalized_images/*\"\r\n              }\r\n            ],\r\n            \"outputs\": [\r\n              {\r\n                \"name\": \"text\"\r\n              }\r\n            ]\r\n        },\r\n        {\r\n          \"@odata.type\": \"#Microsoft.Skills.Text.MergeSkill\",\r\n          \"description\": \"Create merged_text, which includes all the textual representation of each image inserted at the right location in the content field.\",\r\n          \"context\": \"/document\",\r\n          \"insertPreTag\": \"[\",\r\n          \"insertPostTag\": \"]\",\r\n          \"inputs\": [\r\n            {\r\n              \"name\":\"text\", \"source\": \"/document/content\"\r\n            },\r\n            {\r\n              \"name\": \"itemsToInsert\", \"source\": \"/document/normalized_images/*/text\"\r\n            },\r\n            {\r\n              \"name\":\"offsets\", \"source\": \"/document/normalized_images/*/contentOffset\" \r\n            }\r\n          ],\r\n          \"outputs\": [\r\n            {\r\n              \"name\": \"mergedText\"\r\n            }\r\n          ]\r\n        },\r\n        {\r\n          \"description\": \"Detect sentiment.\",\r\n          \"@odata.type\": \"#Microsoft.Skills.Text.SentimentSkill\",\r\n        \"defaultLanguageCode\": \"en\",\r\n          \"inputs\": [\r\n            {\r\n              \"name\": \"text\",\r\n              \"source\": \"/document/mergedText\"\r\n            }\r\n          ],\r\n            \"outputs\": [\r\n                {\r\n                  \"name\": \"score\",\r\n                  \"targetName\": \"sentimentScore\"\r\n                }\r\n            ]\r\n        },\r\n        {\r\n          \"@odata.type\": \"#Microsoft.Skills.Text.EntityRecognitionSkill\",\r\n          \"categories\": [ \"Organization\", \"location\", \"person\", \"datetime\", \"url\" ],\r\n          \"defaultLanguageCode\": \"en\",\r\n          \"inputs\": [\r\n            {\r\n              \"name\": \"text\",\r\n              \"source\": \"/document/mergedText\"\r\n            }\r\n          ],\r\n          \"outputs\": [\r\n            {\r\n              \"name\": \"locations\"\r\n            },\r\n            {\r\n              \"name\": \"persons\"\r\n            },\r\n            {\r\n              \"name\": \"urls\"\r\n            },\r\n            {\r\n              \"name\": \"entities\"\r\n            }\r\n          ]\r\n        },\r\n        \r\n      {\r\n        \"@odata.type\": \"#Microsoft.Skills.Custom.WebApiSkill\",\r\n        \"description\": \"This skill calls an Azure function, which in turn calls TA sentiment\",\r\n        \"uri\": \"https://sbaydachohfunc.azurewebsites.net/api/CountFrequentWords\",\r\n        \"context\": \"/document\",\r\n        \"inputs\": [\r\n          {\r\n            \"name\": \"text\",\r\n            \"source\": \"/document/content\"\r\n          }\r\n        ],\r\n        \"outputs\": [\r\n          {\r\n            \"name\": \"text\",\r\n            \"targetName\": \"top_words\"\r\n          }\r\n        ]\r\n      },\r\n      {\r\n          \"@odata.type\": \"#Microsoft.Skills.Text.KeyPhraseExtractionSkill\",\r\n          \"context\": \"/document\",\r\n          \"defaultLanguageCode\": \"en\",\r\n          \"maxKeyPhraseCount\": 5,\r\n          \"inputs\": [\r\n            {\r\n              \"name\": \"text\", \"source\": \"/document/mergedText\"\r\n            }\r\n          ],\r\n          \"outputs\": [\r\n            {\r\n              \"name\": \"keyPhrases\"\r\n            }\r\n          ]\r\n        }  \r\n      ],\r\n      \"cognitiveServices\": {\r\n        \"@odata.type\": \"#Microsoft.Azure.Search.CognitiveServicesByKey\",\r\n        \"description\": \"margies-cog-svc\",\r\n        \"key\": \"YOU_COGNITIVE_SERVICE_KEY\"\r\n      }\r\n    }  "
				},
				"url": {
					"raw": "https://YOUR_AZURE_SEARCH_NAME.search.windows.net/skillsets/ohskillset?api-version=2017-11-11-Preview",
					"protocol": "https",
					"host": [
						"kmohsearch",
						"search",
						"windows",
						"net"
					],
					"path": [
						"skillsets",
						"ohskillset"
					],
					"query": [
						{
							"key": "api-version",
							"value": "2017-11-11-Preview"
						}
					]
				}
			},
			"response": []
		},
		{
			"name": "C06 - 3 - Create an indexer",
			"request": {
				"method": "PUT",
				"header": [
					{
						"key": "api-key",
						"type": "text",
						"value": "YOUR_AZURE_SEARCH_API_KEY"
					},
					{
						"key": "Content-Type",
						"type": "text",
						"value": "application/json"
					}
				],
				"body": {
					"mode": "raw",
					"raw": "{\r\n  \"name\":\"ohindexer\", \r\n  \"dataSourceName\" : \"ohdata\",\r\n  \"skillsetName\" : \"ohskillset\",\r\n  \"targetIndexName\" : \"ohindex\",\r\n  \"fieldMappings\" : [\r\n        {\r\n          \"sourceFieldName\" : \"metadata_storage_path\",\r\n          \"targetFieldName\" : \"id\",\r\n          \"mappingFunction\" : \r\n            { \"name\" : \"base64Encode\" }\r\n        },\r\n        {\r\n          \"sourceFieldName\" : \"metadata_storage_path\",\r\n          \"targetFieldName\" : \"url\"\r\n        },\r\n        {\r\n          \"sourceFieldName\" : \"metadata_storage_name\",\r\n          \"targetFieldName\" : \"file_name\"\r\n        },\r\n        {\r\n          \"sourceFieldName\" : \"content\",\r\n          \"targetFieldName\" : \"content\"\r\n        },\r\n        {\r\n          \"sourceFieldName\" : \"metadata_storage_size\",\r\n          \"targetFieldName\" : \"size\"\r\n        },\r\n        {\r\n          \"sourceFieldName\" : \"metadata_storage_last_modified\",\r\n          \"targetFieldName\" : \"last_modified\"\r\n        }\r\n   ],\r\n  \"outputFieldMappings\" : \r\n  [\r\n        {\r\n            \"sourceFieldName\": \"/document/normalized_images/*/imageDescription\", \r\n            \"targetFieldName\": \"image_descriptions\"\r\n        },\r\n        {\r\n            \"sourceFieldName\": \"/document/normalized_images/*/text\",\r\n            \"targetFieldName\": \"image_text\"\r\n        },\r\n        {\r\n            \"sourceFieldName\": \"/document/mergedText\", \r\n            \"targetFieldName\": \"merged_text\"\r\n        },\r\n        {\r\n            \"sourceFieldName\": \"/document/sentimentScore\", \r\n            \"targetFieldName\": \"sentiment\"\r\n        },\r\n        {\r\n          \"sourceFieldName\" : \"/document/persons\", \r\n          \"targetFieldName\" : \"people\"\r\n        },\r\n        {\r\n          \"sourceFieldName\" : \"/document/locations\", \r\n          \"targetFieldName\" : \"locations\"\r\n        },\r\n        {\r\n          \"sourceFieldName\" : \"/document/urls\", \r\n          \"targetFieldName\" : \"links\"\r\n        },\r\n        {\r\n          \"sourceFieldName\" : \"/document/entities\", \r\n          \"targetFieldName\" : \"entities\"\r\n        },        \r\n        {\r\n          \"sourceFieldName\" : \"/document/top_words\", \r\n          \"targetFieldName\" : \"top_words\"\r\n        },\r\n        {\r\n          \"sourceFieldName\" : \"/document/keyPhrases/*\", \r\n          \"targetFieldName\" : \"key_phrases\"\r\n        }\r\n  ],\r\n  \"parameters\":\r\n  {\r\n    \"maxFailedItems\":-1,\r\n    \"maxFailedItemsPerBatch\":-1,\r\n    \"configuration\": \r\n    {\r\n        \"dataToExtract\": \"contentAndMetadata\",\r\n        \"imageAction\": \"generateNormalizedImages\"\r\n    }\r\n  }\r\n}  "
				},
				"url": {
					"raw": "https://YOUR_AZURE_SEARCH_NAME.search.windows.net/indexers/ohindexer?api-version=2017-11-11-Preview",
					"protocol": "https",
					"host": [
						"kmohsearch",
						"search",
						"windows",
						"net"
					],
					"path": [
						"indexers",
						"ohindexer"
					],
					"query": [
						{
							"key": "api-version",
							"value": "2017-11-11-Preview"
						}
					]
				}
			},
			"response": []
		},
		{
			"name": "C06 - Synonyms",
			"request": {
				"method": "PUT",
				"header": [
					{
						"key": "Content-Type",
						"value": "application/json",
						"type": "text"
					},
					{
						"key": "api-key",
						"value": "YOUR_AZURE_SEARCH_API_KEY",
						"type": "text"
					}
				],
				"body": {
					"mode": "raw",
					"raw": "{\r\n   \"name\":\"mysynonymmap\",\r\n   \"format\":\"solr\",\r\n   \"synonyms\": \"\r\n      USA, United States, America, United States of America\\n\r\n      UK, United Kingdom,Britain,Great Britain\\n\r\n      UAE, United Arab Emirates, Emirates\\n\"\r\n}"
				},
				"url": {
					"raw": "https://sbaydachqnamaker-asw63ja3c4j3jjs.search.windows.net/synonymmaps?api-version=2017-11-11-Preview",
					"protocol": "https",
					"host": [
						"sbaydachqnamaker-asw63ja3c4j3jjs",
						"search",
						"windows",
						"net"
					],
					"path": [
						"synonymmaps"
					],
					"query": [
						{
							"key": "api-version",
							"value": "2017-11-11-Preview"
						}
					]
				}
			},
			"response": []
		},
		{
			"name": "C07 - 1 - Update the index",
			"request": {
				"method": "PUT",
				"header": [
					{
						"key": "api-key",
						"type": "text",
						"value": "YOUR_AZURE_SEARCH_API_KEY"
					},
					{
						"key": "Content-Type",
						"type": "text",
						"value": "application/json"
					}
				],
				"body": {
					"mode": "raw",
					"raw": "{\r\n  \"fields\": [\r\n    {\r\n      \"name\": \"id\",\r\n      \"type\": \"Edm.String\",\r\n      \"key\": true,\r\n      \"searchable\": true,\r\n      \"filterable\": true,\r\n      \"facetable\": false,\r\n      \"sortable\": true\r\n    },\r\n    {\r\n      \"name\": \"url\",\r\n      \"type\": \"Edm.String\",\r\n      \"sortable\": true,\r\n      \"searchable\": true,\r\n      \"filterable\": true,\r\n      \"facetable\": false\r\n    },\r\n    {\r\n      \"name\": \"file_name\",\r\n      \"type\": \"Edm.String\",\r\n      \"sortable\": true,\r\n      \"searchable\": true,\r\n      \"filterable\": true,\r\n      \"facetable\": false\r\n    },\r\n    {\r\n      \"name\": \"size\",\r\n      \"type\": \"Edm.Int64\",\r\n      \"sortable\": true,\r\n      \"searchable\": false,\r\n      \"filterable\": true,\r\n      \"facetable\": false\r\n    },\r\n    {\r\n      \"name\": \"last_modified\",\r\n      \"type\": \"Edm.DateTimeOffset\",\r\n      \"sortable\": true,\r\n      \"searchable\": false,\r\n      \"filterable\": true,\r\n      \"facetable\": false\r\n    },\r\n    {\r\n      \"name\": \"content\",\r\n      \"type\": \"Edm.String\",\r\n      \"sortable\": false,\r\n      \"searchable\": true,\r\n      \"filterable\": true,\r\n      \"facetable\": false,\r\n      \"synonymMaps\":[\r\n            \"mysynonymmap\"\r\n         ]\r\n    },\r\n    {\r\n      \"name\": \"sentiment\",\r\n      \"type\": \"Edm.Double\",\r\n      \"searchable\": false,\r\n      \"sortable\": true,\r\n      \"filterable\": true,\r\n      \"facetable\": true\r\n    },\r\n    {\r\n      \"name\": \"key_phrases\",\r\n      \"type\": \"Collection(Edm.String)\",\r\n      \"searchable\": true,\r\n      \"filterable\": false,\r\n      \"facetable\": false,\r\n      \"synonymMaps\":[\r\n            \"mysynonymmap\"\r\n         ]\r\n    },\r\n    {\r\n      \"name\": \"locations\",\r\n      \"type\": \"Collection(Edm.String)\",\r\n      \"searchable\": true,\r\n      \"sortable\": false,\r\n      \"filterable\": true,\r\n      \"facetable\": false,\r\n      \"synonymMaps\":[\r\n            \"mysynonymmap\"\r\n         ]\r\n    },\r\n    {\r\n      \"name\": \"people\",\r\n      \"type\": \"Collection(Edm.String)\",\r\n      \"searchable\": true,\r\n      \"sortable\": false,\r\n      \"filterable\": true,\r\n      \"facetable\": false\r\n    },\r\n    {\r\n      \"name\": \"links\",\r\n      \"type\": \"Collection(Edm.String)\",\r\n      \"searchable\": true,\r\n      \"sortable\": false,\r\n      \"filterable\": true,\r\n      \"facetable\": false\r\n    },\r\n    {\r\n      \"name\": \"entities\",\r\n      \"type\": \"Collection(Edm.String)\",\r\n      \"searchable\": true,\r\n      \"sortable\": false,\r\n      \"filterable\": true,\r\n      \"facetable\": false,\r\n      \"synonymMaps\":[\r\n            \"mysynonymmap\"\r\n         ]\r\n    },    \r\n    {\r\n      \"name\": \"image_descriptions\",\r\n      \"type\": \"Collection(Edm.String)\",\r\n      \"sortable\": false,\r\n      \"searchable\": true,\r\n      \"filterable\": true,\r\n      \"facetable\": false,\r\n      \"synonymMaps\":[\r\n            \"mysynonymmap\"\r\n         ]\r\n    },\r\n    {\r\n      \"name\": \"image_text\",\r\n      \"type\": \"Collection(Edm.String)\",\r\n      \"searchable\": true,\r\n      \"sortable\": false,\r\n      \"filterable\": true,\r\n      \"facetable\": false,\r\n      \"synonymMaps\":[\r\n            \"mysynonymmap\"\r\n         ]\r\n    },\r\n    {\r\n      \"name\": \"merged_text\",\r\n      \"type\": \"Edm.String\",\r\n      \"searchable\": true,\r\n      \"sortable\": false,\r\n      \"filterable\": false,\r\n      \"facetable\": false,\r\n      \"synonymMaps\":[\r\n            \"mysynonymmap\"\r\n         ]\r\n    },\r\n    {\r\n      \"name\": \"top_words\",\r\n      \"type\": \"Collection(Edm.String)\",\r\n      \"searchable\": true,\r\n      \"sortable\": false,\r\n      \"filterable\": true,\r\n      \"facetable\": false,\r\n      \"synonymMaps\":[\r\n            \"mysynonymmap\"\r\n         ]\r\n    }\r\n  ],\r\n  \"suggesters\": [\r\n\t{\r\n      \"name\": \"location_suggester\",\r\n      \"searchMode\": \"analyzingInfixMatching\",\r\n      \"sourceFields\": [\"locations\"]\r\n    }\r\n  ],\r\n  \"scoringProfiles\": [  \r\n    {  \r\n      \"name\": \"boost_relevance\",  \r\n      \"text\": {  \r\n        \"weights\": {  \r\n          \"key_phrases\": 5.0 \r\n        }\r\n      },\r\n      \"functions\": [  \r\n      {  \r\n    \t\"type\": \"freshness\",  \r\n        \"fieldName\": \"last_modified\",  \r\n        \"boost\": 2,  \r\n        \"interpolation\": \"quadratic\",  \r\n        \"freshness\": {  \r\n        \"boostingDuration\": \"P365D\"  \r\n    \t}  \r\n      },  \r\n      {\r\n        \"type\": \"magnitude\",  \r\n        \"fieldName\": \"size\",  \r\n        \"boost\": 2,  \r\n        \"interpolation\": \"linear\",  \r\n        \"magnitude\": {  \r\n        \"boostingRangeStart\": 1000,  \r\n        \"boostingRangeEnd\": 500000,  \r\n        \"constantBoostBeyondRange\": \"true\"\r\n        }  \r\n      }\r\n      ]\r\n    }\r\n  ]\r\n}"
				},
				"url": {
					"raw": "https://YOUR_AZURE_SEARCH_NAME.search.windows.net/indexes/ohindex?api-version=2017-11-11-Preview",
					"protocol": "https",
					"host": [
						"kmohsearch",
						"search",
						"windows",
						"net"
					],
					"path": [
						"indexes",
						"ohindex"
					],
					"query": [
						{
							"key": "api-version",
							"value": "2017-11-11-Preview"
						}
					]
				}
			},
			"response": []
		},
		{
			"name": "C07 - 2 - Create a skillset",
			"request": {
				"method": "PUT",
				"header": [
					{
						"key": "api-key",
						"value": "YOUR_AZURE_SEARCH_API_KEY",
						"type": "text"
					},
					{
						"key": "Content-Type",
						"value": "application/json",
						"type": "text"
					}
				],
				"body": {
					"mode": "raw",
					"raw": "{\r\n  \"description\": \"Extract and enhance text\",\r\n  \"skills\":\r\n  [\r\n        {\r\n            \"description\": \"Extract descriptions from images.\",\r\n            \"@odata.type\": \"#Microsoft.Skills.Vision.ImageAnalysisSkill\",\r\n            \"context\": \"/document/normalized_images/*\",\r\n            \"defaultLanguageCode\": \"en\",\r\n            \"visualFeatures\": [\"Description\"],\r\n            \"details\": [\"Landmarks\"],\r\n            \"inputs\": [\r\n              {\r\n                \"name\": \"image\",\r\n                \"source\": \"/document/normalized_images/*\"\r\n              }\r\n            ],\r\n            \"outputs\": [\r\n              {\r\n                \"name\": \"description\",\r\n                \"targetName\": \"imageDescription\"\r\n              }\r\n            ]\r\n        },\r\n        {\r\n            \"description\": \"Extract text from images.\",\r\n            \"@odata.type\": \"#Microsoft.Skills.Vision.OcrSkill\",\r\n            \"context\": \"/document/normalized_images/*\",\r\n            \"defaultLanguageCode\": \"en\",\r\n            \"detectOrientation\": true,\r\n            \"inputs\": [\r\n              {\r\n                \"name\": \"image\",\r\n                \"source\": \"/document/normalized_images/*\"\r\n              }\r\n            ],\r\n            \"outputs\": [\r\n              {\r\n                \"name\": \"text\"\r\n              }\r\n            ]\r\n        },\r\n        {\r\n          \"@odata.type\": \"#Microsoft.Skills.Text.MergeSkill\",\r\n          \"description\": \"Create merged_text, which includes all the textual representation of each image inserted at the right location in the content field.\",\r\n          \"context\": \"/document\",\r\n          \"insertPreTag\": \"[\",\r\n          \"insertPostTag\": \"]\",\r\n          \"inputs\": [\r\n            {\r\n              \"name\":\"text\", \"source\": \"/document/content\"\r\n            },\r\n            {\r\n              \"name\": \"itemsToInsert\", \"source\": \"/document/normalized_images/*/text\"\r\n            },\r\n            {\r\n              \"name\":\"offsets\", \"source\": \"/document/normalized_images/*/contentOffset\" \r\n            }\r\n          ],\r\n          \"outputs\": [\r\n            {\r\n              \"name\": \"mergedText\"\r\n            }\r\n          ]\r\n        },\r\n        {\r\n          \"description\": \"Detect sentiment.\",\r\n          \"@odata.type\": \"#Microsoft.Skills.Text.SentimentSkill\",\r\n        \"defaultLanguageCode\": \"en\",\r\n          \"inputs\": [\r\n            {\r\n              \"name\": \"text\",\r\n              \"source\": \"/document/mergedText\"\r\n            }\r\n          ],\r\n            \"outputs\": [\r\n                {\r\n                  \"name\": \"score\",\r\n                  \"targetName\": \"sentimentScore\"\r\n                }\r\n            ]\r\n        },\r\n        {\r\n          \"@odata.type\": \"#Microsoft.Skills.Text.EntityRecognitionSkill\",\r\n          \"categories\": [ \"Organization\", \"location\", \"person\", \"datetime\", \"url\" ],\r\n          \"defaultLanguageCode\": \"en\",\r\n          \"inputs\": [\r\n            {\r\n              \"name\": \"text\",\r\n              \"source\": \"/document/mergedText\"\r\n            }\r\n          ],\r\n          \"outputs\": [\r\n            {\r\n              \"name\": \"locations\"\r\n            },\r\n            {\r\n              \"name\": \"persons\"\r\n            },\r\n            {\r\n              \"name\": \"urls\"\r\n            },\r\n            {\r\n              \"name\": \"entities\"\r\n            }\r\n          ]\r\n        },\r\n        \r\n      {\r\n        \"@odata.type\": \"#Microsoft.Skills.Custom.WebApiSkill\",\r\n        \"description\": \"This skill calls an Azure function, which in turn calls TA sentiment\",\r\n        \"uri\": \"https://sbaydachohfunc.azurewebsites.net/api/CountFrequentWords\",\r\n        \"context\": \"/document\",\r\n        \"inputs\": [\r\n          {\r\n            \"name\": \"text\",\r\n            \"source\": \"/document/content\"\r\n          }\r\n        ],\r\n        \"outputs\": [\r\n          {\r\n            \"name\": \"text\",\r\n            \"targetName\": \"top_words\"\r\n          }\r\n        ]\r\n      },        \r\n      {\r\n          \"@odata.type\": \"#Microsoft.Skills.Util.ShaperSkill\",\r\n          \"context\": \"/document\",\r\n          \"description\": \"Prepare projection fields\",\r\n          \"inputs\": [\r\n            {\r\n              \"name\": \"file_id\",\r\n              \"source\": \"/document/id\"\r\n            },\r\n            {\r\n              \"name\": \"file_name\",\r\n              \"source\": \"/document/file_name\"\r\n            },\r\n            {\r\n              \"name\": \"url\",\r\n              \"source\": \"/document/url\"\r\n            },\r\n            {\r\n              \"name\": \"top_words\",\r\n              \"source\": \"/document/top_words/*\"\r\n            },\r\n            {\r\n              \"name\": \"sentiment_score\",\r\n              \"source\": \"/document/sentimentScore\"\r\n            },\r\n            {\r\n              \"name\": \"locations\",\r\n              \"source\": \"/document/locations/*\"\r\n            }\r\n          ],\r\n          \"outputs\": [\r\n            {\r\n              \"name\": \"output\",\r\n              \"targetName\": \"knowledge_projection\"\r\n            }\r\n          ]\r\n        },  \r\n        \r\n        {\r\n          \"@odata.type\": \"#Microsoft.Skills.Text.KeyPhraseExtractionSkill\",\r\n          \"context\": \"/document\",\r\n          \"defaultLanguageCode\": \"en\",\r\n          \"maxKeyPhraseCount\": 5,\r\n          \"inputs\": [\r\n            {\r\n              \"name\": \"text\", \r\n              \"source\": \"/document/mergedText\"\r\n            }\r\n          ],\r\n          \"outputs\": [\r\n            {\r\n              \"name\": \"keyPhrases\"\r\n            }\r\n          ]\r\n        }  \r\n      ],\r\n      \r\n      \"cognitiveServices\": {\r\n        \"@odata.type\": \"#Microsoft.Azure.Search.CognitiveServicesByKey\",\r\n        \"description\": \"margies-cog-svc\",\r\n        \"key\": \"<YOUR KEY>\"\r\n      },\r\n      \"knowledgeStore\":\r\n        { \r\n        \"storageConnectionString\": \"<YOUR CONNECTION STRING>\", \r\n        \"projections\": [ \r\n            { \r\n                \"tables\": [  \r\n                 {\r\n                   \"tableName\": \"WebDocs\",\r\n                   \"generatedKeyName\": \"document_id\",\r\n                   \"source\": \"/document/knowledge_projection\" \r\n                 }, \r\n                 {\r\n                    \"tableName\": \"TopWords\",\r\n                    \"generatedKeyName\": \"topword_id\",\r\n                    \"sourceContext\": \"/document/knowledge_projection/top_words/*\", \r\n                    \"inputs\":[\r\n                        {\"name\": \"word\", \"source\": \"/document/knowledge_projection/top_words/*\"}] \r\n                 }, \r\n                 {\r\n                    \"tableName\": \"SentimentScores\",\r\n                    \"generatedKeyName\": \"sentiment_id\",\r\n                    \"sourceContext\": \"/document/knowledge_projection/sentiment_score\",\r\n                    \"inputs\":[\r\n                       {\"name\": \"sentiment\", \"source\": \"/document/knowledge_projection/sentiment_score\"}]\r\n                 }, \r\n                 {\r\n                    \"tableName\": \"Locations\",\r\n                    \"generatedKeyName\": \"location_id\",\r\n                    \"sourceContext\": \"/document/knowledge_projection/locations/*\", \r\n                    \"inputs\":[\r\n                        {\"name\": \"location\", \"source\": \"/document/knowledge_projection/locations/*\"}] \r\n                 }\r\n                ], \r\n                \"objects\": [ \r\n\r\n                ]      \r\n            },\r\n            {\r\n                \"tables\": [],\r\n                \"objects\": [\r\n                    {\r\n                        \"storageContainer\": \"knowledge-data\",\r\n                        \"source\": \"/document/knowledge_projection\"\r\n                    }\r\n                ]\r\n            }\r\n        ]     \r\n    }\r\n    }  "
				},
				"url": {
					"raw": "https://YOUR_AZURE_SEARCH_NAME.search.windows.net/skillsets/ohskillset?api-version=2019-05-06-Preview",
					"protocol": "https",
					"host": [
						"kmohsearch",
						"search",
						"windows",
						"net"
					],
					"path": [
						"skillsets",
						"ohskillset"
					],
					"query": [
						{
							"key": "api-version",
							"value": "2019-05-06-Preview"
						}
					]
				}
			},
			"response": []
		},
		{
			"name": "C07 - 3 - Create an indexer",
			"request": {
				"method": "PUT",
				"header": [
					{
						"key": "api-key",
						"type": "text",
						"value": "YOUR_AZURE_SEARCH_API_KEY"
					},
					{
						"key": "Content-Type",
						"type": "text",
						"value": "application/json"
					}
				],
				"body": {
					"mode": "raw",
					"raw": "{\r\n  \"name\":\"ohindexer\", \r\n  \"dataSourceName\" : \"ohdata\",\r\n  \"skillsetName\" : \"ohskillset\",\r\n  \"targetIndexName\" : \"ohindex\",\r\n  \"fieldMappings\" : [\r\n        {\r\n          \"sourceFieldName\" : \"metadata_storage_path\",\r\n          \"targetFieldName\" : \"id\",\r\n          \"mappingFunction\" : \r\n            { \"name\" : \"base64Encode\" }\r\n        },\r\n        {\r\n          \"sourceFieldName\" : \"metadata_storage_path\",\r\n          \"targetFieldName\" : \"url\"\r\n        },\r\n        {\r\n          \"sourceFieldName\" : \"metadata_storage_name\",\r\n          \"targetFieldName\" : \"file_name\"\r\n        },\r\n        {\r\n          \"sourceFieldName\" : \"content\",\r\n          \"targetFieldName\" : \"content\"\r\n        },\r\n        {\r\n          \"sourceFieldName\" : \"metadata_storage_size\",\r\n          \"targetFieldName\" : \"size\"\r\n        },\r\n        {\r\n          \"sourceFieldName\" : \"metadata_storage_last_modified\",\r\n          \"targetFieldName\" : \"last_modified\"\r\n        }\r\n   ],\r\n  \"outputFieldMappings\" : \r\n  [\r\n        {\r\n            \"sourceFieldName\": \"/document/normalized_images/*/imageDescription\", \r\n            \"targetFieldName\": \"image_descriptions\"\r\n        },\r\n        {\r\n            \"sourceFieldName\": \"/document/normalized_images/*/text\",\r\n            \"targetFieldName\": \"image_text\"\r\n        },\r\n        {\r\n            \"sourceFieldName\": \"/document/mergedText\", \r\n            \"targetFieldName\": \"merged_text\"\r\n        },\r\n        {\r\n            \"sourceFieldName\": \"/document/sentimentScore\", \r\n            \"targetFieldName\": \"sentiment\"\r\n        },\r\n        {\r\n          \"sourceFieldName\" : \"/document/persons\", \r\n          \"targetFieldName\" : \"people\"\r\n        },\r\n        {\r\n          \"sourceFieldName\" : \"/document/locations\", \r\n          \"targetFieldName\" : \"locations\"\r\n        },\r\n        {\r\n          \"sourceFieldName\" : \"/document/urls\", \r\n          \"targetFieldName\" : \"links\"\r\n        },\r\n        {\r\n          \"sourceFieldName\" : \"/document/entities\", \r\n          \"targetFieldName\" : \"entities\"\r\n        },        \r\n        {\r\n          \"sourceFieldName\" : \"/document/top_words\", \r\n          \"targetFieldName\" : \"top_words\"\r\n        },\r\n        {\r\n          \"sourceFieldName\" : \"/document/keyPhrases/*\", \r\n          \"targetFieldName\" : \"key_phrases\"\r\n        }\r\n  ],\r\n  \"parameters\":\r\n  {\r\n    \"maxFailedItems\":-1,\r\n    \"maxFailedItemsPerBatch\":-1,\r\n    \"configuration\": \r\n    {\r\n        \"dataToExtract\": \"contentAndMetadata\",\r\n        \"imageAction\": \"generateNormalizedImages\"\r\n    }\r\n  }\r\n}  "
				},
				"url": {
					"raw": "https://YOUR_AZURE_SEARCH_NAME.search.windows.net/indexers/ohindexer?api-version=2017-11-11-Preview",
					"protocol": "https",
					"host": [
						"kmohsearch",
						"search",
						"windows",
						"net"
					],
					"path": [
						"indexers",
						"ohindexer"
					],
					"query": [
						{
							"key": "api-version",
							"value": "2017-11-11-Preview"
						}
					]
				}
			},
			"response": []
		}
	]
}