{
	"info": {
		"_postman_id": "504ea31b-2ffa-4f86-bee6-90eff80d8974",
		"name": "kmopenhack-postman",
		"schema": "https://schema.getpostman.com/json/collection/v2.1.0/collection.json"
	},
	"item": [
		{
			"name": "GetIndexDetails",
			"request": {
				"method": "GET",
				"header": [
					{
						"key": "api-key",
						"value": "<your-key>",
						"type": "text"
					}
				],
				"url": {
					"raw": "https://<yoursearch>.search.windows.net/indexes/your-index?api-version=2019-05-06",
					"protocol": "https",
					"host": [
						"<yoursearch>",
						"search",
						"windows",
						"net"
					],
					"path": [
						"indexes",
						"your-index"
					],
					"query": [
						{
							"key": "api-version",
							"value": "2019-05-06"
						}
					]
				}
			},
			"response": []
		},
		{
			"name": "CreateDataSource",
			"request": {
				"method": "POST",
				"header": [
					{
						"key": "api-key",
						"type": "text",
						"value": "<your-key>"
					},
					{
						"key": "Content-Type",
						"type": "text",
						"value": "application/json"
					}
				],
				"body": {
					"mode": "raw",
					"raw": "{\r\n    \"name\" : \"<datasource-name>\",\r\n    \"type\" : \"azureblob\",\r\n    \"credentials\" : { \"connectionString\" : \"<blob-storage-connection-string>\" },\r\n    \"container\" : { \"name\" : \"<blob-container>\" }\r\n}"
				},
				"url": {
					"raw": "https://<your-search>.search.windows.net/datasources?api-version=2019-05-06",
					"protocol": "https",
					"host": [
						"<your-search>",
						"search",
						"windows",
						"net"
					],
					"path": [
						"datasources"
					],
					"query": [
						{
							"key": "api-version",
							"value": "2019-05-06"
						},
						{
							"key": "",
							"value": "",
							"disabled": true
						}
					]
				}
			},
			"response": []
		},
		{
			"name": "CreateIndex",
			"request": {
				"method": "POST",
				"header": [
					{
						"key": "api-key",
						"value": "<your-key>",
						"type": "text"
					},
					{
						"key": "Content-Type",
						"value": "application/json",
						"type": "text"
					}
				],
				"body": {
					"mode": "raw",
					"raw": "{\r\n      \"name\" : \"<your-index-name>\",\r\n      \"fields\": [\r\n        { \"name\": \"id\", \"type\": \"Edm.String\", \"key\": true, \"searchable\": false },\r\n        { \"name\": \"url\", \"type\": \"Edm.String\" },\r\n        { \"name\": \"file_name\", \"type\": \"Edm.String\", \"sortable\": true },\r\n        { \"name\": \"content\", \"type\": \"Edm.String\", \"searchable\": true, \"filterable\": false, \"sortable\": false, \"facetable\": false },\r\n        { \"name\": \"size\", \"type\": \"Edm.Int64\", \"sortable\": true },\r\n        { \"name\": \"last_modified\", \"type\": \"Edm.DateTimeOffset\", \"sortable\": true }\r\n      ]\r\n}"
				},
				"url": {
					"raw": "https://<yoursearch>.search.windows.net/indexes?api-version=2019-05-06",
					"protocol": "https",
					"host": [
						"<yoursearch>",
						"search",
						"windows",
						"net"
					],
					"path": [
						"indexes"
					],
					"query": [
						{
							"key": "api-version",
							"value": "2019-05-06"
						}
					]
				}
			},
			"response": []
		},
		{
			"name": "AddFieldMappings",
			"request": {
				"method": "PUT",
				"header": [
					{
						"key": "api-key",
						"type": "text",
						"value": "<your-key>"
					},
					{
						"key": "Content-Type",
						"type": "text",
						"value": "application/json"
					}
				],
				"body": {
					"mode": "raw",
					"raw": "{\r\n  \"dataSourceName\" : \"<your-datasource-name>\",\r\n  \"targetIndexName\" : \"<your-index>\",\r\n  \"schedule\" : { \"interval\" : \"PT2H\" },\r\n  \"fieldMappings\" : [\r\n    { \"sourceFieldName\" : \"metadata_storage_path\", \"targetFieldName\" : \"id\", \"mappingFunction\" : { \"name\" : \"base64Encode\" } },\r\n\t{ \"sourceFieldName\" : \"metadata_storage_path\", \"targetFieldName\" : \"url\" },\r\n\t{ \"sourceFieldName\" : \"metadata_storage_name\", \"targetFieldName\" : \"file_name\" },\r\n    { \"sourceFieldName\" : \"metadata_storage_size\", \"targetFieldName\" : \"size\" },\r\n    { \"sourceFieldName\" : \"metadata_storage_last_modified\", \"targetFieldName\" : \"last_modified\" }\r\n  ]\r\n}"
				},
				"url": {
					"raw": "https://<your-search>.search.windows.net/indexers/<your-index>?api-version=2019-05-06",
					"protocol": "https",
					"host": [
						"<your-search>",
						"search",
						"windows",
						"net"
					],
					"path": [
						"indexers",
						"<your-index>"
					],
					"query": [
						{
							"key": "api-version",
							"value": "2019-05-06"
						}
					]
				}
			},
			"response": []
		}
	]
}