{
    "description": "Demo Skillset",
    "skills": [
        {
            "@odata.type": "#Microsoft.Skills.Text.SentimentSkill",
            "defaultLanguageCode": "en",
            "description": "Detect Sentiment",
            "context": "/document",
            "inputs": [
                {
                    "name": "text",
                    "source": "/document/content"
                }
            ],
            "outputs": [
                {
                    "name": "score",
                    "targetName": "sentimentScore"
                }
            ]
        },
        {
            "@odata.type": "#Microsoft.Skills.Text.EntityRecognitionSkill",
            "categories": [
                "location",
                "person",
                "url",
                "datetime",
                "organization"
            ],
            "defaultLanguageCode": "en",
            "description": "Recognize Entities",
            "context": "/document/content",
            "inputs": [
                {
                    "name": "text",
                    "source": "/document/content"
                }
            ],
            "outputs": [
                {
                    "name": "locations"
                },
                {
                    "name": "persons"
                },
                {
                    "name": "urls"
                },
                {
                    "name": "entities"
                }
            ]
        },
        {
            "@odata.type": "#Microsoft.Skills.Text.KeyPhraseExtractionSkill",
            "maxKeyPhraseCount": 5,
            "description": "Extract Key Phrases",
            "context": "/document",
            "inputs": [
                {
                    "name": "text",
                    "source": "/document/content"
                }
            ],
            "outputs": [
                {
                    "name": "keyPhrases",
                    "targetName": "keyPhrases"
                }
            ]
        },
        {
            "@odata.type": "#Microsoft.Skills.Vision.ImageAnalysisSkill",
            "visualFeatures": [
                "description"
            ],
            "description": "Analyze Images in the document",
            "context": "/document/normalized_images/*",
            "inputs": [
                {
                    "name": "image",
                    "source": "/document/normalized_images/*"
                }
            ],
            "outputs": [
                {
                    "name": "description",
                    "targetName": "imageDescription"
                }
            ]
        },
        {
            "@odata.type": "#Microsoft.Skills.Vision.OcrSkill",
            "defaultLanguageCode": "en",
            "detectOrientation": true,
            "description": "Extract text (plain and structured) from image",
            "context": "/document/normalized_images/*",
            "inputs": [
                {
                    "name": "image",
                    "source": "/document/normalized_images/*"
                }
            ],
            "outputs": [
                {
                    "name": "text",
                    "targetName": "text"
                }
            ]
        },
        {
            "@odata.type": "#Microsoft.Skills.Text.MergeSkill",
            "insertPreTag": "[",
            "insertPostTag": "]",
            "description": "Create merged_text which includes all the textual representation of each image inserted at the right location in the content field.",
            "context": "/document",
            "inputs": [
                {
                    "name": "text",
                    "source": "/document/content"
                },
                {
                    "name": "itemsToInsert",
                    "source": "/document/normalized_images/*/text"
                },
                {
                    "name": "offsets",
                    "source": "/document/normalized_images/*/contentOffset"
                }
            ],
            "outputs": [
                {
                    "name": "mergedText",
                    "targetName": "merged_text"
                }
            ]
        },
        {
            "@odata.type": "#Microsoft.Skills.Custom.WebApiSkill",
            "uri": LINK TO YOUR WEB API,
            "httpMethod": "post",
            "batchSize": 1,
            "name": "counter",
            "description": "Custom Skill counting top words",
            "context": "/document",
            "inputs": [
                {
                    "name": "mergedText",
                    "source": "/document/merged_text"
                }
            ],
            "outputs": [
                {
                    "name": "topWords",
                    "targetName": "top_words"
                }
            ]
        },
        {
            "@odata.type": "#Microsoft.Skills.Util.ShaperSkill",
            "name": "Projection Shaper",
            "description": "Shape projections",
            "context": "/document",
            "inputs": [
                {
                    "name": "file_id",
                    "source": "/document/id"
                },
                {
                    "name": "file_name",
                    "source": "/document/file_name"
                },
                {
                    "name": "url",
                    "source": "/document/url"
                },
                {
                    "name": "top_words",
                    "source": "/document/top_words/*"
                },
                {
                    "name": "sentiment_score",
                    "source": "/document/sentimentScore"
                },
                {
                    "name": "locations",
                    "source": "/document/content/locations/*"
                }
            ],
            "outputs": [
                {
                    "name": "output",
                    "targetName": "projection"
                }
            ]
        }
    ],
    "cognitiveServices": {
        "@odata.type": "#Microsoft.Azure.Search.CognitiveServicesByKey",
        "description": "cog-svcs",
        "key": Your Cog SVCS Key
    },
    "knowledgeStore": {
        "storageConnectionString": STORAGE CONNECTION STRING,
        "projections": [
            {
                "tables": [],
                "objects": [
                    {
                        "storageContainer": "kmstore1",
                        "source": "/document/projection"
                    }
                ]
            },
            {
                "tables": [
                    {
                        "tableName": "WebDocs",
                        "generatedKeyName": "document_id",
                        "source": "/document/projection"
                    },
                    {
                        "tableName": "TopWords",
                        "generatedKeyName": "topword_id",
                        "sourceContext": "/document/projection/top_words/*",
                        "inputs": [
                            {
                                "name": "word",
                                "source": "/document/projection/top_words/*"
                            }
                        ]
                    },
                    {
                        "tableName": "SentimentScores",
                        "generatedKeyName": "sentiment_id",
                        "sourceContext": "/document/projection/sentiment_score",
                        "inputs": [
                            {
                                "name": "sentiment",
                                "source": "/document/projection/sentiment_score"
                            }
                        ]
                    },
                    {
                        "tableName": "Locations",
                        "generatedKeyName": "location_id",
                        "sourceContext": "/document/projection/locations/*",
                        "inputs": [
                            {
                                "name": "location",
                                "source": "/document/projection/locations/*"
                            }
                        ]
                    }
                ],
                "objects": []
            }
        ]
    }
}