{"value": [{"zip_code":"46815","country":"US","city":"Fort Wayne","state":"Indiana","state_ab":"IN","county":"Allen","geo_location":{ "type": "Point", "coordinates": [-85.0624, 41.1053] }},
{"zip_code":"46855","country":"US","city":"Fort Wayne","state":"Indiana","state_ab":"IN","county":"Allen","geo_location":{ "type": "Point", "coordinates": [-85.0707, 41.0938] }},
{"zip_code":"46868","country":"US","city":"Fort Wayne","state":"Indiana","state_ab":"IN","county":"Allen","geo_location":{ "type": "Point", "coordinates": [-85.0707, 41.0938] }},
{"zip_code":"46895","country":"US","city":"Fort Wayne","state":"Indiana","state_ab":"IN","county":"Allen","geo_location":{ "type": "Point", "coordinates": [-85.0707, 41.0938] }},
{"zip_code":"46932","country":"US","city":"Galveston","state":"Indiana","state_ab":"IN","county":"Cass","geo_location":{ "type": "Point", "coordinates": [-86.1972, 40.5862] }},
{"zip_code":"46998","country":"US","city":"Young America","state":"Indiana","state_ab":"IN","county":"Cass","geo_location":{ "type": "Point", "coordinates": [-86.226, 40.866] }},
{"zip_code":"47162","country":"US","city":"New Washington","state":"Indiana","state_ab":"IN","county":"Clark","geo_location":{ "type": "Point", "coordinates": [-85.4599, 38.5575] }},
{"zip_code":"47845","country":"US","city":"Coalmont","state":"Indiana","state_ab":"IN","county":"Clay","geo_location":{ "type": "Point", "coordinates": [-87.0904, 39.3875] }},
{"zip_code":"47175","country":"US","city":"Taswell","state":"Indiana","state_ab":"IN","county":"Crawford","geo_location":{ "type": "Point", "coordinates": [-86.5387, 38.3463] }},
{"zip_code":"47562","country":"US","city":"Odon","state":"Indiana","state_ab":"IN","county":"Daviess","geo_location":{ "type": "Point", "coordinates": [-86.9752, 38.8187] }},
{"zip_code":"47018","country":"US","city":"Dillsboro","state":"Indiana","state_ab":"IN","county":"Dearborn","geo_location":{ "type": "Point", "coordinates": [-85.055, 38.9962] }},
{"zip_code":"47032","country":"US","city":"Moores Hill","state":"Indiana","state_ab":"IN","county":"Dearborn","geo_location":{ "type": "Point", "coordinates": [-85.0638, 39.0945] }},
{"zip_code":"47225","country":"US","city":"Clarksburg","state":"Indiana","state_ab":"IN","county":"Decatur","geo_location":{ "type": "Point", "coordinates": [-85.3477, 39.4241] }},
{"zip_code":"46738","country":"US","city":"Garrett","state":"Indiana","state_ab":"IN","county":"DeKalb","geo_location":{ "type": "Point", "coordinates": [-85.1347, 41.3482] }},
{"zip_code":"47302","country":"US","city":"Muncie","state":"Indiana","state_ab":"IN","county":"Delaware","geo_location":{ "type": "Point", "coordinates": [-85.3807, 40.1684] }},
{"zip_code":"47342","country":"US","city":"Gaston","state":"Indiana","state_ab":"IN","county":"Delaware","geo_location":{ "type": "Point", "coordinates": [-85.4898, 40.2948] }},
{"zip_code":"47575","country":"US","city":"Saint Anthony","state":"Indiana","state_ab":"IN","county":"Dubois","geo_location":{ "type": "Point", "coordinates": [-86.8234, 38.3211] }},
{"zip_code":"47122","country":"US","city":"Georgetown","state":"Indiana","state_ab":"IN","county":"Floyd","geo_location":{ "type": "Point", "coordinates": [-85.9617, 38.3029] }},
{"zip_code":"47988","country":"US","city":"Wallace","state":"Indiana","state_ab":"IN","county":"Fountain","geo_location":{ "type": "Point", "coordinates": [-87.1477, 39.9865] }},
{"zip_code":"46945","country":"US","city":"Leiters Ford","state":"Indiana","state_ab":"IN","county":"Fulton","geo_location":{ "type": "Point", "coordinates": [-86.2069, 41.041] }},
{"zip_code":"47665","country":"US","city":"Owensville","state":"Indiana","state_ab":"IN","county":"Gibson","geo_location":{ "type": "Point", "coordinates": [-87.7091, 38.2744] }},
{"zip_code":"47445","country":"US","city":"Midland","state":"Indiana","state_ab":"IN","county":"Greene","geo_location":{ "type": "Point", "coordinates": [-86.9616, 39.0371] }},
{"zip_code":"46082","country":"US","city":"Carmel","state":"Indiana","state_ab":"IN","county":"Hamilton","geo_location":{ "type": "Point", "coordinates": [-86.0523, 40.0725] }},
{"zip_code":"46262","country":"US","city":"Indianapolis","state":"Indiana","state_ab":"IN","county":"Hamilton County","geo_location":{ "type": "Point", "coordinates": [-86.2374, 39.8269] }},
{"zip_code":"46055","country":"US","city":"Mc Cordsville","state":"Indiana","state_ab":"IN","county":"Hancock","geo_location":{ "type": "Point", "coordinates": [-85.9095, 39.9018] }},
{"zip_code":"47135","country":"US","city":"Laconia","state":"Indiana","state_ab":"IN","county":"Harrison","geo_location":{ "type": "Point", "coordinates": [-86.0844, 38.0527] }},
{"zip_code":"46118","country":"US","city":"Clayton","state":"Indiana","state_ab":"IN","county":"Hendricks","geo_location":{ "type": "Point", "coordinates": [-86.4959, 39.6682] }},
{"zip_code":"46792","country":"US","city":"Warren","state":"Indiana","state_ab":"IN","county":"Huntington","geo_location":{ "type": "Point", "coordinates": [-85.4183, 40.6886] }},
{"zip_code":"46392","country":"US","city":"Wheatfield","state":"Indiana","state_ab":"IN","county":"Jasper","geo_location":{ "type": "Point", "coordinates": [-87.0699, 41.1779] }},
{"zip_code":"47265","country":"US","city":"North Vernon","state":"Indiana","state_ab":"IN","county":"Jennings","geo_location":{ "type": "Point", "coordinates": [-85.6272, 39.0018] }},
{"zip_code":"47535","country":"US","city":"Freelandville","state":"Indiana","state_ab":"IN","county":"Knox","geo_location":{ "type": "Point", "coordinates": [-87.3127, 38.8627] }},
{"zip_code":"46312","country":"US","city":"East Chicago","state":"Indiana","state_ab":"IN","county":"Lake","geo_location":{ "type": "Point", "coordinates": [-87.4627, 41.6349] }},
{"zip_code":"46325","country":"US","city":"Hammond","state":"Indiana","state_ab":"IN","county":"Lake","geo_location":{ "type": "Point", "coordinates": [-87.3728, 41.4615] }},
{"zip_code":"46402","country":"US","city":"Gary","state":"Indiana","state_ab":"IN","county":"Lake","geo_location":{ "type": "Point", "coordinates": [-87.3385, 41.5997] }},
{"zip_code":"46352","country":"US","city":"La Porte","state":"Indiana","state_ab":"IN","county":"LaPorte","geo_location":{ "type": "Point", "coordinates": [-86.7099, 41.499] }},
{"zip_code":"46365","country":"US","city":"Mill Creek","state":"Indiana","state_ab":"IN","county":"LaPorte","geo_location":{ "type": "Point", "coordinates": [-86.544, 41.6091] }},
{"zip_code":"46015","country":"US","city":"Anderson","state":"Indiana","state_ab":"IN","county":"Madison","geo_location":{ "type": "Point", "coordinates": [-85.6578, 40.0938] }},
{"zip_code":"46208","country":"US","city":"Indianapolis","state":"Indiana","state_ab":"IN","county":"Marion","geo_location":{ "type": "Point", "coordinates": [-86.1794, 39.8299] }},
{"zip_code":"46222","country":"US","city":"Indianapolis","state":"Indiana","state_ab":"IN","county":"Marion","geo_location":{ "type": "Point", "coordinates": [-86.2136, 39.789] }},
{"zip_code":"46235","country":"US","city":"Indianapolis","state":"Indiana","state_ab":"IN","county":"Marion","geo_location":{ "type": "Point", "coordinates": [-85.9741, 39.8471] }},
{"zip_code":"46275","country":"US","city":"Indianapolis","state":"Indiana","state_ab":"IN","county":"Marion","geo_location":{ "type": "Point", "coordinates": [-86.1328, 39.7795] }},
{"zip_code":"46572","country":"US","city":"Tyner","state":"Indiana","state_ab":"IN","county":"Marshall","geo_location":{ "type": "Point", "coordinates": [-86.2606, 41.3255] }},
{"zip_code":"47522","country":"US","city":"Crane","state":"Indiana","state_ab":"IN","county":"Martin","geo_location":{ "type": "Point", "coordinates": [-86.9002, 38.8949] }},
{"zip_code":"46958","country":"US","city":"Mexico","state":"Indiana","state_ab":"IN","county":"Miami","geo_location":{ "type": "Point", "coordinates": [-86.1162, 40.8224] }},
{"zip_code":"47405","country":"US","city":"Bloomington","state":"Indiana","state_ab":"IN","county":"Monroe","geo_location":{ "type": "Point", "coordinates": [-86.5186, 39.1682] }},
{"zip_code":"47458","country":"US","city":"Smithville","state":"Indiana","state_ab":"IN","county":"Monroe","geo_location":{ "type": "Point", "coordinates": [-86.5015, 39.1732] }},
{"zip_code":"47935","country":"US","city":"Crawfordsville","state":"Indiana","state_ab":"IN","county":"Montgomery","geo_location":{ "type": "Point", "coordinates": [-86.8936, 40.04] }},
{"zip_code":"46158","country":"US","city":"Mooresville","state":"Indiana","state_ab":"IN","county":"Morgan","geo_location":{ "type": "Point", "coordinates": [-86.3642, 39.5915] }},
{"zip_code":"47922","country":"US","city":"Brook","state":"Indiana","state_ab":"IN","county":"Newton","geo_location":{ "type": "Point", "coordinates": [-87.3527, 40.8655] }},
{"zip_code":"47948","country":"US","city":"Goodland","state":"Indiana","state_ab":"IN","county":"Newton","geo_location":{ "type": "Point", "coordinates": [-87.2999, 40.7669] }},
{"zip_code":"47432","country":"US","city":"French Lick","state":"Indiana","state_ab":"IN","county":"Orange","geo_location":{ "type": "Point", "coordinates": [-86.6196, 38.5324] }},
{"zip_code":"47832","country":"US","city":"Bloomingdale","state":"Indiana","state_ab":"IN","county":"Parke","geo_location":{ "type": "Point", "coordinates": [-87.256, 39.8348] }},
{"zip_code":"47872","country":"US","city":"Rockville","state":"Indiana","state_ab":"IN","county":"Parke","geo_location":{ "type": "Point", "coordinates": [-87.1978, 39.7682] }},
{"zip_code":"47612","country":"US","city":"Cynthiana","state":"Indiana","state_ab":"IN","county":"Posey","geo_location":{ "type": "Point", "coordinates": [-87.6992, 38.193] }},
{"zip_code":"47638","country":"US","city":"Wadesville","state":"Indiana","state_ab":"IN","county":"Posey","geo_location":{ "type": "Point", "coordinates": [-87.7543, 38.0828] }},
{"zip_code":"46985","country":"US","city":"Star City","state":"Indiana","state_ab":"IN","county":"Pulaski","geo_location":{ "type": "Point", "coordinates": [-86.5404, 40.9602] }},
{"zip_code":"46105","country":"US","city":"Bainbridge","state":"Indiana","state_ab":"IN","county":"Putnam","geo_location":{ "type": "Point", "coordinates": [-86.7711, 39.7407] }},
{"zip_code":"46172","country":"US","city":"Roachdale","state":"Indiana","state_ab":"IN","county":"Putnam","geo_location":{ "type": "Point", "coordinates": [-86.7902, 39.8325] }},
{"zip_code":"47355","country":"US","city":"Lynn","state":"Indiana","state_ab":"IN","county":"Randolph","geo_location":{ "type": "Point", "coordinates": [-84.93, 40.0519] }},
{"zip_code":"47368","country":"US","city":"Parker City","state":"Indiana","state_ab":"IN","county":"Randolph","geo_location":{ "type": "Point", "coordinates": [-85.1963, 40.1938] }},
{"zip_code":"47382","country":"US","city":"Saratoga","state":"Indiana","state_ab":"IN","county":"Randolph","geo_location":{ "type": "Point", "coordinates": [-84.9185, 40.2347] }},
{"zip_code":"46545","country":"US","city":"Mishawaka","state":"Indiana","state_ab":"IN","county":"St. Joseph","geo_location":{ "type": "Point", "coordinates": [-86.1682, 41.6835] }},
{"zip_code":"46635","country":"US","city":"South Bend","state":"Indiana","state_ab":"IN","county":"St. Joseph","geo_location":{ "type": "Point", "coordinates": [-86.2078, 41.7168] }},
{"zip_code":"47588","country":"US","city":"Troy","state":"Indiana","state_ab":"IN","county":"Spencer","geo_location":{ "type": "Point", "coordinates": [-86.7981, 38.0331] }},
{"zip_code":"46532","country":"US","city":"Hamlet","state":"Indiana","state_ab":"IN","county":"Starke","geo_location":{ "type": "Point", "coordinates": [-86.5948, 41.3931] }},
{"zip_code":"47962","country":"US","city":"Montmorenci","state":"Indiana","state_ab":"IN","county":"Tippecanoe","geo_location":{ "type": "Point", "coordinates": [-87.0276, 40.4732] }},
{"zip_code":"46068","country":"US","city":"Sharpsville","state":"Indiana","state_ab":"IN","county":"Tipton","geo_location":{ "type": "Point", "coordinates": [-86.1086, 40.3732] }},
{"zip_code":"47702","country":"US","city":"Evansville","state":"Indiana","state_ab":"IN","county":"Vanderburgh","geo_location":{ "type": "Point", "coordinates": [-87.575, 37.9971] }},
{"zip_code":"47715","country":"US","city":"Evansville","state":"Indiana","state_ab":"IN","county":"Vanderburgh","geo_location":{ "type": "Point", "coordinates": [-87.4855, 37.9678] }},
{"zip_code":"47728","country":"US","city":"Evansville","state":"Indiana","state_ab":"IN","county":"Vanderburgh","geo_location":{ "type": "Point", "coordinates": [-87.575, 37.9971] }},
{"zip_code":"47805","country":"US","city":"Terre Haute","state":"Indiana","state_ab":"IN","county":"Vigo","geo_location":{ "type": "Point", "coordinates": [-87.3255, 39.5327] }},
{"zip_code":"47858","country":"US","city":"Lewis","state":"Indiana","state_ab":"IN","county":"Vigo","geo_location":{ "type": "Point", "coordinates": [-87.2637, 39.2733] }},
{"zip_code":"47885","country":"US","city":"West Terre Haute","state":"Indiana","state_ab":"IN","county":"Vigo","geo_location":{ "type": "Point", "coordinates": [-87.4688, 39.4984] }},
{"zip_code":"47975","country":"US","city":"Pine Village","state":"Indiana","state_ab":"IN","county":"Warren","geo_location":{ "type": "Point", "coordinates": [-87.2317, 40.4328] }},
{"zip_code":"47108","country":"US","city":"Campbellsburg","state":"Indiana","state_ab":"IN","county":"Washington","geo_location":{ "type": "Point", "coordinates": [-86.2358, 38.669] }},
{"zip_code":"46778","country":"US","city":"Petroleum","state":"Indiana","state_ab":"IN","county":"Wells","geo_location":{ "type": "Point", "coordinates": [-85.1526, 40.6114] }},
{"zip_code":"46725","country":"US","city":"Columbia City","state":"Indiana","state_ab":"IN","county":"Whitley","geo_location":{ "type": "Point", "coordinates": [-85.4737, 41.1619] }},
{"zip_code":"66732","country":"US","city":"Elsmore","state":"Kansas","state_ab":"KS","county":"Allen","geo_location":{ "type": "Point", "coordinates": [-95.1546, 37.8035] }},
{"zip_code":"66772","country":"US","city":"Savonburg","state":"Kansas","state_ab":"KS","county":"Allen","geo_location":{ "type": "Point", "coordinates": [-95.1545, 37.7517] }},
{"zip_code":"67065","country":"US","city":"Isabel","state":"Kansas","state_ab":"KS","county":"Barber","geo_location":{ "type": "Point", "coordinates": [-98.5351, 37.4485] }},
{"zip_code":"66435","country":"US","city":"Willis","state":"Kansas","state_ab":"KS","county":"Brown County","geo_location":{ "type": "Point", "coordinates": [-95.5054, 39.725] }},
{"zip_code":"67012","country":"US","city":"Beaumont","state":"Kansas","state_ab":"KS","county":"Butler","geo_location":{ "type": "Point", "coordinates": [-96.5329, 37.658] }},
{"zip_code":"66862","country":"US","city":"Matfield Green","state":"Kansas","state_ab":"KS","county":"Chase","geo_location":{ "type": "Point", "coordinates": [-96.5541, 38.1448] }},
{"zip_code":"67865","country":"US","city":"Minneola","state":"Kansas","state_ab":"KS","county":"Clark","geo_location":{ "type": "Point", "coordinates": [-100.0088, 37.4425] }},
{"zip_code":"66938","country":"US","city":"Clyde","state":"Kansas","state_ab":"KS","county":"Cloud","geo_location":{ "type": "Point", "coordinates": [-97.408, 39.5758] }},
{"zip_code":"67155","country":"US","city":"Wilmore","state":"Kansas","state_ab":"KS","county":"Comanche","geo_location":{ "type": "Point", "coordinates": [-99.1846, 37.3318] }},
{"zip_code":"67038","country":"US","city":"Dexter","state":"Kansas","state_ab":"KS","county":"Cowley","geo_location":{ "type": "Point", "coordinates": [-96.6917, 37.1641] }},
{"zip_code":"67102","country":"US","city":"Maple City","state":"Kansas","state_ab":"KS","county":"Cowley","geo_location":{ "type": "Point", "coordinates": [-96.8389, 37.2377] }},
{"zip_code":"67492","country":"US","city":"Woodbine","state":"Kansas","state_ab":"KS","county":"Dickinson","geo_location":{ "type": "Point", "coordinates": [-96.9619, 38.8131] }},
{"zip_code":"66008","country":"US","city":"Bendena","state":"Kansas","state_ab":"KS","county":"Doniphan","geo_location":{ "type": "Point", "coordinates": [-95.1765, 39.7174] }},
{"zip_code":"66035","country":"US","city":"Highland","state":"Kansas","state_ab":"KS","county":"Doniphan","geo_location":{ "type": "Point", "coordinates": [-95.2583, 39.8608] }},
{"zip_code":"67878","country":"US","city":"Syracuse","state":"Kansas","state_ab":"KS","county":"Hamilton","geo_location":{ "type": "Point", "coordinates": [-101.7687, 37.9826] }},
{"zip_code":"66552","country":"US","city":"Whiting","state":"Kansas","state_ab":"KS","county":"Jackson","geo_location":{ "type": "Point", "coordinates": [-95.6158, 39.5974] }},
{"zip_code":"66088","country":"US","city":"Valley Falls","state":"Kansas","state_ab":"KS","county":"Jefferson","geo_location":{ "type": "Point", "coordinates": [-95.467, 39.3484] }},
{"zip_code":"66512","country":"US","city":"Meriden","state":"Kansas","state_ab":"KS","county":"Jefferson","geo_location":{ "type": "Point", "coordinates": [-95.5476, 39.2038] }},
{"zip_code":"66062","country":"US","city":"Olathe","state":"Kansas","state_ab":"KS","county":"Johnson","geo_location":{ "type": "Point", "coordinates": [-94.7752, 38.8733] }},
{"zip_code":"66202","country":"US","city":"Shawnee Mission","state":"Kansas","state_ab":"KS","county":"Johnson","geo_location":{ "type": "Point", "coordinates": [-94.6826, 39.0248] }},
{"zip_code":"66215","country":"US","city":"Shawnee Mission","state":"Kansas","state_ab":"KS","county":"Johnson","geo_location":{ "type": "Point", "coordinates": [-94.7405, 38.949] }},
{"zip_code":"66282","country":"US","city":"Shawnee Mission","state":"Kansas","state_ab":"KS","county":"Johnson","geo_location":{ "type": "Point", "coordinates": [-94.832, 38.8999] }},
{"zip_code":"67838","country":"US","city":"Deerfield","state":"Kansas","state_ab":"KS","county":"Kearny","geo_location":{ "type": "Point", "coordinates": [-101.1431, 38.0068] }},
{"zip_code":"67128","country":"US","city":"Rago","state":"Kansas","state_ab":"KS","county":"Kingman","geo_location":{ "type": "Point", "coordinates": [-98.0772, 37.4398] }},
{"zip_code":"67142","country":"US","city":"Spivey","state":"Kansas","state_ab":"KS","county":"Kingman","geo_location":{ "type": "Point", "coordinates": [-98.1751, 37.441] }},
{"zip_code":"66048","country":"US","city":"Leavenworth","state":"Kansas","state_ab":"KS","county":"Leavenworth","geo_location":{ "type": "Point", "coordinates": [-94.9339, 39.3015] }},
{"zip_code":"66075","country":"US","city":"Pleasanton","state":"Kansas","state_ab":"KS","county":"Linn","geo_location":{ "type": "Point", "coordinates": [-94.7057, 38.1823] }},
{"zip_code":"67748","country":"US","city":"Oakley","state":"Kansas","state_ab":"KS","county":"Logan","geo_location":{ "type": "Point", "coordinates": [-100.858, 39.1121] }},
{"zip_code":"66835","country":"US","city":"Americus","state":"Kansas","state_ab":"KS","county":"Lyon","geo_location":{ "type": "Point", "coordinates": [-96.2608, 38.5098] }},
{"zip_code":"67438","country":"US","city":"Durham","state":"Kansas","state_ab":"KS","county":"Marion","geo_location":{ "type": "Point", "coordinates": [-97.2555, 38.5038] }},
{"zip_code":"67452","country":"US","city":"Hunter","state":"Kansas","state_ab":"KS","county":"Mitchell","geo_location":{ "type": "Point", "coordinates": [-98.4017, 39.243] }},
{"zip_code":"67478","country":"US","city":"Simpson","state":"Kansas","state_ab":"KS","county":"Mitchell","geo_location":{ "type": "Point", "coordinates": [-97.9328, 39.3851] }},
{"zip_code":"67335","country":"US","city":"Cherryvale","state":"Kansas","state_ab":"KS","county":"Montgomery","geo_location":{ "type": "Point", "coordinates": [-95.559, 37.2668] }},
{"zip_code":"66408","country":"US","city":"Bern","state":"Kansas","state_ab":"KS","county":"Nemaha","geo_location":{ "type": "Point", "coordinates": [-95.961, 39.9571] }},
{"zip_code":"66538","country":"US","city":"Seneca","state":"Kansas","state_ab":"KS","county":"Nemaha","geo_location":{ "type": "Point", "coordinates": [-96.0316, 39.8473] }},
{"zip_code":"67515","country":"US","city":"Arnold","state":"Kansas","state_ab":"KS","county":"Ness","geo_location":{ "type": "Point", "coordinates": [-100.012, 38.6091] }},
{"zip_code":"67645","country":"US","city":"Lenora","state":"Kansas","state_ab":"KS","county":"Norton","geo_location":{ "type": "Point", "coordinates": [-100.0028, 39.6105] }},
{"zip_code":"66422","country":"US","city":"Emmett","state":"Kansas","state_ab":"KS","county":"Pottawatomie","geo_location":{ "type": "Point", "coordinates": [-96.0593, 39.3048] }},
{"zip_code":"67502","country":"US","city":"Hutchinson","state":"Kansas","state_ab":"KS","county":"Reno","geo_location":{ "type": "Point", "coordinates": [-97.8937, 38.1156] }},
{"zip_code":"67568","country":"US","city":"Plevna","state":"Kansas","state_ab":"KS","county":"Reno","geo_location":{ "type": "Point", "coordinates": [-98.2988, 37.9658] }},
{"zip_code":"67632","country":"US","city":"Damar","state":"Kansas","state_ab":"KS","county":"Rooks","geo_location":{ "type": "Point", "coordinates": [-99.5811, 39.3242] }},
{"zip_code":"67582","country":"US","city":"Timken","state":"Kansas","state_ab":"KS","county":"Rush County","geo_location":{ "type": "Point", "coordinates": [-99.1932, 38.4391] }},
{"zip_code":"67658","country":"US","city":"Paradise","state":"Kansas","state_ab":"KS","county":"Russell","geo_location":{ "type": "Point", "coordinates": [-98.9207, 39.0756] }},
{"zip_code":"67425","country":"US","city":"Brookville","state":"Kansas","state_ab":"KS","county":"Saline","geo_location":{ "type": "Point", "coordinates": [-97.863, 38.7858] }},
{"zip_code":"67465","country":"US","city":"Mentor","state":"Kansas","state_ab":"KS","county":"Saline County","geo_location":{ "type": "Point", "coordinates": [-97.6044, 38.7398] }},
{"zip_code":"67025","country":"US","city":"Cheney","state":"Kansas","state_ab":"KS","county":"Sedgwick","geo_location":{ "type": "Point", "coordinates": [-97.7686, 37.6353] }},
{"zip_code":"67052","country":"US","city":"Goddard","state":"Kansas","state_ab":"KS","county":"Sedgwick","geo_location":{ "type": "Point", "coordinates": [-97.5364, 37.6575] }},
{"zip_code":"67205","country":"US","city":"Wichita","state":"Kansas","state_ab":"KS","county":"Sedgwick","geo_location":{ "type": "Point", "coordinates": [-97.4269, 37.7639] }},
{"zip_code":"67218","country":"US","city":"Wichita","state":"Kansas","state_ab":"KS","county":"Sedgwick","geo_location":{ "type": "Point", "coordinates": [-97.2802, 37.669] }},
{"zip_code":"67232","country":"US","city":"Wichita","state":"Kansas","state_ab":"KS","county":"Sedgwick","geo_location":{ "type": "Point", "coordinates": [-97.1714, 37.6395] }},
{"zip_code":"66615","country":"US","city":"Topeka","state":"Kansas","state_ab":"KS","county":"Shawnee","geo_location":{ "type": "Point", "coordinates": [-95.7906, 39.0446] }},
{"zip_code":"66628","country":"US","city":"Topeka","state":"Kansas","state_ab":"KS","county":"Shawnee","geo_location":{ "type": "Point", "coordinates": [-95.7697, 39.0429] }},
{"zip_code":"66642","country":"US","city":"Topeka","state":"Kansas","state_ab":"KS","county":"Shawnee","geo_location":{ "type": "Point", "coordinates": [-95.7697, 39.0429] }},
{"zip_code":"67735","country":"US","city":"Goodland","state":"Kansas","state_ab":"KS","county":"Sherman","geo_location":{ "type": "Point", "coordinates": [-101.7164, 39.3491] }},
{"zip_code":"66952","country":"US","city":"Lebanon","state":"Kansas","state_ab":"KS","county":"Smith","geo_location":{ "type": "Point", "coordinates": [-98.556, 39.8077] }},
{"zip_code":"67672","country":"US","city":"Wa Keeney","state":"Kansas","state_ab":"KS","county":"Trego","geo_location":{ "type": "Point", "coordinates": [-99.8818, 39.0114] }},
{"zip_code":"67762","country":"US","city":"Weskan","state":"Kansas","state_ab":"KS","county":"Wallace","geo_location":{ "type": "Point", "coordinates": [-101.9512, 38.8649] }},
{"zip_code":"66758","country":"US","city":"Neosho Falls","state":"Kansas","state_ab":"KS","county":"Woodson","geo_location":{ "type": "Point", "coordinates": [-95.5497, 37.9669] }},
{"zip_code":"66112","country":"US","city":"Kansas City","state":"Kansas","state_ab":"KS","county":"Wyandotte","geo_location":{ "type": "Point", "coordinates": [-94.764, 39.116] }},
{"zip_code":"40358","country":"US","city":"Olympia","state":"Kentucky","state_ab":"KY","county":"Bath","geo_location":{ "type": "Point", "coordinates": [-83.7008, 38.0849] }},
{"zip_code":"40965","country":"US","city":"Middlesboro","state":"Kentucky","state_ab":"KY","county":"Bell","geo_location":{ "type": "Point", "coordinates": [-83.7231, 36.6172] }},
{"zip_code":"41092","country":"US","city":"Verona","state":"Kentucky","state_ab":"KY","county":"Boone","geo_location":{ "type": "Point", "coordinates": [-84.6907, 38.839] }},
{"zip_code":"41102","country":"US","city":"Ashland","state":"Kentucky","state_ab":"KY","county":"Boyd","geo_location":{ "type": "Point", "coordinates": [-82.7173, 38.4218] }},
{"zip_code":"41168","country":"US","city":"Rush","state":"Kentucky","state_ab":"KY","county":"Boyd","geo_location":{ "type": "Point", "coordinates": [-82.7476, 38.3089] }},
{"zip_code":"40422","country":"US","city":"Danville","state":"Kentucky","state_ab":"KY","county":"Boyle","geo_location":{ "type": "Point", "coordinates": [-84.7747, 37.6465] }},
{"zip_code":"41348","country":"US","city":"Lost Creek","state":"Kentucky","state_ab":"KY","county":"Breathitt","geo_location":{ "type": "Point", "coordinates": [-83.2976, 37.4418] }},
{"zip_code":"40152","country":"US","city":"Mc Daniels","state":"Kentucky","state_ab":"KY","county":"Breckinridge","geo_location":{ "type": "Point", "coordinates": [-86.4491, 37.6194] }},
{"zip_code":"40178","country":"US","city":"Westview","state":"Kentucky","state_ab":"KY","county":"Breckinridge","geo_location":{ "type": "Point", "coordinates": [-86.4273, 37.6792] }},
{"zip_code":"40165","country":"US","city":"Shepherdsville","state":"Kentucky","state_ab":"KY","county":"Bullitt","geo_location":{ "type": "Point", "coordinates": [-85.6888, 38.0045] }},
{"zip_code":"42288","country":"US","city":"Woodbury","state":"Kentucky","state_ab":"KY","county":"Butler","geo_location":{ "type": "Point", "coordinates": [-86.6722, 37.1975] }},
{"zip_code":"41128","country":"US","city":"Carter","state":"Kentucky","state_ab":"KY","county":"Carter","geo_location":{ "type": "Point", "coordinates": [-83.1336, 38.4339] }},
{"zip_code":"41142","country":"US","city":"Grahn","state":"Kentucky","state_ab":"KY","county":"Carter","geo_location":{ "type": "Point", "coordinates": [-83.0811, 38.2897] }},
{"zip_code":"42262","country":"US","city":"Oak Grove","state":"Kentucky","state_ab":"KY","county":"Christian","geo_location":{ "type": "Point", "coordinates": [-87.4255, 36.6652] }},
{"zip_code":"40978","country":"US","city":"Manchester","state":"Kentucky","state_ab":"KY","county":"Clay County","geo_location":{ "type": "Point", "coordinates": [-83.6468, 37.076] }},
{"zip_code":"42752","country":"US","city":"Kettle","state":"Kentucky","state_ab":"KY","county":"Cumberland County","geo_location":{ "type": "Point", "coordinates": [-85.4092, 36.6946] }},
{"zip_code":"42378","country":"US","city":"Whitesville","state":"Kentucky","state_ab":"KY","county":"Daviess","geo_location":{ "type": "Point", "coordinates": [-86.8699, 37.6834] }},
{"zip_code":"42275","country":"US","city":"Roundhill","state":"Kentucky","state_ab":"KY","county":"Edmonson","geo_location":{ "type": "Point", "coordinates": [-86.407, 37.256] }},
{"zip_code":"40512","country":"US","city":"Lexington","state":"Kentucky","state_ab":"KY","county":"Fayette","geo_location":{ "type": "Point", "coordinates": [-84.4715, 38.0283] }},
{"zip_code":"40578","country":"US","city":"Lexington","state":"Kentucky","state_ab":"KY","county":"Fayette","geo_location":{ "type": "Point", "coordinates": [-84.4715, 38.0283] }},
{"zip_code":"40592","country":"US","city":"Lexington","state":"Kentucky","state_ab":"KY","county":"Fayette","geo_location":{ "type": "Point", "coordinates": [-84.4715, 38.0283] }},
{"zip_code":"41065","country":"US","city":"Muses Mills","state":"Kentucky","state_ab":"KY","county":"Fleming","geo_location":{ "type": "Point", "coordinates": [-83.7186, 38.3481] }},
{"zip_code":"41605","country":"US","city":"Betsy Layne","state":"Kentucky","state_ab":"KY","county":"Floyd","geo_location":{ "type": "Point", "coordinates": [-82.6267, 37.5555] }},
{"zip_code":"41645","country":"US","city":"Langley","state":"Kentucky","state_ab":"KY","county":"Floyd","geo_location":{ "type": "Point", "coordinates": [-82.7976, 37.5381] }},
{"zip_code":"40602","country":"US","city":"Frankfort","state":"Kentucky","state_ab":"KY","county":"Franklin","geo_location":{ "type": "Point", "coordinates": [-84.8748, 38.2341] }},
{"zip_code":"41052","country":"US","city":"Jonesville","state":"Kentucky","state_ab":"KY","county":"Grant","geo_location":{ "type": "Point", "coordinates": [-84.7507, 38.6587] }},
{"zip_code":"42082","country":"US","city":"Symsonia","state":"Kentucky","state_ab":"KY","county":"Graves","geo_location":{ "type": "Point", "coordinates": [-88.5153, 36.9044] }},
{"zip_code":"42712","country":"US","city":"Big Clifty","state":"Kentucky","state_ab":"KY","county":"Grayson","geo_location":{ "type": "Point", "coordinates": [-86.1395, 37.5278] }},
{"zip_code":"40808","country":"US","city":"Big Laurel","state":"Kentucky","state_ab":"KY","county":"Harlan","geo_location":{ "type": "Point", "coordinates": [-83.2067, 36.9841] }},
{"zip_code":"42765","country":"US","city":"Munfordville","state":"Kentucky","state_ab":"KY","county":"Hart","geo_location":{ "type": "Point", "coordinates": [-85.9201, 37.2898] }},
{"zip_code":"42402","country":"US","city":"Baskett","state":"Kentucky","state_ab":"KY","county":"Henderson","geo_location":{ "type": "Point", "coordinates": [-87.6012, 37.7789] }},
{"zip_code":"40075","country":"US","city":"Turners Station","state":"Kentucky","state_ab":"KY","county":"Henry","geo_location":{ "type": "Point", "coordinates": [-85.1019, 38.5521] }},
{"zip_code":"42442","country":"US","city":"Nortonville","state":"Kentucky","state_ab":"KY","county":"Hopkins","geo_location":{ "type": "Point", "coordinates": [-87.4605, 37.1834] }},
{"zip_code":"40435","country":"US","city":"Annville","state":"Kentucky","state_ab":"KY","county":"Jackson County","geo_location":{ "type": "Point", "coordinates": [-83.8751, 37.364] }},
{"zip_code":"40488","country":"US","city":"Waneta","state":"Kentucky","state_ab":"KY","county":"Jackson","geo_location":{ "type": "Point", "coordinates": [-84.0427, 37.4748] }},
{"zip_code":"40202","country":"US","city":"Louisville","state":"Kentucky","state_ab":"KY","county":"Jefferson","geo_location":{ "type": "Point", "coordinates": [-85.7476, 38.2507] }},
{"zip_code":"40215","country":"US","city":"Louisville","state":"Kentucky","state_ab":"KY","county":"Jefferson","geo_location":{ "type": "Point", "coordinates": [-85.7847, 38.1913] }},
{"zip_code":"40228","country":"US","city":"Louisville","state":"Kentucky","state_ab":"KY","county":"Jefferson","geo_location":{ "type": "Point", "coordinates": [-85.6265, 38.1442] }},
{"zip_code":"40242","country":"US","city":"Louisville","state":"Kentucky","state_ab":"KY","county":"Jefferson","geo_location":{ "type": "Point", "coordinates": [-85.594, 38.2785] }},
{"zip_code":"40255","country":"US","city":"Louisville","state":"Kentucky","state_ab":"KY","county":"Jefferson","geo_location":{ "type": "Point", "coordinates": [-85.6768, 38.189] }},
{"zip_code":"40268","country":"US","city":"Louisville","state":"Kentucky","state_ab":"KY","county":"Jefferson","geo_location":{ "type": "Point", "coordinates": [-85.6768, 38.189] }},
{"zip_code":"40282","country":"US","city":"Louisville","state":"Kentucky","state_ab":"KY","county":"Jefferson","geo_location":{ "type": "Point", "coordinates": [-85.6768, 38.189] }},
{"zip_code":"40295","country":"US","city":"Louisville","state":"Kentucky","state_ab":"KY","county":"Jefferson","geo_location":{ "type": "Point", "coordinates": [-85.6768, 38.189] }},
{"zip_code":"41258","country":"US","city":"Swamp Branch","state":"Kentucky","state_ab":"KY","county":"Johnson County","geo_location":{ "type": "Point", "coordinates": [-82.9113, 37.7486] }},
{"zip_code":"41012","country":"US","city":"Covington","state":"Kentucky","state_ab":"KY","county":"Kenton","geo_location":{ "type": "Point", "coordinates": [-84.5205, 38.9447] }},
{"zip_code":"40745","country":"US","city":"London","state":"Kentucky","state_ab":"KY","county":"Laurel","geo_location":{ "type": "Point", "coordinates": [-84.1156, 37.1376] }},
{"zip_code":"41232","country":"US","city":"Lowmansville","state":"Kentucky","state_ab":"KY","county":"Lawrence","geo_location":{ "type": "Point", "coordinates": [-82.7349, 37.9315] }},
{"zip_code":"41362","country":"US","city":"Primrose","state":"Kentucky","state_ab":"KY","county":"Lee","geo_location":{ "type": "Point", "coordinates": [-83.714, 37.6033] }},
{"zip_code":"41762","country":"US","city":"Sizerock","state":"Kentucky","state_ab":"KY","county":"Leslie","geo_location":{ "type": "Point", "coordinates": [-83.5064, 37.2188] }},
{"zip_code":"41775","country":"US","city":"Wendover","state":"Kentucky","state_ab":"KY","county":"Leslie","geo_location":{ "type": "Point", "coordinates": [-83.3563, 37.1079] }},
{"zip_code":"40862","country":"US","city":"Partridge","state":"Kentucky","state_ab":"KY","county":"Letcher","geo_location":{ "type": "Point", "coordinates": [-82.8795, 37.0129] }},
{"zip_code":"41812","country":"US","city":"Deane","state":"Kentucky","state_ab":"KY","county":"Letcher","geo_location":{ "type": "Point", "coordinates": [-82.7696, 37.2409] }},
{"zip_code":"41825","country":"US","city":"Jackhorn","state":"Kentucky","state_ab":"KY","county":"Letcher","geo_location":{ "type": "Point", "coordinates": [-82.7228, 37.2246] }},
{"zip_code":"41838","country":"US","city":"Millstone","state":"Kentucky","state_ab":"KY","county":"Letcher","geo_location":{ "type": "Point", "coordinates": [-82.7517, 37.1766] }},
{"zip_code":"40448","country":"US","city":"Mc Kinney","state":"Kentucky","state_ab":"KY","county":"Lincoln","geo_location":{ "type": "Point", "coordinates": [-84.6998, 37.446] }},
{"zip_code":"42028","country":"US","city":"Burna","state":"Kentucky","state_ab":"KY","county":"Livingston","geo_location":{ "type": "Point", "coordinates": [-88.3379, 37.2392] }},
{"zip_code":"42055","country":"US","city":"Kuttawa","state":"Kentucky","state_ab":"KY","county":"Lyon","geo_location":{ "type": "Point", "coordinates": [-88.1498, 37.0619] }},
{"zip_code":"42002","country":"US","city":"Paducah","state":"Kentucky","state_ab":"KY","county":"McCracken","geo_location":{ "type": "Point", "coordinates": [-88.7125, 37.0855] }},
{"zip_code":"42635","country":"US","city":"Pine Knot","state":"Kentucky","state_ab":"KY","county":"McCreary","geo_location":{ "type": "Point", "coordinates": [-84.3984, 36.6807] }},
{"zip_code":"42648","country":"US","city":"Monticello","state":"Kentucky","state_ab":"KY","county":"McCreary County","geo_location":{ "type": "Point", "coordinates": [-84.8026, 36.8874] }},
{"zip_code":"42352","country":"US","city":"Livermore","state":"Kentucky","state_ab":"KY","county":"McLean","geo_location":{ "type": "Point", "coordinates": [-87.1239, 37.5045] }},
{"zip_code":"40385","country":"US","city":"Waco","state":"Kentucky","state_ab":"KY","county":"Madison","geo_location":{ "type": "Point", "coordinates": [-84.1448, 37.7176] }},
{"zip_code":"40475","country":"US","city":"Richmond","state":"Kentucky","state_ab":"KY","county":"Madison","geo_location":{ "type": "Point", "coordinates": [-84.2955, 37.7546] }},
{"zip_code":"41465","country":"US","city":"Salyersville","state":"Kentucky","state_ab":"KY","county":"Magoffin","geo_location":{ "type": "Point", "coordinates": [-83.0298, 37.7325] }},
{"zip_code":"41632","country":"US","city":"Gunlock","state":"Kentucky","state_ab":"KY","county":"Magoffin","geo_location":{ "type": "Point", "coordinates": [-82.9452, 37.5892] }},
{"zip_code":"41902","country":"US","city":"Migrate","state":"Kentucky","state_ab":"KY","county":"Magoffin County","geo_location":{ "type": "Point", "coordinates": [-84.5027, 38.0638] }},
{"zip_code":"40062","country":"US","city":"Saint Francis","state":"Kentucky","state_ab":"KY","county":"Marion","geo_location":{ "type": "Point", "coordinates": [-85.4251, 37.6047] }},
{"zip_code":"40345","country":"US","city":"Mariba","state":"Kentucky","state_ab":"KY","county":"Menifee County","geo_location":{ "type": "Point", "coordinates": [-83.5579, 37.918] }},
{"zip_code":"40372","country":"US","city":"Salvisa","state":"Kentucky","state_ab":"KY","county":"Mercer","geo_location":{ "type": "Point", "coordinates": [-84.884, 37.8664] }},
{"zip_code":"41412","country":"US","city":"Cottle","state":"Kentucky","state_ab":"KY","county":"Morgan County","geo_location":{ "type": "Point", "coordinates": [-83.2201, 37.893] }},
{"zip_code":"41425","country":"US","city":"Ezel","state":"Kentucky","state_ab":"KY","county":"Morgan","geo_location":{ "type": "Point", "coordinates": [-83.3888, 37.904] }},
{"zip_code":"41452","country":"US","city":"Marshallville","state":"Kentucky","state_ab":"KY","county":"Morgan County","geo_location":{ "type": "Point", "coordinates": [-82.9893, 37.678] }},
{"zip_code":"42325","country":"US","city":"Bremen","state":"Kentucky","state_ab":"KY","county":"Muhlenberg","geo_location":{ "type": "Point", "coordinates": [-87.233, 37.343] }},
{"zip_code":"42365","country":"US","city":"Penrod","state":"Kentucky","state_ab":"KY","county":"Muhlenberg","geo_location":{ "type": "Point", "coordinates": [-86.9941, 37.1126] }},
{"zip_code":"40008","country":"US","city":"Bloomfield","state":"Kentucky","state_ab":"KY","county":"Nelson","geo_location":{ "type": "Point", "coordinates": [-85.2862, 37.908] }},
{"zip_code":"40048","country":"US","city":"Nazareth","state":"Kentucky","state_ab":"KY","county":"Nelson","geo_location":{ "type": "Point", "coordinates": [-85.4694, 37.8472] }},
{"zip_code":"42338","country":"US","city":"Dundee","state":"Kentucky","state_ab":"KY","county":"Ohio","geo_location":{ "type": "Point", "coordinates": [-86.7776, 37.552] }},
{"zip_code":"41722","country":"US","city":"Bulan","state":"Kentucky","state_ab":"KY","county":"Perry","geo_location":{ "type": "Point", "coordinates": [-83.1561, 37.315] }},
{"zip_code":"41735","country":"US","city":"Delphia","state":"Kentucky","state_ab":"KY","county":"Perry","geo_location":{ "type": "Point", "coordinates": [-83.0956, 37.0233] }},
{"zip_code":"41502","country":"US","city":"Pikeville","state":"Kentucky","state_ab":"KY","county":"Pike","geo_location":{ "type": "Point", "coordinates": [-82.5505, 37.4816] }},
{"zip_code":"41528","country":"US","city":"Freeburn","state":"Kentucky","state_ab":"KY","county":"Pike","geo_location":{ "type": "Point", "coordinates": [-82.1434, 37.5512] }},
{"zip_code":"41542","country":"US","city":"Lookout","state":"Kentucky","state_ab":"KY","county":"Pike","geo_location":{ "type": "Point", "coordinates": [-82.465, 37.3148] }},
{"zip_code":"41555","country":"US","city":"Pinsonfork","state":"Kentucky","state_ab":"KY","county":"Pike","geo_location":{ "type": "Point", "coordinates": [-82.2621, 37.5466] }},
{"zip_code":"41568","country":"US","city":"Stopover","state":"Kentucky","state_ab":"KY","county":"Pike","geo_location":{ "type": "Point", "coordinates": [-82.0784, 37.5093] }},
{"zip_code":"42518","country":"US","city":"Bronston","state":"Kentucky","state_ab":"KY","county":"Pulaski","geo_location":{ "type": "Point", "coordinates": [-84.6314, 36.9525] }},
{"zip_code":"42532","country":"US","city":"Faubush","state":"Kentucky","state_ab":"KY","county":"Pulaski County","geo_location":{ "type": "Point", "coordinates": [-84.8604, 37.0632] }},
{"zip_code":"42558","country":"US","city":"Tateville","state":"Kentucky","state_ab":"KY","county":"Pulaski","geo_location":{ "type": "Point", "coordinates": [-84.5815, 36.9492] }},
{"zip_code":"40022","country":"US","city":"Finchville","state":"Kentucky","state_ab":"KY","county":"Shelby","geo_location":{ "type": "Point", "coordinates": [-85.3476, 38.1561] }},
{"zip_code":"42235","country":"US","city":"Hadley","state":"Kentucky","state_ab":"KY","county":"Warren","geo_location":{ "type": "Point", "coordinates": [-86.394, 36.9834] }},
{"zip_code":"42455","country":"US","city":"Sebree","state":"Kentucky","state_ab":"KY","county":"Webster","geo_location":{ "type": "Point", "coordinates": [-87.5255, 37.5889] }},
{"zip_code":"70638","country":"US","city":"Elizabeth","state":"Louisiana","state_ab":"LA","county":"Allen","geo_location":{ "type": "Point", "coordinates": [-92.7815, 30.8547] }},
{"zip_code":"70728","country":"US","city":"Duplessis","state":"Louisiana","state_ab":"LA","county":"Ascension","geo_location":{ "type": "Point", "coordinates": [-90.9458, 30.2954] }},
{"zip_code":"71318","country":"US","city":"Big Bend","state":"Louisiana","state_ab":"LA","county":"Avoyelles Parish","geo_location":{ "type": "Point", "coordinates": [-91.8317, 31.0868] }},
{"zip_code":"71372","country":"US","city":"Vick","state":"Louisiana","state_ab":"LA","county":"Avoyelles Parish","geo_location":{ "type": "Point", "coordinates": [-92.0653, 31.2708] }},
{"zip_code":"70652","country":"US","city":"Longville","state":"Louisiana","state_ab":"LA","county":"Beauregard","geo_location":{ "type": "Point", "coordinates": [-93.2548, 30.58] }},
{"zip_code":"71008","country":"US","city":"Bienville","state":"Louisiana","state_ab":"LA","county":"Bienville","geo_location":{ "type": "Point", "coordinates": [-92.9084, 32.2523] }},
{"zip_code":"71112","country":"US","city":"Bossier City","state":"Louisiana","state_ab":"LA","county":"Bossier","geo_location":{ "type": "Point", "coordinates": [-93.6767, 32.486] }},
{"zip_code":"71138","country":"US","city":"Shreveport","state":"Louisiana","state_ab":"LA","county":"Caddo","geo_location":{ "type": "Point", "coordinates": [-93.7526, 32.6076] }},
{"zip_code":"71152","country":"US","city":"Shreveport","state":"Louisiana","state_ab":"LA","county":"Caddo","geo_location":{ "type": "Point", "coordinates": [-93.7526, 32.6076] }},
{"zip_code":"71165","country":"US","city":"Shreveport","state":"Louisiana","state_ab":"LA","county":"Caddo","geo_location":{ "type": "Point", "coordinates": [-93.7526, 32.6076] }},
{"zip_code":"70612","country":"US","city":"Lake Charles","state":"Louisiana","state_ab":"LA","county":"Calcasieu","geo_location":{ "type": "Point", "coordinates": [-93.3265, 30.2642] }},
{"zip_code":"70665","country":"US","city":"Sulphur","state":"Louisiana","state_ab":"LA","county":"Calcasieu","geo_location":{ "type": "Point", "coordinates": [-93.4437, 30.2009] }},
{"zip_code":"71435","country":"US","city":"Grayson","state":"Louisiana","state_ab":"LA","county":"Caldwell","geo_location":{ "type": "Point", "coordinates": [-92.1698, 32.067] }},
{"zip_code":"71048","country":"US","city":"Lisbon","state":"Louisiana","state_ab":"LA","county":"Claiborne","geo_location":{ "type": "Point", "coordinates": [-92.8878, 32.8452] }},
{"zip_code":"70805","country":"US","city":"Baton Rouge","state":"Louisiana","state_ab":"LA","county":"East Baton Rouge","geo_location":{ "type": "Point", "coordinates": [-91.1481, 30.486] }},
{"zip_code":"70818","country":"US","city":"Baton Rouge","state":"Louisiana","state_ab":"LA","county":"East Baton Rouge","geo_location":{ "type": "Point", "coordinates": [-91.05, 30.5408] }},
{"zip_code":"70898","country":"US","city":"Baton Rouge","state":"Louisiana","state_ab":"LA","county":"East Baton Rouge","geo_location":{ "type": "Point", "coordinates": [-91.0804, 30.5159] }},
{"zip_code":"71295","country":"US","city":"Winnsboro","state":"Louisiana","state_ab":"LA","county":"Franklin","geo_location":{ "type": "Point", "coordinates": [-91.7108, 32.1592] }},
{"zip_code":"70562","country":"US","city":"New Iberia","state":"Louisiana","state_ab":"LA","county":"Iberia","geo_location":{ "type": "Point", "coordinates": [-91.6331, 29.7399] }},
{"zip_code":"71268","country":"US","city":"Quitman","state":"Louisiana","state_ab":"LA","county":"Jackson","geo_location":{ "type": "Point", "coordinates": [-92.7085, 32.3564] }},
{"zip_code":"70005","country":"US","city":"Metairie","state":"Louisiana","state_ab":"LA","county":"Jefferson","geo_location":{ "type": "Point", "coordinates": [-90.1331, 30.0005] }},
{"zip_code":"70058","country":"US","city":"Harvey","state":"Louisiana","state_ab":"LA","county":"Jefferson","geo_location":{ "type": "Point", "coordinates": [-90.0673, 29.8725] }},
{"zip_code":"70072","country":"US","city":"Marrero","state":"Louisiana","state_ab":"LA","county":"Jefferson","geo_location":{ "type": "Point", "coordinates": [-90.1105, 29.8598] }},
{"zip_code":"70508","country":"US","city":"Lafayette","state":"Louisiana","state_ab":"LA","county":"Lafayette","geo_location":{ "type": "Point", "coordinates": [-92.0236, 30.1582] }},
{"zip_code":"70302","country":"US","city":"Thibodaux","state":"Louisiana","state_ab":"LA","county":"Lafourche","geo_location":{ "type": "Point", "coordinates": [-90.5028, 29.4587] }},
{"zip_code":"31822","country":"US","city":"Pine Mountain","state":"Georgia","state_ab":"GA","county":"Harris","geo_location":{ "type": "Point", "coordinates": [-84.896, 32.8735] }},
{"zip_code":"30252","country":"US","city":"Mcdonough","state":"Georgia","state_ab":"GA","county":"Henry","geo_location":{ "type": "Point", "coordinates": [-84.055, 33.4768] }},
{"zip_code":"31088","country":"US","city":"Warner Robins","state":"Georgia","state_ab":"GA","county":"Houston","geo_location":{ "type": "Point", "coordinates": [-83.6416, 32.5934] }},
{"zip_code":"31798","country":"US","city":"Wray","state":"Georgia","state_ab":"GA","county":"Irwin","geo_location":{ "type": "Point", "coordinates": [-83.1075, 31.5952] }},
{"zip_code":"30548","country":"US","city":"Hoschton","state":"Georgia","state_ab":"GA","county":"Jackson","geo_location":{ "type": "Point", "coordinates": [-83.7803, 34.0866] }},
{"zip_code":"30575","country":"US","city":"Talmo","state":"Georgia","state_ab":"GA","county":"Jackson","geo_location":{ "type": "Point", "coordinates": [-83.7187, 34.1951] }},
{"zip_code":"30818","country":"US","city":"Matthews","state":"Georgia","state_ab":"GA","county":"Jefferson","geo_location":{ "type": "Point", "coordinates": [-82.3294, 33.2652] }},
{"zip_code":"31022","country":"US","city":"Dudley","state":"Georgia","state_ab":"GA","county":"Laurens","geo_location":{ "type": "Point", "coordinates": [-83.0899, 32.5259] }},
{"zip_code":"31075","country":"US","city":"Rentz","state":"Georgia","state_ab":"GA","county":"Laurens","geo_location":{ "type": "Point", "coordinates": [-82.967, 32.3799] }},
{"zip_code":"31602","country":"US","city":"Valdosta","state":"Georgia","state_ab":"GA","county":"Lowndes","geo_location":{ "type": "Point", "coordinates": [-83.3278, 30.8931] }},
{"zip_code":"31305","country":"US","city":"Darien","state":"Georgia","state_ab":"GA","county":"McIntosh","geo_location":{ "type": "Point", "coordinates": [-81.4312, 31.3826] }},
{"zip_code":"31332","country":"US","city":"Valona","state":"Georgia","state_ab":"GA","county":"McIntosh","geo_location":{ "type": "Point", "coordinates": [-81.3819, 31.4951] }},
{"zip_code":"30445","country":"US","city":"Mount Vernon","state":"Georgia","state_ab":"GA","county":"Montgomery","geo_location":{ "type": "Point", "coordinates": [-82.5867, 32.184] }},
{"zip_code":"30625","country":"US","city":"Buckhead","state":"Georgia","state_ab":"GA","county":"Morgan","geo_location":{ "type": "Point", "coordinates": [-83.3435, 33.5368] }},
{"zip_code":"31808","country":"US","city":"Fortson","state":"Georgia","state_ab":"GA","county":"Muscogee","geo_location":{ "type": "Point", "coordinates": [-85.0017, 32.6288] }},
{"zip_code":"30638","country":"US","city":"Farmington","state":"Georgia","state_ab":"GA","county":"Oconee","geo_location":{ "type": "Point", "coordinates": [-83.4201, 33.7558] }},
{"zip_code":"31008","country":"US","city":"Byron","state":"Georgia","state_ab":"GA","county":"Peach","geo_location":{ "type": "Point", "coordinates": [-83.789, 32.6181] }},
{"zip_code":"30148","country":"US","city":"Marble Hill","state":"Georgia","state_ab":"GA","county":"Pickens","geo_location":{ "type": "Point", "coordinates": [-84.303, 34.4398] }},
{"zip_code":"30175","country":"US","city":"Talking Rock","state":"Georgia","state_ab":"GA","county":"Pickens","geo_location":{ "type": "Point", "coordinates": [-84.4912, 34.5394] }},
{"zip_code":"30292","country":"US","city":"Williamson","state":"Georgia","state_ab":"GA","county":"Pike","geo_location":{ "type": "Point", "coordinates": [-84.3795, 33.1598] }},
{"zip_code":"30562","country":"US","city":"Mountain City","state":"Georgia","state_ab":"GA","county":"Rabun","geo_location":{ "type": "Point", "coordinates": [-83.4028, 34.9144] }},
{"zip_code":"30805","country":"US","city":"Blythe","state":"Georgia","state_ab":"GA","county":"Richmond","geo_location":{ "type": "Point", "coordinates": [-82.203, 33.2941] }},
{"zip_code":"31745","country":"US","city":"Donalsonville","state":"Georgia","state_ab":"GA","county":"Seminole","geo_location":{ "type": "Point", "coordinates": [-84.887, 30.9818] }},
{"zip_code":"30212","country":"US","city":"Experiment","state":"Georgia","state_ab":"GA","county":"Spalding","geo_location":{ "type": "Point", "coordinates": [-84.2888, 33.2782] }},
{"zip_code":"31785","country":"US","city":"Sasser","state":"Georgia","state_ab":"GA","county":"Terrell","geo_location":{ "type": "Point", "coordinates": [-84.3275, 31.69] }},
{"zip_code":"31758","country":"US","city":"Thomasville","state":"Georgia","state_ab":"GA","county":"Thomas","geo_location":{ "type": "Point", "coordinates": [-83.9278, 30.8682] }},
{"zip_code":"30728","country":"US","city":"La Fayette","state":"Georgia","state_ab":"GA","county":"Walker","geo_location":{ "type": "Point", "coordinates": [-85.2602, 34.692] }},
{"zip_code":"30018","country":"US","city":"Jersey","state":"Georgia","state_ab":"GA","county":"Walton","geo_location":{ "type": "Point", "coordinates": [-83.8015, 33.718] }},
{"zip_code":"31552","country":"US","city":"Millwood","state":"Georgia","state_ab":"GA","county":"Ware","geo_location":{ "type": "Point", "coordinates": [-82.6441, 31.2506] }},
{"zip_code":"31035","country":"US","city":"Harrison","state":"Georgia","state_ab":"GA","county":"Washington","geo_location":{ "type": "Point", "coordinates": [-82.7159, 32.842] }},
{"zip_code":"30755","country":"US","city":"Tunnel Hill","state":"Georgia","state_ab":"GA","county":"Whitfield","geo_location":{ "type": "Point", "coordinates": [-85.0468, 34.8541] }},
{"zip_code":"31772","country":"US","city":"Oakfield","state":"Georgia","state_ab":"GA","county":"Worth","geo_location":{ "type": "Point", "coordinates": [-83.9706, 31.7798] }},
{"zip_code":"96728","country":"US","city":"Honomu","state":"Hawaii","state_ab":"HI","county":"Hawaii","geo_location":{ "type": "Point", "coordinates": [-155.1177, 19.8728] }},
{"zip_code":"96755","country":"US","city":"Kapaau","state":"Hawaii","state_ab":"HI","county":"Hawaii","geo_location":{ "type": "Point", "coordinates": [-155.799, 20.2183] }},
{"zip_code":"96782","country":"US","city":"Pearl City","state":"Hawaii","state_ab":"HI","county":"Honolulu","geo_location":{ "type": "Point", "coordinates": [-157.9652, 21.4084] }},
{"zip_code":"96795","country":"US","city":"Waimanalo","state":"Hawaii","state_ab":"HI","county":"Honolulu","geo_location":{ "type": "Point", "coordinates": [-157.7131, 21.3418] }},
{"zip_code":"96805","country":"US","city":"Honolulu","state":"Hawaii","state_ab":"HI","county":"Honolulu","geo_location":{ "type": "Point", "coordinates": [-157.8585, 21.3062] }},
{"zip_code":"96818","country":"US","city":"Honolulu","state":"Hawaii","state_ab":"HI","county":"Honolulu","geo_location":{ "type": "Point", "coordinates": [-157.9269, 21.3532] }},
{"zip_code":"96845","country":"US","city":"Honolulu","state":"Hawaii","state_ab":"HI","county":"Honolulu","geo_location":{ "type": "Point", "coordinates": [-157.8294, 21.3278] }},
{"zip_code":"96858","country":"US","city":"Fort Shafter","state":"Hawaii","state_ab":"HI","county":"Honolulu","geo_location":{ "type": "Point", "coordinates": [-157.8918, 21.3416] }},
{"zip_code":"96898","country":"US","city":"Wake Island","state":"Hawaii","state_ab":"HI","county":"Honolulu","geo_location":{ "type": "Point", "coordinates": [166.6419, 19.2836] }},
{"zip_code":"96715","country":"US","city":"Hanamaulu","state":"Hawaii","state_ab":"HI","county":"Kauai","geo_location":{ "type": "Point", "coordinates": [-159.5124, 21.98] }},
{"zip_code":"96742","country":"US","city":"Kalaupapa","state":"Hawaii","state_ab":"HI","county":"Maui","geo_location":{ "type": "Point", "coordinates": [-156.9835, 21.1929] }},
{"zip_code":"96768","country":"US","city":"Makawao","state":"Hawaii","state_ab":"HI","county":"Maui","geo_location":{ "type": "Point", "coordinates": [-156.3327, 20.8469] }},
{"zip_code":"52162","country":"US","city":"Postville","state":"Iowa","state_ab":"IA","county":"Allamakee","geo_location":{ "type": "Point", "coordinates": [-91.5478, 43.0036] }},
{"zip_code":"52575","country":"US","city":"Numa","state":"Iowa","state_ab":"IA","county":"Appanoose County","geo_location":{ "type": "Point", "coordinates": [-93.0186, 40.6706] }},
{"zip_code":"50025","country":"US","city":"Audubon","state":"Iowa","state_ab":"IA","county":"Audubon","geo_location":{ "type": "Point", "coordinates": [-94.9164, 41.73] }},
{"zip_code":"52315","country":"US","city":"Newhall","state":"Iowa","state_ab":"IA","county":"Benton","geo_location":{ "type": "Point", "coordinates": [-91.9779, 41.9927] }},
{"zip_code":"50568","country":"US","city":"Newell","state":"Iowa","state_ab":"IA","county":"Buena Vista","geo_location":{ "type": "Point", "coordinates": [-94.9946, 42.6157] }},
{"zip_code":"51002","country":"US","city":"Alta","state":"Iowa","state_ab":"IA","county":"Buena Vista","geo_location":{ "type": "Point", "coordinates": [-95.3129, 42.6771] }},
{"zip_code":"50605","country":"US","city":"Aredale","state":"Iowa","state_ab":"IA","county":"Butler","geo_location":{ "type": "Point", "coordinates": [-93.021, 42.8318] }},
{"zip_code":"51455","country":"US","city":"Manning","state":"Iowa","state_ab":"IA","county":"Carroll","geo_location":{ "type": "Point", "coordinates": [-95.0556, 41.9072] }},
{"zip_code":"50645","country":"US","city":"Ionia","state":"Iowa","state_ab":"IA","county":"Chickasaw","geo_location":{ "type": "Point", "coordinates": [-92.4865, 43.0403] }},
{"zip_code":"50658","country":"US","city":"Nashua","state":"Iowa","state_ab":"IA","county":"Chickasaw","geo_location":{ "type": "Point", "coordinates": [-92.5298, 42.9528] }},
{"zip_code":"51338","country":"US","city":"Everly","state":"Iowa","state_ab":"IA","county":"Clay","geo_location":{ "type": "Point", "coordinates": [-95.3228, 43.1609] }},
{"zip_code":"52072","country":"US","city":"Saint Olaf","state":"Iowa","state_ab":"IA","county":"Clayton","geo_location":{ "type": "Point", "coordinates": [-91.3778, 42.922] }},
{"zip_code":"52742","country":"US","city":"De Witt","state":"Iowa","state_ab":"IA","county":"Clinton","geo_location":{ "type": "Point", "coordinates": [-90.5237, 41.8267] }},
{"zip_code":"51442","country":"US","city":"Denison","state":"Iowa","state_ab":"IA","county":"Crawford","geo_location":{ "type": "Point", "coordinates": [-95.3636, 42.0196] }},
{"zip_code":"50038","country":"US","city":"Booneville","state":"Iowa","state_ab":"IA","county":"Dallas","geo_location":{ "type": "Point", "coordinates": [-93.9463, 41.6304] }},
{"zip_code":"50065","country":"US","city":"Davis City","state":"Iowa","state_ab":"IA","county":"Decatur","geo_location":{ "type": "Point", "coordinates": [-93.8105, 40.6346] }},
{"zip_code":"52638","country":"US","city":"Middletown","state":"Iowa","state_ab":"IA","county":"Des Moines","geo_location":{ "type": "Point", "coordinates": [-91.2631, 40.8296] }},
{"zip_code":"52032","country":"US","city":"Bernard","state":"Iowa","state_ab":"IA","county":"Dubuque","geo_location":{ "type": "Point", "coordinates": [-90.863, 42.3321] }},
{"zip_code":"52045","country":"US","city":"Epworth","state":"Iowa","state_ab":"IA","county":"Dubuque","geo_location":{ "type": "Point", "coordinates": [-90.9313, 42.4439] }},
{"zip_code":"51365","country":"US","city":"Wallingford","state":"Iowa","state_ab":"IA","county":"Emmet","geo_location":{ "type": "Point", "coordinates": [-94.7964, 43.3189] }},
{"zip_code":"52135","country":"US","city":"Clermont","state":"Iowa","state_ab":"IA","county":"Fayette","geo_location":{ "type": "Point", "coordinates": [-91.6552, 43.013] }},
{"zip_code":"52175","country":"US","city":"West Union","state":"Iowa","state_ab":"IA","county":"Fayette","geo_location":{ "type": "Point", "coordinates": [-91.8334, 42.9438] }},
{"zip_code":"50452","country":"US","city":"Latimer","state":"Iowa","state_ab":"IA","county":"Franklin","geo_location":{ "type": "Point", "coordinates": [-93.3518, 42.7598] }},
{"zip_code":"51648","country":"US","city":"Percival","state":"Iowa","state_ab":"IA","county":"Fremont","geo_location":{ "type": "Point", "coordinates": [-95.8093, 40.7401] }},
{"zip_code":"50115","country":"US","city":"Guthrie Center","state":"Iowa","state_ab":"IA","county":"Guthrie","geo_location":{ "type": "Point", "coordinates": [-94.4864, 41.6837] }},
{"zip_code":"50128","country":"US","city":"Jamaica","state":"Iowa","state_ab":"IA","county":"Guthrie","geo_location":{ "type": "Point", "coordinates": [-94.3204, 41.8419] }},
{"zip_code":"50595","country":"US","city":"Webster City","state":"Iowa","state_ab":"IA","county":"Hamilton","geo_location":{ "type": "Point", "coordinates": [-93.8262, 42.4657] }},
{"zip_code":"50438","country":"US","city":"Garner","state":"Iowa","state_ab":"IA","county":"Hancock","geo_location":{ "type": "Point", "coordinates": [-93.5944, 43.1144] }},
{"zip_code":"50102","country":"US","city":"Garden City","state":"Iowa","state_ab":"IA","county":"Hardin","geo_location":{ "type": "Point", "coordinates": [-93.3733, 42.2354] }},
{"zip_code":"50258","country":"US","city":"Union","state":"Iowa","state_ab":"IA","county":"Hardin","geo_location":{ "type": "Point", "coordinates": [-93.0562, 42.2521] }},
{"zip_code":"50672","country":"US","city":"Steamboat Rock","state":"Iowa","state_ab":"IA","county":"Hardin","geo_location":{ "type": "Point", "coordinates": [-93.0629, 42.4178] }},
{"zip_code":"51545","country":"US","city":"Little Sioux","state":"Iowa","state_ab":"IA","county":"Harrison","geo_location":{ "type": "Point", "coordinates": [-96.0314, 41.8083] }},
{"zip_code":"52652","country":"US","city":"Swedesburg","state":"Iowa","state_ab":"IA","county":"Henry","geo_location":{ "type": "Point", "coordinates": [-91.547, 41.1043] }},
{"zip_code":"50582","country":"US","city":"Rutland","state":"Iowa","state_ab":"IA","county":"Humboldt","geo_location":{ "type": "Point", "coordinates": [-94.2719, 42.7635] }},
{"zip_code":"50168","country":"US","city":"Mingo","state":"Iowa","state_ab":"IA","county":"Jasper","geo_location":{ "type": "Point", "coordinates": [-93.288, 41.7898] }},
{"zip_code":"50232","country":"US","city":"Reasnor","state":"Iowa","state_ab":"IA","county":"Jasper","geo_location":{ "type": "Point", "coordinates": [-93.0198, 41.5798] }},
{"zip_code":"52755","country":"US","city":"Lone Tree","state":"Iowa","state_ab":"IA","county":"Johnson","geo_location":{ "type": "Point", "coordinates": [-91.4363, 41.4988] }},
{"zip_code":"52212","country":"US","city":"Center Junction","state":"Iowa","state_ab":"IA","county":"Jones","geo_location":{ "type": "Point", "coordinates": [-91.067, 42.0926] }},
{"zip_code":"52252","country":"US","city":"Langworthy","state":"Iowa","state_ab":"IA","county":"Jones","geo_location":{ "type": "Point", "coordinates": [-91.2258, 42.192] }},
{"zip_code":"52355","country":"US","city":"Webster","state":"Iowa","state_ab":"IA","county":"Keokuk","geo_location":{ "type": "Point", "coordinates": [-92.1765, 41.4364] }},
{"zip_code":"52562","country":"US","city":"Hayesville","state":"Iowa","state_ab":"IA","county":"Keokuk","geo_location":{ "type": "Point", "coordinates": [-92.1784, 41.3363] }},
{"zip_code":"52625","country":"US","city":"Donnellson","state":"Iowa","state_ab":"IA","county":"Lee","geo_location":{ "type": "Point", "coordinates": [-91.5745, 40.6612] }},
{"zip_code":"52302","country":"US","city":"Marion","state":"Iowa","state_ab":"IA","county":"Linn","geo_location":{ "type": "Point", "coordinates": [-91.5941, 42.0411] }},
{"zip_code":"52328","country":"US","city":"Robins","state":"Iowa","state_ab":"IA","county":"Linn","geo_location":{ "type": "Point", "coordinates": [-91.6648, 42.0731] }},
{"zip_code":"52405","country":"US","city":"Cedar Rapids","state":"Iowa","state_ab":"IA","county":"Linn","geo_location":{ "type": "Point", "coordinates": [-91.7098, 41.9804] }},
{"zip_code":"52498","country":"US","city":"Cedar Rapids","state":"Iowa","state_ab":"IA","county":"Linn","geo_location":{ "type": "Point", "coordinates": [-91.5992, 42.0794] }},
{"zip_code":"50272","country":"US","city":"Williamson","state":"Iowa","state_ab":"IA","county":"Lucas","geo_location":{ "type": "Point", "coordinates": [-93.2559, 41.0959] }},
{"zip_code":"51235","country":"US","city":"Doon","state":"Iowa","state_ab":"IA","county":"Lyon","geo_location":{ "type": "Point", "coordinates": [-96.202, 43.2872] }},
{"zip_code":"50155","country":"US","city":"Macksburg","state":"Iowa","state_ab":"IA","county":"Madison","geo_location":{ "type": "Point", "coordinates": [-94.1825, 41.2104] }},
{"zip_code":"50218","country":"US","city":"Patterson","state":"Iowa","state_ab":"IA","county":"Madison","geo_location":{ "type": "Point", "coordinates": [-93.8803, 41.3499] }},
{"zip_code":"50078","country":"US","city":"Ferguson","state":"Iowa","state_ab":"IA","county":"Marshall","geo_location":{ "type": "Point", "coordinates": [-92.865, 41.9374] }},
{"zip_code":"50142","country":"US","city":"Le Grand","state":"Iowa","state_ab":"IA","county":"Marshall","geo_location":{ "type": "Point", "coordinates": [-92.7756, 42.0066] }},
{"zip_code":"51558","country":"US","city":"Moorhead","state":"Iowa","state_ab":"IA","county":"Monona","geo_location":{ "type": "Point", "coordinates": [-95.829, 41.9186] }},
{"zip_code":"51572","country":"US","city":"Soldier","state":"Iowa","state_ab":"IA","county":"Monona","geo_location":{ "type": "Point", "coordinates": [-95.7825, 41.9942] }},
{"zip_code":"51532","country":"US","city":"Elliott","state":"Iowa","state_ab":"IA","county":"Montgomery","geo_location":{ "type": "Point", "coordinates": [-95.1602, 41.1306] }},
{"zip_code":"51248","country":"US","city":"Sanborn","state":"Iowa","state_ab":"IA","county":"O'Brien","geo_location":{ "type": "Point", "coordinates": [-95.6622, 43.189] }},
{"zip_code":"50515","country":"US","city":"Ayrshire","state":"Iowa","state_ab":"IA","county":"Palo Alto","geo_location":{ "type": "Point", "coordinates": [-94.8478, 43.037] }},
{"zip_code":"50528","country":"US","city":"Cylinder","state":"Iowa","state_ab":"IA","county":"Palo Alto","geo_location":{ "type": "Point", "coordinates": [-94.5107, 43.1507] }},
{"zip_code":"51028","country":"US","city":"Kingsley","state":"Iowa","state_ab":"IA","county":"Plymouth","geo_location":{ "type": "Point", "coordinates": [-95.9762, 42.6191] }},
{"zip_code":"50308","country":"US","city":"Des Moines","state":"Iowa","state_ab":"IA","county":"Polk","geo_location":{ "type": "Point", "coordinates": [-93.5722, 41.6727] }},
{"zip_code":"50322","country":"US","city":"Urbandale","state":"Iowa","state_ab":"IA","county":"Polk","geo_location":{ "type": "Point", "coordinates": [-93.723, 41.6295] }},
{"zip_code":"50335","country":"US","city":"Des Moines","state":"Iowa","state_ab":"IA","county":"Polk","geo_location":{ "type": "Point", "coordinates": [-93.5722, 41.6727] }},
{"zip_code":"50362","country":"US","city":"Des Moines","state":"Iowa","state_ab":"IA","county":"Polk","geo_location":{ "type": "Point", "coordinates": [-93.5722, 41.6727] }},
{"zip_code":"50852","country":"US","city":"Maloy","state":"Iowa","state_ab":"IA","county":"Ringgold County","geo_location":{ "type": "Point", "coordinates": [-94.4083, 40.6731] }},
{"zip_code":"52728","country":"US","city":"Buffalo","state":"Iowa","state_ab":"IA","county":"Scott","geo_location":{ "type": "Point", "coordinates": [-90.7366, 41.4693] }},
{"zip_code":"52768","country":"US","city":"Princeton","state":"Iowa","state_ab":"IA","county":"Scott","geo_location":{ "type": "Point", "coordinates": [-90.3706, 41.6858] }},
{"zip_code":"52805","country":"US","city":"Davenport","state":"Iowa","state_ab":"IA","county":"Scott","geo_location":{ "type": "Point", "coordinates": [-90.6063, 41.613] }},
{"zip_code":"50012","country":"US","city":"Ames","state":"Iowa","state_ab":"IA","county":"Story","geo_location":{ "type": "Point", "coordinates": [-93.6485, 42.0236] }},
{"zip_code":"50632","country":"US","city":"Garwin","state":"Iowa","state_ab":"IA","county":"Tama","geo_location":{ "type": "Point", "coordinates": [-92.6894, 42.0872] }},
{"zip_code":"52225","country":"US","city":"Elberon","state":"Iowa","state_ab":"IA","county":"Tama","geo_location":{ "type": "Point", "coordinates": [-92.3314, 42.0088] }},
{"zip_code":"52342","country":"US","city":"Toledo","state":"Iowa","state_ab":"IA","county":"Tama","geo_location":{ "type": "Point", "coordinates": [-92.5662, 42.0077] }},
{"zip_code":"52535","country":"US","city":"Birmingham","state":"Iowa","state_ab":"IA","county":"Van Buren","geo_location":{ "type": "Point", "coordinates": [-91.9534, 40.8626] }},
{"zip_code":"52588","country":"US","city":"Selma","state":"Iowa","state_ab":"IA","county":"Van Buren","geo_location":{ "type": "Point", "coordinates": [-92.1736, 40.864] }},
{"zip_code":"52548","country":"US","city":"Chillicothe","state":"Iowa","state_ab":"IA","county":"Wapello","geo_location":{ "type": "Point", "coordinates": [-92.5303, 41.086] }},
{"zip_code":"50052","country":"US","city":"Clio","state":"Iowa","state_ab":"IA","county":"Wayne","geo_location":{ "type": "Point", "coordinates": [-93.448, 40.6342] }},
{"zip_code":"50465","country":"US","city":"Rake","state":"Iowa","state_ab":"IA","county":"Winnebago","geo_location":{ "type": "Point", "coordinates": [-93.9171, 43.4767] }},
{"zip_code":"50478","country":"US","city":"Thompson","state":"Iowa","state_ab":"IA","county":"Winnebago","geo_location":{ "type": "Point", "coordinates": [-93.7517, 43.3875] }},
{"zip_code":"51015","country":"US","city":"Climbing Hill","state":"Iowa","state_ab":"IA","county":"Woodbury","geo_location":{ "type": "Point", "coordinates": [-96.0875, 42.345] }},
{"zip_code":"51055","country":"US","city":"Sloan","state":"Iowa","state_ab":"IA","county":"Woodbury","geo_location":{ "type": "Point", "coordinates": [-96.2306, 42.2427] }},
{"zip_code":"51105","country":"US","city":"Sioux City","state":"Iowa","state_ab":"IA","county":"Woodbury","geo_location":{ "type": "Point", "coordinates": [-96.3829, 42.5032] }},
{"zip_code":"50542","country":"US","city":"Goldfield","state":"Iowa","state_ab":"IA","county":"Wright","geo_location":{ "type": "Point", "coordinates": [-93.9194, 42.7581] }},
{"zip_code":"83702","country":"US","city":"Boise","state":"Idaho","state_ab":"ID","county":"Ada","geo_location":{ "type": "Point", "coordinates": [-116.2052, 43.6322] }},
{"zip_code":"83715","country":"US","city":"Boise","state":"Idaho","state_ab":"ID","county":"Ada","geo_location":{ "type": "Point", "coordinates": [-116.244, 43.4599] }},
{"zip_code":"83728","country":"US","city":"Boise","state":"Idaho","state_ab":"ID","county":"Ada","geo_location":{ "type": "Point", "coordinates": [-116.244, 43.4599] }},
{"zip_code":"83612","country":"US","city":"Council","state":"Idaho","state_ab":"ID","county":"Adams","geo_location":{ "type": "Point", "coordinates": [-116.4518, 44.7628] }},
{"zip_code":"83238","country":"US","city":"Geneva","state":"Idaho","state_ab":"ID","county":"Bear Lake","geo_location":{ "type": "Point", "coordinates": [-111.0722, 42.3136] }},
{"zip_code":"83405","country":"US","city":"Idaho Falls","state":"Idaho","state_ab":"ID","county":"Bonneville","geo_location":{ "type": "Point", "coordinates": [-111.7822, 43.3233] }},
{"zip_code":"83805","country":"US","city":"Bonners Ferry","state":"Idaho","state_ab":"ID","county":"Boundary","geo_location":{ "type": "Point", "coordinates": [-116.3322, 48.7306] }},
{"zip_code":"83845","country":"US","city":"Moyie Springs","state":"Idaho","state_ab":"ID","county":"Boundary","geo_location":{ "type": "Point", "coordinates": [-116.1796, 48.7464] }},
{"zip_code":"83652","country":"US","city":"Nampa","state":"Idaho","state_ab":"ID","county":"Canyon","geo_location":{ "type": "Point", "coordinates": [-116.6208, 43.7071] }},
{"zip_code":"83342","country":"US","city":"Malta","state":"Idaho","state_ab":"ID","county":"Cassia","geo_location":{ "type": "Point", "coordinates": [-113.3927, 42.2741] }},
{"zip_code":"83278","country":"US","city":"Stanley","state":"Idaho","state_ab":"ID","county":"Custer","geo_location":{ "type": "Point", "coordinates": [-114.8561, 44.3714] }},
{"zip_code":"83445","country":"US","city":"Saint Anthony","state":"Idaho","state_ab":"ID","county":"Fremont","geo_location":{ "type": "Point", "coordinates": [-111.7036, 43.963] }},
{"zip_code":"83355","country":"US","city":"Wendell","state":"Idaho","state_ab":"ID","county":"Gooding","geo_location":{ "type": "Point", "coordinates": [-114.7154, 42.7579] }},
{"zip_code":"83522","country":"US","city":"Cottonwood","state":"Idaho","state_ab":"ID","county":"Idaho","geo_location":{ "type": "Point", "coordinates": [-116.3733, 46.0448] }},
{"zip_code":"83858","country":"US","city":"Rathdrum","state":"Idaho","state_ab":"ID","county":"Kootenai","geo_location":{ "type": "Point", "coordinates": [-116.8873, 47.8241] }},
{"zip_code":"83535","country":"US","city":"Juliaetta","state":"Idaho","state_ab":"ID","county":"Latah","geo_location":{ "type": "Point", "coordinates": [-116.7188, 46.5754] }},
{"zip_code":"83832","country":"US","city":"Genesee","state":"Idaho","state_ab":"ID","county":"Latah","geo_location":{ "type": "Point", "coordinates": [-116.929, 46.5714] }},
{"zip_code":"83872","country":"US","city":"Viola","state":"Idaho","state_ab":"ID","county":"Latah","geo_location":{ "type": "Point", "coordinates": [-116.9732, 46.8583] }},
{"zip_code":"83548","country":"US","city":"Reubens","state":"Idaho","state_ab":"ID","county":"Lewis","geo_location":{ "type": "Point", "coordinates": [-116.5333, 46.3361] }},
{"zip_code":"83252","country":"US","city":"Malad City","state":"Idaho","state_ab":"ID","county":"Oneida","geo_location":{ "type": "Point", "coordinates": [-112.262, 42.1808] }},
{"zip_code":"83212","country":"US","city":"Arbon","state":"Idaho","state_ab":"ID","county":"Power","geo_location":{ "type": "Point", "coordinates": [-112.5585, 42.5026] }},
{"zip_code":"85348","country":"US","city":"Salome","state":"Arizona","state_ab":"AZ","county":"La Paz","geo_location":{ "type": "Point", "coordinates": [-113.5715, 33.7481] }},
{"zip_code":"85012","country":"US","city":"Phoenix","state":"Arizona","state_ab":"AZ","county":"Maricopa","geo_location":{ "type": "Point", "coordinates": [-112.0678, 33.5097] }},
{"zip_code":"85025","country":"US","city":"Phoenix","state":"Arizona","state_ab":"AZ","county":"Maricopa","geo_location":{ "type": "Point", "coordinates": [-111.7236, 33.4226] }},
{"zip_code":"85038","country":"US","city":"Phoenix","state":"Arizona","state_ab":"AZ","county":"Maricopa","geo_location":{ "type": "Point", "coordinates": [-112.1872, 33.2765] }},
{"zip_code":"85065","country":"US","city":"Phoenix","state":"Arizona","state_ab":"AZ","county":"Maricopa","geo_location":{ "type": "Point", "coordinates": [-112.1872, 33.2765] }},
{"zip_code":"85078","country":"US","city":"Phoenix","state":"Arizona","state_ab":"AZ","county":"Maricopa","geo_location":{ "type": "Point", "coordinates": [-112.1872, 33.2765] }},
{"zip_code":"85142","country":"US","city":"Queen Creek","state":"Arizona","state_ab":"AZ","county":"Maricopa","geo_location":{ "type": "Point", "coordinates": [-111.6561, 33.2848] }},
{"zip_code":"85205","country":"US","city":"Mesa","state":"Arizona","state_ab":"AZ","county":"Maricopa","geo_location":{ "type": "Point", "coordinates": [-111.7129, 33.4368] }},
{"zip_code":"85258","country":"US","city":"Scottsdale","state":"Arizona","state_ab":"AZ","county":"Maricopa","geo_location":{ "type": "Point", "coordinates": [-111.8931, 33.5647] }},
{"zip_code":"85285","country":"US","city":"Tempe","state":"Arizona","state_ab":"AZ","county":"Maricopa","geo_location":{ "type": "Point", "coordinates": [-112.1872, 33.2765] }},
{"zip_code":"85298","country":"US","city":"Gilbert","state":"Arizona","state_ab":"AZ","county":"Maricopa County","geo_location":{ "type": "Point", "coordinates": [-111.7022, 33.2522] }},
{"zip_code":"85308","country":"US","city":"Glendale","state":"Arizona","state_ab":"AZ","county":"Maricopa","geo_location":{ "type": "Point", "coordinates": [-112.1694, 33.6539] }},
{"zip_code":"85322","country":"US","city":"Arlington","state":"Arizona","state_ab":"AZ","county":"Maricopa","geo_location":{ "type": "Point", "coordinates": [-112.7891, 33.3133] }},
{"zip_code":"85335","country":"US","city":"El Mirage","state":"Arizona","state_ab":"AZ","county":"Maricopa","geo_location":{ "type": "Point", "coordinates": [-112.3241, 33.6082] }},
{"zip_code":"85375","country":"US","city":"Sun City West","state":"Arizona","state_ab":"AZ","county":"Maricopa","geo_location":{ "type": "Point", "coordinates": [-112.3659, 33.6856] }},
{"zip_code":"85388","country":"US","city":"Surprise","state":"Arizona","state_ab":"AZ","county":"Maricopa County","geo_location":{ "type": "Point", "coordinates": [-112.4512, 33.6134] }},
{"zip_code":"86402","country":"US","city":"Kingman","state":"Arizona","state_ab":"AZ","county":"Mohave","geo_location":{ "type": "Point", "coordinates": [-114.0637, 35.2632] }},
{"zip_code":"86442","country":"US","city":"Bullhead City","state":"Arizona","state_ab":"AZ","county":"Mohave","geo_location":{ "type": "Point", "coordinates": [-114.5947, 35.106] }},
{"zip_code":"85902","country":"US","city":"Show Low","state":"Arizona","state_ab":"AZ","county":"Navajo","geo_location":{ "type": "Point", "coordinates": [-110.0352, 34.2981] }},
{"zip_code":"85928","country":"US","city":"Heber","state":"Arizona","state_ab":"AZ","county":"Navajo","geo_location":{ "type": "Point", "coordinates": [-110.5883, 34.41] }},
{"zip_code":"85942","country":"US","city":"Woodruff","state":"Arizona","state_ab":"AZ","county":"Navajo","geo_location":{ "type": "Point", "coordinates": [-110.0806, 34.6475] }},
{"zip_code":"86042","country":"US","city":"Polacca","state":"Arizona","state_ab":"AZ","county":"Navajo","geo_location":{ "type": "Point", "coordinates": [-110.3875, 35.8617] }},
{"zip_code":"85708","country":"US","city":"Tucson","state":"Arizona","state_ab":"AZ","county":"Pima","geo_location":{ "type": "Point", "coordinates": [-110.8693, 32.18] }},
{"zip_code":"85722","country":"US","city":"Tucson","state":"Arizona","state_ab":"AZ","county":"Pima","geo_location":{ "type": "Point", "coordinates": [-111.8907, 31.9701] }},
{"zip_code":"85735","country":"US","city":"Tucson","state":"Arizona","state_ab":"AZ","county":"Pima","geo_location":{ "type": "Point", "coordinates": [-111.3472, 32.093] }},
{"zip_code":"85748","country":"US","city":"Tucson","state":"Arizona","state_ab":"AZ","county":"Pima","geo_location":{ "type": "Point", "coordinates": [-110.7758, 32.215] }},
{"zip_code":"85775","country":"US","city":"Tucson","state":"Arizona","state_ab":"AZ","county":"Pima","geo_location":{ "type": "Point", "coordinates": [-111.8907, 31.9701] }},
{"zip_code":"85128","country":"US","city":"Coolidge","state":"Arizona","state_ab":"AZ","county":"Pinal","geo_location":{ "type": "Point", "coordinates": [-111.5344, 32.9574] }},
{"zip_code":"85218","country":"US","city":"Apache Junction","state":"Arizona","state_ab":"AZ","county":"Pinal","geo_location":{ "type": "Point", "coordinates": [-111.4487, 33.3656] }},
{"zip_code":"85618","country":"US","city":"Mammoth","state":"Arizona","state_ab":"AZ","county":"Pinal","geo_location":{ "type": "Point", "coordinates": [-110.644, 32.7239] }},
{"zip_code":"85658","country":"US","city":"Marana","state":"Arizona","state_ab":"AZ","county":"Pinal County","geo_location":{ "type": "Point", "coordinates": [-111.1459, 32.4305] }},
{"zip_code":"85645","country":"US","city":"Amado","state":"Arizona","state_ab":"AZ","county":"Santa Cruz","geo_location":{ "type": "Point", "coordinates": [-111.0986, 31.6723] }},
{"zip_code":"85362","country":"US","city":"Yarnell","state":"Arizona","state_ab":"AZ","county":"Yavapai","geo_location":{ "type": "Point", "coordinates": [-112.7567, 34.2508] }},
{"zip_code":"86312","country":"US","city":"Prescott Valley","state":"Arizona","state_ab":"AZ","county":"Yavapai","geo_location":{ "type": "Point", "coordinates": [-112.3078, 34.6683] }},
{"zip_code":"86325","country":"US","city":"Cornville","state":"Arizona","state_ab":"AZ","county":"Yavapai","geo_location":{ "type": "Point", "coordinates": [-111.9086, 34.7256] }},
{"zip_code":"86338","country":"US","city":"Skull Valley","state":"Arizona","state_ab":"AZ","county":"Yavapai","geo_location":{ "type": "Point", "coordinates": [-112.3977, 34.7067] }},
{"zip_code":"94502","country":"US","city":"Alameda","state":"California","state_ab":"CA","county":"Alameda","geo_location":{ "type": "Point", "coordinates": [-122.2431, 37.7351] }},
{"zip_code":"94542","country":"US","city":"Hayward","state":"California","state_ab":"CA","county":"Alameda","geo_location":{ "type": "Point", "coordinates": [-122.0472, 37.6586] }},
{"zip_code":"94555","country":"US","city":"Fremont","state":"California","state_ab":"CA","county":"Alameda","geo_location":{ "type": "Point", "coordinates": [-122.0469, 37.5735] }},
{"zip_code":"94568","country":"US","city":"Dublin","state":"California","state_ab":"CA","county":"Alameda","geo_location":{ "type": "Point", "coordinates": [-121.9226, 37.7166] }},
{"zip_code":"94605","country":"US","city":"Oakland","state":"California","state_ab":"CA","county":"Alameda","geo_location":{ "type": "Point", "coordinates": [-122.1633, 37.7641] }},
{"zip_code":"94618","country":"US","city":"Oakland","state":"California","state_ab":"CA","county":"Alameda","geo_location":{ "type": "Point", "coordinates": [-122.2402, 37.8431] }},
{"zip_code":"94708","country":"US","city":"Berkeley","state":"California","state_ab":"CA","county":"Alameda","geo_location":{ "type": "Point", "coordinates": [-122.2604, 37.8918] }},
{"zip_code":"95675","country":"US","city":"River Pines","state":"California","state_ab":"CA","county":"Amador","geo_location":{ "type": "Point", "coordinates": [-120.743, 38.5463] }},
{"zip_code":"95958","country":"US","city":"Nelson","state":"California","state_ab":"CA","county":"Butte","geo_location":{ "type": "Point", "coordinates": [-121.7644, 39.5522] }},
{"zip_code":"95222","country":"US","city":"Angels Camp","state":"California","state_ab":"CA","county":"Calaveras","geo_location":{ "type": "Point", "coordinates": [-120.5722, 38.071] }},
{"zip_code":"95248","country":"US","city":"Rail Road Flat","state":"California","state_ab":"CA","county":"Calaveras","geo_location":{ "type": "Point", "coordinates": [-120.5161, 38.3405] }},
{"zip_code":"95932","country":"US","city":"Colusa","state":"California","state_ab":"CA","county":"Colusa","geo_location":{ "type": "Point", "coordinates": [-122.0277, 39.2345] }},
{"zip_code":"94528","country":"US","city":"Diablo","state":"California","state_ab":"CA","county":"Contra Costa","geo_location":{ "type": "Point", "coordinates": [-121.9667, 37.8387] }},
{"zip_code":"94582","country":"US","city":"San Ramon","state":"California","state_ab":"CA","county":"Contra Costa County","geo_location":{ "type": "Point", "coordinates": [-121.9155, 37.7636] }},
{"zip_code":"94595","country":"US","city":"Walnut Creek","state":"California","state_ab":"CA","county":"Contra Costa","geo_location":{ "type": "Point", "coordinates": [-122.0703, 37.8753] }},
{"zip_code":"95532","country":"US","city":"Crescent City","state":"California","state_ab":"CA","county":"Del Norte","geo_location":{ "type": "Point", "coordinates": [-124.2005, 41.7561] }},
{"zip_code":"95635","country":"US","city":"Greenwood","state":"California","state_ab":"CA","county":"El Dorado","geo_location":{ "type": "Point", "coordinates": [-120.9001, 38.9143] }},
{"zip_code":"93242","country":"US","city":"Laton","state":"California","state_ab":"CA","county":"Fresno","geo_location":{ "type": "Point", "coordinates": [-119.7156, 36.4378] }},
{"zip_code":"93602","country":"US","city":"Auberry","state":"California","state_ab":"CA","county":"Fresno","geo_location":{ "type": "Point", "coordinates": [-119.4572, 37.0726] }},
{"zip_code":"93628","country":"US","city":"Hume","state":"California","state_ab":"CA","county":"Fresno","geo_location":{ "type": "Point", "coordinates": [-118.9575, 36.7515] }},
{"zip_code":"93642","country":"US","city":"Mono Hot Springs","state":"California","state_ab":"CA","county":"Fresno","geo_location":{ "type": "Point", "coordinates": [-119.6397, 36.7464] }},
{"zip_code":"93668","country":"US","city":"Tranquillity","state":"California","state_ab":"CA","county":"Fresno","geo_location":{ "type": "Point", "coordinates": [-120.2617, 36.6584] }},
{"zip_code":"93705","country":"US","city":"Fresno","state":"California","state_ab":"CA","county":"Fresno","geo_location":{ "type": "Point", "coordinates": [-119.8286, 36.7863] }},
{"zip_code":"93718","country":"US","city":"Fresno","state":"California","state_ab":"CA","county":"Fresno","geo_location":{ "type": "Point", "coordinates": [-119.6397, 36.7464] }},
{"zip_code":"93745","country":"US","city":"Fresno","state":"California","state_ab":"CA","county":"Fresno","geo_location":{ "type": "Point", "coordinates": [-119.6397, 36.7464] }},
{"zip_code":"93772","country":"US","city":"Fresno","state":"California","state_ab":"CA","county":"Fresno","geo_location":{ "type": "Point", "coordinates": [-119.6397, 36.7464] }},
{"zip_code":"93888","country":"US","city":"Fresno","state":"California","state_ab":"CA","county":"Fresno","geo_location":{ "type": "Point", "coordinates": [-119.6397, 36.7464] }},
{"zip_code":"95518","country":"US","city":"Arcata","state":"California","state_ab":"CA","county":"Humboldt","geo_location":{ "type": "Point", "coordinates": [-124.0856, 40.8685] }},
{"zip_code":"95545","country":"US","city":"Honeydew","state":"California","state_ab":"CA","county":"Humboldt","geo_location":{ "type": "Point", "coordinates": [-124.0972, 40.2421] }},
{"zip_code":"95558","country":"US","city":"Petrolia","state":"California","state_ab":"CA","county":"Humboldt","geo_location":{ "type": "Point", "coordinates": [-124.2271, 40.2868] }},
{"zip_code":"92328","country":"US","city":"Death Valley","state":"California","state_ab":"CA","county":"Inyo","geo_location":{ "type": "Point", "coordinates": [-116.8937, 36.4672] }},
{"zip_code":"93215","country":"US","city":"Delano","state":"California","state_ab":"CA","county":"Kern","geo_location":{ "type": "Point", "coordinates": [-119.2459, 35.7715] }},
{"zip_code":"93255","country":"US","city":"Onyx","state":"California","state_ab":"CA","county":"Kern","geo_location":{ "type": "Point", "coordinates": [-118.0959, 35.6824] }},
{"zip_code":"93268","country":"US","city":"Taft","state":"California","state_ab":"CA","county":"Kern","geo_location":{ "type": "Point", "coordinates": [-119.4557, 35.1482] }},
{"zip_code":"93305","country":"US","city":"Bakersfield","state":"California","state_ab":"CA","county":"Kern","geo_location":{ "type": "Point", "coordinates": [-118.986, 35.3855] }},
{"zip_code":"93385","country":"US","city":"Bakersfield","state":"California","state_ab":"CA","county":"Kern","geo_location":{ "type": "Point", "coordinates": [-118.9052, 35.2944] }},
{"zip_code":"93202","country":"US","city":"Armona","state":"California","state_ab":"CA","county":"Kings","geo_location":{ "type": "Point", "coordinates": [-119.7053, 36.3095] }},
{"zip_code":"90012","country":"US","city":"Los Angeles","state":"California","state_ab":"CA","county":"Los Angeles","geo_location":{ "type": "Point", "coordinates": [-118.2385, 34.0614] }},
{"zip_code":"90025","country":"US","city":"Los Angeles","state":"California","state_ab":"CA","county":"Los Angeles","geo_location":{ "type": "Point", "coordinates": [-118.4487, 34.0447] }},
{"zip_code":"90038","country":"US","city":"Los Angeles","state":"California","state_ab":"CA","county":"Los Angeles","geo_location":{ "type": "Point", "coordinates": [-118.3215, 34.0898] }},
{"zip_code":"90052","country":"US","city":"Los Angeles","state":"California","state_ab":"CA","county":"Los Angeles","geo_location":{ "type": "Point", "coordinates": [-118.2987, 33.7866] }},
{"zip_code":"90065","country":"US","city":"Los Angeles","state":"California","state_ab":"CA","county":"Los Angeles","geo_location":{ "type": "Point", "coordinates": [-118.2266, 34.1073] }},
{"zip_code":"90078","country":"US","city":"Los Angeles","state":"California","state_ab":"CA","county":"Los Angeles","geo_location":{ "type": "Point", "coordinates": [-118.2987, 33.7866] }},
{"zip_code":"90102","country":"US","city":"Los Angeles","state":"California","state_ab":"CA","county":"Los Angeles","geo_location":{ "type": "Point", "coordinates": [-118.2987, 33.7866] }},
{"zip_code":"90232","country":"US","city":"Culver City","state":"California","state_ab":"CA","county":"Los Angeles","geo_location":{ "type": "Point", "coordinates": [-118.3973, 34.0168] }},
{"zip_code":"90245","country":"US","city":"El Segundo","state":"California","state_ab":"CA","county":"Los Angeles","geo_location":{ "type": "Point", "coordinates": [-118.4119, 33.9243] }},
{"zip_code":"90272","country":"US","city":"Pacific Palisades","state":"California","state_ab":"CA","county":"Los Angeles","geo_location":{ "type": "Point", "coordinates": [-118.5422, 34.0787] }},
{"zip_code":"90308","country":"US","city":"Inglewood","state":"California","state_ab":"CA","county":"Los Angeles","geo_location":{ "type": "Point", "coordinates": [-118.2987, 33.7866] }},
{"zip_code":"90502","country":"US","city":"Torrance","state":"California","state_ab":"CA","county":"Los Angeles","geo_location":{ "type": "Point", "coordinates": [-118.292, 33.8286] }},
{"zip_code":"90605","country":"US","city":"Whittier","state":"California","state_ab":"CA","county":"Los Angeles","geo_location":{ "type": "Point", "coordinates": [-118.0356, 33.9413] }},
{"zip_code":"90748","country":"US","city":"Wilmington","state":"California","state_ab":"CA","county":"Los Angeles","geo_location":{ "type": "Point", "coordinates": [-118.2987, 33.7866] }},
{"zip_code":"91002","country":"US","city":"Altadena","state":"California","state_ab":"CA","county":"Los Angeles County","geo_location":{ "type": "Point", "coordinates": [-118.1307, 34.1847] }},
{"zip_code":"91042","country":"US","city":"Tujunga","state":"California","state_ab":"CA","county":"Los Angeles","geo_location":{ "type": "Point", "coordinates": [-118.2849, 34.2544] }},
{"zip_code":"91105","country":"US","city":"Pasadena","state":"California","state_ab":"CA","county":"Los Angeles","geo_location":{ "type": "Point", "coordinates": [-118.1636, 34.1355] }},
{"zip_code":"91118","country":"US","city":"San Marino","state":"California","state_ab":"CA","county":"Los Angeles","geo_location":{ "type": "Point", "coordinates": [-118.2987, 33.7866] }},
{"zip_code":"91185","country":"US","city":"Pasadena","state":"California","state_ab":"CA","county":"Los Angeles","geo_location":{ "type": "Point", "coordinates": [-118.2987, 33.7866] }},
{"zip_code":"91208","country":"US","city":"Glendale","state":"California","state_ab":"CA","county":"Los Angeles","geo_location":{ "type": "Point", "coordinates": [-118.235, 34.1921] }},
{"zip_code":"91222","country":"US","city":"Glendale","state":"California","state_ab":"CA","county":"Los Angeles","geo_location":{ "type": "Point", "coordinates": [-118.2987, 33.7866] }},
{"zip_code":"91312","country":"US","city":"Chatsworth","state":"California","state_ab":"CA","county":"Los Angeles","geo_location":{ "type": "Point", "coordinates": [-118.2987, 33.7866] }},
{"zip_code":"91325","country":"US","city":"Northridge","state":"California","state_ab":"CA","county":"Los Angeles","geo_location":{ "type": "Point", "coordinates": [-118.5188, 34.2353] }},
{"zip_code":"91352","country":"US","city":"Sun Valley","state":"California","state_ab":"CA","county":"Los Angeles","geo_location":{ "type": "Point", "coordinates": [-118.3699, 34.2209] }},
{"zip_code":"91365","country":"US","city":"Woodland Hills","state":"California","state_ab":"CA","county":"Los Angeles","geo_location":{ "type": "Point", "coordinates": [-118.2987, 33.7866] }},
{"zip_code":"91392","country":"US","city":"Sylmar","state":"California","state_ab":"CA","county":"Los Angeles","geo_location":{ "type": "Point", "coordinates": [-118.2987, 33.7866] }},
{"zip_code":"91402","country":"US","city":"Panorama City","state":"California","state_ab":"CA","county":"Los Angeles","geo_location":{ "type": "Point", "coordinates": [-118.447, 34.2262] }},
{"zip_code":"91482","country":"US","city":"Van Nuys","state":"California","state_ab":"CA","county":"Los Angeles","geo_location":{ "type": "Point", "coordinates": [-118.2987, 33.7866] }},
{"zip_code":"91495","country":"US","city":"Sherman Oaks","state":"California","state_ab":"CA","county":"Los Angeles","geo_location":{ "type": "Point", "coordinates": [-118.2987, 33.7866] }},
{"zip_code":"91505","country":"US","city":"Burbank","state":"California","state_ab":"CA","county":"Los Angeles","geo_location":{ "type": "Point", "coordinates": [-118.3442, 34.169] }}]}