{"value": [{"zip_code":"25249","country":"US","city":"Kentuck","state":"West Virginia","state_ab":"WV","county":"Jackson County","geo_location":{ "type": "Point", "coordinates": [-81.596, 38.6639] }},
{"zip_code":"25429","country":"US","city":"Kearneysville","state":"West Virginia","state_ab":"WV","county":"Jefferson","geo_location":{ "type": "Point", "coordinates": [-77.879, 39.3496] }},
{"zip_code":"25430","country":"US","city":"Kearneysville","state":"West Virginia","state_ab":"WV","county":"Jefferson","geo_location":{ "type": "Point", "coordinates": [-77.9588, 39.322] }},
{"zip_code":"25443","country":"US","city":"Shepherdstown","state":"West Virginia","state_ab":"WV","county":"Jefferson","geo_location":{ "type": "Point", "coordinates": [-77.8158, 39.4311] }},
{"zip_code":"25003","country":"US","city":"Alum Creek","state":"West Virginia","state_ab":"WV","county":"Kanawha","geo_location":{ "type": "Point", "coordinates": [-81.7863, 38.2858] }},
{"zip_code":"25083","country":"US","city":"Gallagher","state":"West Virginia","state_ab":"WV","county":"Kanawha","geo_location":{ "type": "Point", "coordinates": [-81.3625, 38.0704] }},
{"zip_code":"25160","country":"US","city":"Pond Gap","state":"West Virginia","state_ab":"WV","county":"Kanawha","geo_location":{ "type": "Point", "coordinates": [-81.2866, 38.2904] }},
{"zip_code":"25313","country":"US","city":"Charleston","state":"West Virginia","state_ab":"WV","county":"Kanawha","geo_location":{ "type": "Point", "coordinates": [-81.7582, 38.4142] }},
{"zip_code":"25326","country":"US","city":"Charleston","state":"West Virginia","state_ab":"WV","county":"Kanawha","geo_location":{ "type": "Point", "coordinates": [-81.5547, 38.2968] }},
{"zip_code":"25339","country":"US","city":"Charleston","state":"West Virginia","state_ab":"WV","county":"Kanawha","geo_location":{ "type": "Point", "coordinates": [-81.5547, 38.2968] }},
{"zip_code":"26343","country":"US","city":"Crawford","state":"West Virginia","state_ab":"WV","county":"Lewis","geo_location":{ "type": "Point", "coordinates": [-80.5145, 38.9458] }},
{"zip_code":"26446","country":"US","city":"Valley Chapel","state":"West Virginia","state_ab":"WV","county":"Lewis County","geo_location":{ "type": "Point", "coordinates": [-80.3486, 39.0006] }},
{"zip_code":"25506","country":"US","city":"Branchland","state":"West Virginia","state_ab":"WV","county":"Lincoln","geo_location":{ "type": "Point", "coordinates": [-82.2684, 38.2694] }},
{"zip_code":"25546","country":"US","city":"Palermo","state":"West Virginia","state_ab":"WV","county":"Lincoln County","geo_location":{ "type": "Point", "coordinates": [-82.0561, 38.131] }},
{"zip_code":"25573","country":"US","city":"Yawkey","state":"West Virginia","state_ab":"WV","county":"Lincoln","geo_location":{ "type": "Point", "coordinates": [-81.9568, 38.2193] }},
{"zip_code":"25636","country":"US","city":"Monaville","state":"West Virginia","state_ab":"WV","county":"Logan","geo_location":{ "type": "Point", "coordinates": [-82.0062, 37.8219] }},
{"zip_code":"25649","country":"US","city":"Verdunville","state":"West Virginia","state_ab":"WV","county":"Logan","geo_location":{ "type": "Point", "coordinates": [-82.0488, 37.8891] }},
{"zip_code":"24813","country":"US","city":"Bartley","state":"West Virginia","state_ab":"WV","county":"McDowell","geo_location":{ "type": "Point", "coordinates": [-81.6831, 37.3438] }},
{"zip_code":"24826","country":"US","city":"Cucumber","state":"West Virginia","state_ab":"WV","county":"McDowell","geo_location":{ "type": "Point", "coordinates": [-81.6539, 37.3752] }},
{"zip_code":"24853","country":"US","city":"Kimball","state":"West Virginia","state_ab":"WV","county":"McDowell","geo_location":{ "type": "Point", "coordinates": [-81.512, 37.4421] }},
{"zip_code":"24866","country":"US","city":"Newhall","state":"West Virginia","state_ab":"WV","county":"McDowell","geo_location":{ "type": "Point", "coordinates": [-81.6539, 37.3752] }},
{"zip_code":"24879","country":"US","city":"Raysal","state":"West Virginia","state_ab":"WV","county":"McDowell","geo_location":{ "type": "Point", "coordinates": [-81.7614, 37.3244] }},
{"zip_code":"26563","country":"US","city":"Carolina","state":"West Virginia","state_ab":"WV","county":"Marion","geo_location":{ "type": "Point", "coordinates": [-80.272, 39.4782] }},
{"zip_code":"26576","country":"US","city":"Idamay","state":"West Virginia","state_ab":"WV","county":"Marion","geo_location":{ "type": "Point", "coordinates": [-80.2666, 39.4877] }},
{"zip_code":"26033","country":"US","city":"Cameron","state":"West Virginia","state_ab":"WV","county":"Marshall","geo_location":{ "type": "Point", "coordinates": [-80.5669, 39.8227] }},
{"zip_code":"25106","country":"US","city":"Henderson","state":"West Virginia","state_ab":"WV","county":"Mason","geo_location":{ "type": "Point", "coordinates": [-82.1364, 38.8265] }},
{"zip_code":"25250","country":"US","city":"Lakin","state":"West Virginia","state_ab":"WV","county":"Mason","geo_location":{ "type": "Point", "coordinates": [-81.9973, 38.7523] }},
{"zip_code":"25520","country":"US","city":"Glenwood","state":"West Virginia","state_ab":"WV","county":"Mason","geo_location":{ "type": "Point", "coordinates": [-82.1773, 38.5909] }},
{"zip_code":"24710","country":"US","city":"Alpoca","state":"West Virginia","state_ab":"WV","county":"Mercer County","geo_location":{ "type": "Point", "coordinates": [-81.4436, 37.5815] }},
{"zip_code":"24736","country":"US","city":"Matoaka","state":"West Virginia","state_ab":"WV","county":"Mercer","geo_location":{ "type": "Point", "coordinates": [-81.2022, 37.4164] }},
{"zip_code":"26743","country":"US","city":"New Creek","state":"West Virginia","state_ab":"WV","county":"Mineral","geo_location":{ "type": "Point", "coordinates": [-79.0452, 39.3612] }},
{"zip_code":"25623","country":"US","city":"Hampden","state":"West Virginia","state_ab":"WV","county":"Mingo","geo_location":{ "type": "Point", "coordinates": [-82.108, 37.7431] }},
{"zip_code":"25650","country":"US","city":"Verner","state":"West Virginia","state_ab":"WV","county":"Mingo","geo_location":{ "type": "Point", "coordinates": [-81.8648, 37.6455] }},
{"zip_code":"25676","country":"US","city":"Lenore","state":"West Virginia","state_ab":"WV","county":"Mingo","geo_location":{ "type": "Point", "coordinates": [-82.108, 37.7431] }},
{"zip_code":"25690","country":"US","city":"Ragland","state":"West Virginia","state_ab":"WV","county":"Mingo","geo_location":{ "type": "Point", "coordinates": [-82.1244, 37.6898] }},
{"zip_code":"26589","country":"US","city":"Wadestown","state":"West Virginia","state_ab":"WV","county":"Monongalia","geo_location":{ "type": "Point", "coordinates": [-80.3275, 39.6369] }},
{"zip_code":"26590","country":"US","city":"Wana","state":"West Virginia","state_ab":"WV","county":"Monongalia","geo_location":{ "type": "Point", "coordinates": [-80.3183, 39.6735] }},
{"zip_code":"24983","country":"US","city":"Union","state":"West Virginia","state_ab":"WV","county":"Monroe","geo_location":{ "type": "Point", "coordinates": [-80.5248, 37.5802] }},
{"zip_code":"26679","country":"US","city":"Mount Nebo","state":"West Virginia","state_ab":"WV","county":"Nicholas","geo_location":{ "type": "Point", "coordinates": [-80.7976, 38.1653] }},
{"zip_code":"26059","country":"US","city":"Triadelphia","state":"West Virginia","state_ab":"WV","county":"Ohio","geo_location":{ "type": "Point", "coordinates": [-80.5953, 40.0699] }},
{"zip_code":"26060","country":"US","city":"Valley Grove","state":"West Virginia","state_ab":"WV","county":"Ohio","geo_location":{ "type": "Point", "coordinates": [-80.5551, 40.0946] }},
{"zip_code":"26806","country":"US","city":"Fort Seybert","state":"West Virginia","state_ab":"WV","county":"Pendleton County","geo_location":{ "type": "Point", "coordinates": [-79.1352, 38.7396] }},
{"zip_code":"26886","country":"US","city":"Onego","state":"West Virginia","state_ab":"WV","county":"Pendleton","geo_location":{ "type": "Point", "coordinates": [-79.4507, 38.8017] }},
{"zip_code":"26383","country":"US","city":"Lima","state":"West Virginia","state_ab":"WV","county":"Preston County","geo_location":{ "type": "Point", "coordinates": [-80.7277, 39.4464] }},
{"zip_code":"26716","country":"US","city":"Eglon","state":"West Virginia","state_ab":"WV","county":"Preston","geo_location":{ "type": "Point", "coordinates": [-79.5109, 39.2925] }},
{"zip_code":"26769","country":"US","city":"Horse Shoe Run","state":"West Virginia","state_ab":"WV","county":"Preston County","geo_location":{ "type": "Point", "coordinates": [-79.5088, 39.251] }},
{"zip_code":"25070","country":"US","city":"Eleanor","state":"West Virginia","state_ab":"WV","county":"Putnam","geo_location":{ "type": "Point", "coordinates": [-81.9414, 38.5436] }},
{"zip_code":"25159","country":"US","city":"Poca","state":"West Virginia","state_ab":"WV","county":"Putnam","geo_location":{ "type": "Point", "coordinates": [-81.7838, 38.4791] }},
{"zip_code":"25560","country":"US","city":"Scott Depot","state":"West Virginia","state_ab":"WV","county":"Putnam","geo_location":{ "type": "Point", "coordinates": [-81.9005, 38.4501] }},
{"zip_code":"25816","country":"US","city":"Blue Jay","state":"West Virginia","state_ab":"WV","county":"Raleigh","geo_location":{ "type": "Point", "coordinates": [-81.1363, 37.7352] }},
{"zip_code":"25843","country":"US","city":"Ghent","state":"West Virginia","state_ab":"WV","county":"Raleigh","geo_location":{ "type": "Point", "coordinates": [-81.1019, 37.6208] }},
{"zip_code":"25856","country":"US","city":"Jonben","state":"West Virginia","state_ab":"WV","county":"Raleigh","geo_location":{ "type": "Point", "coordinates": [-81.1906, 37.6479] }},
{"zip_code":"25906","country":"US","city":"Piney View","state":"West Virginia","state_ab":"WV","county":"Raleigh","geo_location":{ "type": "Point", "coordinates": [-81.1286, 37.8376] }},
{"zip_code":"25919","country":"US","city":"Skelton","state":"West Virginia","state_ab":"WV","county":"Raleigh","geo_location":{ "type": "Point", "coordinates": [-81.1806, 37.8005] }},
{"zip_code":"25920","country":"US","city":"Slab Fork","state":"West Virginia","state_ab":"WV","county":"Raleigh","geo_location":{ "type": "Point", "coordinates": [-81.334, 37.6871] }},
{"zip_code":"26253","country":"US","city":"Beverly","state":"West Virginia","state_ab":"WV","county":"Randolph","geo_location":{ "type": "Point", "coordinates": [-79.8651, 38.828] }},
{"zip_code":"26280","country":"US","city":"Mill Creek","state":"West Virginia","state_ab":"WV","county":"Randolph","geo_location":{ "type": "Point", "coordinates": [-79.9786, 38.7325] }},
{"zip_code":"26293","country":"US","city":"Valley Bend","state":"West Virginia","state_ab":"WV","county":"Randolph","geo_location":{ "type": "Point", "coordinates": [-79.8147, 38.7534] }},
{"zip_code":"25276","country":"US","city":"Spencer","state":"West Virginia","state_ab":"WV","county":"Roane","geo_location":{ "type": "Point", "coordinates": [-81.3303, 38.7897] }},
{"zip_code":"25973","country":"US","city":"Lockbridge","state":"West Virginia","state_ab":"WV","county":"Summers County","geo_location":{ "type": "Point", "coordinates": [-80.8451, 37.8274] }},
{"zip_code":"26149","country":"US","city":"Middlebourne","state":"West Virginia","state_ab":"WV","county":"Tyler","geo_location":{ "type": "Point", "coordinates": [-80.9076, 39.4942] }},
{"zip_code":"25519","country":"US","city":"Glenhayes","state":"West Virginia","state_ab":"WV","county":"Wayne","geo_location":{ "type": "Point", "coordinates": [-82.4183, 38.1321] }},
{"zip_code":"26266","country":"US","city":"Upperglade","state":"West Virginia","state_ab":"WV","county":"Webster","geo_location":{ "type": "Point", "coordinates": [-80.4965, 38.4185] }},
{"zip_code":"26419","country":"US","city":"Pine Grove","state":"West Virginia","state_ab":"WV","county":"Wetzel","geo_location":{ "type": "Point", "coordinates": [-80.6667, 39.5755] }},
{"zip_code":"26150","country":"US","city":"Mineral Wells","state":"West Virginia","state_ab":"WV","county":"Wood","geo_location":{ "type": "Point", "coordinates": [-81.5139, 39.1897] }},
{"zip_code":"24839","country":"US","city":"Hanover","state":"West Virginia","state_ab":"WV","county":"Wyoming","geo_location":{ "type": "Point", "coordinates": [-81.8136, 37.563] }},
{"zip_code":"24880","country":"US","city":"Rock View","state":"West Virginia","state_ab":"WV","county":"Wyoming","geo_location":{ "type": "Point", "coordinates": [-81.54, 37.6033] }},
{"zip_code":"25870","country":"US","city":"Maben","state":"West Virginia","state_ab":"WV","county":"Wyoming","geo_location":{ "type": "Point", "coordinates": [-81.5059, 37.6108] }},
{"zip_code":"82426","country":"US","city":"Greybull","state":"Wyoming","state_ab":"WY","county":"Big Horn","geo_location":{ "type": "Point", "coordinates": [-108.0795, 44.4919] }},
{"zip_code":"82080","country":"US","city":"McFadden","state":"Wyoming","state_ab":"WY","county":"Carbon County","geo_location":{ "type": "Point", "coordinates": [-106.1379, 41.6327] }},
{"zip_code":"82323","country":"US","city":"Dixon","state":"Wyoming","state_ab":"WY","county":"Carbon","geo_location":{ "type": "Point", "coordinates": [-107.499, 41.0445] }},
{"zip_code":"82633","country":"US","city":"Douglas","state":"Wyoming","state_ab":"WY","county":"Converse","geo_location":{ "type": "Point", "coordinates": [-105.3855, 42.7626] }},
{"zip_code":"82710","country":"US","city":"Aladdin","state":"Wyoming","state_ab":"WY","county":"Crook","geo_location":{ "type": "Point", "coordinates": [-104.1931, 44.7473] }},
{"zip_code":"82310","country":"US","city":"Jeffrey City","state":"Wyoming","state_ab":"WY","county":"Fremont","geo_location":{ "type": "Point", "coordinates": [-107.8724, 42.5402] }},
{"zip_code":"82516","country":"US","city":"Kinnear","state":"Wyoming","state_ab":"WY","county":"Fremont","geo_location":{ "type": "Point", "coordinates": [-108.9334, 43.2678] }},
{"zip_code":"82219","country":"US","city":"Jay Em","state":"Wyoming","state_ab":"WY","county":"Goshen","geo_location":{ "type": "Point", "coordinates": [-104.5134, 42.4987] }},
{"zip_code":"82840","country":"US","city":"Saddlestring","state":"Wyoming","state_ab":"WY","county":"Johnson","geo_location":{ "type": "Point", "coordinates": [-106.871, 44.4976] }},
{"zip_code":"82053","country":"US","city":"Burns","state":"Wyoming","state_ab":"WY","county":"Laramie","geo_location":{ "type": "Point", "coordinates": [-104.3155, 41.2003] }},
{"zip_code":"83119","country":"US","city":"Fairview","state":"Wyoming","state_ab":"WY","county":"Lincoln","geo_location":{ "type": "Point", "coordinates": [-111.0148, 42.6746] }},
{"zip_code":"83120","country":"US","city":"Freedom","state":"Wyoming","state_ab":"WY","county":"Lincoln","geo_location":{ "type": "Point", "coordinates": [-111.0292, 43.0172] }},
{"zip_code":"82620","country":"US","city":"Alcova","state":"Wyoming","state_ab":"WY","county":"Natrona","geo_location":{ "type": "Point", "coordinates": [-106.76, 42.5302] }},
{"zip_code":"82646","country":"US","city":"Natrona","state":"Wyoming","state_ab":"WY","county":"Natrona","geo_location":{ "type": "Point", "coordinates": [-106.807, 42.9662] }},
{"zip_code":"82220","country":"US","city":"Keeline","state":"Wyoming","state_ab":"WY","county":"Niobrara County","geo_location":{ "type": "Point", "coordinates": [-104.7203, 42.8391] }},
{"zip_code":"82440","country":"US","city":"Ralston","state":"Wyoming","state_ab":"WY","county":"Park","geo_location":{ "type": "Point", "coordinates": [-108.8833, 44.695] }},
{"zip_code":"82839","country":"US","city":"Ranchester","state":"Wyoming","state_ab":"WY","county":"Sheridan","geo_location":{ "type": "Point", "coordinates": [-107.174, 44.9171] }},
{"zip_code":"82336","country":"US","city":"Wamsutter","state":"Wyoming","state_ab":"WY","county":"Sweetwater","geo_location":{ "type": "Point", "coordinates": [-108.1517, 41.6583] }},
{"zip_code":"82929","country":"US","city":"Little America","state":"Wyoming","state_ab":"WY","county":"Sweetwater","geo_location":{ "type": "Point", "coordinates": [-109.7459, 41.7581] }},
{"zip_code":"82943","country":"US","city":"Reliance","state":"Wyoming","state_ab":"WY","county":"Sweetwater","geo_location":{ "type": "Point", "coordinates": [-109.1919, 41.6698] }},
{"zip_code":"82930","country":"US","city":"Evanston","state":"Wyoming","state_ab":"WY","county":"Uinta","geo_location":{ "type": "Point", "coordinates": [-110.9631, 41.2609] }},
{"zip_code":"82723","country":"US","city":"Osage","state":"Wyoming","state_ab":"WY","county":"Weston","geo_location":{ "type": "Point", "coordinates": [-104.4226, 43.999] }}]}