{"value": [{"zip_code":"68108","country":"US","city":"Omaha","state":"Nebraska","state_ab":"NE","county":"Douglas","geo_location":{ "type": "Point", "coordinates": [-95.9336, 41.2382] }},
{"zip_code":"68122","country":"US","city":"Omaha","state":"Nebraska","state_ab":"NE","county":"Douglas","geo_location":{ "type": "Point", "coordinates": [-96.0458, 41.3333] }},
{"zip_code":"68135","country":"US","city":"Omaha","state":"Nebraska","state_ab":"NE","county":"Douglas","geo_location":{ "type": "Point", "coordinates": [-96.1698, 41.2104] }},
{"zip_code":"68175","country":"US","city":"Omaha","state":"Nebraska","state_ab":"NE","county":"Douglas","geo_location":{ "type": "Point", "coordinates": [-96.1711, 41.2917] }},
{"zip_code":"68922","country":"US","city":"Arapahoe","state":"Nebraska","state_ab":"NE","county":"Furnas","geo_location":{ "type": "Point", "coordinates": [-99.8997, 40.3027] }},
{"zip_code":"68948","country":"US","city":"Holbrook","state":"Nebraska","state_ab":"NE","county":"Furnas","geo_location":{ "type": "Point", "coordinates": [-100.0136, 40.3019] }},
{"zip_code":"69022","country":"US","city":"Cambridge","state":"Nebraska","state_ab":"NE","county":"Furnas","geo_location":{ "type": "Point", "coordinates": [-100.1676, 40.2808] }},
{"zip_code":"68328","country":"US","city":"Clatonia","state":"Nebraska","state_ab":"NE","county":"Gage","geo_location":{ "type": "Point", "coordinates": [-96.8555, 40.4724] }},
{"zip_code":"68458","country":"US","city":"Virginia","state":"Nebraska","state_ab":"NE","county":"Gage","geo_location":{ "type": "Point", "coordinates": [-96.5121, 40.2309] }},
{"zip_code":"68665","country":"US","city":"Spalding","state":"Nebraska","state_ab":"NE","county":"Greeley","geo_location":{ "type": "Point", "coordinates": [-98.3715, 41.6874] }},
{"zip_code":"68832","country":"US","city":"Doniphan","state":"Nebraska","state_ab":"NE","county":"Hall","geo_location":{ "type": "Point", "coordinates": [-98.379, 40.77] }},
{"zip_code":"68818","country":"US","city":"Aurora","state":"Nebraska","state_ab":"NE","county":"Hamilton","geo_location":{ "type": "Point", "coordinates": [-98.0201, 40.8528] }},
{"zip_code":"68742","country":"US","city":"Inman","state":"Nebraska","state_ab":"NE","county":"Holt","geo_location":{ "type": "Point", "coordinates": [-98.5384, 42.3761] }},
{"zip_code":"69152","country":"US","city":"Mullen","state":"Nebraska","state_ab":"NE","county":"Hooker","geo_location":{ "type": "Point", "coordinates": [-101.0542, 42.0163] }},
{"zip_code":"68872","country":"US","city":"Saint Libory","state":"Nebraska","state_ab":"NE","county":"Howard","geo_location":{ "type": "Point", "coordinates": [-98.3589, 41.0867] }},
{"zip_code":"68342","country":"US","city":"Diller","state":"Nebraska","state_ab":"NE","county":"Jefferson","geo_location":{ "type": "Point", "coordinates": [-96.9495, 40.1192] }},
{"zip_code":"68368","country":"US","city":"Hallam","state":"Nebraska","state_ab":"NE","county":"Lancaster","geo_location":{ "type": "Point", "coordinates": [-96.7998, 40.5739] }},
{"zip_code":"68508","country":"US","city":"Lincoln","state":"Nebraska","state_ab":"NE","county":"Lancaster","geo_location":{ "type": "Point", "coordinates": [-96.7009, 40.8145] }},
{"zip_code":"68522","country":"US","city":"Lincoln","state":"Nebraska","state_ab":"NE","county":"Lancaster","geo_location":{ "type": "Point", "coordinates": [-96.7479, 40.7934] }},
{"zip_code":"68588","country":"US","city":"Lincoln","state":"Nebraska","state_ab":"NE","county":"Lancaster","geo_location":{ "type": "Point", "coordinates": [-96.6928, 40.8206] }},
{"zip_code":"69165","country":"US","city":"Sutherland","state":"Nebraska","state_ab":"NE","county":"Lincoln","geo_location":{ "type": "Point", "coordinates": [-101.136, 41.1557] }},
{"zip_code":"68702","country":"US","city":"Norfolk","state":"Nebraska","state_ab":"NE","county":"Madison","geo_location":{ "type": "Point", "coordinates": [-97.6013, 41.9165] }},
{"zip_code":"68715","country":"US","city":"Battle Creek","state":"Nebraska","state_ab":"NE","county":"Madison","geo_location":{ "type": "Point", "coordinates": [-97.5982, 41.9943] }},
{"zip_code":"69125","country":"US","city":"Broadwater","state":"Nebraska","state_ab":"NE","county":"Morrill","geo_location":{ "type": "Point", "coordinates": [-102.8225, 41.5825] }},
{"zip_code":"68638","country":"US","city":"Fullerton","state":"Nebraska","state_ab":"NE","county":"Nance","geo_location":{ "type": "Point", "coordinates": [-98.0054, 41.366] }},
{"zip_code":"68382","country":"US","city":"Lorton","state":"Nebraska","state_ab":"NE","county":"Otoe","geo_location":{ "type": "Point", "coordinates": [-96.0241, 40.5973] }},
{"zip_code":"68418","country":"US","city":"Palmyra","state":"Nebraska","state_ab":"NE","county":"Otoe","geo_location":{ "type": "Point", "coordinates": [-96.3999, 40.705] }},
{"zip_code":"68355","country":"US","city":"Falls City","state":"Nebraska","state_ab":"NE","county":"Richardson","geo_location":{ "type": "Point", "coordinates": [-95.5931, 40.0742] }},
{"zip_code":"68445","country":"US","city":"Swanton","state":"Nebraska","state_ab":"NE","county":"Saline","geo_location":{ "type": "Point", "coordinates": [-97.0806, 40.3844] }},
{"zip_code":"68005","country":"US","city":"Bellevue","state":"Nebraska","state_ab":"NE","county":"Sarpy","geo_location":{ "type": "Point", "coordinates": [-95.9099, 41.1497] }},
{"zip_code":"68018","country":"US","city":"Colon","state":"Nebraska","state_ab":"NE","county":"Saunders","geo_location":{ "type": "Point", "coordinates": [-96.6141, 41.2883] }},
{"zip_code":"69358","country":"US","city":"Morrill","state":"Nebraska","state_ab":"NE","county":"Scotts Bluff","geo_location":{ "type": "Point", "coordinates": [-103.9182, 41.9681] }},
{"zip_code":"68405","country":"US","city":"Milford","state":"Nebraska","state_ab":"NE","county":"Seward","geo_location":{ "type": "Point", "coordinates": [-97.0576, 40.7632] }},
{"zip_code":"68432","country":"US","city":"Saint Mary","state":"Nebraska","state_ab":"NE","county":"Seward County","geo_location":{ "type": "Point", "coordinates": [-96.29, 40.4448] }},
{"zip_code":"68768","country":"US","city":"Pilger","state":"Nebraska","state_ab":"NE","county":"Stanton","geo_location":{ "type": "Point", "coordinates": [-97.0779, 41.9761] }},
{"zip_code":"68315","country":"US","city":"Belvidere","state":"Nebraska","state_ab":"NE","county":"Thayer","geo_location":{ "type": "Point", "coordinates": [-97.5554, 40.251] }},
{"zip_code":"3875","country":"US","city":"Silver Lake","state":"New Hampshire","state_ab":"NH","county":"Carroll","geo_location":{ "type": "Point", "coordinates": [-71.1905, 43.879] }},
{"zip_code":"3435","country":"US","city":"Keene","state":"New Hampshire","state_ab":"NH","county":"Cheshire","geo_location":{ "type": "Point", "coordinates": [-72.243, 42.9471] }},
{"zip_code":"3448","country":"US","city":"Gilsum","state":"New Hampshire","state_ab":"NH","county":"Cheshire","geo_location":{ "type": "Point", "coordinates": [-72.2719, 43.0399] }},
{"zip_code":"3462","country":"US","city":"Spofford","state":"New Hampshire","state_ab":"NH","county":"Cheshire","geo_location":{ "type": "Point", "coordinates": [-72.4103, 42.912] }},
{"zip_code":"3602","country":"US","city":"Alstead","state":"New Hampshire","state_ab":"NH","county":"Cheshire","geo_location":{ "type": "Point", "coordinates": [-72.3281, 43.1265] }},
{"zip_code":"3592","country":"US","city":"Pittsburg","state":"New Hampshire","state_ab":"NH","county":"Coos","geo_location":{ "type": "Point", "coordinates": [-71.3636, 45.0866] }},
{"zip_code":"3215","country":"US","city":"Waterville Valley","state":"New Hampshire","state_ab":"NH","county":"Grafton","geo_location":{ "type": "Point", "coordinates": [-71.5341, 43.9302] }},
{"zip_code":"3282","country":"US","city":"Wentworth","state":"New Hampshire","state_ab":"NH","county":"Grafton","geo_location":{ "type": "Point", "coordinates": [-71.9097, 43.8685] }},
{"zip_code":"3785","country":"US","city":"Woodsville","state":"New Hampshire","state_ab":"NH","county":"Grafton","geo_location":{ "type": "Point", "coordinates": [-71.9892, 44.1385] }},
{"zip_code":"3048","country":"US","city":"Greenville","state":"New Hampshire","state_ab":"NH","county":"Hillsborough","geo_location":{ "type": "Point", "coordinates": [-71.7619, 42.7482] }},
{"zip_code":"3062","country":"US","city":"Nashua","state":"New Hampshire","state_ab":"NH","county":"Hillsborough","geo_location":{ "type": "Point", "coordinates": [-71.4893, 42.7235] }},
{"zip_code":"3242","country":"US","city":"Henniker","state":"New Hampshire","state_ab":"NH","county":"Merrimack","geo_location":{ "type": "Point", "coordinates": [-71.8159, 43.1791] }},
{"zip_code":"3255","country":"US","city":"Newbury","state":"New Hampshire","state_ab":"NH","county":"Merrimack","geo_location":{ "type": "Point", "coordinates": [-72.0118, 43.3217] }},
{"zip_code":"3268","country":"US","city":"Salisbury","state":"New Hampshire","state_ab":"NH","county":"Merrimack","geo_location":{ "type": "Point", "coordinates": [-71.7045, 43.4067] }},
{"zip_code":"3305","country":"US","city":"Concord","state":"New Hampshire","state_ab":"NH","county":"Merrimack","geo_location":{ "type": "Point", "coordinates": [-71.5172, 43.2134] }},
{"zip_code":"214","country":"US","city":"Portsmouth","state":"New Hampshire","state_ab":"NH","county":"Rockingham","geo_location":{ "type": "Point", "coordinates": [-71.0132, 43.0059] }},
{"zip_code":"3848","country":"US","city":"Kingston","state":"New Hampshire","state_ab":"NH","county":"Rockingham","geo_location":{ "type": "Point", "coordinates": [-71.0639, 42.9133] }},
{"zip_code":"3862","country":"US","city":"North Hampton","state":"New Hampshire","state_ab":"NH","county":"Rockingham","geo_location":{ "type": "Point", "coordinates": [-70.8267, 42.9776] }},
{"zip_code":"3822","country":"US","city":"Dover","state":"New Hampshire","state_ab":"NH","county":"Strafford","geo_location":{ "type": "Point", "coordinates": [-71.0284, 43.3267] }},
{"zip_code":"3835","country":"US","city":"Farmington","state":"New Hampshire","state_ab":"NH","county":"Strafford","geo_location":{ "type": "Point", "coordinates": [-71.0647, 43.3884] }},
{"zip_code":"3745","country":"US","city":"Cornish","state":"New Hampshire","state_ab":"NH","county":"Sullivan","geo_location":{ "type": "Point", "coordinates": [-72.3394, 43.4963] }},
{"zip_code":"3772","country":"US","city":"Mount Sunapee","state":"New Hampshire","state_ab":"NH","county":"Sullivan County","geo_location":{ "type": "Point", "coordinates": [-72.0711, 43.3405] }},
{"zip_code":"8205","country":"US","city":"Absecon","state":"New Jersey","state_ab":"NJ","county":"Atlantic County","geo_location":{ "type": "Point", "coordinates": [-74.4575, 39.4745] }},
{"zip_code":"8232","country":"US","city":"Pleasantville","state":"New Jersey","state_ab":"NJ","county":"Atlantic","geo_location":{ "type": "Point", "coordinates": [-74.5149, 39.3876] }},
{"zip_code":"7022","country":"US","city":"Fairview","state":"New Jersey","state_ab":"NJ","county":"Bergen","geo_location":{ "type": "Point", "coordinates": [-74.0, 40.817] }},
{"zip_code":"7075","country":"US","city":"Wood Ridge","state":"New Jersey","state_ab":"NJ","county":"Bergen","geo_location":{ "type": "Point", "coordinates": [-74.0878, 40.8493] }},
{"zip_code":"7602","country":"US","city":"Hackensack","state":"New Jersey","state_ab":"NJ","county":"Bergen","geo_location":{ "type": "Point", "coordinates": [-74.0832, 40.9481] }},
{"zip_code":"7628","country":"US","city":"Dumont","state":"New Jersey","state_ab":"NJ","county":"Bergen","geo_location":{ "type": "Point", "coordinates": [-73.9921, 40.9447] }},
{"zip_code":"7642","country":"US","city":"Hillsdale","state":"New Jersey","state_ab":"NJ","county":"Bergen","geo_location":{ "type": "Point", "coordinates": [-74.0426, 41.0069] }},
{"zip_code":"8052","country":"US","city":"Maple Shade","state":"New Jersey","state_ab":"NJ","county":"Burlington","geo_location":{ "type": "Point", "coordinates": [-74.9946, 39.9511] }},
{"zip_code":"8065","country":"US","city":"Palmyra","state":"New Jersey","state_ab":"NJ","county":"Burlington","geo_location":{ "type": "Point", "coordinates": [-75.0257, 40.0037] }},
{"zip_code":"8515","country":"US","city":"Crosswicks","state":"New Jersey","state_ab":"NJ","county":"Burlington","geo_location":{ "type": "Point", "coordinates": [-74.6615, 40.1476] }},
{"zip_code":"8012","country":"US","city":"Blackwood","state":"New Jersey","state_ab":"NJ","county":"Camden","geo_location":{ "type": "Point", "coordinates": [-75.0367, 39.7901] }},
{"zip_code":"8078","country":"US","city":"Runnemede","state":"New Jersey","state_ab":"NJ","county":"Camden","geo_location":{ "type": "Point", "coordinates": [-75.0742, 39.8508] }},
{"zip_code":"8102","country":"US","city":"Camden","state":"New Jersey","state_ab":"NJ","county":"Camden","geo_location":{ "type": "Point", "coordinates": [-75.1186, 39.9512] }},
{"zip_code":"8218","country":"US","city":"Goshen","state":"New Jersey","state_ab":"NJ","county":"Cape May","geo_location":{ "type": "Point", "coordinates": [-74.8166, 39.0565] }},
{"zip_code":"8245","country":"US","city":"South Dennis","state":"New Jersey","state_ab":"NJ","county":"Cape May","geo_location":{ "type": "Point", "coordinates": [-74.8487, 39.1] }},
{"zip_code":"8348","country":"US","city":"Port Elizabeth","state":"New Jersey","state_ab":"NJ","county":"Cumberland","geo_location":{ "type": "Point", "coordinates": [-74.9807, 39.3131] }},
{"zip_code":"8362","country":"US","city":"Vineland","state":"New Jersey","state_ab":"NJ","county":"Cumberland","geo_location":{ "type": "Point", "coordinates": [-75.0277, 39.2713] }},
{"zip_code":"7112","country":"US","city":"Newark","state":"New Jersey","state_ab":"NJ","county":"Essex","geo_location":{ "type": "Point", "coordinates": [-74.2131, 40.7107] }},
{"zip_code":"7192","country":"US","city":"Newark","state":"New Jersey","state_ab":"NJ","county":"Essex","geo_location":{ "type": "Point", "coordinates": [-74.2452, 40.7918] }},
{"zip_code":"8025","country":"US","city":"Ewan","state":"New Jersey","state_ab":"NJ","county":"Gloucester","geo_location":{ "type": "Point", "coordinates": [-75.1629, 39.7015] }},
{"zip_code":"8322","country":"US","city":"Franklinville","state":"New Jersey","state_ab":"NJ","county":"Gloucester","geo_location":{ "type": "Point", "coordinates": [-75.0409, 39.6156] }},
{"zip_code":"7305","country":"US","city":"Jersey City","state":"New Jersey","state_ab":"NJ","county":"Hudson","geo_location":{ "type": "Point", "coordinates": [-74.089, 40.702] }},
{"zip_code":"8825","country":"US","city":"Frenchtown","state":"New Jersey","state_ab":"NJ","county":"Hunterdon","geo_location":{ "type": "Point", "coordinates": [-75.0325, 40.5208] }},
{"zip_code":"8542","country":"US","city":"Princeton","state":"New Jersey","state_ab":"NJ","county":"Mercer","geo_location":{ "type": "Point", "coordinates": [-74.6594, 40.3535] }},
{"zip_code":"8605","country":"US","city":"Trenton","state":"New Jersey","state_ab":"NJ","county":"Mercer","geo_location":{ "type": "Point", "coordinates": [-74.712, 40.2805] }},
{"zip_code":"8618","country":"US","city":"Trenton","state":"New Jersey","state_ab":"NJ","county":"Mercer","geo_location":{ "type": "Point", "coordinates": [-74.7821, 40.2377] }},
{"zip_code":"8645","country":"US","city":"Trenton","state":"New Jersey","state_ab":"NJ","county":"Mercer","geo_location":{ "type": "Point", "coordinates": [-74.712, 40.2805] }},
{"zip_code":"7008","country":"US","city":"Carteret","state":"New Jersey","state_ab":"NJ","county":"Middlesex","geo_location":{ "type": "Point", "coordinates": [-74.2313, 40.5823] }},
{"zip_code":"8812","country":"US","city":"Dunellen","state":"New Jersey","state_ab":"NJ","county":"Middlesex","geo_location":{ "type": "Point", "coordinates": [-74.4639, 40.5897] }},
{"zip_code":"8852","country":"US","city":"Monmouth Junction","state":"New Jersey","state_ab":"NJ","county":"Middlesex","geo_location":{ "type": "Point", "coordinates": [-74.5558, 40.3869] }},
{"zip_code":"8878","country":"US","city":"South Amboy","state":"New Jersey","state_ab":"NJ","county":"Middlesex","geo_location":{ "type": "Point", "coordinates": [-74.2509, 40.4369] }},
{"zip_code":"8902","country":"US","city":"North Brunswick","state":"New Jersey","state_ab":"NJ","county":"Middlesex","geo_location":{ "type": "Point", "coordinates": [-74.4823, 40.4538] }},
{"zip_code":"7718","country":"US","city":"Belford","state":"New Jersey","state_ab":"NJ","county":"Monmouth","geo_location":{ "type": "Point", "coordinates": [-74.0889, 40.4173] }},
{"zip_code":"7732","country":"US","city":"Highlands","state":"New Jersey","state_ab":"NJ","county":"Monmouth","geo_location":{ "type": "Point", "coordinates": [-74.0006, 40.4011] }},
{"zip_code":"7758","country":"US","city":"Port Monmouth","state":"New Jersey","state_ab":"NJ","county":"Monmouth","geo_location":{ "type": "Point", "coordinates": [-74.1083, 40.4289] }},
{"zip_code":"8555","country":"US","city":"Roosevelt","state":"New Jersey","state_ab":"NJ","county":"Monmouth","geo_location":{ "type": "Point", "coordinates": [-74.4747, 40.2214] }},
{"zip_code":"7035","country":"US","city":"Lincoln Park","state":"New Jersey","state_ab":"NJ","county":"Morris","geo_location":{ "type": "Point", "coordinates": [-74.2995, 40.9208] }},
{"zip_code":"8092","country":"US","city":"West Creek","state":"New Jersey","state_ab":"NJ","county":"Ocean","geo_location":{ "type": "Point", "coordinates": [-74.2885, 39.6627] }},
{"zip_code":"8722","country":"US","city":"Beachwood","state":"New Jersey","state_ab":"NJ","county":"Ocean","geo_location":{ "type": "Point", "coordinates": [-74.1961, 39.9302] }},
{"zip_code":"8735","country":"US","city":"Lavallette","state":"New Jersey","state_ab":"NJ","county":"Ocean","geo_location":{ "type": "Point", "coordinates": [-74.0704, 39.9775] }},
{"zip_code":"7435","country":"US","city":"Newfoundland","state":"New Jersey","state_ab":"NJ","county":"Passaic","geo_location":{ "type": "Point", "coordinates": [-74.4359, 41.0647] }},
{"zip_code":"7512","country":"US","city":"Totowa","state":"New Jersey","state_ab":"NJ","county":"Passaic","geo_location":{ "type": "Point", "coordinates": [-74.2168, 40.9048] }},
{"zip_code":"7538","country":"US","city":"Haledon","state":"New Jersey","state_ab":"NJ","county":"Passaic","geo_location":{ "type": "Point", "coordinates": [-74.3048, 41.0114] }},
{"zip_code":"8038","country":"US","city":"Hancocks Bridge","state":"New Jersey","state_ab":"NJ","county":"Salem","geo_location":{ "type": "Point", "coordinates": [-75.4902, 39.4716] }},
{"zip_code":"7938","country":"US","city":"Liberty Corner","state":"New Jersey","state_ab":"NJ","county":"Somerset","geo_location":{ "type": "Point", "coordinates": [-74.5862, 40.6554] }},
{"zip_code":"7978","country":"US","city":"Pluckemin","state":"New Jersey","state_ab":"NJ","county":"Somerset","geo_location":{ "type": "Point", "coordinates": [-74.6396, 40.6425] }},
{"zip_code":"8502","country":"US","city":"Belle Mead","state":"New Jersey","state_ab":"NJ","county":"Somerset","geo_location":{ "type": "Point", "coordinates": [-74.6557, 40.4483] }},
{"zip_code":"8528","country":"US","city":"Kingston","state":"New Jersey","state_ab":"NJ","county":"Somerset","geo_location":{ "type": "Point", "coordinates": [-74.6096, 40.3828] }},
{"zip_code":"7422","country":"US","city":"Highland Lakes","state":"New Jersey","state_ab":"NJ","county":"Sussex","geo_location":{ "type": "Point", "coordinates": [-74.4564, 41.1826] }},
{"zip_code":"7462","country":"US","city":"Vernon","state":"New Jersey","state_ab":"NJ","county":"Sussex","geo_location":{ "type": "Point", "coordinates": [-74.5332, 41.185] }},
{"zip_code":"7822","country":"US","city":"Augusta","state":"New Jersey","state_ab":"NJ","county":"Sussex","geo_location":{ "type": "Point", "coordinates": [-74.6848, 41.1451] }},
{"zip_code":"7848","country":"US","city":"Lafayette","state":"New Jersey","state_ab":"NJ","county":"Sussex","geo_location":{ "type": "Point", "coordinates": [-74.6912, 41.0761] }},
{"zip_code":"7875","country":"US","city":"Stillwater","state":"New Jersey","state_ab":"NJ","county":"Sussex","geo_location":{ "type": "Point", "coordinates": [-74.872, 41.0439] }},
{"zip_code":"7062","country":"US","city":"Plainfield","state":"New Jersey","state_ab":"NJ","county":"Union","geo_location":{ "type": "Point", "coordinates": [-74.3997, 40.6323] }},
{"zip_code":"7088","country":"US","city":"Vauxhall","state":"New Jersey","state_ab":"NJ","county":"Union","geo_location":{ "type": "Point", "coordinates": [-74.2829, 40.7179] }},
{"zip_code":"7202","country":"US","city":"Elizabeth","state":"New Jersey","state_ab":"NJ","county":"Union","geo_location":{ "type": "Point", "coordinates": [-74.2215, 40.6565] }},
{"zip_code":"7215","country":"US","city":"Elizabeth","state":"New Jersey","state_ab":"NJ","county":"Union County","geo_location":{ "type": "Point", "coordinates": [-74.2109, 40.6638] }},
{"zip_code":"8865","country":"US","city":"Phillipsburg","state":"New Jersey","state_ab":"NJ","county":"Warren","geo_location":{ "type": "Point", "coordinates": [-75.1507, 40.7079] }},
{"zip_code":"87008","country":"US","city":"Cedar Crest","state":"New Mexico","state_ab":"NM","county":"Bernalillo","geo_location":{ "type": "Point", "coordinates": [-106.3617, 35.1285] }},
{"zip_code":"87022","country":"US","city":"Isleta","state":"New Mexico","state_ab":"NM","county":"Bernalillo","geo_location":{ "type": "Point", "coordinates": [-106.6729, 35.0443] }},
{"zip_code":"87112","country":"US","city":"Albuquerque","state":"New Mexico","state_ab":"NM","county":"Bernalillo","geo_location":{ "type": "Point", "coordinates": [-106.5183, 35.101] }},
{"zip_code":"87125","country":"US","city":"Albuquerque","state":"New Mexico","state_ab":"NM","county":"Bernalillo","geo_location":{ "type": "Point", "coordinates": [-106.6729, 35.0443] }},
{"zip_code":"87192","country":"US","city":"Albuquerque","state":"New Mexico","state_ab":"NM","county":"Bernalillo","geo_location":{ "type": "Point", "coordinates": [-106.6729, 35.0443] }},
{"zip_code":"88232","country":"US","city":"Hagerman","state":"New Mexico","state_ab":"NM","county":"Chaves","geo_location":{ "type": "Point", "coordinates": [-104.3298, 33.1076] }},
{"zip_code":"87718","country":"US","city":"Eagle Nest","state":"New Mexico","state_ab":"NM","county":"Colfax","geo_location":{ "type": "Point", "coordinates": [-105.2756, 36.5326] }},
{"zip_code":"88102","country":"US","city":"Clovis","state":"New Mexico","state_ab":"NM","county":"Curry","geo_location":{ "type": "Point", "coordinates": [-103.3913, 34.6285] }},
{"zip_code":"88012","country":"US","city":"Las Cruces","state":"New Mexico","state_ab":"NM","county":"Doña Ana","geo_location":{ "type": "Point", "coordinates": [-106.7714, 32.5835] }},
{"zip_code":"88052","country":"US","city":"Organ","state":"New Mexico","state_ab":"NM","county":"Doña Ana","geo_location":{ "type": "Point", "coordinates": [-106.6136, 32.4259] }},
{"zip_code":"88025","country":"US","city":"Buckhorn","state":"New Mexico","state_ab":"NM","county":"Grant","geo_location":{ "type": "Point", "coordinates": [-108.6956, 33.0633] }},
{"zip_code":"88038","country":"US","city":"Gila","state":"New Mexico","state_ab":"NM","county":"Grant","geo_location":{ "type": "Point", "coordinates": [-108.3279, 32.5367] }},
{"zip_code":"88065","country":"US","city":"Tyrone","state":"New Mexico","state_ab":"NM","county":"Grant","geo_location":{ "type": "Point", "coordinates": [-108.3704, 32.6194] }},
{"zip_code":"88348","country":"US","city":"San Patricio","state":"New Mexico","state_ab":"NM","county":"Lincoln","geo_location":{ "type": "Point", "coordinates": [-105.3498, 33.3877] }},
{"zip_code":"87305","country":"US","city":"Gallup","state":"New Mexico","state_ab":"NM","county":"McKinley","geo_location":{ "type": "Point", "coordinates": [-108.7705, 35.4499] }},
{"zip_code":"87732","country":"US","city":"Mora","state":"New Mexico","state_ab":"NM","county":"Mora","geo_location":{ "type": "Point", "coordinates": [-105.3128, 36.004] }},
{"zip_code":"87578","country":"US","city":"Truchas","state":"New Mexico","state_ab":"NM","county":"Rio Arriba","geo_location":{ "type": "Point", "coordinates": [-105.8129, 36.0444] }},
{"zip_code":"88115","country":"US","city":"Dora","state":"New Mexico","state_ab":"NM","county":"Roosevelt","geo_location":{ "type": "Point", "coordinates": [-103.3804, 33.9166] }},
{"zip_code":"87048","country":"US","city":"Corrales","state":"New Mexico","state_ab":"NM","county":"Sandoval","geo_location":{ "type": "Point", "coordinates": [-106.62, 35.2339] }},
{"zip_code":"87538","country":"US","city":"Ilfeld","state":"New Mexico","state_ab":"NM","county":"San Miguel","geo_location":{ "type": "Point", "coordinates": [-104.6796, 35.4563] }},
{"zip_code":"87552","country":"US","city":"Pecos","state":"New Mexico","state_ab":"NM","county":"San Miguel","geo_location":{ "type": "Point", "coordinates": [-105.6701, 35.571] }},
{"zip_code":"87565","country":"US","city":"San Jose","state":"New Mexico","state_ab":"NM","county":"San Miguel","geo_location":{ "type": "Point", "coordinates": [-105.4383, 35.4569] }},
{"zip_code":"87745","country":"US","city":"Sapello","state":"New Mexico","state_ab":"NM","county":"San Miguel","geo_location":{ "type": "Point", "coordinates": [-105.1077, 35.762] }},
{"zip_code":"87592","country":"US","city":"Santa Fe","state":"New Mexico","state_ab":"NM","county":"Santa Fe","geo_location":{ "type": "Point", "coordinates": [-105.9818, 35.5212] }},
{"zip_code":"87062","country":"US","city":"Veguita","state":"New Mexico","state_ab":"NM","county":"Socorro","geo_location":{ "type": "Point", "coordinates": [-106.7591, 34.485] }},
{"zip_code":"87512","country":"US","city":"Amalia","state":"New Mexico","state_ab":"NM","county":"Taos","geo_location":{ "type": "Point", "coordinates": [-105.5854, 36.8036] }},
{"zip_code":"87525","country":"US","city":"Taos Ski Valley","state":"New Mexico","state_ab":"NM","county":"Taos","geo_location":{ "type": "Point", "coordinates": [-105.581, 36.5366] }},
{"zip_code":"87035","country":"US","city":"Moriarty","state":"New Mexico","state_ab":"NM","county":"Torrance","geo_location":{ "type": "Point", "coordinates": [-106.0609, 34.9889] }},
{"zip_code":"88902","country":"US","city":"Winchester","state":"Nevada","state_ab":"NV","county":"Clark County","geo_location":{ "type": "Point", "coordinates": [-115.1363, 36.1749] }},
{"zip_code":"89002","country":"US","city":"Henderson","state":"Nevada","state_ab":"NV","county":"Clark County","geo_location":{ "type": "Point", "coordinates": [-114.9588, 36.0008] }},
{"zip_code":"89015","country":"US","city":"Henderson","state":"Nevada","state_ab":"NV","county":"Clark","geo_location":{ "type": "Point", "coordinates": [-114.9718, 36.0357] }},
{"zip_code":"89028","country":"US","city":"Laughlin","state":"Nevada","state_ab":"NV","county":"Clark","geo_location":{ "type": "Point", "coordinates": [-114.7464, 35.1604] }},
{"zip_code":"89095","country":"US","city":"North Las Vegas","state":"Nevada","state_ab":"NV","county":"Clark County","geo_location":{ "type": "Point", "coordinates": [-115.1418, 36.3] }},
{"zip_code":"89105","country":"US","city":"Las Vegas","state":"Nevada","state_ab":"NV","county":"Clark County","geo_location":{ "type": "Point", "coordinates": [-115.1471, 36.086] }},
{"zip_code":"89118","country":"US","city":"Las Vegas","state":"Nevada","state_ab":"NV","county":"Clark","geo_location":{ "type": "Point", "coordinates": [-115.2169, 36.0811] }},
{"zip_code":"89132","country":"US","city":"Las Vegas","state":"Nevada","state_ab":"NV","county":"Clark","geo_location":{ "type": "Point", "coordinates": [-115.1519, 36.019] }},
{"zip_code":"89145","country":"US","city":"Las Vegas","state":"Nevada","state_ab":"NV","county":"Clark","geo_location":{ "type": "Point", "coordinates": [-115.2828, 36.1693] }},
{"zip_code":"89158","country":"US","city":"Las Vegas","state":"Nevada","state_ab":"NV","county":"Clark","geo_location":{ "type": "Point", "coordinates": [-114.9721, 35.9279] }},
{"zip_code":"89185","country":"US","city":"Las Vegas","state":"Nevada","state_ab":"NV","county":"Clark","geo_location":{ "type": "Point", "coordinates": [-114.9721, 35.9279] }},
{"zip_code":"89802","country":"US","city":"Elko","state":"Nevada","state_ab":"NV","county":"Elko","geo_location":{ "type": "Point", "coordinates": [-115.5296, 41.0594] }},
{"zip_code":"89815","country":"US","city":"Spring Creek","state":"Nevada","state_ab":"NV","county":"Elko","geo_location":{ "type": "Point", "coordinates": [-115.5956, 40.7519] }},
{"zip_code":"89828","country":"US","city":"Lamoille","state":"Nevada","state_ab":"NV","county":"Elko","geo_location":{ "type": "Point", "coordinates": [-115.3631, 40.7505] }},
{"zip_code":"89042","country":"US","city":"Panaca","state":"Nevada","state_ab":"NV","county":"Lincoln","geo_location":{ "type": "Point", "coordinates": [-114.3222, 37.744] }},
{"zip_code":"89428","country":"US","city":"Silver City","state":"Nevada","state_ab":"NV","county":"Lyon","geo_location":{ "type": "Point", "coordinates": [-119.6388, 39.2652] }},
{"zip_code":"89415","country":"US","city":"Hawthorne","state":"Nevada","state_ab":"NV","county":"Mineral","geo_location":{ "type": "Point", "coordinates": [-118.6411, 38.5347] }},
{"zip_code":"89402","country":"US","city":"Crystal Bay","state":"Nevada","state_ab":"NV","county":"Washoe","geo_location":{ "type": "Point", "coordinates": [-119.9711, 39.2395] }},
{"zip_code":"89442","country":"US","city":"Wadsworth","state":"Nevada","state_ab":"NV","county":"Washoe","geo_location":{ "type": "Point", "coordinates": [-119.2918, 39.6481] }},
{"zip_code":"89505","country":"US","city":"Reno","state":"Nevada","state_ab":"NV","county":"Washoe","geo_location":{ "type": "Point", "coordinates": [-119.8353, 39.5224] }},
{"zip_code":"89712","country":"US","city":"Carson City","state":"Nevada","state_ab":"NV","county":"Carson City (city)","geo_location":{ "type": "Point", "coordinates": [-119.7764, 39.1678] }},
{"zip_code":"12202","country":"US","city":"Albany","state":"New York","state_ab":"NY","county":"Albany","geo_location":{ "type": "Point", "coordinates": [-73.7641, 42.6413] }},
{"zip_code":"12228","country":"US","city":"Albany","state":"New York","state_ab":"NY","county":"Albany","geo_location":{ "type": "Point", "coordinates": [-73.9708, 42.6149] }},
{"zip_code":"12242","country":"US","city":"Albany","state":"New York","state_ab":"NY","county":"Albany","geo_location":{ "type": "Point", "coordinates": [-73.9708, 42.6149] }},
{"zip_code":"12255","country":"US","city":"Albany","state":"New York","state_ab":"NY","county":"Albany","geo_location":{ "type": "Point", "coordinates": [-73.9708, 42.6149] }},
{"zip_code":"14802","country":"US","city":"Alfred","state":"New York","state_ab":"NY","county":"Allegany","geo_location":{ "type": "Point", "coordinates": [-77.7893, 42.2534] }},
{"zip_code":"14895","country":"US","city":"Wellsville","state":"New York","state_ab":"NY","county":"Allegany","geo_location":{ "type": "Point", "coordinates": [-77.9419, 42.1108] }},
{"zip_code":"10455","country":"US","city":"Bronx","state":"New York","state_ab":"NY","county":"Bronx","geo_location":{ "type": "Point", "coordinates": [-73.9072, 40.8153] }},
{"zip_code":"10468","country":"US","city":"Bronx","state":"New York","state_ab":"NY","county":"Bronx","geo_location":{ "type": "Point", "coordinates": [-73.9003, 40.8662] }},
{"zip_code":"13748","country":"US","city":"Conklin","state":"New York","state_ab":"NY","county":"Broome","geo_location":{ "type": "Point", "coordinates": [-75.8076, 42.0454] }},
{"zip_code":"13762","country":"US","city":"Endwell","state":"New York","state_ab":"NY","county":"Broome","geo_location":{ "type": "Point", "coordinates": [-75.7449, 42.2067] }},
{"zip_code":"13865","country":"US","city":"Windsor","state":"New York","state_ab":"NY","county":"Broome","geo_location":{ "type": "Point", "coordinates": [-75.6728, 42.0745] }},
{"zip_code":"13902","country":"US","city":"Binghamton","state":"New York","state_ab":"NY","county":"Broome","geo_location":{ "type": "Point", "coordinates": [-75.8876, 42.1054] }},
{"zip_code":"14042","country":"US","city":"Delevan","state":"New York","state_ab":"NY","county":"Cattaraugus","geo_location":{ "type": "Point", "coordinates": [-78.4793, 42.4926] }},
{"zip_code":"14778","country":"US","city":"Saint Bonaventure","state":"New York","state_ab":"NY","county":"Cattaraugus","geo_location":{ "type": "Point", "coordinates": [-78.6847, 42.2701] }},
{"zip_code":"13092","country":"US","city":"Locke","state":"New York","state_ab":"NY","county":"Cayuga","geo_location":{ "type": "Point", "coordinates": [-76.4154, 42.6558] }},
{"zip_code":"14712","country":"US","city":"Bemus Point","state":"New York","state_ab":"NY","county":"Chautauqua","geo_location":{ "type": "Point", "coordinates": [-79.3581, 42.1513] }},
{"zip_code":"14738","country":"US","city":"Frewsburg","state":"New York","state_ab":"NY","county":"Chautauqua","geo_location":{ "type": "Point", "coordinates": [-79.1318, 42.0528] }},
{"zip_code":"14752","country":"US","city":"Lily Dale","state":"New York","state_ab":"NY","county":"Chautauqua","geo_location":{ "type": "Point", "coordinates": [-79.3235, 42.3524] }},
{"zip_code":"12808","country":"US","city":"Adirondack","state":"New York","state_ab":"NY","county":"Warren","geo_location":{ "type": "Point", "coordinates": [-73.7825, 43.7165] }},
{"zip_code":"12862","country":"US","city":"Riparius","state":"New York","state_ab":"NY","county":"Warren","geo_location":{ "type": "Point", "coordinates": [-73.9325, 43.6754] }},
{"zip_code":"12848","country":"US","city":"Middle Falls","state":"New York","state_ab":"NY","county":"Washington","geo_location":{ "type": "Point", "coordinates": [-73.5246, 43.1001] }},
{"zip_code":"14505","country":"US","city":"Marion","state":"New York","state_ab":"NY","county":"Wayne","geo_location":{ "type": "Point", "coordinates": [-77.1863, 43.1546] }},
{"zip_code":"10505","country":"US","city":"Baldwin Place","state":"New York","state_ab":"NY","county":"Westchester","geo_location":{ "type": "Point", "coordinates": [-73.7454, 41.3421] }},
{"zip_code":"10518","country":"US","city":"Cross River","state":"New York","state_ab":"NY","county":"Westchester","geo_location":{ "type": "Point", "coordinates": [-73.602, 41.2722] }},
{"zip_code":"10532","country":"US","city":"Hawthorne","state":"New York","state_ab":"NY","county":"Westchester","geo_location":{ "type": "Point", "coordinates": [-73.8017, 41.0953] }},
{"zip_code":"10545","country":"US","city":"Maryknoll","state":"New York","state_ab":"NY","county":"Westchester","geo_location":{ "type": "Point", "coordinates": [-73.733, 41.119] }},
{"zip_code":"10558","country":"US","city":"Mount Vernon","state":"New York","state_ab":"NY","county":"Westchester","geo_location":{ "type": "Point", "coordinates": [-73.733, 41.119] }},
{"zip_code":"10572","country":"US","city":"Pleasantville","state":"New York","state_ab":"NY","county":"Westchester","geo_location":{ "type": "Point", "coordinates": [-73.733, 41.119] }},
{"zip_code":"10598","country":"US","city":"Yorktown Heights","state":"New York","state_ab":"NY","county":"Westchester","geo_location":{ "type": "Point", "coordinates": [-73.7924, 41.2999] }},
{"zip_code":"10802","country":"US","city":"New Rochelle","state":"New York","state_ab":"NY","county":"Westchester","geo_location":{ "type": "Point", "coordinates": [-73.7954, 40.9483] }},
{"zip_code":"14082","country":"US","city":"Java Center","state":"New York","state_ab":"NY","county":"Wyoming","geo_location":{ "type": "Point", "coordinates": [-78.3925, 42.6634] }},
{"zip_code":"14145","country":"US","city":"Strykersville","state":"New York","state_ab":"NY","county":"Wyoming","geo_location":{ "type": "Point", "coordinates": [-78.4347, 42.7249] }},
{"zip_code":"14415","country":"US","city":"Bellona","state":"New York","state_ab":"NY","county":"Yates","geo_location":{ "type": "Point", "coordinates": [-77.0217, 42.7554] }},
{"zip_code":"14842","country":"US","city":"Himrod","state":"New York","state_ab":"NY","county":"Yates","geo_location":{ "type": "Point", "coordinates": [-76.9508, 42.5945] }},
{"zip_code":"45105","country":"US","city":"Bentonville","state":"Ohio","state_ab":"OH","county":"Adams","geo_location":{ "type": "Point", "coordinates": [-83.6126, 38.7498] }},
{"zip_code":"45802","country":"US","city":"Lima","state":"Ohio","state_ab":"OH","county":"Allen","geo_location":{ "type": "Point", "coordinates": [-84.1386, 40.7818] }},
{"zip_code":"44838","country":"US","city":"Hayesville","state":"Ohio","state_ab":"OH","county":"Ashland","geo_location":{ "type": "Point", "coordinates": [-82.25, 40.768] }},
{"zip_code":"45778","country":"US","city":"Stewart","state":"Ohio","state_ab":"OH","county":"Athens","geo_location":{ "type": "Point", "coordinates": [-81.8929, 39.3213] }},
{"zip_code":"45895","country":"US","city":"Wapakoneta","state":"Ohio","state_ab":"OH","county":"Auglaize","geo_location":{ "type": "Point", "coordinates": [-84.1774, 40.569] }},
{"zip_code":"43718","country":"US","city":"Belmont","state":"Ohio","state_ab":"OH","county":"Belmont","geo_location":{ "type": "Point", "coordinates": [-81.0066, 40.032] }},
{"zip_code":"43912","country":"US","city":"Bridgeport","state":"Ohio","state_ab":"OH","county":"Belmont","geo_location":{ "type": "Point", "coordinates": [-80.7747, 40.0752] }},
{"zip_code":"45118","country":"US","city":"Fayetteville","state":"Ohio","state_ab":"OH","county":"Brown","geo_location":{ "type": "Point", "coordinates": [-83.9501, 39.1862] }},
{"zip_code":"45275","country":"US","city":"Cincinnati","state":"Ohio","state_ab":"OH","county":"Brown","geo_location":{ "type": "Point", "coordinates": [-83.8629, 38.9469] }},
{"zip_code":"45015","country":"US","city":"Hamilton","state":"Ohio","state_ab":"OH","county":"Butler","geo_location":{ "type": "Point", "coordinates": [-84.5376, 39.3494] }},
{"zip_code":"45042","country":"US","city":"Middletown","state":"Ohio","state_ab":"OH","county":"Butler","geo_location":{ "type": "Point", "coordinates": [-84.3896, 39.5321] }},
{"zip_code":"45055","country":"US","city":"Overpeck","state":"Ohio","state_ab":"OH","county":"Butler","geo_location":{ "type": "Point", "coordinates": [-84.5152, 39.4518] }},
{"zip_code":"45505","country":"US","city":"Springfield","state":"Ohio","state_ab":"OH","county":"Clark","geo_location":{ "type": "Point", "coordinates": [-83.7856, 39.9106] }},
{"zip_code":"45145","country":"US","city":"Marathon","state":"Ohio","state_ab":"OH","county":"Clermont","geo_location":{ "type": "Point", "coordinates": [-84.0052, 39.1453] }},
{"zip_code":"45158","country":"US","city":"Newtonsville","state":"Ohio","state_ab":"OH","county":"Clermont","geo_location":{ "type": "Point", "coordinates": [-84.0783, 39.1878] }},
{"zip_code":"44492","country":"US","city":"West Point","state":"Ohio","state_ab":"OH","county":"Columbiana","geo_location":{ "type": "Point", "coordinates": [-80.7014, 40.7093] }},
{"zip_code":"44825","country":"US","city":"Chatfield","state":"Ohio","state_ab":"OH","county":"Crawford","geo_location":{ "type": "Point", "coordinates": [-82.9432, 40.9542] }},
{"zip_code":"44102","country":"US","city":"Cleveland","state":"Ohio","state_ab":"OH","county":"Cuyahoga","geo_location":{ "type": "Point", "coordinates": [-81.7398, 41.4735] }},
{"zip_code":"44115","country":"US","city":"Cleveland","state":"Ohio","state_ab":"OH","county":"Cuyahoga","geo_location":{ "type": "Point", "coordinates": [-81.667, 41.4946] }},
{"zip_code":"44128","country":"US","city":"Cleveland","state":"Ohio","state_ab":"OH","county":"Cuyahoga","geo_location":{ "type": "Point", "coordinates": [-81.5486, 41.4416] }},
{"zip_code":"44142","country":"US","city":"Brookpark","state":"Ohio","state_ab":"OH","county":"Cuyahoga","geo_location":{ "type": "Point", "coordinates": [-81.8118, 41.3979] }},
{"zip_code":"44195","country":"US","city":"Cleveland","state":"Ohio","state_ab":"OH","county":"Cuyahoga","geo_location":{ "type": "Point", "coordinates": [-81.6728, 41.6857] }},
{"zip_code":"45352","country":"US","city":"Palestine","state":"Ohio","state_ab":"OH","county":"Darke","geo_location":{ "type": "Point", "coordinates": [-84.7457, 40.0503] }},
{"zip_code":"43512","country":"US","city":"Defiance","state":"Ohio","state_ab":"OH","county":"Defiance","geo_location":{ "type": "Point", "coordinates": [-84.3626, 41.2799] }},
{"zip_code":"43035","country":"US","city":"Lewis Center","state":"Ohio","state_ab":"OH","county":"Delaware","geo_location":{ "type": "Point", "coordinates": [-82.9878, 40.1879] }},
{"zip_code":"43112","country":"US","city":"Carroll","state":"Ohio","state_ab":"OH","county":"Fairfield","geo_location":{ "type": "Point", "coordinates": [-82.7084, 39.7957] }},
{"zip_code":"43125","country":"US","city":"Groveport","state":"Ohio","state_ab":"OH","county":"Franklin","geo_location":{ "type": "Point", "coordinates": [-82.8872, 39.8581] }},
{"zip_code":"43202","country":"US","city":"Columbus","state":"Ohio","state_ab":"OH","county":"Franklin","geo_location":{ "type": "Point", "coordinates": [-83.0118, 40.0201] }},
{"zip_code":"43215","country":"US","city":"Columbus","state":"Ohio","state_ab":"OH","county":"Franklin","geo_location":{ "type": "Point", "coordinates": [-83.0044, 39.9671] }},
{"zip_code":"43228","country":"US","city":"Columbus","state":"Ohio","state_ab":"OH","county":"Franklin","geo_location":{ "type": "Point", "coordinates": [-83.126, 39.9648] }},
{"zip_code":"43268","country":"US","city":"Columbus","state":"Ohio","state_ab":"OH","county":"Franklin","geo_location":{ "type": "Point", "coordinates": [-83.0114, 39.969] }},
{"zip_code":"44065","country":"US","city":"Newbury","state":"Ohio","state_ab":"OH","county":"Geauga","geo_location":{ "type": "Point", "coordinates": [-81.2345, 41.475] }},
{"zip_code":"43732","country":"US","city":"Cumberland","state":"Ohio","state_ab":"OH","county":"Guernsey","geo_location":{ "type": "Point", "coordinates": [-81.6259, 39.8741] }},
{"zip_code":"43772","country":"US","city":"Pleasant City","state":"Ohio","state_ab":"OH","county":"Guernsey","geo_location":{ "type": "Point", "coordinates": [-81.558, 39.9095] }},
{"zip_code":"45002","country":"US","city":"Cleves","state":"Ohio","state_ab":"OH","county":"Hamilton","geo_location":{ "type": "Point", "coordinates": [-84.734, 39.1937] }},
{"zip_code":"45208","country":"US","city":"Cincinnati","state":"Ohio","state_ab":"OH","county":"Hamilton","geo_location":{ "type": "Point", "coordinates": [-84.4355, 39.1361] }},
{"zip_code":"45222","country":"US","city":"Cincinnati","state":"Ohio","state_ab":"OH","county":"Hamilton","geo_location":{ "type": "Point", "coordinates": [-84.5382, 39.1668] }},
{"zip_code":"45235","country":"US","city":"Cincinnati","state":"Ohio","state_ab":"OH","county":"Hamilton","geo_location":{ "type": "Point", "coordinates": [-84.5382, 39.1668] }},
{"zip_code":"45248","country":"US","city":"Cincinnati","state":"Ohio","state_ab":"OH","county":"Hamilton","geo_location":{ "type": "Point", "coordinates": [-84.6625, 39.1652] }},
{"zip_code":"45262","country":"US","city":"Cincinnati","state":"Ohio","state_ab":"OH","county":"Hamilton","geo_location":{ "type": "Point", "coordinates": [-84.5382, 39.1668] }},
{"zip_code":"45868","country":"US","city":"Mount Cory","state":"Ohio","state_ab":"OH","county":"Hancock","geo_location":{ "type": "Point", "coordinates": [-83.8093, 40.9437] }},
{"zip_code":"43345","country":"US","city":"Ridgeway","state":"Ohio","state_ab":"OH","county":"Hardin","geo_location":{ "type": "Point", "coordinates": [-83.5702, 40.5209] }},
{"zip_code":"45132","country":"US","city":"Highland","state":"Ohio","state_ab":"OH","county":"Highland","geo_location":{ "type": "Point", "coordinates": [-83.6024, 39.3527] }},
{"zip_code":"45172","country":"US","city":"Sinking Spring","state":"Ohio","state_ab":"OH","county":"Highland","geo_location":{ "type": "Point", "coordinates": [-83.3853, 39.0738] }},
{"zip_code":"43138","country":"US","city":"Logan","state":"Ohio","state_ab":"OH","county":"Hocking","geo_location":{ "type": "Point", "coordinates": [-82.4126, 39.5372] }},
{"zip_code":"43152","country":"US","city":"South Bloomingville","state":"Ohio","state_ab":"OH","county":"Hocking","geo_location":{ "type": "Point", "coordinates": [-82.5923, 39.4174] }},
{"zip_code":"43925","country":"US","city":"East Springfield","state":"Ohio","state_ab":"OH","county":"Jefferson","geo_location":{ "type": "Point", "coordinates": [-80.7567, 40.4151] }},
{"zip_code":"43938","country":"US","city":"Mingo Junction","state":"Ohio","state_ab":"OH","county":"Jefferson","geo_location":{ "type": "Point", "coordinates": [-80.625, 40.3203] }},
{"zip_code":"43952","country":"US","city":"Steubenville","state":"Ohio","state_ab":"OH","county":"Jefferson","geo_location":{ "type": "Point", "coordinates": [-80.6617, 40.398] }},
{"zip_code":"43022","country":"US","city":"Gambier","state":"Ohio","state_ab":"OH","county":"Knox","geo_location":{ "type": "Point", "coordinates": [-82.3828, 40.3782] }},
{"zip_code":"43048","country":"US","city":"Mount Liberty","state":"Ohio","state_ab":"OH","county":"Knox","geo_location":{ "type": "Point", "coordinates": [-82.4658, 40.4061] }},
{"zip_code":"44092","country":"US","city":"Wickliffe","state":"Ohio","state_ab":"OH","county":"Lake","geo_location":{ "type": "Point", "coordinates": [-81.4692, 41.6046] }},
{"zip_code":"45675","country":"US","city":"Rock Camp","state":"Ohio","state_ab":"OH","county":"Lawrence","geo_location":{ "type": "Point", "coordinates": [-82.5327, 38.5367] }},
{"zip_code":"45688","country":"US","city":"Waterloo","state":"Ohio","state_ab":"OH","county":"Lawrence","geo_location":{ "type": "Point", "coordinates": [-82.5174, 38.7182] }},
{"zip_code":"43008","country":"US","city":"Buckeye Lake","state":"Ohio","state_ab":"OH","county":"Licking","geo_location":{ "type": "Point", "coordinates": [-82.4797, 39.9447] }},
{"zip_code":"43062","country":"US","city":"Pataskala","state":"Ohio","state_ab":"OH","county":"Licking","geo_location":{ "type": "Point", "coordinates": [-82.6687, 40.0009] }},
{"zip_code":"43318","country":"US","city":"De Graff","state":"Ohio","state_ab":"OH","county":"Logan","geo_location":{ "type": "Point", "coordinates": [-83.9153, 40.3058] }},
{"zip_code":"43358","country":"US","city":"West Mansfield","state":"Ohio","state_ab":"OH","county":"Logan","geo_location":{ "type": "Point", "coordinates": [-83.5243, 40.4043] }},
{"zip_code":"44012","country":"US","city":"Avon Lake","state":"Ohio","state_ab":"OH","county":"Lorain","geo_location":{ "type": "Point", "coordinates": [-82.0111, 41.5019] }},
{"zip_code":"44052","country":"US","city":"Lorain","state":"Ohio","state_ab":"OH","county":"Lorain","geo_location":{ "type": "Point", "coordinates": [-82.171, 41.4578] }},
{"zip_code":"43602","country":"US","city":"Toledo","state":"Ohio","state_ab":"OH","county":"Lucas","geo_location":{ "type": "Point", "coordinates": [-83.5547, 41.648] }},
{"zip_code":"43615","country":"US","city":"Toledo","state":"Ohio","state_ab":"OH","county":"Lucas","geo_location":{ "type": "Point", "coordinates": [-83.6706, 41.6492] }},
{"zip_code":"43655","country":"US","city":"Toledo","state":"Ohio","state_ab":"OH","county":"Lucas","geo_location":{ "type": "Point", "coordinates": [-83.4394, 41.6868] }},
{"zip_code":"43682","country":"US","city":"Toledo","state":"Ohio","state_ab":"OH","county":"Lucas","geo_location":{ "type": "Point", "coordinates": [-83.4394, 41.6868] }},
{"zip_code":"44452","country":"US","city":"North Lima","state":"Ohio","state_ab":"OH","county":"Mahoning","geo_location":{ "type": "Point", "coordinates": [-80.6549, 40.9649] }},
{"zip_code":"44502","country":"US","city":"Youngstown","state":"Ohio","state_ab":"OH","county":"Mahoning","geo_location":{ "type": "Point", "coordinates": [-80.6409, 41.0774] }},
{"zip_code":"44515","country":"US","city":"Youngstown","state":"Ohio","state_ab":"OH","county":"Mahoning","geo_location":{ "type": "Point", "coordinates": [-80.7598, 41.0979] }},
{"zip_code":"44555","country":"US","city":"Youngstown","state":"Ohio","state_ab":"OH","county":"Mahoning","geo_location":{ "type": "Point", "coordinates": [-80.6436, 41.1039] }},
{"zip_code":"44672","country":"US","city":"Sebring","state":"Ohio","state_ab":"OH","county":"Mahoning","geo_location":{ "type": "Point", "coordinates": [-81.0232, 40.9227] }},
{"zip_code":"43305","country":"US","city":"Marion","state":"Ohio","state_ab":"OH","county":"Marion County","geo_location":{ "type": "Point", "coordinates": [-83.1285, 40.5886] }},
{"zip_code":"43332","country":"US","city":"La Rue","state":"Ohio","state_ab":"OH","county":"Marion","geo_location":{ "type": "Point", "coordinates": [-83.3734, 40.5789] }},
{"zip_code":"44258","country":"US","city":"Medina","state":"Ohio","state_ab":"OH","county":"Medina","geo_location":{ "type": "Point", "coordinates": [-81.8411, 41.1276] }},
{"zip_code":"45828","country":"US","city":"Coldwater","state":"Ohio","state_ab":"OH","county":"Mercer","geo_location":{ "type": "Point", "coordinates": [-84.6517, 40.4846] }},
{"zip_code":"45882","country":"US","city":"Rockford","state":"Ohio","state_ab":"OH","county":"Mercer","geo_location":{ "type": "Point", "coordinates": [-84.6642, 40.6771] }},
{"zip_code":"45312","country":"US","city":"Casstown","state":"Ohio","state_ab":"OH","county":"Miami","geo_location":{ "type": "Point", "coordinates": [-84.1088, 40.0716] }},
{"zip_code":"45325","country":"US","city":"Farmersville","state":"Ohio","state_ab":"OH","county":"Montgomery","geo_location":{ "type": "Point", "coordinates": [-84.4205, 39.6867] }},
{"zip_code":"45402","country":"US","city":"Dayton","state":"Ohio","state_ab":"OH","county":"Montgomery","geo_location":{ "type": "Point", "coordinates": [-84.1895, 39.7563] }},
{"zip_code":"45415","country":"US","city":"Dayton","state":"Ohio","state_ab":"OH","county":"Montgomery","geo_location":{ "type": "Point", "coordinates": [-84.2613, 39.8355] }},
{"zip_code":"45428","country":"US","city":"Dayton","state":"Ohio","state_ab":"OH","county":"Montgomery","geo_location":{ "type": "Point", "coordinates": [-84.2593, 39.7467] }},
{"zip_code":"45482","country":"US","city":"Dayton","state":"Ohio","state_ab":"OH","county":"Montgomery","geo_location":{ "type": "Point", "coordinates": [-84.2686, 39.7505] }},
{"zip_code":"43758","country":"US","city":"Malta","state":"Ohio","state_ab":"OH","county":"Morgan","geo_location":{ "type": "Point", "coordinates": [-81.9127, 39.6482] }},
{"zip_code":"43822","country":"US","city":"Frazeysburg","state":"Ohio","state_ab":"OH","county":"Muskingum","geo_location":{ "type": "Point", "coordinates": [-82.1293, 40.1316] }},
{"zip_code":"43408","country":"US","city":"Clay Center","state":"Ohio","state_ab":"OH","county":"Ottawa","geo_location":{ "type": "Point", "coordinates": [-83.3632, 41.5686] }},
{"zip_code":"45855","country":"US","city":"Latty","state":"Ohio","state_ab":"OH","county":"Paulding","geo_location":{ "type": "Point", "coordinates": [-84.5841, 41.0879] }},
{"zip_code":"44272","country":"US","city":"Rootstown","state":"Ohio","state_ab":"OH","county":"Portage","geo_location":{ "type": "Point", "coordinates": [-81.2026, 41.0995] }},
{"zip_code":"44285","country":"US","city":"Wayland","state":"Ohio","state_ab":"OH","county":"Portage","geo_location":{ "type": "Point", "coordinates": [-81.07, 41.1597] }},
{"zip_code":"44412","country":"US","city":"Diamond","state":"Ohio","state_ab":"OH","county":"Portage","geo_location":{ "type": "Point", "coordinates": [-81.0425, 41.0935] }},
{"zip_code":"45338","country":"US","city":"Lewisburg","state":"Ohio","state_ab":"OH","county":"Preble","geo_location":{ "type": "Point", "coordinates": [-84.5369, 39.8534] }},
{"zip_code":"45378","country":"US","city":"Verona","state":"Ohio","state_ab":"OH","county":"Preble","geo_location":{ "type": "Point", "coordinates": [-84.4887, 39.9029] }},
{"zip_code":"45815","country":"US","city":"Belmore","state":"Ohio","state_ab":"OH","county":"Putnam","geo_location":{ "type": "Point", "coordinates": [-83.9413, 41.1539] }},
{"zip_code":"44865","country":"US","city":"Plymouth","state":"Ohio","state_ab":"OH","county":"Richland","geo_location":{ "type": "Point", "coordinates": [-82.6635, 41.0003] }},
{"zip_code":"44878","country":"US","city":"Shiloh","state":"Ohio","state_ab":"OH","county":"Richland","geo_location":{ "type": "Point", "coordinates": [-82.5222, 40.934] }},
{"zip_code":"44902","country":"US","city":"Mansfield","state":"Ohio","state_ab":"OH","county":"Richland","geo_location":{ "type": "Point", "coordinates": [-82.5123, 40.7559] }},
{"zip_code":"43435","country":"US","city":"Helena","state":"Ohio","state_ab":"OH","county":"Sandusky","geo_location":{ "type": "Point", "coordinates": [-83.3186, 41.326] }},
{"zip_code":"45648","country":"US","city":"Lucasville","state":"Ohio","state_ab":"OH","county":"Scioto","geo_location":{ "type": "Point", "coordinates": [-82.994, 38.8938] }},
{"zip_code":"45662","country":"US","city":"Portsmouth","state":"Ohio","state_ab":"OH","county":"Scioto","geo_location":{ "type": "Point", "coordinates": [-82.9306, 38.7932] }},
{"zip_code":"45365","country":"US","city":"Sidney","state":"Ohio","state_ab":"OH","county":"Shelby","geo_location":{ "type": "Point", "coordinates": [-84.1622, 40.2874] }},
{"zip_code":"44632","country":"US","city":"Hartville","state":"Ohio","state_ab":"OH","county":"Stark","geo_location":{ "type": "Point", "coordinates": [-81.3239, 40.9618] }},
{"zip_code":"44708","country":"US","city":"Canton","state":"Ohio","state_ab":"OH","county":"Stark","geo_location":{ "type": "Point", "coordinates": [-81.4241, 40.812] }},
{"zip_code":"44735","country":"US","city":"Canton","state":"Ohio","state_ab":"OH","county":"Stark","geo_location":{ "type": "Point", "coordinates": [-81.3683, 40.8118] }},
{"zip_code":"44232","country":"US","city":"Green","state":"Ohio","state_ab":"OH","county":"Summit","geo_location":{ "type": "Point", "coordinates": [-81.462, 40.9325] }},
{"zip_code":"44308","country":"US","city":"Akron","state":"Ohio","state_ab":"OH","county":"Summit","geo_location":{ "type": "Point", "coordinates": [-81.5194, 41.0796] }},
{"zip_code":"44322","country":"US","city":"Akron","state":"Ohio","state_ab":"OH","county":"Summit","geo_location":{ "type": "Point", "coordinates": [-81.581, 41.0491] }},
{"zip_code":"44685","country":"US","city":"Uniontown","state":"Ohio","state_ab":"OH","county":"Summit","geo_location":{ "type": "Point", "coordinates": [-81.4211, 40.9637] }},
{"zip_code":"44425","country":"US","city":"Hubbard","state":"Ohio","state_ab":"OH","county":"Trumbull","geo_location":{ "type": "Point", "coordinates": [-80.5762, 41.1624] }},
{"zip_code":"44438","country":"US","city":"Masury","state":"Ohio","state_ab":"OH","county":"Trumbull","geo_location":{ "type": "Point", "coordinates": [-80.5326, 41.2255] }},
{"zip_code":"45622","country":"US","city":"Creola","state":"Ohio","state_ab":"OH","county":"Vinton","geo_location":{ "type": "Point", "coordinates": [-82.503, 39.3543] }},
{"zip_code":"45068","country":"US","city":"Waynesville","state":"Ohio","state_ab":"OH","county":"Warren","geo_location":{ "type": "Point", "coordinates": [-84.0815, 39.5285] }},
{"zip_code":"45712","country":"US","city":"Barlow","state":"Ohio","state_ab":"OH","county":"Washington","geo_location":{ "type": "Point", "coordinates": [-81.3952, 39.3868] }},
{"zip_code":"44618","country":"US","city":"Dalton","state":"Ohio","state_ab":"OH","county":"Wayne","geo_location":{ "type": "Point", "coordinates": [-81.7008, 40.7793] }},
{"zip_code":"44645","country":"US","city":"Marshallville","state":"Ohio","state_ab":"OH","county":"Wayne","geo_location":{ "type": "Point", "coordinates": [-81.7225, 40.9067] }},
{"zip_code":"43462","country":"US","city":"Rudolph","state":"Ohio","state_ab":"OH","county":"Wood","geo_location":{ "type": "Point", "coordinates": [-83.6832, 41.2967] }},
{"zip_code":"43525","country":"US","city":"Haskins","state":"Ohio","state_ab":"OH","county":"Wood","geo_location":{ "type": "Point", "coordinates": [-83.7055, 41.4667] }},
{"zip_code":"43552","country":"US","city":"Perrysburg","state":"Ohio","state_ab":"OH","county":"Wood","geo_location":{ "type": "Point", "coordinates": [-83.649, 41.3924] }},
{"zip_code":"43565","country":"US","city":"Tontogany","state":"Ohio","state_ab":"OH","county":"Wood","geo_location":{ "type": "Point", "coordinates": [-83.7479, 41.4231] }},
{"zip_code":"74965","country":"US","city":"Westville","state":"Oklahoma","state_ab":"OK","county":"Adair","geo_location":{ "type": "Point", "coordinates": [-94.5926, 35.9912] }},
{"zip_code":"73728","country":"US","city":"Cherokee","state":"Oklahoma","state_ab":"OK","county":"Alfalfa","geo_location":{ "type": "Point", "coordinates": [-98.3594, 36.7564] }},
{"zip_code":"74525","country":"US","city":"Atoka","state":"Oklahoma","state_ab":"OK","county":"Atoka","geo_location":{ "type": "Point", "coordinates": [-96.1418, 34.3445] }},
{"zip_code":"73755","country":"US","city":"Longdale","state":"Oklahoma","state_ab":"OK","county":"Blaine","geo_location":{ "type": "Point", "coordinates": [-98.55, 36.1212] }},
{"zip_code":"73005","country":"US","city":"Anadarko","state":"Oklahoma","state_ab":"OK","county":"Caddo","geo_location":{ "type": "Point", "coordinates": [-98.2429, 35.0728] }},
{"zip_code":"73085","country":"US","city":"Yukon","state":"Oklahoma","state_ab":"OK","county":"Canadian","geo_location":{ "type": "Point", "coordinates": [-97.75, 35.4895] }},
{"zip_code":"73458","country":"US","city":"Springer","state":"Oklahoma","state_ab":"OK","county":"Carter","geo_location":{ "type": "Point", "coordinates": [-97.1223, 34.3038] }},
{"zip_code":"73072","country":"US","city":"Norman","state":"Oklahoma","state_ab":"OK","county":"Cleveland","geo_location":{ "type": "Point", "coordinates": [-97.4841, 35.199] }},
{"zip_code":"74538","country":"US","city":"Coalgate","state":"Oklahoma","state_ab":"OK","county":"Coal","geo_location":{ "type": "Point", "coordinates": [-96.2167, 34.5344] }},
{"zip_code":"73562","country":"US","city":"Randlett","state":"Oklahoma","state_ab":"OK","county":"Cotton","geo_location":{ "type": "Point", "coordinates": [-98.46, 34.174] }},
{"zip_code":"74332","country":"US","city":"Big Cabin","state":"Oklahoma","state_ab":"OK","county":"Craig","geo_location":{ "type": "Point", "coordinates": [-95.2246, 36.534] }},
{"zip_code":"73625","country":"US","city":"Butler","state":"Oklahoma","state_ab":"OK","county":"Custer","geo_location":{ "type": "Point", "coordinates": [-99.2427, 35.6336] }},
{"zip_code":"74345","country":"US","city":"Grove","state":"Oklahoma","state_ab":"OK","county":"Delaware","geo_location":{ "type": "Point", "coordinates": [-94.7297, 36.6036] }},
{"zip_code":"73832","country":"US","city":"Arnett","state":"Oklahoma","state_ab":"OK","county":"Ellis","geo_location":{ "type": "Point", "coordinates": [-99.6514, 36.0522] }},
{"zip_code":"73858","country":"US","city":"Shattuck","state":"Oklahoma","state_ab":"OK","county":"Ellis","geo_location":{ "type": "Point", "coordinates": [-99.8793, 36.2889] }},
{"zip_code":"73702","country":"US","city":"Enid","state":"Oklahoma","state_ab":"OK","county":"Garfield","geo_location":{ "type": "Point", "coordinates": [-97.7826, 36.3791] }},
{"zip_code":"73098","country":"US","city":"Wynnewood","state":"Oklahoma","state_ab":"OK","county":"Garvin","geo_location":{ "type": "Point", "coordinates": [-97.177, 34.6385] }},
{"zip_code":"73018","country":"US","city":"Chickasha","state":"Oklahoma","state_ab":"OK","county":"Grady","geo_location":{ "type": "Point", "coordinates": [-97.9518, 35.0268] }},
{"zip_code":"74462","country":"US","city":"Stigler","state":"Oklahoma","state_ab":"OK","county":"Haskell","geo_location":{ "type": "Point", "coordinates": [-95.1071, 35.2686] }},
{"zip_code":"74552","country":"US","city":"Kinta","state":"Oklahoma","state_ab":"OK","county":"Haskell","geo_location":{ "type": "Point", "coordinates": [-95.3175, 35.1971] }},
{"zip_code":"74848","country":"US","city":"Holdenville","state":"Oklahoma","state_ab":"OK","county":"Hughes","geo_location":{ "type": "Point", "coordinates": [-96.377, 35.0839] }},
{"zip_code":"73522","country":"US","city":"Altus","state":"Oklahoma","state_ab":"OK","county":"Jackson","geo_location":{ "type": "Point", "coordinates": [-99.3839, 34.7238] }},
{"zip_code":"73548","country":"US","city":"Hastings","state":"Oklahoma","state_ab":"OK","county":"Jefferson","geo_location":{ "type": "Point", "coordinates": [-98.1075, 34.2251] }},
{"zip_code":"73432","country":"US","city":"Coleman","state":"Oklahoma","state_ab":"OK","county":"Johnston","geo_location":{ "type": "Point", "coordinates": [-96.4588, 34.2625] }},
{"zip_code":"74602","country":"US","city":"Ponca City","state":"Oklahoma","state_ab":"OK","county":"Kay","geo_location":{ "type": "Point", "coordinates": [-97.1377, 36.6954] }},
{"zip_code":"73742","country":"US","city":"Hennessey","state":"Oklahoma","state_ab":"OK","county":"Kingfisher","geo_location":{ "type": "Point", "coordinates": [-97.8926, 36.0868] }},
{"zip_code":"74578","country":"US","city":"Wilburton","state":"Oklahoma","state_ab":"OK","county":"Latimer","geo_location":{ "type": "Point", "coordinates": [-95.3389, 34.9128] }},
{"zip_code":"74835","country":"US","city":"Clearview","state":"Oklahoma","state_ab":"OK","county":"Lincoln County","geo_location":{ "type": "Point", "coordinates": [-96.1714, 35.3926] }},
{"zip_code":"74875","country":"US","city":"Tryon","state":"Oklahoma","state_ab":"OK","county":"Lincoln","geo_location":{ "type": "Point", "coordinates": [-96.9623, 35.8759] }},
{"zip_code":"73058","country":"US","city":"Meridian","state":"Oklahoma","state_ab":"OK","county":"Logan","geo_location":{ "type": "Point", "coordinates": [-97.2462, 35.8451] }},
{"zip_code":"74745","country":"US","city":"Idabel","state":"Oklahoma","state_ab":"OK","county":"McCurtain","geo_location":{ "type": "Point", "coordinates": [-94.802, 33.8851] }},
{"zip_code":"73768","country":"US","city":"Ringwood","state":"Oklahoma","state_ab":"OK","county":"Major","geo_location":{ "type": "Point", "coordinates": [-98.2706, 36.3753] }},
{"zip_code":"73032","country":"US","city":"Dougherty","state":"Oklahoma","state_ab":"OK","county":"Murray","geo_location":{ "type": "Point", "coordinates": [-97.051, 34.402] }},
{"zip_code":"74422","country":"US","city":"Boynton","state":"Oklahoma","state_ab":"OK","county":"Muskogee","geo_location":{ "type": "Point", "coordinates": [-95.66, 35.6577] }},
{"zip_code":"74048","country":"US","city":"Nowata","state":"Oklahoma","state_ab":"OK","county":"Nowata","geo_location":{ "type": "Point", "coordinates": [-95.6404, 36.6946] }},
{"zip_code":"74862","country":"US","city":"Clearview","state":"Oklahoma","state_ab":"OK","county":"Okfuskee County","geo_location":{ "type": "Point", "coordinates": [-96.1226, 35.4201] }},
{"zip_code":"73045","country":"US","city":"Harrah","state":"Oklahoma","state_ab":"OK","county":"Oklahoma","geo_location":{ "type": "Point", "coordinates": [-97.1734, 35.4833] }},
{"zip_code":"64458","country":"US","city":"Hatfield","state":"Missouri","state_ab":"MO","county":"Harrison","geo_location":{ "type": "Point", "coordinates": [-94.1691, 40.5219] }},
{"zip_code":"64665","country":"US","city":"Mount Moriah","state":"Missouri","state_ab":"MO","county":"Harrison","geo_location":{ "type": "Point", "coordinates": [-93.7948, 40.3092] }},
{"zip_code":"65668","country":"US","city":"Hermitage","state":"Missouri","state_ab":"MO","county":"Hickory","geo_location":{ "type": "Point", "coordinates": [-93.2979, 37.8969] }},
{"zip_code":"65732","country":"US","city":"Preston","state":"Missouri","state_ab":"MO","county":"Hickory","geo_location":{ "type": "Point", "coordinates": [-93.1713, 37.939] }},
{"zip_code":"63675","country":"US","city":"Vulcan","state":"Missouri","state_ab":"MO","county":"Iron","geo_location":{ "type": "Point", "coordinates": [-90.7106, 37.306] }},
{"zip_code":"64058","country":"US","city":"Independence","state":"Missouri","state_ab":"MO","county":"Jackson","geo_location":{ "type": "Point", "coordinates": [-94.3515, 39.1412] }},
{"zip_code":"64108","country":"US","city":"Kansas City","state":"Missouri","state_ab":"MO","county":"Jackson","geo_location":{ "type": "Point", "coordinates": [-94.5868, 39.0837] }},
{"zip_code":"64148","country":"US","city":"Kansas City","state":"Missouri","state_ab":"MO","county":"Jackson","geo_location":{ "type": "Point", "coordinates": [-94.3567, 39.035] }},
{"zip_code":"64188","country":"US","city":"Kansas City","state":"Missouri","state_ab":"MO","county":"Jackson","geo_location":{ "type": "Point", "coordinates": [-94.3567, 39.035] }},
{"zip_code":"64755","country":"US","city":"Jasper","state":"Missouri","state_ab":"MO","county":"Jasper","geo_location":{ "type": "Point", "coordinates": [-94.2731, 37.3182] }},
{"zip_code":"64832","country":"US","city":"Asbury","state":"Missouri","state_ab":"MO","county":"Jasper","geo_location":{ "type": "Point", "coordinates": [-94.5655, 37.2942] }},
{"zip_code":"63028","country":"US","city":"Festus","state":"Missouri","state_ab":"MO","county":"Jefferson","geo_location":{ "type": "Point", "coordinates": [-90.4286, 38.1879] }},
{"zip_code":"65305","country":"US","city":"Whiteman Air Force Base","state":"Missouri","state_ab":"MO","county":"Johnson","geo_location":{ "type": "Point", "coordinates": [-93.5731, 38.7318] }},
{"zip_code":"65705","country":"US","city":"Marionville","state":"Missouri","state_ab":"MO","county":"Lawrence","geo_location":{ "type": "Point", "coordinates": [-93.6413, 37.0009] }},
{"zip_code":"64638","country":"US","city":"Dawn","state":"Missouri","state_ab":"MO","county":"Livingston","geo_location":{ "type": "Point", "coordinates": [-93.5964, 39.6665] }},
{"zip_code":"63532","country":"US","city":"Bevier","state":"Missouri","state_ab":"MO","county":"Macon","geo_location":{ "type": "Point", "coordinates": [-92.5619, 39.7497] }},
{"zip_code":"63558","country":"US","city":"New Cambria","state":"Missouri","state_ab":"MO","county":"Macon","geo_location":{ "type": "Point", "coordinates": [-92.7695, 39.7551] }},
{"zip_code":"65075","country":"US","city":"Saint Elizabeth","state":"Missouri","state_ab":"MO","county":"Miller","geo_location":{ "type": "Point", "coordinates": [-92.2635, 38.2712] }},
{"zip_code":"63882","country":"US","city":"Wyatt","state":"Missouri","state_ab":"MO","county":"Mississippi","geo_location":{ "type": "Point", "coordinates": [-89.2163, 36.936] }},
{"zip_code":"65282","country":"US","city":"Santa Fe","state":"Missouri","state_ab":"MO","county":"Monroe","geo_location":{ "type": "Point", "coordinates": [-91.8294, 39.3989] }},
{"zip_code":"63828","country":"US","city":"Canalou","state":"Missouri","state_ab":"MO","county":"New Madrid","geo_location":{ "type": "Point", "coordinates": [-89.6918, 36.7504] }},
{"zip_code":"63868","country":"US","city":"Morehouse","state":"Missouri","state_ab":"MO","county":"New Madrid","geo_location":{ "type": "Point", "coordinates": [-89.6847, 36.8504] }},
{"zip_code":"64858","country":"US","city":"Racine","state":"Missouri","state_ab":"MO","county":"Newton","geo_location":{ "type": "Point", "coordinates": [-94.5321, 36.901] }},
{"zip_code":"64432","country":"US","city":"Clyde","state":"Missouri","state_ab":"MO","county":"Nodaway","geo_location":{ "type": "Point", "coordinates": [-94.6687, 40.2635] }},
{"zip_code":"64445","country":"US","city":"Elmo","state":"Missouri","state_ab":"MO","county":"Nodaway","geo_location":{ "type": "Point", "coordinates": [-95.1236, 40.5185] }},
{"zip_code":"65035","country":"US","city":"Freeburg","state":"Missouri","state_ab":"MO","county":"Osage","geo_location":{ "type": "Point", "coordinates": [-91.9276, 38.3551] }},
{"zip_code":"65048","country":"US","city":"Koeltztown","state":"Missouri","state_ab":"MO","county":"Osage","geo_location":{ "type": "Point", "coordinates": [-92.0468, 38.3615] }},
{"zip_code":"65655","country":"US","city":"Gainesville","state":"Missouri","state_ab":"MO","county":"Ozark","geo_location":{ "type": "Point", "coordinates": [-92.4162, 36.5901] }},
{"zip_code":"65332","country":"US","city":"Green Ridge","state":"Missouri","state_ab":"MO","county":"Pettis","geo_location":{ "type": "Point", "coordinates": [-93.4374, 38.619] }},
{"zip_code":"65345","country":"US","city":"Mora","state":"Missouri","state_ab":"MO","county":"Pettis","geo_location":{ "type": "Point", "coordinates": [-93.2272, 38.5207] }},
{"zip_code":"65462","country":"US","city":"Edgar Springs","state":"Missouri","state_ab":"MO","county":"Phelps","geo_location":{ "type": "Point", "coordinates": [-91.8906, 37.7365] }},
{"zip_code":"64018","country":"US","city":"Camden Point","state":"Missouri","state_ab":"MO","county":"Platte","geo_location":{ "type": "Point", "coordinates": [-94.7444, 39.4515] }},
{"zip_code":"64098","country":"US","city":"Weston","state":"Missouri","state_ab":"MO","county":"Platte","geo_location":{ "type": "Point", "coordinates": [-94.9145, 39.4453] }},
{"zip_code":"64085","country":"US","city":"Richmond","state":"Missouri","state_ab":"MO","county":"Ray","geo_location":{ "type": "Point", "coordinates": [-93.9792, 39.2793] }},
{"zip_code":"63338","country":"US","city":"Cottleville","state":"Missouri","state_ab":"MO","county":"St. Charles","geo_location":{ "type": "Point", "coordinates": [-90.5368, 38.7509] }},
{"zip_code":"63365","country":"US","city":"New Melle","state":"Missouri","state_ab":"MO","county":"St. Charles","geo_location":{ "type": "Point", "coordinates": [-90.8751, 38.7163] }},
{"zip_code":"63042","country":"US","city":"Hazelwood","state":"Missouri","state_ab":"MO","county":"St. Louis","geo_location":{ "type": "Point", "coordinates": [-90.3669, 38.7809] }},
{"zip_code":"63105","country":"US","city":"Saint Louis","state":"Missouri","state_ab":"MO","county":"St. Louis","geo_location":{ "type": "Point", "coordinates": [-90.3264, 38.6459] }},
{"zip_code":"63132","country":"US","city":"Saint Louis","state":"Missouri","state_ab":"MO","county":"St. Louis","geo_location":{ "type": "Point", "coordinates": [-90.3747, 38.6746] }},
{"zip_code":"63145","country":"US","city":"Saint Louis","state":"Missouri","state_ab":"MO","county":"St. Louis","geo_location":{ "type": "Point", "coordinates": [-90.4271, 38.6383] }},
{"zip_code":"63198","country":"US","city":"Saint Louis","state":"Missouri","state_ab":"MO","county":"St. Louis","geo_location":{ "type": "Point", "coordinates": [-90.4271, 38.6383] }},
{"zip_code":"63442","country":"US","city":"Granger","state":"Missouri","state_ab":"MO","county":"Scotland","geo_location":{ "type": "Point", "coordinates": [-92.1474, 40.4533] }},
{"zip_code":"63468","country":"US","city":"Shelbina","state":"Missouri","state_ab":"MO","county":"Shelby","geo_location":{ "type": "Point", "coordinates": [-92.0371, 39.6947] }},
{"zip_code":"63738","country":"US","city":"Brownwood","state":"Missouri","state_ab":"MO","county":"Stoddard","geo_location":{ "type": "Point", "coordinates": [-89.9523, 37.0828] }},
{"zip_code":"63545","country":"US","city":"Green City","state":"Missouri","state_ab":"MO","county":"Sullivan","geo_location":{ "type": "Point", "coordinates": [-92.9532, 40.2601] }},
{"zip_code":"65615","country":"US","city":"Branson","state":"Missouri","state_ab":"MO","county":"Taney","geo_location":{ "type": "Point", "coordinates": [-93.2358, 36.661] }},
{"zip_code":"65552","country":"US","city":"Plato","state":"Missouri","state_ab":"MO","county":"Texas","geo_location":{ "type": "Point", "coordinates": [-92.1709, 37.5122] }},
{"zip_code":"64728","country":"US","city":"Bronaugh","state":"Missouri","state_ab":"MO","county":"Vernon","geo_location":{ "type": "Point", "coordinates": [-94.486, 37.69] }},
{"zip_code":"63378","country":"US","city":"Treloar","state":"Missouri","state_ab":"MO","county":"Warren","geo_location":{ "type": "Point", "coordinates": [-91.1886, 38.7702] }},
{"zip_code":"63622","country":"US","city":"Belgrade","state":"Missouri","state_ab":"MO","county":"Washington","geo_location":{ "type": "Point", "coordinates": [-90.8613, 37.7889] }},
{"zip_code":"63648","country":"US","city":"Irondale","state":"Missouri","state_ab":"MO","county":"Washington","geo_location":{ "type": "Point", "coordinates": [-90.6984, 37.8296] }},
{"zip_code":"63118","country":"US","city":"Saint Louis","state":"Missouri","state_ab":"MO","county":"St. Louis (city)","geo_location":{ "type": "Point", "coordinates": [-90.2309, 38.5943] }},
{"zip_code":"63158","country":"US","city":"Saint Louis","state":"Missouri","state_ab":"MO","county":"St. Louis (city)","geo_location":{ "type": "Point", "coordinates": [-90.2435, 38.6531] }},
{"zip_code":"96952","country":"US","city":"Tinian","state":"","state_ab":"MP","county":"","geo_location":{ "type": "Point", "coordinates": [145.625, 15.0125] }},
{"zip_code":"38835","country":"US","city":"Corinth","state":"Mississippi","state_ab":"MS","county":"Alcorn","geo_location":{ "type": "Point", "coordinates": [-88.5218, 34.9205] }},
{"zip_code":"39645","country":"US","city":"Liberty","state":"Mississippi","state_ab":"MS","county":"Amite","geo_location":{ "type": "Point", "coordinates": [-90.7133, 31.1384] }},
{"zip_code":"38732","country":"US","city":"Cleveland","state":"Mississippi","state_ab":"MS","county":"Bolivar","geo_location":{ "type": "Point", "coordinates": [-90.7309, 33.743] }},
{"zip_code":"38772","country":"US","city":"Scott","state":"Mississippi","state_ab":"MS","county":"Bolivar","geo_location":{ "type": "Point", "coordinates": [-91.0391, 33.5629] }},
{"zip_code":"38912","country":"US","city":"Avalon","state":"Mississippi","state_ab":"MS","county":"Carroll","geo_location":{ "type": "Point", "coordinates": [-90.054, 33.655] }},
{"zip_code":"38875","country":"US","city":"Trebloc","state":"Mississippi","state_ab":"MS","county":"Chickasaw","geo_location":{ "type": "Point", "coordinates": [-88.9554, 33.9068] }},
{"zip_code":"39735","country":"US","city":"Ackerman","state":"Mississippi","state_ab":"MS","county":"Choctaw","geo_location":{ "type": "Point", "coordinates": [-89.2014, 33.3517] }},
{"zip_code":"38758","country":"US","city":"Mattson","state":"Mississippi","state_ab":"MS","county":"Coahoma","geo_location":{ "type": "Point", "coordinates": [-90.507, 34.0768] }},
{"zip_code":"39078","country":"US","city":"Georgetown","state":"Mississippi","state_ab":"MS","county":"Copiah","geo_location":{ "type": "Point", "coordinates": [-90.2127, 31.8552] }},
{"zip_code":"39425","country":"US","city":"Brooklyn","state":"Mississippi","state_ab":"MS","county":"Forrest","geo_location":{ "type": "Point", "coordinates": [-89.0796, 31.0591] }},
{"zip_code":"39465","country":"US","city":"Petal","state":"Mississippi","state_ab":"MS","county":"Forrest","geo_location":{ "type": "Point", "coordinates": [-89.2222, 31.3472] }},
{"zip_code":"39452","country":"US","city":"Lucedale","state":"Mississippi","state_ab":"MS","county":"George","geo_location":{ "type": "Point", "coordinates": [-88.649, 30.8668] }},
{"zip_code":"39362","country":"US","city":"State Line","state":"Mississippi","state_ab":"MS","county":"Greene","geo_location":{ "type": "Point", "coordinates": [-88.5171, 31.3916] }},
{"zip_code":"39502","country":"US","city":"Gulfport","state":"Mississippi","state_ab":"MS","county":"Harrison","geo_location":{ "type": "Point", "coordinates": [-89.0684, 30.4158] }},
{"zip_code":"39205","country":"US","city":"Jackson","state":"Mississippi","state_ab":"MS","county":"Hinds","geo_location":{ "type": "Point", "coordinates": [-90.3972, 32.3113] }},
{"zip_code":"39272","country":"US","city":"Byram","state":"Mississippi","state_ab":"MS","county":"Hinds","geo_location":{ "type": "Point", "coordinates": [-90.2595, 32.1888] }},
{"zip_code":"39038","country":"US","city":"Belzoni","state":"Mississippi","state_ab":"MS","county":"Humphreys","geo_location":{ "type": "Point", "coordinates": [-90.4924, 33.1842] }},
{"zip_code":"39115","country":"US","city":"Midnight","state":"Mississippi","state_ab":"MS","county":"Humphreys","geo_location":{ "type": "Point", "coordinates": [-90.5318, 33.126] }},
{"zip_code":"38745","country":"US","city":"Grace","state":"Mississippi","state_ab":"MS","county":"Issaquena","geo_location":{ "type": "Point", "coordinates": [-90.983, 32.9775] }},
{"zip_code":"39555","country":"US","city":"Hurley","state":"Mississippi","state_ab":"MS","county":"Jackson","geo_location":{ "type": "Point", "coordinates": [-88.5197, 30.7132] }},
{"zip_code":"39568","country":"US","city":"Pascagoula","state":"Mississippi","state_ab":"MS","county":"Jackson","geo_location":{ "type": "Point", "coordinates": [-88.6345, 30.4411] }},
{"zip_code":"39595","country":"US","city":"Pascagoula","state":"Mississippi","state_ab":"MS","county":"Jackson","geo_location":{ "type": "Point", "coordinates": [-88.6345, 30.4411] }},
{"zip_code":"39348","country":"US","city":"Paulding","state":"Mississippi","state_ab":"MS","county":"Jasper","geo_location":{ "type": "Point", "coordinates": [-89.0584, 32.0167] }},
{"zip_code":"38655","country":"US","city":"Oxford","state":"Mississippi","state_ab":"MS","county":"Lafayette","geo_location":{ "type": "Point", "coordinates": [-89.4835, 34.3308] }},
{"zip_code":"39335","country":"US","city":"Lauderdale","state":"Mississippi","state_ab":"MS","county":"Lauderdale","geo_location":{ "type": "Point", "coordinates": [-88.4956, 32.5022] }},
{"zip_code":"38862","country":"US","city":"Plantersville","state":"Mississippi","state_ab":"MS","county":"Lee","geo_location":{ "type": "Point", "coordinates": [-88.6335, 34.2011] }},
{"zip_code":"38952","country":"US","city":"Schlater","state":"Mississippi","state_ab":"MS","county":"Leflore","geo_location":{ "type": "Point", "coordinates": [-90.362, 33.6244] }},
{"zip_code":"39478","country":"US","city":"Sandy Hook","state":"Mississippi","state_ab":"MS","county":"Marion","geo_location":{ "type": "Point", "coordinates": [-89.8183, 31.0479] }},
{"zip_code":"38642","country":"US","city":"Lamar","state":"Mississippi","state_ab":"MS","county":"Marshall","geo_location":{ "type": "Point", "coordinates": [-89.3163, 34.9271] }},
{"zip_code":"38848","country":"US","city":"Greenwood Springs","state":"Mississippi","state_ab":"MS","county":"Monroe","geo_location":{ "type": "Point", "coordinates": [-88.3207, 33.9401] }},
{"zip_code":"38925","country":"US","city":"Duck Hill","state":"Mississippi","state_ab":"MS","county":"Montgomery","geo_location":{ "type": "Point", "coordinates": [-89.6419, 33.5632] }},
{"zip_code":"39762","country":"US","city":"Mississippi State","state":"Mississippi","state_ab":"MS","county":"Oktibbeha","geo_location":{ "type": "Point", "coordinates": [-88.7433, 33.4156] }},
{"zip_code":"39632","country":"US","city":"Chatawa","state":"Mississippi","state_ab":"MS","county":"Pike","geo_location":{ "type": "Point", "coordinates": [-90.4875, 31.1145] }},
{"zip_code":"38628","country":"US","city":"Falcon","state":"Mississippi","state_ab":"MS","county":"Quitman","geo_location":{ "type": "Point", "coordinates": [-90.2927, 34.2916] }},
{"zip_code":"39218","country":"US","city":"Jackson","state":"Mississippi","state_ab":"MS","county":"Rankin","geo_location":{ "type": "Point", "coordinates": [-90.1591, 32.2287] }},
{"zip_code":"39232","country":"US","city":"Flowood","state":"Mississippi","state_ab":"MS","county":"Rankin","geo_location":{ "type": "Point", "coordinates": [-90.0915, 32.3299] }},
{"zip_code":"39298","country":"US","city":"Jackson","state":"Mississippi","state_ab":"MS","county":"Rankin","geo_location":{ "type": "Point", "coordinates": [-89.9923, 32.3199] }},
{"zip_code":"39092","country":"US","city":"Lake","state":"Mississippi","state_ab":"MS","county":"Scott","geo_location":{ "type": "Point", "coordinates": [-89.3414, 32.3459] }},
{"zip_code":"39168","country":"US","city":"Taylorsville","state":"Mississippi","state_ab":"MS","county":"Smith","geo_location":{ "type": "Point", "coordinates": [-89.4049, 31.8394] }},
{"zip_code":"38602","country":"US","city":"Arkabutla","state":"Mississippi","state_ab":"MS","county":"Tate","geo_location":{ "type": "Point", "coordinates": [-90.1068, 34.6863] }},
{"zip_code":"38668","country":"US","city":"Senatobia","state":"Mississippi","state_ab":"MS","county":"Tate","geo_location":{ "type": "Point", "coordinates": [-89.8855, 34.6323] }},
{"zip_code":"39182","country":"US","city":"Vicksburg","state":"Mississippi","state_ab":"MS","county":"Warren","geo_location":{ "type": "Point", "coordinates": [-90.8642, 32.3486] }},
{"zip_code":"39322","country":"US","city":"Buckatunna","state":"Mississippi","state_ab":"MS","county":"Wayne","geo_location":{ "type": "Point", "coordinates": [-88.548, 31.582] }},
{"zip_code":"38965","country":"US","city":"Water Valley","state":"Mississippi","state_ab":"MS","county":"Yalobusha","geo_location":{ "type": "Point", "coordinates": [-89.638, 34.1525] }},
{"zip_code":"59535","country":"US","city":"Lloyd","state":"Montana","state_ab":"MT","county":"Blaine","geo_location":{ "type": "Point", "coordinates": [-109.2671, 47.9647] }},
{"zip_code":"59405","country":"US","city":"Great Falls","state":"Montana","state_ab":"MT","county":"Cascade","geo_location":{ "type": "Point", "coordinates": [-111.2502, 47.495] }},
{"zip_code":"59472","country":"US","city":"Sand Coulee","state":"Montana","state_ab":"MT","county":"Cascade","geo_location":{ "type": "Point", "coordinates": [-111.1661, 47.4021] }},
{"zip_code":"59485","country":"US","city":"Ulm","state":"Montana","state_ab":"MT","county":"Cascade","geo_location":{ "type": "Point", "coordinates": [-111.5954, 47.3539] }},
{"zip_code":"59315","country":"US","city":"Bloomfield","state":"Montana","state_ab":"MT","county":"Dawson","geo_location":{ "type": "Point", "coordinates": [-104.9596, 47.41] }},
{"zip_code":"59032","country":"US","city":"Grass Range","state":"Montana","state_ab":"MT","county":"Fergus","geo_location":{ "type": "Point", "coordinates": [-108.8271, 47.0259] }},
{"zip_code":"59418","country":"US","city":"Buffalo","state":"Montana","state_ab":"MT","county":"Fergus","geo_location":{ "type": "Point", "coordinates": [-109.2631, 47.2485] }},
{"zip_code":"59445","country":"US","city":"Garneill","state":"Montana","state_ab":"MT","county":"Fergus","geo_location":{ "type": "Point", "coordinates": [-109.4683, 47.0557] }},
{"zip_code":"59922","country":"US","city":"Lakeside","state":"Montana","state_ab":"MT","county":"Flathead","geo_location":{ "type": "Point", "coordinates": [-114.2266, 48.0215] }},
{"zip_code":"59715","country":"US","city":"Bozeman","state":"Montana","state_ab":"MT","county":"Gallatin","geo_location":{ "type": "Point", "coordinates": [-111.0431, 45.6693] }},
{"zip_code":"59058","country":"US","city":"Mosby","state":"Montana","state_ab":"MT","county":"Garfield","geo_location":{ "type": "Point", "coordinates": [-107.7891, 46.9005] }},
{"zip_code":"59832","country":"US","city":"Drummond","state":"Montana","state_ab":"MT","county":"Granite","geo_location":{ "type": "Point", "coordinates": [-113.2426, 46.6647] }},
{"zip_code":"59858","country":"US","city":"Philipsburg","state":"Montana","state_ab":"MT","county":"Granite","geo_location":{ "type": "Point", "coordinates": [-113.3126, 46.3189] }},
{"zip_code":"59638","country":"US","city":"Jefferson City","state":"Montana","state_ab":"MT","county":"Jefferson","geo_location":{ "type": "Point", "coordinates": [-112.0232, 46.3679] }},
{"zip_code":"59625","country":"US","city":"Helena","state":"Montana","state_ab":"MT","county":"Lewis and Clark","geo_location":{ "type": "Point", "coordinates": [-112.0413, 46.6018] }},
{"zip_code":"59522","country":"US","city":"Chester","state":"Montana","state_ab":"MT","county":"Liberty","geo_location":{ "type": "Point", "coordinates": [-110.9798, 48.4541] }},
{"zip_code":"59935","country":"US","city":"Troy","state":"Montana","state_ab":"MT","county":"Lincoln","geo_location":{ "type": "Point", "coordinates": [-115.8817, 48.4791] }},
{"zip_code":"59755","country":"US","city":"Virginia City","state":"Montana","state_ab":"MT","county":"Madison","geo_location":{ "type": "Point", "coordinates": [-111.8681, 45.3256] }},
{"zip_code":"59872","country":"US","city":"Superior","state":"Montana","state_ab":"MT","county":"Mineral","geo_location":{ "type": "Point", "coordinates": [-114.8885, 47.1721] }},
{"zip_code":"59072","country":"US","city":"Roundup","state":"Montana","state_ab":"MT","county":"Musselshell","geo_location":{ "type": "Point", "coordinates": [-108.5438, 46.4225] }},
{"zip_code":"59018","country":"US","city":"Clyde Park","state":"Montana","state_ab":"MT","county":"Park","geo_location":{ "type": "Point", "coordinates": [-110.6222, 45.8341] }},
{"zip_code":"59432","country":"US","city":"Dupuyer","state":"Montana","state_ab":"MT","county":"Pondera","geo_location":{ "type": "Point", "coordinates": [-112.5943, 48.1815] }},
{"zip_code":"59728","country":"US","city":"Elliston","state":"Montana","state_ab":"MT","county":"Powell","geo_location":{ "type": "Point", "coordinates": [-112.4007, 46.5034] }},
{"zip_code":"59212","country":"US","city":"Bainville","state":"Montana","state_ab":"MT","county":"Roosevelt","geo_location":{ "type": "Point", "coordinates": [-104.1995, 48.158] }},
{"zip_code":"59845","country":"US","city":"Hot Springs","state":"Montana","state_ab":"MT","county":"Sanders","geo_location":{ "type": "Point", "coordinates": [-114.6597, 47.5914] }},
{"zip_code":"59252","country":"US","city":"Outlook","state":"Montana","state_ab":"MT","county":"Sheridan","geo_location":{ "type": "Point", "coordinates": [-104.7415, 48.8817] }},
{"zip_code":"59702","country":"US","city":"Butte","state":"Montana","state_ab":"MT","county":"Silver Bow","geo_location":{ "type": "Point", "coordinates": [-112.6377, 45.9053] }},
{"zip_code":"59225","country":"US","city":"Frazer","state":"Montana","state_ab":"MT","county":"Valley","geo_location":{ "type": "Point", "coordinates": [-106.0324, 48.2959] }},
{"zip_code":"59085","country":"US","city":"Two Dot","state":"Montana","state_ab":"MT","county":"Wheatland","geo_location":{ "type": "Point", "coordinates": [-110.0712, 46.4242] }},
{"zip_code":"59108","country":"US","city":"Billings","state":"Montana","state_ab":"MT","county":"Yellowstone","geo_location":{ "type": "Point", "coordinates": [-108.1945, 45.9783] }},
{"zip_code":"28678","country":"US","city":"Stony Point","state":"North Carolina","state_ab":"NC","county":"Alexander","geo_location":{ "type": "Point", "coordinates": [-81.0641, 35.8661] }},
{"zip_code":"28135","country":"US","city":"Polkton","state":"North Carolina","state_ab":"NC","county":"Anson","geo_location":{ "type": "Point", "coordinates": [-80.1538, 34.9823] }},
{"zip_code":"28652","country":"US","city":"Minneapolis","state":"North Carolina","state_ab":"NC","county":"Avery","geo_location":{ "type": "Point", "coordinates": [-81.9343, 36.0865] }},
{"zip_code":"28715","country":"US","city":"Candler","state":"North Carolina","state_ab":"NC","county":"Buncombe","geo_location":{ "type": "Point", "coordinates": [-82.7001, 35.5376] }},
{"zip_code":"28728","country":"US","city":"Enka","state":"North Carolina","state_ab":"NC","county":"Buncombe","geo_location":{ "type": "Point", "coordinates": [-82.708, 35.4988] }},
{"zip_code":"28805","country":"US","city":"Asheville","state":"North Carolina","state_ab":"NC","county":"Buncombe","geo_location":{ "type": "Point", "coordinates": [-82.4918, 35.6004] }},
{"zip_code":"28612","country":"US","city":"Connellys Springs","state":"North Carolina","state_ab":"NC","county":"Burke","geo_location":{ "type": "Point", "coordinates": [-81.5387, 35.6895] }},
{"zip_code":"28638","country":"US","city":"Hudson","state":"North Carolina","state_ab":"NC","county":"Caldwell","geo_location":{ "type": "Point", "coordinates": [-81.4897, 35.8403] }},
{"zip_code":"28575","country":"US","city":"Salter Path","state":"North Carolina","state_ab":"NC","county":"Carteret","geo_location":{ "type": "Point", "coordinates": [-76.5871, 34.8739] }},
{"zip_code":"27208","country":"US","city":"Bennett","state":"North Carolina","state_ab":"NC","county":"Chatham","geo_location":{ "type": "Point", "coordinates": [-79.5225, 35.5673] }},
{"zip_code":"27312","country":"US","city":"Pittsboro","state":"North Carolina","state_ab":"NC","county":"Chatham","geo_location":{ "type": "Point", "coordinates": [-79.1755, 35.7694] }},
{"zip_code":"27932","country":"US","city":"Edenton","state":"North Carolina","state_ab":"NC","county":"Chowan","geo_location":{ "type": "Point", "coordinates": [-76.6224, 36.0908] }},
{"zip_code":"4685","country":"US","city":"Swans Island","state":"Maine","state_ab":"ME","county":"Hancock","geo_location":{ "type": "Point", "coordinates": [-68.3965, 44.2131] }},
{"zip_code":"4645","country":"US","city":"Isle Au Haut","state":"Maine","state_ab":"ME","county":"Knox","geo_location":{ "type": "Point", "coordinates": [-68.6206, 44.0561] }},
{"zip_code":"4865","country":"US","city":"West Rockport","state":"Maine","state_ab":"ME","county":"Knox","geo_location":{ "type": "Point", "coordinates": [-69.1211, 44.1924] }},
{"zip_code":"4348","country":"US","city":"Jefferson","state":"Maine","state_ab":"ME","county":"Lincoln","geo_location":{ "type": "Point", "coordinates": [-69.5133, 44.2204] }},
{"zip_code":"4555","country":"US","city":"Nobleboro","state":"Maine","state_ab":"ME","county":"Lincoln","geo_location":{ "type": "Point", "coordinates": [-69.4828, 44.0943] }},
{"zip_code":"4568","country":"US","city":"South Bristol","state":"Maine","state_ab":"ME","county":"Lincoln","geo_location":{ "type": "Point", "coordinates": [-69.5614, 43.8677] }},
{"zip_code":"4852","country":"US","city":"Monhegan","state":"Maine","state_ab":"ME","county":"Lincoln","geo_location":{ "type": "Point", "coordinates": [-69.3164, 43.7642] }},
{"zip_code":"4412","country":"US","city":"Brewer","state":"Maine","state_ab":"ME","county":"Penobscot","geo_location":{ "type": "Point", "coordinates": [-68.7539, 44.7874] }},
{"zip_code":"4928","country":"US","city":"Corinna","state":"Maine","state_ab":"ME","county":"Penobscot","geo_location":{ "type": "Point", "coordinates": [-69.2323, 44.926] }}]}