{"value": [{"zip_code":"4478","country":"US","city":"Rockwood","state":"Maine","state_ab":"ME","county":"Somerset","geo_location":{ "type": "Point", "coordinates": [-69.8768, 45.8641] }},
{"zip_code":"4942","country":"US","city":"Harmony","state":"Maine","state_ab":"ME","county":"Somerset","geo_location":{ "type": "Point", "coordinates": [-69.5481, 44.973] }},
{"zip_code":"4438","country":"US","city":"Frankfort","state":"Maine","state_ab":"ME","county":"Waldo","geo_location":{ "type": "Point", "coordinates": [-68.934, 44.5979] }},
{"zip_code":"4915","country":"US","city":"Belfast","state":"Maine","state_ab":"ME","county":"Waldo","geo_location":{ "type": "Point", "coordinates": [-69.0148, 44.4354] }},
{"zip_code":"4492","country":"US","city":"Waite","state":"Maine","state_ab":"ME","county":"Washington","geo_location":{ "type": "Point", "coordinates": [-67.678, 45.3492] }},
{"zip_code":"4618","country":"US","city":"Bucks Harbor","state":"Maine","state_ab":"ME","county":"Washington County","geo_location":{ "type": "Point", "coordinates": [-67.396, 44.6272] }},
{"zip_code":"4658","country":"US","city":"Milbridge","state":"Maine","state_ab":"ME","county":"Washington","geo_location":{ "type": "Point", "coordinates": [-67.8844, 44.5366] }},
{"zip_code":"48762","country":"US","city":"Spruce","state":"Michigan","state_ab":"MI","county":"Alcona","geo_location":{ "type": "Point", "coordinates": [-83.5044, 44.8224] }},
{"zip_code":"49895","country":"US","city":"Wetmore","state":"Michigan","state_ab":"MI","county":"Alger","geo_location":{ "type": "Point", "coordinates": [-86.6345, 46.3535] }},
{"zip_code":"49622","country":"US","city":"Central Lake","state":"Michigan","state_ab":"MI","county":"Antrim","geo_location":{ "type": "Point", "coordinates": [-85.2673, 45.0748] }},
{"zip_code":"49648","country":"US","city":"Kewadin","state":"Michigan","state_ab":"MI","county":"Antrim","geo_location":{ "type": "Point", "coordinates": [-85.3539, 45.0126] }},
{"zip_code":"48658","country":"US","city":"Standish","state":"Michigan","state_ab":"MI","county":"Arenac","geo_location":{ "type": "Point", "coordinates": [-83.9433, 43.9733] }},
{"zip_code":"49325","country":"US","city":"Freeport","state":"Michigan","state_ab":"MI","county":"Barry","geo_location":{ "type": "Point", "coordinates": [-85.2791, 42.7297] }},
{"zip_code":"48708","country":"US","city":"Bay City","state":"Michigan","state_ab":"MI","county":"Bay","geo_location":{ "type": "Point", "coordinates": [-83.8781, 43.5821] }},
{"zip_code":"49635","country":"US","city":"Frankfort","state":"Michigan","state_ab":"MI","county":"Benzie","geo_location":{ "type": "Point", "coordinates": [-86.2212, 44.6311] }},
{"zip_code":"49028","country":"US","city":"Bronson","state":"Michigan","state_ab":"MI","county":"Branch","geo_location":{ "type": "Point", "coordinates": [-85.1838, 41.8643] }},
{"zip_code":"49082","country":"US","city":"Quincy","state":"Michigan","state_ab":"MI","county":"Branch","geo_location":{ "type": "Point", "coordinates": [-84.8493, 41.9707] }},
{"zip_code":"49015","country":"US","city":"Battle Creek","state":"Michigan","state_ab":"MI","county":"Calhoun","geo_location":{ "type": "Point", "coordinates": [-85.2128, 42.3028] }},
{"zip_code":"49068","country":"US","city":"Marshall","state":"Michigan","state_ab":"MI","county":"Calhoun","geo_location":{ "type": "Point", "coordinates": [-84.9583, 42.272] }},
{"zip_code":"49095","country":"US","city":"Vandalia","state":"Michigan","state_ab":"MI","county":"Cass","geo_location":{ "type": "Point", "coordinates": [-85.8755, 41.8955] }},
{"zip_code":"49712","country":"US","city":"Boyne City","state":"Michigan","state_ab":"MI","county":"Charlevoix","geo_location":{ "type": "Point", "coordinates": [-85.0183, 45.2052] }},
{"zip_code":"49792","country":"US","city":"Tower","state":"Michigan","state_ab":"MI","county":"Cheboygan","geo_location":{ "type": "Point", "coordinates": [-84.2953, 45.3588] }},
{"zip_code":"49725","country":"US","city":"De Tour Village","state":"Michigan","state_ab":"MI","county":"Chippewa","geo_location":{ "type": "Point", "coordinates": [-83.9396, 45.9939] }},
{"zip_code":"49752","country":"US","city":"Kinross","state":"Michigan","state_ab":"MI","county":"Chippewa","geo_location":{ "type": "Point", "coordinates": [-84.6473, 46.2596] }},
{"zip_code":"49778","country":"US","city":"Brimley","state":"Michigan","state_ab":"MI","county":"Chippewa","geo_location":{ "type": "Point", "coordinates": [-84.3365, 46.4108] }},
{"zip_code":"48632","country":"US","city":"Lake","state":"Michigan","state_ab":"MI","county":"Clare","geo_location":{ "type": "Point", "coordinates": [-85.0219, 43.8575] }},
{"zip_code":"49738","country":"US","city":"Grayling","state":"Michigan","state_ab":"MI","county":"Crawford","geo_location":{ "type": "Point", "coordinates": [-84.6913, 44.671] }},
{"zip_code":"49802","country":"US","city":"Kingsford","state":"Michigan","state_ab":"MI","county":"Dickinson","geo_location":{ "type": "Point", "coordinates": [-88.0773, 45.8006] }},
{"zip_code":"49815","country":"US","city":"Channing","state":"Michigan","state_ab":"MI","county":"Dickinson","geo_location":{ "type": "Point", "coordinates": [-88.0772, 46.1546] }},
{"zip_code":"48438","country":"US","city":"Goodrich","state":"Michigan","state_ab":"MI","county":"Genesee","geo_location":{ "type": "Point", "coordinates": [-83.4845, 42.9147] }},
{"zip_code":"48502","country":"US","city":"Flint","state":"Michigan","state_ab":"MI","county":"Genesee","geo_location":{ "type": "Point", "coordinates": [-83.6948, 43.0151] }},
{"zip_code":"48555","country":"US","city":"Flint","state":"Michigan","state_ab":"MI","county":"Genesee","geo_location":{ "type": "Point", "coordinates": [-83.7108, 43.0113] }},
{"zip_code":"49262","country":"US","city":"North Adams","state":"Michigan","state_ab":"MI","county":"Hillsdale","geo_location":{ "type": "Point", "coordinates": [-84.5208, 41.9715] }},
{"zip_code":"49288","country":"US","city":"Waldron","state":"Michigan","state_ab":"MI","county":"Hillsdale","geo_location":{ "type": "Point", "coordinates": [-84.4496, 41.7386] }},
{"zip_code":"49905","country":"US","city":"Atlantic Mine","state":"Michigan","state_ab":"MI","county":"Houghton","geo_location":{ "type": "Point", "coordinates": [-88.6613, 47.0937] }},
{"zip_code":"49945","country":"US","city":"Lake Linden","state":"Michigan","state_ab":"MI","county":"Houghton","geo_location":{ "type": "Point", "coordinates": [-88.2973, 47.1784] }},
{"zip_code":"49958","country":"US","city":"Pelkie","state":"Michigan","state_ab":"MI","county":"Houghton","geo_location":{ "type": "Point", "coordinates": [-88.6251, 46.7949] }},
{"zip_code":"48825","country":"US","city":"East Lansing","state":"Michigan","state_ab":"MI","county":"Ingham","geo_location":{ "type": "Point", "coordinates": [-84.4648, 42.7238] }},
{"zip_code":"48892","country":"US","city":"Webberville","state":"Michigan","state_ab":"MI","county":"Ingham","geo_location":{ "type": "Point", "coordinates": [-84.1701, 42.663] }},
{"zip_code":"48915","country":"US","city":"Lansing","state":"Michigan","state_ab":"MI","county":"Ingham","geo_location":{ "type": "Point", "coordinates": [-84.5704, 42.7391] }},
{"zip_code":"48865","country":"US","city":"Orleans","state":"Michigan","state_ab":"MI","county":"Ionia","geo_location":{ "type": "Point", "coordinates": [-85.1165, 43.0895] }},
{"zip_code":"48748","country":"US","city":"National City","state":"Michigan","state_ab":"MI","county":"Iosco","geo_location":{ "type": "Point", "coordinates": [-83.6839, 44.3137] }},
{"zip_code":"48878","country":"US","city":"Rosebush","state":"Michigan","state_ab":"MI","county":"Isabella","geo_location":{ "type": "Point", "coordinates": [-84.7833, 43.6843] }},
{"zip_code":"49002","country":"US","city":"Portage","state":"Michigan","state_ab":"MI","county":"Kalamazoo","geo_location":{ "type": "Point", "coordinates": [-85.5639, 42.1938] }},
{"zip_code":"49468","country":"US","city":"Grandville","state":"Michigan","state_ab":"MI","county":"Kent","geo_location":{ "type": "Point", "coordinates": [-85.5503, 43.0314] }},
{"zip_code":"49505","country":"US","city":"Grand Rapids","state":"Michigan","state_ab":"MI","county":"Kent","geo_location":{ "type": "Point", "coordinates": [-85.6309, 43.012] }},
{"zip_code":"49518","country":"US","city":"Grand Rapids","state":"Michigan","state_ab":"MI","county":"Kent","geo_location":{ "type": "Point", "coordinates": [-85.5503, 43.0314] }},
{"zip_code":"49918","country":"US","city":"Copper Harbor","state":"Michigan","state_ab":"MI","county":"Keweenaw","geo_location":{ "type": "Point", "coordinates": [-87.9463, 47.4716] }},
{"zip_code":"49402","country":"US","city":"Branch","state":"Michigan","state_ab":"MI","county":"Lake","geo_location":{ "type": "Point", "coordinates": [-86.0345, 43.9333] }},
{"zip_code":"48412","country":"US","city":"Attica","state":"Michigan","state_ab":"MI","county":"Lapeer","geo_location":{ "type": "Point", "coordinates": [-83.1668, 43.0547] }},
{"zip_code":"49235","country":"US","city":"Clayton","state":"Michigan","state_ab":"MI","county":"Lenawee","geo_location":{ "type": "Point", "coordinates": [-84.2147, 41.8636] }},
{"zip_code":"49248","country":"US","city":"Jasper","state":"Michigan","state_ab":"MI","county":"Lenawee","geo_location":{ "type": "Point", "coordinates": [-84.0011, 41.7704] }},
{"zip_code":"49275","country":"US","city":"Ridgeway","state":"Michigan","state_ab":"MI","county":"Lenawee","geo_location":{ "type": "Point", "coordinates": [-83.8657, 41.988] }},
{"zip_code":"49868","country":"US","city":"Newberry","state":"Michigan","state_ab":"MI","county":"Luce","geo_location":{ "type": "Point", "coordinates": [-85.515, 46.3438] }},
{"zip_code":"48038","country":"US","city":"Clinton Township","state":"Michigan","state_ab":"MI","county":"Macomb","geo_location":{ "type": "Point", "coordinates": [-82.9608, 42.6206] }},
{"zip_code":"48065","country":"US","city":"Romeo","state":"Michigan","state_ab":"MI","county":"Macomb","geo_location":{ "type": "Point", "coordinates": [-83.0388, 42.84] }},
{"zip_code":"48092","country":"US","city":"Warren","state":"Michigan","state_ab":"MI","county":"Macomb","geo_location":{ "type": "Point", "coordinates": [-83.0643, 42.5125] }},
{"zip_code":"49675","country":"US","city":"Onekama","state":"Michigan","state_ab":"MI","county":"Manistee","geo_location":{ "type": "Point", "coordinates": [-86.21, 44.3646] }},
{"zip_code":"49855","country":"US","city":"Marquette","state":"Michigan","state_ab":"MI","county":"Marquette","geo_location":{ "type": "Point", "coordinates": [-87.4545, 46.5786] }},
{"zip_code":"49338","country":"US","city":"Paris","state":"Michigan","state_ab":"MI","county":"Mecosta","geo_location":{ "type": "Point", "coordinates": [-85.5213, 43.7677] }},
{"zip_code":"48618","country":"US","city":"Coleman","state":"Michigan","state_ab":"MI","county":"Midland","geo_location":{ "type": "Point", "coordinates": [-84.5911, 43.7494] }},
{"zip_code":"48182","country":"US","city":"Temperance","state":"Michigan","state_ab":"MI","county":"Monroe","geo_location":{ "type": "Point", "coordinates": [-83.5797, 41.7682] }},
{"zip_code":"48812","country":"US","city":"Cedar Lake","state":"Michigan","state_ab":"MI","county":"Montcalm","geo_location":{ "type": "Point", "coordinates": [-84.9753, 43.4138] }},
{"zip_code":"48838","country":"US","city":"Greenville","state":"Michigan","state_ab":"MI","county":"Montcalm","geo_location":{ "type": "Point", "coordinates": [-85.2497, 43.1793] }},
{"zip_code":"48852","country":"US","city":"Mcbrides","state":"Michigan","state_ab":"MI","county":"Montcalm","geo_location":{ "type": "Point", "coordinates": [-85.0517, 43.3503] }},
{"zip_code":"49415","country":"US","city":"Fruitport","state":"Michigan","state_ab":"MI","county":"Muskegon","geo_location":{ "type": "Point", "coordinates": [-86.1388, 43.1443] }},
{"zip_code":"49442","country":"US","city":"Muskegon","state":"Michigan","state_ab":"MI","county":"Muskegon","geo_location":{ "type": "Point", "coordinates": [-86.1885, 43.2329] }},
{"zip_code":"49312","country":"US","city":"Brohman","state":"Michigan","state_ab":"MI","county":"Newaygo","geo_location":{ "type": "Point", "coordinates": [-85.7911, 43.666] }},
{"zip_code":"48012","country":"US","city":"Birmingham","state":"Michigan","state_ab":"MI","county":"Oakland","geo_location":{ "type": "Point", "coordinates": [-83.2924, 42.6044] }},
{"zip_code":"48025","country":"US","city":"Franklin","state":"Michigan","state_ab":"MI","county":"Oakland","geo_location":{ "type": "Point", "coordinates": [-83.2519, 42.5219] }},
{"zip_code":"48308","country":"US","city":"Rochester","state":"Michigan","state_ab":"MI","county":"Oakland","geo_location":{ "type": "Point", "coordinates": [-83.1314, 42.6385] }},
{"zip_code":"48322","country":"US","city":"West Bloomfield","state":"Michigan","state_ab":"MI","county":"Oakland","geo_location":{ "type": "Point", "coordinates": [-83.3793, 42.5424] }},
{"zip_code":"48335","country":"US","city":"Farmington","state":"Michigan","state_ab":"MI","county":"Oakland","geo_location":{ "type": "Point", "coordinates": [-83.4053, 42.4617] }},
{"zip_code":"48348","country":"US","city":"Clarkston","state":"Michigan","state_ab":"MI","county":"Oakland","geo_location":{ "type": "Point", "coordinates": [-83.404, 42.7605] }},
{"zip_code":"48362","country":"US","city":"Lake Orion","state":"Michigan","state_ab":"MI","county":"Oakland","geo_location":{ "type": "Point", "coordinates": [-83.2748, 42.7763] }},
{"zip_code":"48375","country":"US","city":"Novi","state":"Michigan","state_ab":"MI","county":"Oakland","geo_location":{ "type": "Point", "coordinates": [-83.4577, 42.4604] }},
{"zip_code":"49455","country":"US","city":"Shelby","state":"Michigan","state_ab":"MI","county":"Oceana","geo_location":{ "type": "Point", "coordinates": [-86.3615, 43.6079] }},
{"zip_code":"49688","country":"US","city":"Tustin","state":"Michigan","state_ab":"MI","county":"Osceola","geo_location":{ "type": "Point", "coordinates": [-85.4901, 44.1072] }},
{"zip_code":"49428","country":"US","city":"Jenison","state":"Michigan","state_ab":"MI","county":"Ottawa","geo_location":{ "type": "Point", "coordinates": [-85.8276, 42.9104] }},
{"zip_code":"49765","country":"US","city":"Onaway","state":"Michigan","state_ab":"MI","county":"Presque Isle","geo_location":{ "type": "Point", "coordinates": [-84.2123, 45.3365] }},
{"zip_code":"48605","country":"US","city":"Saginaw","state":"Michigan","state_ab":"MI","county":"Saginaw","geo_location":{ "type": "Point", "coordinates": [-84.0518, 43.4588] }},
{"zip_code":"48722","country":"US","city":"Bridgeport","state":"Michigan","state_ab":"MI","county":"Saginaw","geo_location":{ "type": "Point", "coordinates": [-83.8549, 43.3553] }},
{"zip_code":"49042","country":"US","city":"Constantine","state":"Michigan","state_ab":"MI","county":"St. Joseph","geo_location":{ "type": "Point", "coordinates": [-85.6571, 41.846] }},
{"zip_code":"48465","country":"US","city":"Palms","state":"Michigan","state_ab":"MI","county":"Sanilac","geo_location":{ "type": "Point", "coordinates": [-82.7017, 43.6257] }},
{"zip_code":"48735","country":"US","city":"Gagetown","state":"Michigan","state_ab":"MI","county":"Tuscola","geo_location":{ "type": "Point", "coordinates": [-83.2628, 43.6543] }},
{"zip_code":"49055","country":"US","city":"Gobles","state":"Michigan","state_ab":"MI","county":"Van Buren","geo_location":{ "type": "Point", "coordinates": [-85.8536, 42.3702] }},
{"zip_code":"48115","country":"US","city":"Bridgewater","state":"Michigan","state_ab":"MI","county":"Washtenaw","geo_location":{ "type": "Point", "coordinates": [-83.9117, 42.1602] }},
{"zip_code":"48102","country":"US","city":"Allen Park","state":"Michigan","state_ab":"MI","county":"Wayne County","geo_location":{ "type": "Point", "coordinates": [-83.2109, 42.259] }},
{"zip_code":"48128","country":"US","city":"Dearborn","state":"Michigan","state_ab":"MI","county":"Wayne","geo_location":{ "type": "Point", "coordinates": [-83.2701, 42.32] }},
{"zip_code":"48168","country":"US","city":"Northville","state":"Michigan","state_ab":"MI","county":"Wayne County","geo_location":{ "type": "Point", "coordinates": [-83.4978, 42.4086] }},
{"zip_code":"48195","country":"US","city":"Southgate","state":"Michigan","state_ab":"MI","county":"Wayne","geo_location":{ "type": "Point", "coordinates": [-83.1999, 42.2044] }},
{"zip_code":"48205","country":"US","city":"Detroit","state":"Michigan","state_ab":"MI","county":"Wayne","geo_location":{ "type": "Point", "coordinates": [-82.9813, 42.4313] }},
{"zip_code":"48218","country":"US","city":"River Rouge","state":"Michigan","state_ab":"MI","county":"Wayne","geo_location":{ "type": "Point", "coordinates": [-83.1364, 42.2692] }},
{"zip_code":"48232","country":"US","city":"Detroit","state":"Michigan","state_ab":"MI","county":"Wayne","geo_location":{ "type": "Point", "coordinates": [-83.1508, 42.2399] }},
{"zip_code":"48258","country":"US","city":"Detroit","state":"Michigan","state_ab":"MI","county":"Wayne","geo_location":{ "type": "Point", "coordinates": [-83.1508, 42.2399] }},
{"zip_code":"48272","country":"US","city":"Detroit","state":"Michigan","state_ab":"MI","county":"Wayne","geo_location":{ "type": "Point", "coordinates": [-83.1508, 42.2399] }},
{"zip_code":"55005","country":"US","city":"Bethel","state":"Minnesota","state_ab":"MN","county":"Anoka","geo_location":{ "type": "Point", "coordinates": [-93.2315, 45.3887] }},
{"zip_code":"55432","country":"US","city":"Minneapolis","state":"Minnesota","state_ab":"MN","county":"Anoka","geo_location":{ "type": "Point", "coordinates": [-93.2396, 45.095] }},
{"zip_code":"56578","country":"US","city":"Rochert","state":"Minnesota","state_ab":"MN","county":"Becker","geo_location":{ "type": "Point", "coordinates": [-95.7246, 46.8862] }},
{"zip_code":"55315","country":"US","city":"Carver","state":"Minnesota","state_ab":"MN","county":"Carver","geo_location":{ "type": "Point", "coordinates": [-93.6879, 44.7169] }},
{"zip_code":"55368","country":"US","city":"Norwood","state":"Minnesota","state_ab":"MN","county":"Carver","geo_location":{ "type": "Point", "coordinates": [-93.9301, 44.7668] }},
{"zip_code":"55562","country":"US","city":"Young America","state":"Minnesota","state_ab":"MN","county":"Carver","geo_location":{ "type": "Point", "coordinates": [-93.7665, 44.8055] }},
{"zip_code":"56435","country":"US","city":"Backus","state":"Minnesota","state_ab":"MN","county":"Cass","geo_location":{ "type": "Point", "coordinates": [-94.3959, 46.8699] }},
{"zip_code":"56655","country":"US","city":"Longville","state":"Minnesota","state_ab":"MN","county":"Cass","geo_location":{ "type": "Point", "coordinates": [-94.1982, 47.0248] }},
{"zip_code":"56295","country":"US","city":"Watson","state":"Minnesota","state_ab":"MN","county":"Chippewa","geo_location":{ "type": "Point", "coordinates": [-95.834, 45.0412] }},
{"zip_code":"55032","country":"US","city":"Harris","state":"Minnesota","state_ab":"MN","county":"Chisago","geo_location":{ "type": "Point", "coordinates": [-93.0395, 45.5962] }},
{"zip_code":"55045","country":"US","city":"Lindstrom","state":"Minnesota","state_ab":"MN","county":"Chisago","geo_location":{ "type": "Point", "coordinates": [-92.8421, 45.3873] }},
{"zip_code":"56525","country":"US","city":"Comstock","state":"Minnesota","state_ab":"MN","county":"Clay","geo_location":{ "type": "Point", "coordinates": [-96.7398, 46.6667] }},
{"zip_code":"56552","country":"US","city":"Hitterdal","state":"Minnesota","state_ab":"MN","county":"Clay","geo_location":{ "type": "Point", "coordinates": [-96.2888, 47.0014] }},
{"zip_code":"55612","country":"US","city":"Lutsen","state":"Minnesota","state_ab":"MN","county":"Cook","geo_location":{ "type": "Point", "coordinates": [-90.6381, 47.6831] }},
{"zip_code":"56448","country":"US","city":"Fifty Lakes","state":"Minnesota","state_ab":"MN","county":"Crow Wing","geo_location":{ "type": "Point", "coordinates": [-94.0656, 46.747] }},
{"zip_code":"55085","country":"US","city":"Vermillion","state":"Minnesota","state_ab":"MN","county":"Dakota","geo_location":{ "type": "Point", "coordinates": [-92.9683, 44.6748] }},
{"zip_code":"55122","country":"US","city":"Saint Paul","state":"Minnesota","state_ab":"MN","county":"Dakota","geo_location":{ "type": "Point", "coordinates": [-93.2202, 44.786] }},
{"zip_code":"56332","country":"US","city":"Garfield","state":"Minnesota","state_ab":"MN","county":"Douglas","geo_location":{ "type": "Point", "coordinates": [-95.5066, 45.9847] }},
{"zip_code":"55922","country":"US","city":"Canton","state":"Minnesota","state_ab":"MN","county":"Fillmore","geo_location":{ "type": "Point", "coordinates": [-91.913, 43.5667] }},
{"zip_code":"55935","country":"US","city":"Fountain","state":"Minnesota","state_ab":"MN","county":"Fillmore","geo_location":{ "type": "Point", "coordinates": [-92.1423, 43.7284] }},
{"zip_code":"55962","country":"US","city":"Peterson","state":"Minnesota","state_ab":"MN","county":"Fillmore","geo_location":{ "type": "Point", "coordinates": [-91.8443, 43.7769] }},
{"zip_code":"55975","country":"US","city":"Spring Valley","state":"Minnesota","state_ab":"MN","county":"Fillmore","geo_location":{ "type": "Point", "coordinates": [-92.368, 43.6823] }},
{"zip_code":"56035","country":"US","city":"Geneva","state":"Minnesota","state_ab":"MN","county":"Freeborn","geo_location":{ "type": "Point", "coordinates": [-93.2671, 43.8235] }},
{"zip_code":"55018","country":"US","city":"Dennison","state":"Minnesota","state_ab":"MN","county":"Goodhue","geo_location":{ "type": "Point", "coordinates": [-92.9554, 44.4265] }},
{"zip_code":"55405","country":"US","city":"Minneapolis","state":"Minnesota","state_ab":"MN","county":"Hennepin","geo_location":{ "type": "Point", "coordinates": [-93.3047, 44.9702] }},
{"zip_code":"55418","country":"US","city":"Minneapolis","state":"Minnesota","state_ab":"MN","county":"Hennepin","geo_location":{ "type": "Point", "coordinates": [-93.2401, 45.0192] }},
{"zip_code":"55445","country":"US","city":"Minneapolis","state":"Minnesota","state_ab":"MN","county":"Hennepin","geo_location":{ "type": "Point", "coordinates": [-93.3797, 45.1232] }},
{"zip_code":"55458","country":"US","city":"Minneapolis","state":"Minnesota","state_ab":"MN","county":"Hennepin","geo_location":{ "type": "Point", "coordinates": [-93.4719, 45.0159] }},
{"zip_code":"55472","country":"US","city":"Minneapolis","state":"Minnesota","state_ab":"MN","county":"Hennepin","geo_location":{ "type": "Point", "coordinates": [-93.4719, 45.0159] }},
{"zip_code":"55485","country":"US","city":"Minneapolis","state":"Minnesota","state_ab":"MN","county":"Hennepin","geo_location":{ "type": "Point", "coordinates": [-93.4719, 45.0159] }},
{"zip_code":"55575","country":"US","city":"Howard Lake","state":"Minnesota","state_ab":"MN","county":"Hennepin","geo_location":{ "type": "Point", "coordinates": [-93.4719, 45.0159] }},
{"zip_code":"55742","country":"US","city":"Goodland","state":"Minnesota","state_ab":"MN","county":"Itasca","geo_location":{ "type": "Point", "coordinates": [-93.1469, 47.1924] }},
{"zip_code":"55755","country":"US","city":"Kelsey","state":"Minnesota","state_ab":"MN","county":"Itasca County","geo_location":{ "type": "Point", "coordinates": [-92.6205, 47.1537] }},
{"zip_code":"56628","country":"US","city":"Bigfork","state":"Minnesota","state_ab":"MN","county":"Itasca","geo_location":{ "type": "Point", "coordinates": [-93.6707, 47.7502] }},
{"zip_code":"56112","country":"US","city":"Amiret","state":"Minnesota","state_ab":"MN","county":"Jackson County","geo_location":{ "type": "Point", "coordinates": [-95.7169, 44.3259] }},
{"zip_code":"56358","country":"US","city":"Ogilvie","state":"Minnesota","state_ab":"MN","county":"Kanabec","geo_location":{ "type": "Point", "coordinates": [-93.4359, 45.8476] }},
{"zip_code":"71465","country":"US","city":"Olla","state":"Louisiana","state_ab":"LA","county":"La Salle","geo_location":{ "type": "Point", "coordinates": [-92.2214, 31.8734] }},
{"zip_code":"71245","country":"US","city":"Grambling","state":"Louisiana","state_ab":"LA","county":"Lincoln","geo_location":{ "type": "Point", "coordinates": [-92.7158, 32.5244] }},
{"zip_code":"71272","country":"US","city":"Ruston","state":"Louisiana","state_ab":"LA","county":"Lincoln","geo_location":{ "type": "Point", "coordinates": [-92.6493, 32.5258] }},
{"zip_code":"70462","country":"US","city":"Springfield","state":"Louisiana","state_ab":"LA","county":"Livingston","geo_location":{ "type": "Point", "coordinates": [-90.5775, 30.4157] }},
{"zip_code":"70785","country":"US","city":"Walker","state":"Louisiana","state_ab":"LA","county":"Livingston","geo_location":{ "type": "Point", "coordinates": [-90.8557, 30.5247] }},
{"zip_code":"71452","country":"US","city":"Melrose","state":"Louisiana","state_ab":"LA","county":"Natchitoches","geo_location":{ "type": "Point", "coordinates": [-92.9745, 31.6104] }},
{"zip_code":"70112","country":"US","city":"New Orleans","state":"Louisiana","state_ab":"LA","county":"Orleans","geo_location":{ "type": "Point", "coordinates": [-90.0753, 29.9605] }},
{"zip_code":"70125","country":"US","city":"New Orleans","state":"Louisiana","state_ab":"LA","county":"Orleans","geo_location":{ "type": "Point", "coordinates": [-90.1028, 29.9512] }},
{"zip_code":"70152","country":"US","city":"New Orleans","state":"Louisiana","state_ab":"LA","county":"Orleans","geo_location":{ "type": "Point", "coordinates": [-89.8826, 30.033] }},
{"zip_code":"70165","country":"US","city":"New Orleans","state":"Louisiana","state_ab":"LA","county":"Orleans","geo_location":{ "type": "Point", "coordinates": [-89.8826, 30.033] }},
{"zip_code":"70178","country":"US","city":"New Orleans","state":"Louisiana","state_ab":"LA","county":"Orleans","geo_location":{ "type": "Point", "coordinates": [-89.8826, 30.033] }},
{"zip_code":"70732","country":"US","city":"Fordoche","state":"Louisiana","state_ab":"LA","county":"Pointe Coupee","geo_location":{ "type": "Point", "coordinates": [-91.6264, 30.6576] }},
{"zip_code":"71348","country":"US","city":"Libuse","state":"Louisiana","state_ab":"LA","county":"Rapides","geo_location":{ "type": "Point", "coordinates": [-92.5269, 31.2034] }},
{"zip_code":"71438","country":"US","city":"Hineston","state":"Louisiana","state_ab":"LA","county":"Rapides","geo_location":{ "type": "Point", "coordinates": [-92.7375, 31.1669] }},
{"zip_code":"71025","country":"US","city":"East Point","state":"Louisiana","state_ab":"LA","county":"Red River","geo_location":{ "type": "Point", "coordinates": [-93.3679, 32.0624] }},
{"zip_code":"71218","country":"US","city":"Archibald","state":"Louisiana","state_ab":"LA","county":"Richland","geo_location":{ "type": "Point", "coordinates": [-91.7693, 32.3632] }},
{"zip_code":"71232","country":"US","city":"Delhi","state":"Louisiana","state_ab":"LA","county":"Richland","geo_location":{ "type": "Point", "coordinates": [-91.4714, 32.3929] }},
{"zip_code":"71065","country":"US","city":"Pleasant Hill","state":"Louisiana","state_ab":"LA","county":"Sabine","geo_location":{ "type": "Point", "coordinates": [-93.5136, 31.8086] }},
{"zip_code":"71412","country":"US","city":"Chopin","state":"Louisiana","state_ab":"LA","county":"Sabine Parish","geo_location":{ "type": "Point", "coordinates": [-92.9497, 31.5419] }},
{"zip_code":"70075","country":"US","city":"Meraux","state":"Louisiana","state_ab":"LA","county":"St. Bernard","geo_location":{ "type": "Point", "coordinates": [-89.9214, 29.9335] }},
{"zip_code":"70512","country":"US","city":"Arnaudville","state":"Louisiana","state_ab":"LA","county":"St. Landry","geo_location":{ "type": "Point", "coordinates": [-91.9263, 30.3981] }},
{"zip_code":"70538","country":"US","city":"Franklin","state":"Louisiana","state_ab":"LA","county":"St. Mary","geo_location":{ "type": "Point", "coordinates": [-91.5026, 29.7857] }},
{"zip_code":"70435","country":"US","city":"Covington","state":"Louisiana","state_ab":"LA","county":"St. Tammany","geo_location":{ "type": "Point", "coordinates": [-90.1098, 30.5661] }},
{"zip_code":"70448","country":"US","city":"Mandeville","state":"Louisiana","state_ab":"LA","county":"St. Tammany","geo_location":{ "type": "Point", "coordinates": [-90.0487, 30.3666] }},
{"zip_code":"70422","country":"US","city":"Amite","state":"Louisiana","state_ab":"LA","county":"Tangipahoa","geo_location":{ "type": "Point", "coordinates": [-90.5705, 30.7182] }},
{"zip_code":"71375","country":"US","city":"Waterproof","state":"Louisiana","state_ab":"LA","county":"Tensas","geo_location":{ "type": "Point", "coordinates": [-91.3872, 31.8076] }},
{"zip_code":"70642","country":"US","city":"Fullerton","state":"Louisiana","state_ab":"LA","county":"Vernon","geo_location":{ "type": "Point", "coordinates": [-93.2009, 31.112] }},
{"zip_code":"2562","country":"US","city":"Sagamore Beach","state":"Massachusetts","state_ab":"MA","county":"Barnstable","geo_location":{ "type": "Point", "coordinates": [-70.5196, 41.7933] }},
{"zip_code":"2638","country":"US","city":"Dennis","state":"Massachusetts","state_ab":"MA","county":"Barnstable","geo_location":{ "type": "Point", "coordinates": [-70.1911, 41.7322] }},
{"zip_code":"2652","country":"US","city":"North Truro","state":"Massachusetts","state_ab":"MA","county":"Barnstable","geo_location":{ "type": "Point", "coordinates": [-70.0875, 42.0338] }},
{"zip_code":"1222","country":"US","city":"Ashley Falls","state":"Massachusetts","state_ab":"MA","county":"Berkshire","geo_location":{ "type": "Point", "coordinates": [-73.3202, 42.0596] }},
{"zip_code":"1235","country":"US","city":"Hinsdale","state":"Massachusetts","state_ab":"MA","county":"Berkshire","geo_location":{ "type": "Point", "coordinates": [-73.0724, 42.4298] }},
{"zip_code":"1262","country":"US","city":"Stockbridge","state":"Massachusetts","state_ab":"MA","county":"Berkshire","geo_location":{ "type": "Point", "coordinates": [-73.3223, 42.301] }},
{"zip_code":"2702","country":"US","city":"Assonet","state":"Massachusetts","state_ab":"MA","county":"Bristol","geo_location":{ "type": "Point", "coordinates": [-71.0607, 41.7975] }},
{"zip_code":"2715","country":"US","city":"Dighton","state":"Massachusetts","state_ab":"MA","county":"Bristol","geo_location":{ "type": "Point", "coordinates": [-71.1427, 41.8125] }},
{"zip_code":"2742","country":"US","city":"New Bedford","state":"Massachusetts","state_ab":"MA","county":"Bristol","geo_location":{ "type": "Point", "coordinates": [-70.9563, 41.6196] }},
{"zip_code":"2768","country":"US","city":"Raynham Center","state":"Massachusetts","state_ab":"MA","county":"Bristol","geo_location":{ "type": "Point", "coordinates": [-71.0671, 41.7562] }},
{"zip_code":"2535","country":"US","city":"Chilmark","state":"Massachusetts","state_ab":"MA","county":"Dukes","geo_location":{ "type": "Point", "coordinates": [-70.7416, 41.3575] }},
{"zip_code":"2575","country":"US","city":"West Tisbury","state":"Massachusetts","state_ab":"MA","county":"Dukes","geo_location":{ "type": "Point", "coordinates": [-70.6428, 41.4213] }},
{"zip_code":"1842","country":"US","city":"Lawrence","state":"Massachusetts","state_ab":"MA","county":"Essex","geo_location":{ "type": "Point", "coordinates": [-70.8791, 42.6354] }},
{"zip_code":"1905","country":"US","city":"Lynn","state":"Massachusetts","state_ab":"MA","county":"Essex","geo_location":{ "type": "Point", "coordinates": [-70.9728, 42.4694] }},
{"zip_code":"1945","country":"US","city":"Marblehead","state":"Massachusetts","state_ab":"MA","county":"Essex","geo_location":{ "type": "Point", "coordinates": [-70.8653, 42.4984] }},
{"zip_code":"1985","country":"US","city":"West Newbury","state":"Massachusetts","state_ab":"MA","county":"Essex","geo_location":{ "type": "Point", "coordinates": [-70.9778, 42.7949] }},
{"zip_code":"1338","country":"US","city":"Buckland","state":"Massachusetts","state_ab":"MA","county":"Franklin","geo_location":{ "type": "Point", "coordinates": [-72.8213, 42.5736] }},
{"zip_code":"1378","country":"US","city":"Warwick","state":"Massachusetts","state_ab":"MA","county":"Franklin","geo_location":{ "type": "Point", "coordinates": [-72.3397, 42.6671] }},
{"zip_code":"1028","country":"US","city":"East Longmeadow","state":"Massachusetts","state_ab":"MA","county":"Hampden","geo_location":{ "type": "Point", "coordinates": [-72.5056, 42.0672] }},
{"zip_code":"1095","country":"US","city":"Wilbraham","state":"Massachusetts","state_ab":"MA","county":"Hampden","geo_location":{ "type": "Point", "coordinates": [-72.4464, 42.1245] }},
{"zip_code":"1105","country":"US","city":"Springfield","state":"Massachusetts","state_ab":"MA","county":"Hampden","geo_location":{ "type": "Point", "coordinates": [-72.5783, 42.0999] }},
{"zip_code":"1118","country":"US","city":"Springfield","state":"Massachusetts","state_ab":"MA","county":"Hampden","geo_location":{ "type": "Point", "coordinates": [-72.5274, 42.0929] }},
{"zip_code":"1002","country":"US","city":"Amherst","state":"Massachusetts","state_ab":"MA","county":"Hampshire","geo_location":{ "type": "Point", "coordinates": [-72.4646, 42.3671] }},
{"zip_code":"1082","country":"US","city":"Ware","state":"Massachusetts","state_ab":"MA","county":"Hampshire","geo_location":{ "type": "Point", "coordinates": [-72.2583, 42.2618] }},
{"zip_code":"1752","country":"US","city":"Marlborough","state":"Massachusetts","state_ab":"MA","county":"Middlesex","geo_location":{ "type": "Point", "coordinates": [-71.5434, 42.3509] }},
{"zip_code":"1778","country":"US","city":"Wayland","state":"Massachusetts","state_ab":"MA","county":"Middlesex","geo_location":{ "type": "Point", "coordinates": [-71.3588, 42.3486] }},
{"zip_code":"1815","country":"US","city":"Woburn","state":"Massachusetts","state_ab":"MA","county":"Middlesex","geo_location":{ "type": "Point", "coordinates": [-71.4594, 42.4464] }},
{"zip_code":"2148","country":"US","city":"Malden","state":"Massachusetts","state_ab":"MA","county":"Middlesex","geo_location":{ "type": "Point", "coordinates": [-71.0605, 42.4291] }},
{"zip_code":"2162","country":"US","city":"Newton","state":"Massachusetts","state_ab":"MA","county":"Middlesex","geo_location":{ "type": "Point", "coordinates": [-71.2541, 42.3319] }},
{"zip_code":"2175","country":"US","city":"Arlington Heights","state":"Massachusetts","state_ab":"MA","county":"Middlesex","geo_location":{ "type": "Point", "coordinates": [-71.4594, 42.4464] }},
{"zip_code":"2212","country":"US","city":"Boston","state":"Massachusetts","state_ab":"MA","county":"Middlesex","geo_location":{ "type": "Point", "coordinates": [-71.4594, 42.4464] }},
{"zip_code":"2238","country":"US","city":"Cambridge","state":"Massachusetts","state_ab":"MA","county":"Middlesex","geo_location":{ "type": "Point", "coordinates": [-71.4594, 42.4464] }},
{"zip_code":"2458","country":"US","city":"Newton","state":"Massachusetts","state_ab":"MA","county":"Middlesex","geo_location":{ "type": "Point", "coordinates": [-71.1875, 42.3528] }},
{"zip_code":"2472","country":"US","city":"Watertown","state":"Massachusetts","state_ab":"MA","county":"Middlesex","geo_location":{ "type": "Point", "coordinates": [-71.1773, 42.37] }},
{"zip_code":"2032","country":"US","city":"East Walpole","state":"Massachusetts","state_ab":"MA","county":"Norfolk","geo_location":{ "type": "Point", "coordinates": [-71.2179, 42.1532] }},
{"zip_code":"2072","country":"US","city":"Stoughton","state":"Massachusetts","state_ab":"MA","county":"Norfolk","geo_location":{ "type": "Point", "coordinates": [-71.1074, 42.1253] }},
{"zip_code":"2188","country":"US","city":"Weymouth","state":"Massachusetts","state_ab":"MA","county":"Norfolk","geo_location":{ "type": "Point", "coordinates": [-70.9582, 42.2113] }},
{"zip_code":"2368","country":"US","city":"Randolph","state":"Massachusetts","state_ab":"MA","county":"Norfolk","geo_location":{ "type": "Point", "coordinates": [-71.0514, 42.1736] }},
{"zip_code":"2445","country":"US","city":"Brookline","state":"Massachusetts","state_ab":"MA","county":"Norfolk","geo_location":{ "type": "Point", "coordinates": [-71.1341, 42.3259] }},
{"zip_code":"2018","country":"US","city":"Accord","state":"Massachusetts","state_ab":"MA","county":"Plymouth","geo_location":{ "type": "Point", "coordinates": [-70.7014, 41.9705] }},
{"zip_code":"2045","country":"US","city":"Hull","state":"Massachusetts","state_ab":"MA","county":"Plymouth","geo_location":{ "type": "Point", "coordinates": [-70.8754, 42.2853] }},
{"zip_code":"2302","country":"US","city":"Brockton","state":"Massachusetts","state_ab":"MA","county":"Plymouth","geo_location":{ "type": "Point", "coordinates": [-71.0002, 42.0847] }},
{"zip_code":"2355","country":"US","city":"North Carver","state":"Massachusetts","state_ab":"MA","county":"Plymouth","geo_location":{ "type": "Point", "coordinates": [-70.8013, 41.9169] }},
{"zip_code":"2382","country":"US","city":"Whitman","state":"Massachusetts","state_ab":"MA","county":"Plymouth","geo_location":{ "type": "Point", "coordinates": [-70.9381, 42.0816] }},
{"zip_code":"2405","country":"US","city":"Brockton","state":"Massachusetts","state_ab":"MA","county":"Plymouth","geo_location":{ "type": "Point", "coordinates": [-70.7014, 41.9705] }},
{"zip_code":"2108","country":"US","city":"Boston","state":"Massachusetts","state_ab":"MA","county":"Suffolk","geo_location":{ "type": "Point", "coordinates": [-71.0684, 42.3576] }},
{"zip_code":"2122","country":"US","city":"Boston","state":"Massachusetts","state_ab":"MA","county":"Suffolk","geo_location":{ "type": "Point", "coordinates": [-71.0552, 42.2966] }},
{"zip_code":"2135","country":"US","city":"Brighton","state":"Massachusetts","state_ab":"MA","county":"Suffolk","geo_location":{ "type": "Point", "coordinates": [-71.1566, 42.3478] }},
{"zip_code":"1068","country":"US","city":"Oakham","state":"Massachusetts","state_ab":"MA","county":"Worcester","geo_location":{ "type": "Point", "coordinates": [-72.0513, 42.348] }},
{"zip_code":"1468","country":"US","city":"Templeton","state":"Massachusetts","state_ab":"MA","county":"Worcester","geo_location":{ "type": "Point", "coordinates": [-72.065, 42.546] }},
{"zip_code":"1505","country":"US","city":"Boylston","state":"Massachusetts","state_ab":"MA","county":"Worcester","geo_location":{ "type": "Point", "coordinates": [-71.731, 42.3377] }},
{"zip_code":"1518","country":"US","city":"Fiskdale","state":"Massachusetts","state_ab":"MA","county":"Worcester","geo_location":{ "type": "Point", "coordinates": [-72.1178, 42.1228] }},
{"zip_code":"1532","country":"US","city":"Northborough","state":"Massachusetts","state_ab":"MA","county":"Worcester","geo_location":{ "type": "Point", "coordinates": [-71.6464, 42.3182] }},
{"zip_code":"1545","country":"US","city":"Shrewsbury","state":"Massachusetts","state_ab":"MA","county":"Worcester","geo_location":{ "type": "Point", "coordinates": [-71.7205, 42.2848] }},
{"zip_code":"1585","country":"US","city":"West Brookfield","state":"Massachusetts","state_ab":"MA","county":"Worcester","geo_location":{ "type": "Point", "coordinates": [-72.1511, 42.2441] }},
{"zip_code":"1608","country":"US","city":"Worcester","state":"Massachusetts","state_ab":"MA","county":"Worcester","geo_location":{ "type": "Point", "coordinates": [-71.8003, 42.2624] }},
{"zip_code":"20755","country":"US","city":"Fort George G Meade","state":"Maryland","state_ab":"MD","county":"Anne Arundel","geo_location":{ "type": "Point", "coordinates": [-76.7467, 39.1059] }},
{"zip_code":"21035","country":"US","city":"Davidsonville","state":"Maryland","state_ab":"MD","county":"Anne Arundel","geo_location":{ "type": "Point", "coordinates": [-76.6375, 38.9374] }},
{"zip_code":"21062","country":"US","city":"Glen Burnie","state":"Maryland","state_ab":"MD","county":"Anne Arundel","geo_location":{ "type": "Point", "coordinates": [-76.5949, 38.9742] }},
{"zip_code":"21022","country":"US","city":"Brooklandville","state":"Maryland","state_ab":"MD","county":"Baltimore","geo_location":{ "type": "Point", "coordinates": [-76.6717, 39.3979] }},
{"zip_code":"21152","country":"US","city":"Sparks Glencoe","state":"Maryland","state_ab":"MD","county":"Baltimore","geo_location":{ "type": "Point", "coordinates": [-76.6819, 39.5483] }},
{"zip_code":"21228","country":"US","city":"Catonsville","state":"Maryland","state_ab":"MD","county":"Baltimore","geo_location":{ "type": "Point", "coordinates": [-76.7401, 39.2782] }},
{"zip_code":"21282","country":"US","city":"Baltimore","state":"Maryland","state_ab":"MD","county":"Baltimore","geo_location":{ "type": "Point", "coordinates": [-76.5921, 39.439] }},
{"zip_code":"20678","country":"US","city":"Prince Frederick","state":"Maryland","state_ab":"MD","county":"Calvert","geo_location":{ "type": "Point", "coordinates": [-76.5955, 38.5336] }},
{"zip_code":"21655","country":"US","city":"Preston","state":"Maryland","state_ab":"MD","county":"Caroline","geo_location":{ "type": "Point", "coordinates": [-75.9163, 38.7465] }},
{"zip_code":"21682","country":"US","city":"Ridgely","state":"Maryland","state_ab":"MD","county":"Caroline","geo_location":{ "type": "Point", "coordinates": [-75.8612, 38.8893] }},
{"zip_code":"21048","country":"US","city":"Finksburg","state":"Maryland","state_ab":"MD","county":"Carroll","geo_location":{ "type": "Point", "coordinates": [-76.9101, 39.4991] }},
{"zip_code":"21088","country":"US","city":"Lineboro","state":"Maryland","state_ab":"MD","county":"Carroll","geo_location":{ "type": "Point", "coordinates": [-77.0493, 39.5347] }},
{"zip_code":"21912","country":"US","city":"Warwick","state":"Maryland","state_ab":"MD","county":"Cecil","geo_location":{ "type": "Point", "coordinates": [-75.7996, 39.4283] }},
{"zip_code":"20612","country":"US","city":"Benedict","state":"Maryland","state_ab":"MD","county":"Charles","geo_location":{ "type": "Point", "coordinates": [-76.6873, 38.5087] }},
{"zip_code":"20625","country":"US","city":"Cobb Island","state":"Maryland","state_ab":"MD","county":"Charles","geo_location":{ "type": "Point", "coordinates": [-76.8502, 38.262] }},
{"zip_code":"21835","country":"US","city":"Linkwood","state":"Maryland","state_ab":"MD","county":"Dorchester","geo_location":{ "type": "Point", "coordinates": [-75.963, 38.5403] }},
{"zip_code":"21705","country":"US","city":"Frederick","state":"Maryland","state_ab":"MD","county":"Frederick","geo_location":{ "type": "Point", "coordinates": [-77.3921, 39.47] }},
{"zip_code":"21718","country":"US","city":"Burkittsville","state":"Maryland","state_ab":"MD","county":"Frederick","geo_location":{ "type": "Point", "coordinates": [-77.6275, 39.3923] }},
{"zip_code":"21758","country":"US","city":"Knoxville","state":"Maryland","state_ab":"MD","county":"Frederick","geo_location":{ "type": "Point", "coordinates": [-77.6513, 39.3479] }},
{"zip_code":"21798","country":"US","city":"Woodsboro","state":"Maryland","state_ab":"MD","county":"Frederick","geo_location":{ "type": "Point", "coordinates": [-77.2972, 39.5311] }},
{"zip_code":"21538","country":"US","city":"Kitzmiller","state":"Maryland","state_ab":"MD","county":"Garrett","geo_location":{ "type": "Point", "coordinates": [-79.2222, 39.4169] }},
{"zip_code":"21075","country":"US","city":"Elkridge","state":"Maryland","state_ab":"MD","county":"Howard","geo_location":{ "type": "Point", "coordinates": [-76.7531, 39.2058] }},
{"zip_code":"20818","country":"US","city":"Cabin John","state":"Maryland","state_ab":"MD","county":"Montgomery","geo_location":{ "type": "Point", "coordinates": [-77.1591, 38.9743] }},
{"zip_code":"20832","country":"US","city":"Olney","state":"Maryland","state_ab":"MD","county":"Montgomery","geo_location":{ "type": "Point", "coordinates": [-77.0749, 39.1526] }},
{"zip_code":"20872","country":"US","city":"Damascus","state":"Maryland","state_ab":"MD","county":"Montgomery","geo_location":{ "type": "Point", "coordinates": [-77.2131, 39.2761] }},
{"zip_code":"20885","country":"US","city":"Gaithersburg","state":"Maryland","state_ab":"MD","county":"Montgomery","geo_location":{ "type": "Point", "coordinates": [-77.2028, 39.1874] }},
{"zip_code":"20898","country":"US","city":"Gaithersburg","state":"Maryland","state_ab":"MD","county":"Montgomery","geo_location":{ "type": "Point", "coordinates": [-77.2076, 39.144] }},
{"zip_code":"20908","country":"US","city":"Silver Spring","state":"Maryland","state_ab":"MD","county":"Montgomery","geo_location":{ "type": "Point", "coordinates": [-77.2076, 39.144] }},
{"zip_code":"20715","country":"US","city":"Bowie","state":"Maryland","state_ab":"MD","county":"Prince George's","geo_location":{ "type": "Point", "coordinates": [-76.7435, 38.9797] }},
{"zip_code":"20742","country":"US","city":"College Park","state":"Maryland","state_ab":"MD","county":"Prince George's","geo_location":{ "type": "Point", "coordinates": [-76.9457, 38.9896] }},
{"zip_code":"20768","country":"US","city":"Greenbelt","state":"Maryland","state_ab":"MD","county":"Prince George's","geo_location":{ "type": "Point", "coordinates": [-76.8777, 38.8336] }},
{"zip_code":"20782","country":"US","city":"Hyattsville","state":"Maryland","state_ab":"MD","county":"Prince George's","geo_location":{ "type": "Point", "coordinates": [-76.9649, 38.9647] }},
{"zip_code":"21628","country":"US","city":"Crumpton","state":"Maryland","state_ab":"MD","county":"Queen Anne's","geo_location":{ "type": "Point", "coordinates": [-75.9195, 39.233] }},
{"zip_code":"21668","country":"US","city":"Sudlersville","state":"Maryland","state_ab":"MD","county":"Queen Anne's","geo_location":{ "type": "Point", "coordinates": [-75.85, 39.1823] }},
{"zip_code":"20692","country":"US","city":"Valley Lee","state":"Maryland","state_ab":"MD","county":"St. Mary's","geo_location":{ "type": "Point", "coordinates": [-76.5087, 38.1899] }},
{"zip_code":"21875","country":"US","city":"Delmar","state":"Maryland","state_ab":"MD","county":"Wicomico","geo_location":{ "type": "Point", "coordinates": [-75.5583, 38.4445] }},
{"zip_code":"21822","country":"US","city":"Eden","state":"Maryland","state_ab":"MD","county":"Worcester","geo_location":{ "type": "Point", "coordinates": [-75.5505, 38.217] }},
{"zip_code":"21862","country":"US","city":"Showell","state":"Maryland","state_ab":"MD","county":"Worcester","geo_location":{ "type": "Point", "coordinates": [-75.2166, 38.4003] }},
{"zip_code":"21202","country":"US","city":"Baltimore","state":"Maryland","state_ab":"MD","county":"Baltimore (city)","geo_location":{ "type": "Point", "coordinates": [-76.6075, 39.2998] }},
{"zip_code":"21215","country":"US","city":"Baltimore","state":"Maryland","state_ab":"MD","county":"Baltimore (city)","geo_location":{ "type": "Point", "coordinates": [-76.6794, 39.3446] }},
{"zip_code":"21268","country":"US","city":"Baltimore","state":"Maryland","state_ab":"MD","county":"Baltimore (city)","geo_location":{ "type": "Point", "coordinates": [-76.6205, 39.2847] }},
{"zip_code":"4258","country":"US","city":"Minot","state":"Maine","state_ab":"ME","county":"Androscoggin","geo_location":{ "type": "Point", "coordinates": [-70.3399, 44.1461] }},
{"zip_code":"4735","country":"US","city":"Bridgewater","state":"Maine","state_ab":"ME","county":"Aroostook","geo_location":{ "type": "Point", "coordinates": [-67.8415, 46.4222] }},
{"zip_code":"4762","country":"US","city":"New Sweden","state":"Maine","state_ab":"ME","county":"Aroostook","geo_location":{ "type": "Point", "coordinates": [-68.1154, 46.9559] }},
{"zip_code":"4775","country":"US","city":"Sheridan","state":"Maine","state_ab":"ME","county":"Aroostook","geo_location":{ "type": "Point", "coordinates": [-68.8868, 46.5162] }},
{"zip_code":"4788","country":"US","city":"Winterville","state":"Maine","state_ab":"ME","county":"Aroostook","geo_location":{ "type": "Point", "coordinates": [-68.8868, 46.5162] }},
{"zip_code":"4038","country":"US","city":"Gorham","state":"Maine","state_ab":"ME","county":"Cumberland","geo_location":{ "type": "Point", "coordinates": [-70.468, 43.6843] }},
{"zip_code":"4078","country":"US","city":"South Freeport","state":"Maine","state_ab":"ME","county":"Cumberland","geo_location":{ "type": "Point", "coordinates": [-70.1208, 43.8208] }},
{"zip_code":"4092","country":"US","city":"Westbrook","state":"Maine","state_ab":"ME","county":"Cumberland","geo_location":{ "type": "Point", "coordinates": [-70.358, 43.6843] }},
{"zip_code":"4102","country":"US","city":"Portland","state":"Maine","state_ab":"ME","county":"Cumberland","geo_location":{ "type": "Point", "coordinates": [-70.2898, 43.6602] }},
{"zip_code":"4285","country":"US","city":"Weld","state":"Maine","state_ab":"ME","county":"Franklin","geo_location":{ "type": "Point", "coordinates": [-70.4249, 44.7016] }},
{"zip_code":"4955","country":"US","city":"New Sharon","state":"Maine","state_ab":"ME","county":"Franklin","geo_location":{ "type": "Point", "coordinates": [-70.0139, 44.6458] }},
{"zip_code":"4982","country":"US","city":"Stratton","state":"Maine","state_ab":"ME","county":"Franklin","geo_location":{ "type": "Point", "coordinates": [-70.423, 45.1116] }},
{"zip_code":"4605","country":"US","city":"Ellsworth","state":"Maine","state_ab":"ME","county":"Hancock","geo_location":{ "type": "Point", "coordinates": [-68.4121, 44.5548] }},
{"zip_code":"4672","country":"US","city":"Salsbury Cove","state":"Maine","state_ab":"ME","county":"Hancock","geo_location":{ "type": "Point", "coordinates": [-68.2518, 44.4135] }},
{"zip_code":"73108","country":"US","city":"Oklahoma City","state":"Oklahoma","state_ab":"OK","county":"Oklahoma","geo_location":{ "type": "Point", "coordinates": [-97.5619, 35.4445] }},
{"zip_code":"73122","country":"US","city":"Oklahoma City","state":"Oklahoma","state_ab":"OK","county":"Oklahoma","geo_location":{ "type": "Point", "coordinates": [-97.6167, 35.5184] }},
{"zip_code":"73135","country":"US","city":"Oklahoma City","state":"Oklahoma","state_ab":"OK","county":"Oklahoma","geo_location":{ "type": "Point", "coordinates": [-97.4388, 35.411] }},
{"zip_code":"73148","country":"US","city":"Oklahoma City","state":"Oklahoma","state_ab":"OK","county":"Oklahoma","geo_location":{ "type": "Point", "coordinates": [-97.4075, 35.5514] }},
{"zip_code":"73162","country":"US","city":"Oklahoma City","state":"Oklahoma","state_ab":"OK","county":"Oklahoma","geo_location":{ "type": "Point", "coordinates": [-97.6419, 35.5806] }},
{"zip_code":"74035","country":"US","city":"Hominy","state":"Oklahoma","state_ab":"OK","county":"Osage","geo_location":{ "type": "Point", "coordinates": [-96.3878, 36.4111] }},
{"zip_code":"74358","country":"US","city":"North Miami","state":"Oklahoma","state_ab":"OK","county":"Ottawa","geo_location":{ "type": "Point", "coordinates": [-94.8817, 36.9136] }},
{"zip_code":"74062","country":"US","city":"Ripley","state":"Oklahoma","state_ab":"OK","county":"Payne","geo_location":{ "type": "Point", "coordinates": [-96.8967, 35.9985] }},
{"zip_code":"74075","country":"US","city":"Stillwater","state":"Oklahoma","state_ab":"OK","county":"Payne","geo_location":{ "type": "Point", "coordinates": [-97.063, 36.1396] }},
{"zip_code":"74565","country":"US","city":"Savanna","state":"Oklahoma","state_ab":"OK","county":"Pittsburg","geo_location":{ "type": "Point", "coordinates": [-95.838, 34.8354] }},
{"zip_code":"73638","country":"US","city":"Crawford","state":"Oklahoma","state_ab":"OK","county":"Roger Mills","geo_location":{ "type": "Point", "coordinates": [-99.8064, 35.8368] }},
{"zip_code":"74435","country":"US","city":"Gore","state":"Oklahoma","state_ab":"OK","county":"Sequoyah","geo_location":{ "type": "Point", "coordinates": [-95.1095, 35.5418] }},
{"zip_code":"73575","country":"US","city":"Duncan","state":"Oklahoma","state_ab":"OK","county":"Stephens","geo_location":{ "type": "Point", "coordinates": [-97.8522, 34.4853] }},
{"zip_code":"74008","country":"US","city":"Bixby","state":"Oklahoma","state_ab":"OK","county":"Tulsa","geo_location":{ "type": "Point", "coordinates": [-95.8729, 35.9173] }},
{"zip_code":"74112","country":"US","city":"Tulsa","state":"Oklahoma","state_ab":"OK","county":"Tulsa","geo_location":{ "type": "Point", "coordinates": [-95.907, 36.147] }},
{"zip_code":"74152","country":"US","city":"Tulsa","state":"Oklahoma","state_ab":"OK","county":"Tulsa","geo_location":{ "type": "Point", "coordinates": [-96.0297, 36.1398] }},
{"zip_code":"74192","country":"US","city":"Tulsa","state":"Oklahoma","state_ab":"OK","county":"Tulsa","geo_location":{ "type": "Point", "coordinates": [-96.0297, 36.1398] }},
{"zip_code":"74022","country":"US","city":"Copan","state":"Oklahoma","state_ab":"OK","county":"Washington","geo_location":{ "type": "Point", "coordinates": [-95.913, 36.9062] }},
{"zip_code":"97038","country":"US","city":"Molalla","state":"Oregon","state_ab":"OR","county":"Clackamas","geo_location":{ "type": "Point", "coordinates": [-122.5756, 45.1223] }},
{"zip_code":"97102","country":"US","city":"Arch Cape","state":"Oregon","state_ab":"OR","county":"Clatsop","geo_location":{ "type": "Point", "coordinates": [-123.963, 45.8109] }},
{"zip_code":"97465","country":"US","city":"Port Orford","state":"Oregon","state_ab":"OR","county":"Curry","geo_location":{ "type": "Point", "coordinates": [-124.4913, 42.7572] }},
{"zip_code":"97708","country":"US","city":"Bend","state":"Oregon","state_ab":"OR","county":"Deschutes","geo_location":{ "type": "Point", "coordinates": [-120.9495, 44.0018] }},
{"zip_code":"97812","country":"US","city":"Arlington","state":"Oregon","state_ab":"OR","county":"Gilliam","geo_location":{ "type": "Point", "coordinates": [-120.1971, 45.6664] }},
{"zip_code":"97825","country":"US","city":"Dayville","state":"Oregon","state_ab":"OR","county":"Grant","geo_location":{ "type": "Point", "coordinates": [-119.5312, 44.4663] }},
{"zip_code":"97865","country":"US","city":"Mount Vernon","state":"Oregon","state_ab":"OR","county":"Grant","geo_location":{ "type": "Point", "coordinates": [-119.1121, 44.4171] }},
{"zip_code":"97722","country":"US","city":"Diamond","state":"Oregon","state_ab":"OR","county":"Harney","geo_location":{ "type": "Point", "coordinates": [-118.695, 42.9508] }},
{"zip_code":"97502","country":"US","city":"Central Point","state":"Oregon","state_ab":"OR","county":"Jackson","geo_location":{ "type": "Point", "coordinates": [-122.9222, 42.3899] }},
{"zip_code":"97528","country":"US","city":"Grants Pass","state":"Oregon","state_ab":"OR","county":"Josephine","geo_location":{ "type": "Point", "coordinates": [-123.535, 42.3964] }},
{"zip_code":"97425","country":"US","city":"Crescent Lake","state":"Oregon","state_ab":"OR","county":"Klamath","geo_location":{ "type": "Point", "coordinates": [-121.9495, 43.518] }},
{"zip_code":"97632","country":"US","city":"Malin","state":"Oregon","state_ab":"OR","county":"Klamath","geo_location":{ "type": "Point", "coordinates": [-121.4221, 42.0195] }},
{"zip_code":"97735","country":"US","city":"Fort Rock","state":"Oregon","state_ab":"OR","county":"Lake","geo_location":{ "type": "Point", "coordinates": [-120.3553, 42.8053] }},
{"zip_code":"97412","country":"US","city":"Blachly","state":"Oregon","state_ab":"OR","county":"Lane","geo_location":{ "type": "Point", "coordinates": [-123.5348, 44.1966] }},
{"zip_code":"97438","country":"US","city":"Fall Creek","state":"Oregon","state_ab":"OR","county":"Lane","geo_location":{ "type": "Point", "coordinates": [-122.6884, 43.9509] }},
{"zip_code":"97452","country":"US","city":"Lowell","state":"Oregon","state_ab":"OR","county":"Lane","geo_location":{ "type": "Point", "coordinates": [-122.7806, 43.921] }},
{"zip_code":"97478","country":"US","city":"Springfield","state":"Oregon","state_ab":"OR","county":"Lane","geo_location":{ "type": "Point", "coordinates": [-122.9171, 44.0561] }},
{"zip_code":"97492","country":"US","city":"Westfir","state":"Oregon","state_ab":"OR","county":"Lane","geo_location":{ "type": "Point", "coordinates": [-122.481, 43.7575] }},
{"zip_code":"97388","country":"US","city":"Gleneden Beach","state":"Oregon","state_ab":"OR","county":"Lincoln","geo_location":{ "type": "Point", "coordinates": [-123.9942, 44.885] }},
{"zip_code":"97322","country":"US","city":"Albany","state":"Oregon","state_ab":"OR","county":"Linn County","geo_location":{ "type": "Point", "coordinates": [-123.057, 44.626] }},
{"zip_code":"97335","country":"US","city":"Crabtree","state":"Oregon","state_ab":"OR","county":"Linn","geo_location":{ "type": "Point", "coordinates": [-122.8933, 44.6344] }},
{"zip_code":"97348","country":"US","city":"Halsey","state":"Oregon","state_ab":"OR","county":"Linn","geo_location":{ "type": "Point", "coordinates": [-123.1251, 44.3862] }},
{"zip_code":"97902","country":"US","city":"Arock","state":"Oregon","state_ab":"OR","county":"Malheur","geo_location":{ "type": "Point", "coordinates": [-117.498, 42.9156] }},
{"zip_code":"97308","country":"US","city":"Salem","state":"Oregon","state_ab":"OR","county":"Marion","geo_location":{ "type": "Point", "coordinates": [-122.457, 44.9845] }},
{"zip_code":"97362","country":"US","city":"Mount Angel","state":"Oregon","state_ab":"OR","county":"Marion","geo_location":{ "type": "Point", "coordinates": [-122.7856, 45.0737] }},
{"zip_code":"97375","country":"US","city":"Scotts Mills","state":"Oregon","state_ab":"OR","county":"Marion","geo_location":{ "type": "Point", "coordinates": [-122.6187, 44.9897] }},
{"zip_code":"97205","country":"US","city":"Portland","state":"Oregon","state_ab":"OR","county":"Multnomah","geo_location":{ "type": "Point", "coordinates": [-122.6888, 45.5207] }},
{"zip_code":"97218","country":"US","city":"Portland","state":"Oregon","state_ab":"OR","county":"Multnomah","geo_location":{ "type": "Point", "coordinates": [-122.6001, 45.56] }},
{"zip_code":"97232","country":"US","city":"Portland","state":"Oregon","state_ab":"OR","county":"Multnomah","geo_location":{ "type": "Point", "coordinates": [-122.6363, 45.5287] }},
{"zip_code":"97258","country":"US","city":"Portland","state":"Oregon","state_ab":"OR","county":"Multnomah","geo_location":{ "type": "Point", "coordinates": [-122.3748, 45.5806] }},
{"zip_code":"97272","country":"US","city":"Portland","state":"Oregon","state_ab":"OR","county":"Multnomah","geo_location":{ "type": "Point", "coordinates": [-122.3748, 45.5806] }},
{"zip_code":"97065","country":"US","city":"Wasco","state":"Oregon","state_ab":"OR","county":"Sherman","geo_location":{ "type": "Point", "coordinates": [-120.7304, 45.5974] }},
{"zip_code":"97838","country":"US","city":"Hermiston","state":"Oregon","state_ab":"OR","county":"Umatilla","geo_location":{ "type": "Point", "coordinates": [-119.2849, 45.845] }},
{"zip_code":"97078","country":"US","city":"Beaverton","state":"Oregon","state_ab":"OR","county":"Washington","geo_location":{ "type": "Point", "coordinates": [-122.7893, 45.452] }},
{"zip_code":"97298","country":"US","city":"Portland","state":"Oregon","state_ab":"OR","county":"Washington","geo_location":{ "type": "Point", "coordinates": [-123.1147, 45.5486] }},
{"zip_code":"97115","country":"US","city":"Dundee","state":"Oregon","state_ab":"OR","county":"Yamhill","geo_location":{ "type": "Point", "coordinates": [-123.0152, 45.2776] }},
{"zip_code":"97128","country":"US","city":"Mcminnville","state":"Oregon","state_ab":"OR","county":"Yamhill","geo_location":{ "type": "Point", "coordinates": [-123.2043, 45.2097] }},
{"zip_code":"17375","country":"US","city":"Peach Glen","state":"Pennsylvania","state_ab":"PA","county":"Adams","geo_location":{ "type": "Point", "coordinates": [-77.2135, 39.8948] }},
{"zip_code":"15018","country":"US","city":"Buena Vista","state":"Pennsylvania","state_ab":"PA","county":"Allegheny","geo_location":{ "type": "Point", "coordinates": [-80.2084, 40.4577] }},
{"zip_code":"15032","country":"US","city":"Curtisville","state":"Pennsylvania","state_ab":"PA","county":"Allegheny","geo_location":{ "type": "Point", "coordinates": [-80.0248, 40.4344] }},
{"zip_code":"15045","country":"US","city":"Glassport","state":"Pennsylvania","state_ab":"PA","county":"Allegheny","geo_location":{ "type": "Point", "coordinates": [-79.8883, 40.326] }},
{"zip_code":"15108","country":"US","city":"Coraopolis","state":"Pennsylvania","state_ab":"PA","county":"Allegheny","geo_location":{ "type": "Point", "coordinates": [-80.1996, 40.5] }},
{"zip_code":"15122","country":"US","city":"West Mifflin","state":"Pennsylvania","state_ab":"PA","county":"Allegheny","geo_location":{ "type": "Point", "coordinates": [-79.9086, 40.3606] }},
{"zip_code":"15135","country":"US","city":"Mc Keesport","state":"Pennsylvania","state_ab":"PA","county":"Allegheny","geo_location":{ "type": "Point", "coordinates": [-79.8154, 40.3016] }},
{"zip_code":"15148","country":"US","city":"Wilmerding","state":"Pennsylvania","state_ab":"PA","county":"Allegheny","geo_location":{ "type": "Point", "coordinates": [-79.7951, 40.3934] }},
{"zip_code":"15212","country":"US","city":"Pittsburgh","state":"Pennsylvania","state_ab":"PA","county":"Allegheny","geo_location":{ "type": "Point", "coordinates": [-80.075, 40.4282] }},
{"zip_code":"15225","country":"US","city":"Pittsburgh","state":"Pennsylvania","state_ab":"PA","county":"Allegheny","geo_location":{ "type": "Point", "coordinates": [-80.1155, 40.5051] }},
{"zip_code":"15238","country":"US","city":"Pittsburgh","state":"Pennsylvania","state_ab":"PA","county":"Allegheny","geo_location":{ "type": "Point", "coordinates": [-79.8805, 40.5346] }},
{"zip_code":"15252","country":"US","city":"Pittsburgh","state":"Pennsylvania","state_ab":"PA","county":"Allegheny","geo_location":{ "type": "Point", "coordinates": [-80.0248, 40.4344] }},
{"zip_code":"15265","country":"US","city":"Pittsburgh","state":"Pennsylvania","state_ab":"PA","county":"Allegheny","geo_location":{ "type": "Point", "coordinates": [-80.0248, 40.4344] }},
{"zip_code":"15278","country":"US","city":"Pittsburgh","state":"Pennsylvania","state_ab":"PA","county":"Allegheny","geo_location":{ "type": "Point", "coordinates": [-80.0248, 40.4344] }},
{"zip_code":"16215","country":"US","city":"Kittanning","state":"Pennsylvania","state_ab":"PA","county":"Armstrong","geo_location":{ "type": "Point", "coordinates": [-79.4516, 40.8478] }},
{"zip_code":"16228","country":"US","city":"Ford Cliff","state":"Pennsylvania","state_ab":"PA","county":"Armstrong","geo_location":{ "type": "Point", "coordinates": [-79.5358, 40.7608] }},
{"zip_code":"15005","country":"US","city":"Baden","state":"Pennsylvania","state_ab":"PA","county":"Beaver","geo_location":{ "type": "Point", "coordinates": [-80.1985, 40.6416] }},
{"zip_code":"15522","country":"US","city":"Bedford","state":"Pennsylvania","state_ab":"PA","county":"Bedford","geo_location":{ "type": "Point", "coordinates": [-78.5261, 39.9908] }},
{"zip_code":"15535","country":"US","city":"Clearville","state":"Pennsylvania","state_ab":"PA","county":"Bedford","geo_location":{ "type": "Point", "coordinates": [-78.4392, 39.8533] }},
{"zip_code":"16655","country":"US","city":"Imler","state":"Pennsylvania","state_ab":"PA","county":"Bedford","geo_location":{ "type": "Point", "coordinates": [-78.5378, 40.2504] }},
{"zip_code":"16695","country":"US","city":"Woodbury","state":"Pennsylvania","state_ab":"PA","county":"Bedford","geo_location":{ "type": "Point", "coordinates": [-78.3666, 40.2185] }},
{"zip_code":"19508","country":"US","city":"Birdsboro","state":"Pennsylvania","state_ab":"PA","county":"Berks","geo_location":{ "type": "Point", "coordinates": [-75.8344, 40.2563] }},
{"zip_code":"19522","country":"US","city":"Fleetwood","state":"Pennsylvania","state_ab":"PA","county":"Berks","geo_location":{ "type": "Point", "coordinates": [-75.8185, 40.4473] }},
{"zip_code":"19535","country":"US","city":"Limekiln","state":"Pennsylvania","state_ab":"PA","county":"Berks","geo_location":{ "type": "Point", "coordinates": [-75.801, 40.3356] }},
{"zip_code":"19548","country":"US","city":"Pine Forge","state":"Pennsylvania","state_ab":"PA","county":"Berks","geo_location":{ "type": "Point", "coordinates": [-75.9849, 40.4072] }},
{"zip_code":"19562","country":"US","city":"Topton","state":"Pennsylvania","state_ab":"PA","county":"Berks","geo_location":{ "type": "Point", "coordinates": [-75.7015, 40.5029] }},
{"zip_code":"19612","country":"US","city":"Reading","state":"Pennsylvania","state_ab":"PA","county":"Berks","geo_location":{ "type": "Point", "coordinates": [-75.8853, 40.4389] }},
{"zip_code":"16602","country":"US","city":"Altoona","state":"Pennsylvania","state_ab":"PA","county":"Blair","geo_location":{ "type": "Point", "coordinates": [-78.3905, 40.5052] }},
{"zip_code":"16682","country":"US","city":"Sproul","state":"Pennsylvania","state_ab":"PA","county":"Blair","geo_location":{ "type": "Point", "coordinates": [-78.4588, 40.2711] }},
{"zip_code":"16925","country":"US","city":"Gillett","state":"Pennsylvania","state_ab":"PA","county":"Bradford","geo_location":{ "type": "Point", "coordinates": [-76.7713, 41.9568] }},
{"zip_code":"17735","country":"US","city":"Grover","state":"Pennsylvania","state_ab":"PA","county":"Bradford","geo_location":{ "type": "Point", "coordinates": [-76.5213, 41.772] }},
{"zip_code":"18815","country":"US","city":"Camptown","state":"Pennsylvania","state_ab":"PA","county":"Bradford","geo_location":{ "type": "Point", "coordinates": [-76.5213, 41.772] }},
{"zip_code":"18932","country":"US","city":"Line Lexington","state":"Pennsylvania","state_ab":"PA","county":"Bucks","geo_location":{ "type": "Point", "coordinates": [-75.2555, 40.2888] }},
{"zip_code":"18972","country":"US","city":"Upper Black Eddy","state":"Pennsylvania","state_ab":"PA","county":"Bucks","geo_location":{ "type": "Point", "coordinates": [-75.1259, 40.5411] }},
{"zip_code":"19058","country":"US","city":"Levittown","state":"Pennsylvania","state_ab":"PA","county":"Bucks","geo_location":{ "type": "Point", "coordinates": [-75.1028, 40.3286] }},
{"zip_code":"16022","country":"US","city":"Bruin","state":"Pennsylvania","state_ab":"PA","county":"Butler","geo_location":{ "type": "Point", "coordinates": [-79.7291, 41.0571] }},
{"zip_code":"16035","country":"US","city":"Forestville","state":"Pennsylvania","state_ab":"PA","county":"Butler","geo_location":{ "type": "Point", "coordinates": [-80.007, 41.1068] }},
{"zip_code":"16048","country":"US","city":"North Washington","state":"Pennsylvania","state_ab":"PA","county":"Butler","geo_location":{ "type": "Point", "coordinates": [-79.8089, 41.0472] }},
{"zip_code":"15922","country":"US","city":"Belsano","state":"Pennsylvania","state_ab":"PA","county":"Cambria","geo_location":{ "type": "Point", "coordinates": [-78.8767, 40.5176] }},
{"zip_code":"15948","country":"US","city":"Revloc","state":"Pennsylvania","state_ab":"PA","county":"Cambria","geo_location":{ "type": "Point", "coordinates": [-78.7646, 40.49] }},
{"zip_code":"15962","country":"US","city":"Wilmore","state":"Pennsylvania","state_ab":"PA","county":"Cambria","geo_location":{ "type": "Point", "coordinates": [-78.719, 40.3802] }},
{"zip_code":"16668","country":"US","city":"Patton","state":"Pennsylvania","state_ab":"PA","county":"Cambria","geo_location":{ "type": "Point", "coordinates": [-78.635, 40.623] }},
{"zip_code":"15832","country":"US","city":"Driftwood","state":"Pennsylvania","state_ab":"PA","county":"Cameron","geo_location":{ "type": "Point", "coordinates": [-78.1632, 41.3764] }},
{"zip_code":"18235","country":"US","city":"Lehighton","state":"Pennsylvania","state_ab":"PA","county":"Carbon","geo_location":{ "type": "Point", "coordinates": [-75.6974, 40.8299] }},
{"zip_code":"16835","country":"US","city":"Fleming","state":"Pennsylvania","state_ab":"PA","county":"Centre","geo_location":{ "type": "Point", "coordinates": [-77.8752, 40.9046] }},
{"zip_code":"16875","country":"US","city":"Spring Mills","state":"Pennsylvania","state_ab":"PA","county":"Centre","geo_location":{ "type": "Point", "coordinates": [-77.574, 40.8578] }},
{"zip_code":"19355","country":"US","city":"Malvern","state":"Pennsylvania","state_ab":"PA","county":"Chester","geo_location":{ "type": "Point", "coordinates": [-75.531, 40.0468] }},
{"zip_code":"19382","country":"US","city":"West Chester","state":"Pennsylvania","state_ab":"PA","county":"Chester","geo_location":{ "type": "Point", "coordinates": [-75.5882, 39.9441] }},
{"zip_code":"19395","country":"US","city":"Westtown","state":"Pennsylvania","state_ab":"PA","county":"Chester","geo_location":{ "type": "Point", "coordinates": [-75.5448, 39.9328] }},
{"zip_code":"19432","country":"US","city":"Devault","state":"Pennsylvania","state_ab":"PA","county":"Chester","geo_location":{ "type": "Point", "coordinates": [-75.56, 40.0796] }},
{"zip_code":"16242","country":"US","city":"New Bethlehem","state":"Pennsylvania","state_ab":"PA","county":"Clarion","geo_location":{ "type": "Point", "coordinates": [-79.3527, 40.9999] }},
{"zip_code":"16255","country":"US","city":"Sligo","state":"Pennsylvania","state_ab":"PA","county":"Clarion","geo_location":{ "type": "Point", "coordinates": [-79.4805, 41.1139] }},
{"zip_code":"16332","country":"US","city":"Lickingville","state":"Pennsylvania","state_ab":"PA","county":"Clarion","geo_location":{ "type": "Point", "coordinates": [-79.3715, 41.3789] }},
{"zip_code":"16822","country":"US","city":"Beech Creek","state":"Pennsylvania","state_ab":"PA","county":"Clinton","geo_location":{ "type": "Point", "coordinates": [-77.5851, 41.0845] }},
{"zip_code":"16848","country":"US","city":"Lamar","state":"Pennsylvania","state_ab":"PA","county":"Clinton","geo_location":{ "type": "Point", "coordinates": [-77.6185, 41.2206] }},
{"zip_code":"17748","country":"US","city":"Mc Elhattan","state":"Pennsylvania","state_ab":"PA","county":"Clinton","geo_location":{ "type": "Point", "coordinates": [-77.37, 41.1355] }},
{"zip_code":"17878","country":"US","city":"Stillwater","state":"Pennsylvania","state_ab":"PA","county":"Columbia","geo_location":{ "type": "Point", "coordinates": [-76.3696, 41.1515] }},
{"zip_code":"16422","country":"US","city":"Harmonsburg","state":"Pennsylvania","state_ab":"PA","county":"Crawford","geo_location":{ "type": "Point", "coordinates": [-80.3943, 41.6431] }},
{"zip_code":"16435","country":"US","city":"Springboro","state":"Pennsylvania","state_ab":"PA","county":"Crawford","geo_location":{ "type": "Point", "coordinates": [-80.3753, 41.8113] }},
{"zip_code":"17012","country":"US","city":"Camp Hill","state":"Pennsylvania","state_ab":"PA","county":"Cumberland","geo_location":{ "type": "Point", "coordinates": [-77.2428, 40.1367] }},
{"zip_code":"17025","country":"US","city":"Enola","state":"Pennsylvania","state_ab":"PA","county":"Cumberland","geo_location":{ "type": "Point", "coordinates": [-76.9432, 40.2922] }},
{"zip_code":"17065","country":"US","city":"Mount Holly Springs","state":"Pennsylvania","state_ab":"PA","county":"Cumberland","geo_location":{ "type": "Point", "coordinates": [-77.1902, 40.1115] }},
{"zip_code":"17218","country":"US","city":"Dickinson","state":"Pennsylvania","state_ab":"PA","county":"Cumberland County","geo_location":{ "type": "Point", "coordinates": [-77.3353, 40.1133] }},
{"zip_code":"17102","country":"US","city":"Harrisburg","state":"Pennsylvania","state_ab":"PA","county":"Dauphin","geo_location":{ "type": "Point", "coordinates": [-76.891, 40.2728] }},
{"zip_code":"17128","country":"US","city":"Harrisburg","state":"Pennsylvania","state_ab":"PA","county":"Dauphin","geo_location":{ "type": "Point", "coordinates": [-76.7823, 40.3899] }},
{"zip_code":"19018","country":"US","city":"Primos","state":"Pennsylvania","state_ab":"PA","county":"Delaware","geo_location":{ "type": "Point", "coordinates": [-75.295, 39.9216] }},
{"zip_code":"19032","country":"US","city":"Folcroft","state":"Pennsylvania","state_ab":"PA","county":"Delaware","geo_location":{ "type": "Point", "coordinates": [-75.2821, 39.8905] }},
{"zip_code":"19085","country":"US","city":"Villanova","state":"Pennsylvania","state_ab":"PA","county":"Delaware","geo_location":{ "type": "Point", "coordinates": [-75.3459, 40.0399] }},
{"zip_code":"19098","country":"US","city":"Holmes","state":"Pennsylvania","state_ab":"PA","county":"Delaware","geo_location":{ "type": "Point", "coordinates": [-75.3107, 39.8954] }},
{"zip_code":"19342","country":"US","city":"Glen Mills","state":"Pennsylvania","state_ab":"PA","county":"Delaware","geo_location":{ "type": "Point", "coordinates": [-75.5049, 39.9015] }},
{"zip_code":"15845","country":"US","city":"Johnsonburg","state":"Pennsylvania","state_ab":"PA","county":"Elk","geo_location":{ "type": "Point", "coordinates": [-78.6783, 41.4928] }},
{"zip_code":"16475","country":"US","city":"Albion","state":"Pennsylvania","state_ab":"PA","county":"Erie","geo_location":{ "type": "Point", "coordinates": [-80.0649, 42.1827] }},
{"zip_code":"16512","country":"US","city":"Erie","state":"Pennsylvania","state_ab":"PA","county":"Erie","geo_location":{ "type": "Point", "coordinates": [-80.2579, 42.0302] }},
{"zip_code":"16538","country":"US","city":"Erie","state":"Pennsylvania","state_ab":"PA","county":"Erie","geo_location":{ "type": "Point", "coordinates": [-80.0649, 42.1827] }},
{"zip_code":"16565","country":"US","city":"Erie","state":"Pennsylvania","state_ab":"PA","county":"Erie","geo_location":{ "type": "Point", "coordinates": [-80.0649, 42.1827] }},
{"zip_code":"15445","country":"US","city":"Hopwood","state":"Pennsylvania","state_ab":"PA","county":"Fayette","geo_location":{ "type": "Point", "coordinates": [-79.6568, 39.8728] }},
{"zip_code":"15458","country":"US","city":"Mc Clellandtown","state":"Pennsylvania","state_ab":"PA","county":"Fayette","geo_location":{ "type": "Point", "coordinates": [-79.8694, 39.8882] }},
{"zip_code":"15472","country":"US","city":"Oliver","state":"Pennsylvania","state_ab":"PA","county":"Fayette","geo_location":{ "type": "Point", "coordinates": [-79.7158, 39.9183] }},
{"zip_code":"17232","country":"US","city":"Lurgan","state":"Pennsylvania","state_ab":"PA","county":"Franklin","geo_location":{ "type": "Point", "coordinates": [-77.6405, 40.1055] }},
{"zip_code":"17272","country":"US","city":"Zullinger","state":"Pennsylvania","state_ab":"PA","county":"Franklin","geo_location":{ "type": "Point", "coordinates": [-77.627, 39.7714] }},
{"zip_code":"15315","country":"US","city":"Bobtown","state":"Pennsylvania","state_ab":"PA","county":"Greene","geo_location":{ "type": "Point", "coordinates": [-79.9567, 39.817] }},
{"zip_code":"17052","country":"US","city":"Mapleton Depot","state":"Pennsylvania","state_ab":"PA","county":"Huntingdon","geo_location":{ "type": "Point", "coordinates": [-77.9604, 40.3864] }},
{"zip_code":"15728","country":"US","city":"Clymer","state":"Pennsylvania","state_ab":"PA","county":"Indiana","geo_location":{ "type": "Point", "coordinates": [-79.0119, 40.6688] }},
{"zip_code":"15742","country":"US","city":"Glen Campbell","state":"Pennsylvania","state_ab":"PA","county":"Indiana","geo_location":{ "type": "Point", "coordinates": [-78.8555, 40.8508] }},
{"zip_code":"15715","country":"US","city":"Big Run","state":"Pennsylvania","state_ab":"PA","county":"Jefferson","geo_location":{ "type": "Point", "coordinates": [-78.8758, 40.9704] }},
{"zip_code":"14905","country":"US","city":"Elmira","state":"New York","state_ab":"NY","county":"Chemung","geo_location":{ "type": "Point", "coordinates": [-76.8397, 42.0869] }},
{"zip_code":"13155","country":"US","city":"South Otselic","state":"New York","state_ab":"NY","county":"Chenango","geo_location":{ "type": "Point", "coordinates": [-75.7669, 42.6626] }},
{"zip_code":"12912","country":"US","city":"Au Sable Forks","state":"New York","state_ab":"NY","county":"Clinton","geo_location":{ "type": "Point", "coordinates": [-73.6857, 44.4499] }},
{"zip_code":"12952","country":"US","city":"Lyon Mountain","state":"New York","state_ab":"NY","county":"Clinton","geo_location":{ "type": "Point", "coordinates": [-73.9195, 44.7255] }},
{"zip_code":"12978","country":"US","city":"Redford","state":"New York","state_ab":"NY","county":"Clinton","geo_location":{ "type": "Point", "coordinates": [-73.8087, 44.6164] }},
{"zip_code":"12992","country":"US","city":"West Chazy","state":"New York","state_ab":"NY","county":"Clinton","geo_location":{ "type": "Point", "coordinates": [-73.5112, 44.797] }},
{"zip_code":"12075","country":"US","city":"Ghent","state":"New York","state_ab":"NY","county":"Columbia","geo_location":{ "type": "Point", "coordinates": [-73.6486, 42.3036] }},
{"zip_code":"12125","country":"US","city":"New Lebanon","state":"New York","state_ab":"NY","county":"Columbia","geo_location":{ "type": "Point", "coordinates": [-73.3773, 42.4759] }},
{"zip_code":"12165","country":"US","city":"Spencertown","state":"New York","state_ab":"NY","county":"Columbia","geo_location":{ "type": "Point", "coordinates": [-73.5008, 42.3091] }},
{"zip_code":"12565","country":"US","city":"Philmont","state":"New York","state_ab":"NY","county":"Columbia","geo_location":{ "type": "Point", "coordinates": [-73.6463, 42.2485] }},
{"zip_code":"13775","country":"US","city":"Franklin","state":"New York","state_ab":"NY","county":"Delaware","geo_location":{ "type": "Point", "coordinates": [-75.1485, 42.3421] }},
{"zip_code":"13788","country":"US","city":"Hobart","state":"New York","state_ab":"NY","county":"Delaware","geo_location":{ "type": "Point", "coordinates": [-74.6759, 42.3594] }},
{"zip_code":"13838","country":"US","city":"Sidney","state":"New York","state_ab":"NY","county":"Delaware","geo_location":{ "type": "Point", "coordinates": [-75.3908, 42.3074] }},
{"zip_code":"12512","country":"US","city":"Chelsea","state":"New York","state_ab":"NY","county":"Dutchess","geo_location":{ "type": "Point", "coordinates": [-73.9682, 41.5528] }},
{"zip_code":"12538","country":"US","city":"Hyde Park","state":"New York","state_ab":"NY","county":"Dutchess","geo_location":{ "type": "Point", "coordinates": [-73.9063, 41.7887] }},
{"zip_code":"12578","country":"US","city":"Salt Point","state":"New York","state_ab":"NY","county":"Dutchess","geo_location":{ "type": "Point", "coordinates": [-73.8013, 41.805] }},
{"zip_code":"12592","country":"US","city":"Wassaic","state":"New York","state_ab":"NY","county":"Dutchess","geo_location":{ "type": "Point", "coordinates": [-73.5544, 41.7759] }},
{"zip_code":"12602","country":"US","city":"Poughkeepsie","state":"New York","state_ab":"NY","county":"Dutchess","geo_location":{ "type": "Point", "coordinates": [-73.7437, 41.7599] }},
{"zip_code":"14055","country":"US","city":"East Concord","state":"New York","state_ab":"NY","county":"Erie","geo_location":{ "type": "Point", "coordinates": [-78.611, 42.5466] }},
{"zip_code":"14068","country":"US","city":"Getzville","state":"New York","state_ab":"NY","county":"Erie","geo_location":{ "type": "Point", "coordinates": [-78.7532, 43.024] }},
{"zip_code":"14208","country":"US","city":"Buffalo","state":"New York","state_ab":"NY","county":"Erie","geo_location":{ "type": "Point", "coordinates": [-78.8505, 42.9154] }},
{"zip_code":"14222","country":"US","city":"Buffalo","state":"New York","state_ab":"NY","county":"Erie","geo_location":{ "type": "Point", "coordinates": [-78.8763, 42.9164] }},
{"zip_code":"14482","country":"US","city":"Le Roy","state":"New York","state_ab":"NY","county":"Genesee","geo_location":{ "type": "Point", "coordinates": [-77.9851, 42.9774] }},
{"zip_code":"12192","country":"US","city":"West Coxsackie","state":"New York","state_ab":"NY","county":"Greene","geo_location":{ "type": "Point", "coordinates": [-73.8283, 42.4029] }},
{"zip_code":"12422","country":"US","city":"Durham","state":"New York","state_ab":"NY","county":"Greene","geo_location":{ "type": "Point", "coordinates": [-74.1849, 42.402] }},
{"zip_code":"13605","country":"US","city":"Adams","state":"New York","state_ab":"NY","county":"Jefferson","geo_location":{ "type": "Point", "coordinates": [-76.049, 43.8062] }},
{"zip_code":"13618","country":"US","city":"Cape Vincent","state":"New York","state_ab":"NY","county":"Jefferson","geo_location":{ "type": "Point", "coordinates": [-76.3164, 44.1244] }},
{"zip_code":"13632","country":"US","city":"Depauville","state":"New York","state_ab":"NY","county":"Jefferson","geo_location":{ "type": "Point", "coordinates": [-76.0616, 44.1395] }},
{"zip_code":"13685","country":"US","city":"Sackets Harbor","state":"New York","state_ab":"NY","county":"Jefferson","geo_location":{ "type": "Point", "coordinates": [-76.105, 43.9398] }},
{"zip_code":"13698","country":"US","city":"Woodville","state":"New York","state_ab":"NY","county":"Jefferson County","geo_location":{ "type": "Point", "coordinates": [-76.172, 43.7812] }},
{"zip_code":"11212","country":"US","city":"Brooklyn","state":"New York","state_ab":"NY","county":"Kings","geo_location":{ "type": "Point", "coordinates": [-73.9145, 40.6625] }},
{"zip_code":"11225","country":"US","city":"Brooklyn","state":"New York","state_ab":"NY","county":"Kings","geo_location":{ "type": "Point", "coordinates": [-73.9546, 40.6628] }},
{"zip_code":"11238","country":"US","city":"Brooklyn","state":"New York","state_ab":"NY","county":"Kings","geo_location":{ "type": "Point", "coordinates": [-73.9644, 40.679] }},
{"zip_code":"11252","country":"US","city":"Brooklyn","state":"New York","state_ab":"NY","county":"Kings","geo_location":{ "type": "Point", "coordinates": [-73.945, 40.6451] }},
{"zip_code":"14545","country":"US","city":"Scottsburg","state":"New York","state_ab":"NY","county":"Livingston","geo_location":{ "type": "Point", "coordinates": [-77.701, 42.6649] }},
{"zip_code":"14558","country":"US","city":"South Lima","state":"New York","state_ab":"NY","county":"Livingston","geo_location":{ "type": "Point", "coordinates": [-77.6876, 42.8554] }},
{"zip_code":"13052","country":"US","city":"De Ruyter","state":"New York","state_ab":"NY","county":"Madison","geo_location":{ "type": "Point", "coordinates": [-75.8582, 42.7494] }},
{"zip_code":"13465","country":"US","city":"Solsville","state":"New York","state_ab":"NY","county":"Madison","geo_location":{ "type": "Point", "coordinates": [-75.6168, 42.9545] }},
{"zip_code":"14428","country":"US","city":"Churchville","state":"New York","state_ab":"NY","county":"Monroe","geo_location":{ "type": "Point", "coordinates": [-77.835, 43.0749] }},
{"zip_code":"14468","country":"US","city":"Hilton","state":"New York","state_ab":"NY","county":"Monroe","geo_location":{ "type": "Point", "coordinates": [-77.7905, 43.2923] }},
{"zip_code":"14608","country":"US","city":"Rochester","state":"New York","state_ab":"NY","county":"Monroe","geo_location":{ "type": "Point", "coordinates": [-77.6258, 43.1521] }},
{"zip_code":"14622","country":"US","city":"Rochester","state":"New York","state_ab":"NY","county":"Monroe","geo_location":{ "type": "Point", "coordinates": [-77.5555, 43.214] }},
{"zip_code":"13452","country":"US","city":"Saint Johnsville","state":"New York","state_ab":"NY","county":"Montgomery","geo_location":{ "type": "Point", "coordinates": [-74.646, 43.017] }},
{"zip_code":"11535","country":"US","city":"Garden City","state":"New York","state_ab":"NY","county":"Nassau","geo_location":{ "type": "Point", "coordinates": [-73.6018, 40.7548] }},
{"zip_code":"11548","country":"US","city":"Greenvale","state":"New York","state_ab":"NY","county":"Nassau","geo_location":{ "type": "Point", "coordinates": [-73.6261, 40.8125] }},
{"zip_code":"11575","country":"US","city":"Roosevelt","state":"New York","state_ab":"NY","county":"Nassau","geo_location":{ "type": "Point", "coordinates": [-73.5867, 40.6802] }},
{"zip_code":"11588","country":"US","city":"Uniondale","state":"New York","state_ab":"NY","county":"Nassau","geo_location":{ "type": "Point", "coordinates": [-73.6018, 40.7548] }},
{"zip_code":"10002","country":"US","city":"New York City","state":"New York","state_ab":"NY","county":"New York","geo_location":{ "type": "Point", "coordinates": [-73.9877, 40.7152] }},
{"zip_code":"10015","country":"US","city":"New York City","state":"New York","state_ab":"NY","county":"New York","geo_location":{ "type": "Point", "coordinates": [-73.9772, 40.7808] }},
{"zip_code":"10028","country":"US","city":"New York City","state":"New York","state_ab":"NY","county":"New York","geo_location":{ "type": "Point", "coordinates": [-73.9529, 40.7763] }},
{"zip_code":"10055","country":"US","city":"New York City","state":"New York","state_ab":"NY","county":"New York","geo_location":{ "type": "Point", "coordinates": [-73.9772, 40.7808] }},
{"zip_code":"10082","country":"US","city":"New York City","state":"New York","state_ab":"NY","county":"New York","geo_location":{ "type": "Point", "coordinates": [-73.9772, 40.7808] }},
{"zip_code":"10095","country":"US","city":"New York City","state":"New York","state_ab":"NY","county":"New York","geo_location":{ "type": "Point", "coordinates": [-73.9884, 40.7482] }},
{"zip_code":"10105","country":"US","city":"New York City","state":"New York","state_ab":"NY","county":"New York","geo_location":{ "type": "Point", "coordinates": [-73.9785, 40.7628] }},
{"zip_code":"10118","country":"US","city":"New York City","state":"New York","state_ab":"NY","county":"New York","geo_location":{ "type": "Point", "coordinates": [-73.9865, 40.749] }},
{"zip_code":"10132","country":"US","city":"New York City","state":"New York","state_ab":"NY","county":"New York","geo_location":{ "type": "Point", "coordinates": [-73.9772, 40.7808] }},
{"zip_code":"10158","country":"US","city":"New York City","state":"New York","state_ab":"NY","county":"New York","geo_location":{ "type": "Point", "coordinates": [-73.9758, 40.7494] }},
{"zip_code":"10172","country":"US","city":"New York City","state":"New York","state_ab":"NY","county":"New York","geo_location":{ "type": "Point", "coordinates": [-73.9753, 40.7558] }},
{"zip_code":"10185","country":"US","city":"New York City","state":"New York","state_ab":"NY","county":"New York","geo_location":{ "type": "Point", "coordinates": [-73.9772, 40.7808] }},
{"zip_code":"10275","country":"US","city":"New York City","state":"New York","state_ab":"NY","county":"New York","geo_location":{ "type": "Point", "coordinates": [-73.9772, 40.7808] }},
{"zip_code":"14028","country":"US","city":"Burt","state":"New York","state_ab":"NY","county":"Niagara","geo_location":{ "type": "Point", "coordinates": [-78.7141, 43.3221] }},
{"zip_code":"14095","country":"US","city":"Lockport","state":"New York","state_ab":"NY","county":"Niagara","geo_location":{ "type": "Point", "coordinates": [-78.8307, 43.3268] }},
{"zip_code":"14105","country":"US","city":"Middleport","state":"New York","state_ab":"NY","county":"Niagara","geo_location":{ "type": "Point", "coordinates": [-78.4841, 43.2183] }},
{"zip_code":"14132","country":"US","city":"Sanborn","state":"New York","state_ab":"NY","county":"Niagara","geo_location":{ "type": "Point", "coordinates": [-78.8785, 43.1419] }},
{"zip_code":"14172","country":"US","city":"Wilson","state":"New York","state_ab":"NY","county":"Niagara","geo_location":{ "type": "Point", "coordinates": [-78.8244, 43.2968] }},
{"zip_code":"13308","country":"US","city":"Blossvale","state":"New York","state_ab":"NY","county":"Oneida","geo_location":{ "type": "Point", "coordinates": [-75.6873, 43.2303] }},
{"zip_code":"13322","country":"US","city":"Clayville","state":"New York","state_ab":"NY","county":"Oneida","geo_location":{ "type": "Point", "coordinates": [-75.2061, 42.9712] }},
{"zip_code":"13362","country":"US","city":"Knoxboro","state":"New York","state_ab":"NY","county":"Oneida","geo_location":{ "type": "Point", "coordinates": [-75.5186, 42.9803] }},
{"zip_code":"13425","country":"US","city":"Oriskany Falls","state":"New York","state_ab":"NY","county":"Oneida","geo_location":{ "type": "Point", "coordinates": [-75.4838, 42.9576] }},
{"zip_code":"13438","country":"US","city":"Remsen","state":"New York","state_ab":"NY","county":"Oneida","geo_location":{ "type": "Point", "coordinates": [-75.1616, 43.3385] }},
{"zip_code":"13478","country":"US","city":"Verona","state":"New York","state_ab":"NY","county":"Oneida","geo_location":{ "type": "Point", "coordinates": [-75.5724, 43.1473] }},
{"zip_code":"13492","country":"US","city":"Whitesboro","state":"New York","state_ab":"NY","county":"Oneida","geo_location":{ "type": "Point", "coordinates": [-75.3095, 43.1158] }},
{"zip_code":"13502","country":"US","city":"Utica","state":"New York","state_ab":"NY","county":"Oneida","geo_location":{ "type": "Point", "coordinates": [-75.2314, 43.1067] }},
{"zip_code":"13078","country":"US","city":"Jamesville","state":"New York","state_ab":"NY","county":"Onondaga","geo_location":{ "type": "Point", "coordinates": [-76.0766, 42.983] }},
{"zip_code":"13205","country":"US","city":"Syracuse","state":"New York","state_ab":"NY","county":"Onondaga","geo_location":{ "type": "Point", "coordinates": [-76.1452, 43.0123] }},
{"zip_code":"13218","country":"US","city":"Syracuse","state":"New York","state_ab":"NY","county":"Onondaga","geo_location":{ "type": "Point", "coordinates": [-76.1977, 43.0214] }},
{"zip_code":"14518","country":"US","city":"Oaks Corners","state":"New York","state_ab":"NY","county":"Ontario","geo_location":{ "type": "Point", "coordinates": [-77.0118, 42.9319] }},
{"zip_code":"14532","country":"US","city":"Phelps","state":"New York","state_ab":"NY","county":"Ontario","geo_location":{ "type": "Point", "coordinates": [-77.0473, 42.9582] }},
{"zip_code":"14585","country":"US","city":"West Bloomfield","state":"New York","state_ab":"NY","county":"Ontario","geo_location":{ "type": "Point", "coordinates": [-77.5531, 42.9063] }},
{"zip_code":"10918","country":"US","city":"Chester","state":"New York","state_ab":"NY","county":"Orange","geo_location":{ "type": "Point", "coordinates": [-74.2651, 41.3554] }},
{"zip_code":"10932","country":"US","city":"Howells","state":"New York","state_ab":"NY","county":"Orange","geo_location":{ "type": "Point", "coordinates": [-74.4842, 41.4852] }},
{"zip_code":"10958","country":"US","city":"New Hampton","state":"New York","state_ab":"NY","county":"Orange","geo_location":{ "type": "Point", "coordinates": [-74.4435, 41.3627] }},
{"zip_code":"10985","country":"US","city":"Thompson Ridge","state":"New York","state_ab":"NY","county":"Orange","geo_location":{ "type": "Point", "coordinates": [-74.3225, 41.575] }},
{"zip_code":"10998","country":"US","city":"Westtown","state":"New York","state_ab":"NY","county":"Orange","geo_location":{ "type": "Point", "coordinates": [-74.5529, 41.3214] }},
{"zip_code":"12552","country":"US","city":"Newburgh","state":"New York","state_ab":"NY","county":"Orange","geo_location":{ "type": "Point", "coordinates": [-74.3547, 41.3878] }},
{"zip_code":"14442","country":"US","city":"Eagle Harbor","state":"New York","state_ab":"NY","county":"Orleans County","geo_location":{ "type": "Point", "coordinates": [-78.2532, 43.2533] }},
{"zip_code":"13115","country":"US","city":"Minetto","state":"New York","state_ab":"NY","county":"Oswego","geo_location":{ "type": "Point", "coordinates": [-76.4824, 43.3977] }},
{"zip_code":"13142","country":"US","city":"Pulaski","state":"New York","state_ab":"NY","county":"Oswego","geo_location":{ "type": "Point", "coordinates": [-76.1252, 43.5562] }},
{"zip_code":"13335","country":"US","city":"Edmeston","state":"New York","state_ab":"NY","county":"Otsego","geo_location":{ "type": "Point", "coordinates": [-75.2525, 42.7303] }},
{"zip_code":"13348","country":"US","city":"Hartwick","state":"New York","state_ab":"NY","county":"Otsego","geo_location":{ "type": "Point", "coordinates": [-75.055, 42.695] }}]}