{"value": [{"zip_code":"50130","country":"US","city":"Jewell","state":"Iowa","state_ab":"IA","county":"Hamilton","geo_location":{ "type": "Point", "coordinates": [-93.6428, 42.3139] }},
{"zip_code":"50246","country":"US","city":"Stanhope","state":"Iowa","state_ab":"IA","county":"Hamilton","geo_location":{ "type": "Point", "coordinates": [-93.7751, 42.2904] }},
{"zip_code":"50439","country":"US","city":"Goodell","state":"Iowa","state_ab":"IA","county":"Hancock","geo_location":{ "type": "Point", "coordinates": [-93.5824, 42.9383] }},
{"zip_code":"50206","country":"US","city":"New Providence","state":"Iowa","state_ab":"IA","county":"Hardin","geo_location":{ "type": "Point", "coordinates": [-93.1753, 42.2693] }},
{"zip_code":"50259","country":"US","city":"Gifford","state":"Iowa","state_ab":"IA","county":"Hardin","geo_location":{ "type": "Point", "coordinates": [-93.2506, 42.3831] }},
{"zip_code":"51546","country":"US","city":"Logan","state":"Iowa","state_ab":"IA","county":"Harrison","geo_location":{ "type": "Point", "coordinates": [-95.7525, 41.6243] }},
{"zip_code":"50466","country":"US","city":"Riceville","state":"Iowa","state_ab":"IA","county":"Howard","geo_location":{ "type": "Point", "coordinates": [-92.5554, 43.3719] }},
{"zip_code":"52136","country":"US","city":"Cresco","state":"Iowa","state_ab":"IA","county":"Howard","geo_location":{ "type": "Point", "coordinates": [-92.126, 43.363] }},
{"zip_code":"52163","country":"US","city":"Protivin","state":"Iowa","state_ab":"IA","county":"Howard","geo_location":{ "type": "Point", "coordinates": [-92.0927, 43.217] }},
{"zip_code":"50529","country":"US","city":"Dakota City","state":"Iowa","state_ab":"IA","county":"Humboldt","geo_location":{ "type": "Point", "coordinates": [-94.1993, 42.7214] }},
{"zip_code":"50570","country":"US","city":"Ottosen","state":"Iowa","state_ab":"IA","county":"Humboldt","geo_location":{ "type": "Point", "coordinates": [-94.3786, 42.8764] }},
{"zip_code":"52316","country":"US","city":"North English","state":"Iowa","state_ab":"IA","county":"Iowa","geo_location":{ "type": "Point", "coordinates": [-92.0893, 41.5241] }},
{"zip_code":"52060","country":"US","city":"Maquoketa","state":"Iowa","state_ab":"IA","county":"Jackson","geo_location":{ "type": "Point", "coordinates": [-90.6771, 42.0778] }},
{"zip_code":"50170","country":"US","city":"Monroe","state":"Iowa","state_ab":"IA","county":"Jasper","geo_location":{ "type": "Point", "coordinates": [-93.0726, 41.5356] }},
{"zip_code":"52240","country":"US","city":"Iowa City","state":"Iowa","state_ab":"IA","county":"Johnson","geo_location":{ "type": "Point", "coordinates": [-91.5016, 41.6355] }},
{"zip_code":"52550","country":"US","city":"Delta","state":"Iowa","state_ab":"IA","county":"Keokuk","geo_location":{ "type": "Point", "coordinates": [-92.3359, 41.3167] }},
{"zip_code":"52563","country":"US","city":"Hedrick","state":"Iowa","state_ab":"IA","county":"Keokuk","geo_location":{ "type": "Point", "coordinates": [-92.3097, 41.1826] }},
{"zip_code":"52576","country":"US","city":"Ollie","state":"Iowa","state_ab":"IA","county":"Keokuk","geo_location":{ "type": "Point", "coordinates": [-92.1354, 41.2001] }},
{"zip_code":"50480","country":"US","city":"Titonka","state":"Iowa","state_ab":"IA","county":"Kossuth","geo_location":{ "type": "Point", "coordinates": [-94.0367, 43.2456] }},
{"zip_code":"50556","country":"US","city":"Ledyard","state":"Iowa","state_ab":"IA","county":"Kossuth","geo_location":{ "type": "Point", "coordinates": [-94.1503, 43.4346] }},
{"zip_code":"52639","country":"US","city":"Montrose","state":"Iowa","state_ab":"IA","county":"Lee","geo_location":{ "type": "Point", "coordinates": [-91.424, 40.5139] }},
{"zip_code":"52213","country":"US","city":"Center Point","state":"Iowa","state_ab":"IA","county":"Linn","geo_location":{ "type": "Point", "coordinates": [-91.7758, 42.1898] }},
{"zip_code":"52253","country":"US","city":"Lisbon","state":"Iowa","state_ab":"IA","county":"Linn","geo_location":{ "type": "Point", "coordinates": [-91.3861, 41.9212] }},
{"zip_code":"52406","country":"US","city":"Cedar Rapids","state":"Iowa","state_ab":"IA","county":"Linn","geo_location":{ "type": "Point", "coordinates": [-91.7775, 42.2872] }},
{"zip_code":"52499","country":"US","city":"Cedar Rapids","state":"Iowa","state_ab":"IA","county":"Linn","geo_location":{ "type": "Point", "coordinates": [-91.5992, 42.0794] }},
{"zip_code":"52640","country":"US","city":"Morning Sun","state":"Iowa","state_ab":"IA","county":"Louisa","geo_location":{ "type": "Point", "coordinates": [-91.2581, 41.0984] }},
{"zip_code":"52653","country":"US","city":"Wapello","state":"Iowa","state_ab":"IA","county":"Louisa","geo_location":{ "type": "Point", "coordinates": [-91.1719, 41.207] }},
{"zip_code":"50273","country":"US","city":"Winterset","state":"Iowa","state_ab":"IA","county":"Madison","geo_location":{ "type": "Point", "coordinates": [-94.0088, 41.3391] }},
{"zip_code":"50143","country":"US","city":"Leighton","state":"Iowa","state_ab":"IA","county":"Mahaska","geo_location":{ "type": "Point", "coordinates": [-92.8081, 41.3647] }},
{"zip_code":"50116","country":"US","city":"Hamilton","state":"Iowa","state_ab":"IA","county":"Marion","geo_location":{ "type": "Point", "coordinates": [-92.959, 41.19] }},
{"zip_code":"50219","country":"US","city":"Pella","state":"Iowa","state_ab":"IA","county":"Marion","geo_location":{ "type": "Point", "coordinates": [-92.9172, 41.4082] }},
{"zip_code":"51533","country":"US","city":"Emerson","state":"Iowa","state_ab":"IA","county":"Mills","geo_location":{ "type": "Point", "coordinates": [-95.4106, 41.0284] }},
{"zip_code":"50426","country":"US","city":"Carpenter","state":"Iowa","state_ab":"IA","county":"Mitchell","geo_location":{ "type": "Point", "coordinates": [-93.0028, 43.4149] }},
{"zip_code":"51573","country":"US","city":"Stanton","state":"Iowa","state_ab":"IA","county":"Montgomery","geo_location":{ "type": "Point", "coordinates": [-95.0988, 40.9859] }},
{"zip_code":"52769","country":"US","city":"Stockton","state":"Iowa","state_ab":"IA","county":"Muscatine","geo_location":{ "type": "Point", "coordinates": [-90.8473, 41.5583] }},
{"zip_code":"51249","country":"US","city":"Sibley","state":"Iowa","state_ab":"IA","county":"Osceola","geo_location":{ "type": "Point", "coordinates": [-95.7424, 43.4069] }},
{"zip_code":"51636","country":"US","city":"Coin","state":"Iowa","state_ab":"IA","county":"Page","geo_location":{ "type": "Point", "coordinates": [-95.2217, 40.6686] }},
{"zip_code":"50169","country":"US","city":"Mitchellville","state":"Iowa","state_ab":"IA","county":"Polk","geo_location":{ "type": "Point", "coordinates": [-93.37, 41.6609] }},
{"zip_code":"50309","country":"US","city":"Des Moines","state":"Iowa","state_ab":"IA","county":"Polk","geo_location":{ "type": "Point", "coordinates": [-93.6212, 41.5887] }},
{"zip_code":"50310","country":"US","city":"Des Moines","state":"Iowa","state_ab":"IA","county":"Polk","geo_location":{ "type": "Point", "coordinates": [-93.6736, 41.6255] }},
{"zip_code":"50323","country":"US","city":"Urbandale","state":"Iowa","state_ab":"IA","county":"Polk","geo_location":{ "type": "Point", "coordinates": [-93.7717, 41.6294] }},
{"zip_code":"50336","country":"US","city":"Des Moines","state":"Iowa","state_ab":"IA","county":"Polk","geo_location":{ "type": "Point", "coordinates": [-93.5722, 41.6727] }},
{"zip_code":"50350","country":"US","city":"Des Moines","state":"Iowa","state_ab":"IA","county":"Polk","geo_location":{ "type": "Point", "coordinates": [-93.5722, 41.6727] }},
{"zip_code":"50363","country":"US","city":"Des Moines","state":"Iowa","state_ab":"IA","county":"Polk","geo_location":{ "type": "Point", "coordinates": [-93.5722, 41.6727] }},
{"zip_code":"51559","country":"US","city":"Neola","state":"Iowa","state_ab":"IA","county":"Pottawattamie","geo_location":{ "type": "Point", "coordinates": [-95.6794, 41.4564] }},
{"zip_code":"51560","country":"US","city":"Oakland","state":"Iowa","state_ab":"IA","county":"Pottawattamie","geo_location":{ "type": "Point", "coordinates": [-95.379, 41.312] }},
{"zip_code":"50583","country":"US","city":"Sac City","state":"Iowa","state_ab":"IA","county":"Sac","geo_location":{ "type": "Point", "coordinates": [-94.9796, 42.4262] }},
{"zip_code":"52756","country":"US","city":"Long Grove","state":"Iowa","state_ab":"IA","county":"Scott","geo_location":{ "type": "Point", "coordinates": [-90.5534, 41.7213] }},
{"zip_code":"52806","country":"US","city":"Davenport","state":"Iowa","state_ab":"IA","county":"Scott","geo_location":{ "type": "Point", "coordinates": [-90.6038, 41.5733] }},
{"zip_code":"51003","country":"US","city":"Alton","state":"Iowa","state_ab":"IA","county":"Sioux","geo_location":{ "type": "Point", "coordinates": [-96.0173, 42.9782] }},
{"zip_code":"51250","country":"US","city":"Sioux Center","state":"Iowa","state_ab":"IA","county":"Sioux","geo_location":{ "type": "Point", "coordinates": [-96.18, 43.0814] }},
{"zip_code":"50013","country":"US","city":"Ames","state":"Iowa","state_ab":"IA","county":"Story","geo_location":{ "type": "Point", "coordinates": [-93.6408, 42.0235] }},
{"zip_code":"50840","country":"US","city":"Clearfield","state":"Iowa","state_ab":"IA","county":"Taylor","geo_location":{ "type": "Point", "coordinates": [-94.4944, 40.7935] }},
{"zip_code":"52626","country":"US","city":"Farmington","state":"Iowa","state_ab":"IA","county":"Van Buren","geo_location":{ "type": "Point", "coordinates": [-91.7447, 40.6397] }},
{"zip_code":"52536","country":"US","city":"Blakesburg","state":"Iowa","state_ab":"IA","county":"Wapello","geo_location":{ "type": "Point", "coordinates": [-92.6195, 40.9555] }},
{"zip_code":"52356","country":"US","city":"Wellman","state":"Iowa","state_ab":"IA","county":"Washington","geo_location":{ "type": "Point", "coordinates": [-91.84, 41.47] }},
{"zip_code":"52590","country":"US","city":"Seymour","state":"Iowa","state_ab":"IA","county":"Wayne","geo_location":{ "type": "Point", "coordinates": [-93.1368, 40.6724] }},
{"zip_code":"50516","country":"US","city":"Badger","state":"Iowa","state_ab":"IA","county":"Webster","geo_location":{ "type": "Point", "coordinates": [-94.1481, 42.6013] }},
{"zip_code":"50530","country":"US","city":"Dayton","state":"Iowa","state_ab":"IA","county":"Webster","geo_location":{ "type": "Point", "coordinates": [-94.061, 42.2594] }},
{"zip_code":"50543","country":"US","city":"Gowrie","state":"Iowa","state_ab":"IA","county":"Webster","geo_location":{ "type": "Point", "coordinates": [-94.2987, 42.2767] }},
{"zip_code":"50569","country":"US","city":"Otho","state":"Iowa","state_ab":"IA","county":"Webster","geo_location":{ "type": "Point", "coordinates": [-94.1388, 42.4031] }},
{"zip_code":"50453","country":"US","city":"Leland","state":"Iowa","state_ab":"IA","county":"Winnebago","geo_location":{ "type": "Point", "coordinates": [-93.6895, 43.3425] }},
{"zip_code":"52149","country":"US","city":"Highlandville","state":"Iowa","state_ab":"IA","county":"Winneshiek","geo_location":{ "type": "Point", "coordinates": [-91.6899, 43.4638] }},
{"zip_code":"52150","country":"US","city":"Jackson Junction","state":"Iowa","state_ab":"IA","county":"Winneshiek County","geo_location":{ "type": "Point", "coordinates": [-92.0229, 43.1266] }},
{"zip_code":"51016","country":"US","city":"Correctionville","state":"Iowa","state_ab":"IA","county":"Woodbury","geo_location":{ "type": "Point", "coordinates": [-95.7804, 42.4743] }},
{"zip_code":"51030","country":"US","city":"Lawton","state":"Iowa","state_ab":"IA","county":"Woodbury","geo_location":{ "type": "Point", "coordinates": [-96.2189, 42.5047] }},
{"zip_code":"51056","country":"US","city":"Smithland","state":"Iowa","state_ab":"IA","county":"Woodbury","geo_location":{ "type": "Point", "coordinates": [-95.9486, 42.2408] }},
{"zip_code":"51106","country":"US","city":"Sioux City","state":"Iowa","state_ab":"IA","county":"Woodbury","geo_location":{ "type": "Point", "coordinates": [-96.3528, 42.4671] }},
{"zip_code":"50440","country":"US","city":"Grafton","state":"Iowa","state_ab":"IA","county":"Worth","geo_location":{ "type": "Point", "coordinates": [-93.0797, 43.311] }},
{"zip_code":"83680","country":"US","city":"Meridian","state":"Idaho","state_ab":"ID","county":"Ada","geo_location":{ "type": "Point", "coordinates": [-116.244, 43.4599] }},
{"zip_code":"83703","country":"US","city":"Boise","state":"Idaho","state_ab":"ID","county":"Ada","geo_location":{ "type": "Point", "coordinates": [-116.2524, 43.6601] }},
{"zip_code":"83716","country":"US","city":"Boise","state":"Idaho","state_ab":"ID","county":"Ada","geo_location":{ "type": "Point", "coordinates": [-115.9711, 43.5345] }},
{"zip_code":"83729","country":"US","city":"Boise","state":"Idaho","state_ab":"ID","county":"Ada","geo_location":{ "type": "Point", "coordinates": [-116.244, 43.4599] }},
{"zip_code":"83730","country":"US","city":"Boise","state":"Idaho","state_ab":"ID","county":"Ada","geo_location":{ "type": "Point", "coordinates": [-116.244, 43.4599] }},
{"zip_code":"83756","country":"US","city":"Boise","state":"Idaho","state_ab":"ID","county":"Ada","geo_location":{ "type": "Point", "coordinates": [-116.244, 43.4599] }},
{"zip_code":"83239","country":"US","city":"Georgetown","state":"Idaho","state_ab":"ID","county":"Bear Lake","geo_location":{ "type": "Point", "coordinates": [-111.4358, 42.4729] }},
{"zip_code":"83666","country":"US","city":"Placerville","state":"Idaho","state_ab":"ID","county":"Boise","geo_location":{ "type": "Point", "coordinates": [-115.9759, 43.9633] }},
{"zip_code":"83860","country":"US","city":"Sagle","state":"Idaho","state_ab":"ID","county":"Bonner","geo_location":{ "type": "Point", "coordinates": [-116.5455, 48.2035] }},
{"zip_code":"83406","country":"US","city":"Idaho Falls","state":"Idaho","state_ab":"ID","county":"Bonneville","geo_location":{ "type": "Point", "coordinates": [-111.9661, 43.4732] }},
{"zip_code":"83213","country":"US","city":"Arco","state":"Idaho","state_ab":"ID","county":"Butte","geo_location":{ "type": "Point", "coordinates": [-113.3176, 43.6355] }},
{"zip_code":"83626","country":"US","city":"Greenleaf","state":"Idaho","state_ab":"ID","county":"Canyon","geo_location":{ "type": "Point", "coordinates": [-116.8315, 43.669] }},
{"zip_code":"83653","country":"US","city":"Nampa","state":"Idaho","state_ab":"ID","county":"Canyon","geo_location":{ "type": "Point", "coordinates": [-116.753, 43.5851] }},
{"zip_code":"83446","country":"US","city":"Spencer","state":"Idaho","state_ab":"ID","county":"Clark","geo_location":{ "type": "Point", "coordinates": [-112.3062, 44.2718] }},
{"zip_code":"83226","country":"US","city":"Challis","state":"Idaho","state_ab":"ID","county":"Custer","geo_location":{ "type": "Point", "coordinates": [-114.1946, 44.4969] }},
{"zip_code":"83420","country":"US","city":"Ashton","state":"Idaho","state_ab":"ID","county":"Fremont","geo_location":{ "type": "Point", "coordinates": [-111.4253, 44.0153] }},
{"zip_code":"83433","country":"US","city":"Macks Inn","state":"Idaho","state_ab":"ID","county":"Fremont","geo_location":{ "type": "Point", "coordinates": [-111.6017, 44.3192] }},
{"zip_code":"83330","country":"US","city":"Gooding","state":"Idaho","state_ab":"ID","county":"Gooding","geo_location":{ "type": "Point", "coordinates": [-114.712, 42.9373] }},
{"zip_code":"83549","country":"US","city":"Riggins","state":"Idaho","state_ab":"ID","county":"Idaho","geo_location":{ "type": "Point", "coordinates": [-116.3006, 45.397] }},
{"zip_code":"83833","country":"US","city":"Harrison","state":"Idaho","state_ab":"ID","county":"Kootenai","geo_location":{ "type": "Point", "coordinates": [-116.7446, 47.5017] }},
{"zip_code":"83806","country":"US","city":"Bovill","state":"Idaho","state_ab":"ID","county":"Latah","geo_location":{ "type": "Point", "coordinates": [-116.3624, 46.8936] }},
{"zip_code":"83253","country":"US","city":"May","state":"Idaho","state_ab":"ID","county":"Lemhi","geo_location":{ "type": "Point", "coordinates": [-113.8167, 44.9681] }},
{"zip_code":"83523","country":"US","city":"Craigmont","state":"Idaho","state_ab":"ID","county":"Lewis","geo_location":{ "type": "Point", "coordinates": [-116.4677, 46.2453] }},
{"zip_code":"83536","country":"US","city":"Kamiah","state":"Idaho","state_ab":"ID","county":"Lewis","geo_location":{ "type": "Point", "coordinates": [-116.0347, 46.2186] }},
{"zip_code":"83460","country":"US","city":"Rexburg","state":"Idaho","state_ab":"ID","county":"Madison","geo_location":{ "type": "Point", "coordinates": [-111.691, 43.7761] }},
{"zip_code":"83343","country":"US","city":"Minidoka","state":"Idaho","state_ab":"ID","county":"Minidoka","geo_location":{ "type": "Point", "coordinates": [-113.5098, 42.773] }},
{"zip_code":"83280","country":"US","city":"Stone","state":"Idaho","state_ab":"ID","county":"Oneida County","geo_location":{ "type": "Point", "coordinates": [-112.7109, 42.0384] }},
{"zip_code":"83639","country":"US","city":"Marsing","state":"Idaho","state_ab":"ID","county":"Owyhee","geo_location":{ "type": "Point", "coordinates": [-116.824, 43.5399] }},
{"zip_code":"83846","country":"US","city":"Mullan","state":"Idaho","state_ab":"ID","county":"Shoshone","geo_location":{ "type": "Point", "coordinates": [-115.7926, 47.4709] }},
{"zip_code":"83873","country":"US","city":"Wallace","state":"Idaho","state_ab":"ID","county":"Shoshone","geo_location":{ "type": "Point", "coordinates": [-115.962, 47.4908] }},
{"zip_code":"83303","country":"US","city":"Twin Falls","state":"Idaho","state_ab":"ID","county":"Twin Falls","geo_location":{ "type": "Point", "coordinates": [-114.5195, 42.4563] }},
{"zip_code":"83316","country":"US","city":"Buhl","state":"Idaho","state_ab":"ID","county":"Twin Falls","geo_location":{ "type": "Point", "coordinates": [-114.7825, 42.6008] }},
{"zip_code":"62306","country":"US","city":"Quincy","state":"Illinois","state_ab":"IL","county":"Adams","geo_location":{ "type": "Point", "coordinates": [-91.2126, 39.9786] }},
{"zip_code":"62320","country":"US","city":"Camp Point","state":"Illinois","state_ab":"IL","county":"Adams","geo_location":{ "type": "Point", "coordinates": [-91.0769, 40.0293] }},
{"zip_code":"62346","country":"US","city":"La Prairie","state":"Illinois","state_ab":"IL","county":"Adams","geo_location":{ "type": "Point", "coordinates": [-90.9844, 40.1572] }},
{"zip_code":"62359","country":"US","city":"Paloma","state":"Illinois","state_ab":"IL","county":"Adams","geo_location":{ "type": "Point", "coordinates": [-91.2053, 40.0366] }},
{"zip_code":"62360","country":"US","city":"Payson","state":"Illinois","state_ab":"IL","county":"Adams","geo_location":{ "type": "Point", "coordinates": [-91.2627, 39.8153] }},
{"zip_code":"62913","country":"US","city":"Cache","state":"Illinois","state_ab":"IL","county":"Alexander","geo_location":{ "type": "Point", "coordinates": [-89.3256, 37.1528] }},
{"zip_code":"62993","country":"US","city":"Unity","state":"Illinois","state_ab":"IL","county":"Alexander","geo_location":{ "type": "Point", "coordinates": [-89.3256, 37.1528] }},
{"zip_code":"61329","country":"US","city":"Ladd","state":"Illinois","state_ab":"IL","county":"Bureau","geo_location":{ "type": "Point", "coordinates": [-89.2038, 41.3795] }},
{"zip_code":"61330","country":"US","city":"La Moille","state":"Illinois","state_ab":"IL","county":"Bureau","geo_location":{ "type": "Point", "coordinates": [-89.297, 41.5376] }},
{"zip_code":"61356","country":"US","city":"Princeton","state":"Illinois","state_ab":"IL","county":"Bureau","geo_location":{ "type": "Point", "coordinates": [-89.427, 41.3629] }},
{"zip_code":"62036","country":"US","city":"Golden Eagle","state":"Illinois","state_ab":"IL","county":"Calhoun","geo_location":{ "type": "Point", "coordinates": [-90.5602, 38.8961] }},
{"zip_code":"61046","country":"US","city":"Lanark","state":"Illinois","state_ab":"IL","county":"Carroll","geo_location":{ "type": "Point", "coordinates": [-89.8247, 42.0935] }},
{"zip_code":"61820","country":"US","city":"Champaign","state":"Illinois","state_ab":"IL","county":"Champaign","geo_location":{ "type": "Point", "coordinates": [-88.2407, 40.111] }},
{"zip_code":"61859","country":"US","city":"Ogden","state":"Illinois","state_ab":"IL","county":"Champaign","geo_location":{ "type": "Point", "coordinates": [-87.9665, 40.1401] }},
{"zip_code":"61873","country":"US","city":"Saint Joseph","state":"Illinois","state_ab":"IL","county":"Champaign","geo_location":{ "type": "Point", "coordinates": [-88.0472, 40.1207] }},
{"zip_code":"62540","country":"US","city":"Kincaid","state":"Illinois","state_ab":"IL","county":"Christian","geo_location":{ "type": "Point", "coordinates": [-89.4185, 39.5838] }},
{"zip_code":"62423","country":"US","city":"Dennison","state":"Illinois","state_ab":"IL","county":"Clark","geo_location":{ "type": "Point", "coordinates": [-87.5867, 39.449] }},
{"zip_code":"62216","country":"US","city":"Aviston","state":"Illinois","state_ab":"IL","county":"Clinton","geo_location":{ "type": "Point", "coordinates": [-89.6034, 38.6089] }},
{"zip_code":"62230","country":"US","city":"Breese","state":"Illinois","state_ab":"IL","county":"Clinton","geo_location":{ "type": "Point", "coordinates": [-89.5284, 38.6188] }},
{"zip_code":"62283","country":"US","city":"Shattuc","state":"Illinois","state_ab":"IL","county":"Clinton","geo_location":{ "type": "Point", "coordinates": [-89.2054, 38.6435] }},
{"zip_code":"60016","country":"US","city":"Des Plaines","state":"Illinois","state_ab":"IL","county":"Cook","geo_location":{ "type": "Point", "coordinates": [-87.8859, 42.0467] }},
{"zip_code":"60029","country":"US","city":"Golf","state":"Illinois","state_ab":"IL","county":"Cook","geo_location":{ "type": "Point", "coordinates": [-87.7916, 42.058] }},
{"zip_code":"60043","country":"US","city":"Kenilworth","state":"Illinois","state_ab":"IL","county":"Cook","geo_location":{ "type": "Point", "coordinates": [-87.7165, 42.0884] }},
{"zip_code":"60056","country":"US","city":"Mount Prospect","state":"Illinois","state_ab":"IL","county":"Cook","geo_location":{ "type": "Point", "coordinates": [-87.9377, 42.0624] }},
{"zip_code":"60070","country":"US","city":"Prospect Heights","state":"Illinois","state_ab":"IL","county":"Cook","geo_location":{ "type": "Point", "coordinates": [-87.9395, 42.1058] }},
{"zip_code":"60159","country":"US","city":"Schaumburg","state":"Illinois","state_ab":"IL","county":"Cook","geo_location":{ "type": "Point", "coordinates": [-87.6873, 41.8119] }},
{"zip_code":"60160","country":"US","city":"Melrose Park","state":"Illinois","state_ab":"IL","county":"Cook","geo_location":{ "type": "Point", "coordinates": [-87.8581, 41.9003] }},
{"zip_code":"60173","country":"US","city":"Schaumburg","state":"Illinois","state_ab":"IL","county":"Cook","geo_location":{ "type": "Point", "coordinates": [-88.0482, 42.0581] }},
{"zip_code":"60209","country":"US","city":"Evanston","state":"Illinois","state_ab":"IL","county":"Cook","geo_location":{ "type": "Point", "coordinates": [-87.6794, 42.0497] }},
{"zip_code":"60290","country":"US","city":"Chicago","state":"Illinois","state_ab":"IL","county":"Cook County","geo_location":{ "type": "Point", "coordinates": [-87.8849, 41.9613] }},
{"zip_code":"60429","country":"US","city":"Hazel Crest","state":"Illinois","state_ab":"IL","county":"Cook","geo_location":{ "type": "Point", "coordinates": [-87.6849, 41.5738] }},
{"zip_code":"60430","country":"US","city":"Homewood","state":"Illinois","state_ab":"IL","county":"Cook","geo_location":{ "type": "Point", "coordinates": [-87.6616, 41.5556] }},
{"zip_code":"60443","country":"US","city":"Matteson","state":"Illinois","state_ab":"IL","county":"Cook","geo_location":{ "type": "Point", "coordinates": [-87.7406, 41.5102] }},
{"zip_code":"60456","country":"US","city":"Hometown","state":"Illinois","state_ab":"IL","county":"Cook","geo_location":{ "type": "Point", "coordinates": [-87.7315, 41.7311] }},
{"zip_code":"60469","country":"US","city":"Posen","state":"Illinois","state_ab":"IL","county":"Cook","geo_location":{ "type": "Point", "coordinates": [-87.6872, 41.6277] }},
{"zip_code":"60483","country":"US","city":"Tinley Park","state":"Illinois","state_ab":"IL","county":"Cook County","geo_location":{ "type": "Point", "coordinates": [-87.7887, 41.5772] }},
{"zip_code":"60546","country":"US","city":"Riverside","state":"Illinois","state_ab":"IL","county":"Cook","geo_location":{ "type": "Point", "coordinates": [-87.8213, 41.8379] }},
{"zip_code":"60609","country":"US","city":"Chicago","state":"Illinois","state_ab":"IL","county":"Cook","geo_location":{ "type": "Point", "coordinates": [-87.6533, 41.8097] }},
{"zip_code":"60610","country":"US","city":"Chicago","state":"Illinois","state_ab":"IL","county":"Cook","geo_location":{ "type": "Point", "coordinates": [-87.6336, 41.9033] }},
{"zip_code":"60623","country":"US","city":"Chicago","state":"Illinois","state_ab":"IL","county":"Cook","geo_location":{ "type": "Point", "coordinates": [-87.7157, 41.849] }},
{"zip_code":"60636","country":"US","city":"Chicago","state":"Illinois","state_ab":"IL","county":"Cook","geo_location":{ "type": "Point", "coordinates": [-87.6674, 41.776] }},
{"zip_code":"60649","country":"US","city":"Chicago","state":"Illinois","state_ab":"IL","county":"Cook","geo_location":{ "type": "Point", "coordinates": [-87.5703, 41.762] }},
{"zip_code":"60663","country":"US","city":"Chicago","state":"Illinois","state_ab":"IL","county":"Cook","geo_location":{ "type": "Point", "coordinates": [-87.6873, 41.8119] }},
{"zip_code":"60689","country":"US","city":"Chicago","state":"Illinois","state_ab":"IL","county":"Cook County","geo_location":{ "type": "Point", "coordinates": [-87.6353, 41.8745] }},
{"zip_code":"60690","country":"US","city":"Chicago","state":"Illinois","state_ab":"IL","county":"Cook","geo_location":{ "type": "Point", "coordinates": [-87.6873, 41.8119] }},
{"zip_code":"60803","country":"US","city":"Alsip","state":"Illinois","state_ab":"IL","county":"Cook","geo_location":{ "type": "Point", "coordinates": [-87.7357, 41.6721] }},
{"zip_code":"62449","country":"US","city":"Oblong","state":"Illinois","state_ab":"IL","county":"Crawford","geo_location":{ "type": "Point", "coordinates": [-87.895, 39.001] }},
{"zip_code":"62436","country":"US","city":"Jewett","state":"Illinois","state_ab":"IL","county":"Cumberland","geo_location":{ "type": "Point", "coordinates": [-88.2474, 39.2076] }},
{"zip_code":"60146","country":"US","city":"Kirkland","state":"Illinois","state_ab":"IL","county":"DeKalb","geo_location":{ "type": "Point", "coordinates": [-88.8685, 42.1014] }},
{"zip_code":"60520","country":"US","city":"Hinckley","state":"Illinois","state_ab":"IL","county":"DeKalb","geo_location":{ "type": "Point", "coordinates": [-88.6448, 41.7691] }},
{"zip_code":"61910","country":"US","city":"Arcola","state":"Illinois","state_ab":"IL","county":"Douglas","geo_location":{ "type": "Point", "coordinates": [-88.3037, 39.687] }},
{"zip_code":"60106","country":"US","city":"Bensenville","state":"Illinois","state_ab":"IL","county":"DuPage","geo_location":{ "type": "Point", "coordinates": [-87.945, 41.9501] }},
{"zip_code":"60133","country":"US","city":"Hanover Park","state":"Illinois","state_ab":"IL","county":"DuPage","geo_location":{ "type": "Point", "coordinates": [-88.1212, 41.9394] }},
{"zip_code":"60186","country":"US","city":"West Chicago","state":"Illinois","state_ab":"IL","county":"DuPage","geo_location":{ "type": "Point", "coordinates": [-88.0887, 41.8397] }},
{"zip_code":"60199","country":"US","city":"Carol Stream","state":"Illinois","state_ab":"IL","county":"DuPage","geo_location":{ "type": "Point", "coordinates": [-88.0887, 41.8397] }},
{"zip_code":"60353","country":"US","city":"Carol Stream","state":"Illinois","state_ab":"IL","county":"DuPage County","geo_location":{ "type": "Point", "coordinates": [-88.1208, 41.9166] }},
{"zip_code":"60519","country":"US","city":"Eola","state":"Illinois","state_ab":"IL","county":"DuPage","geo_location":{ "type": "Point", "coordinates": [-88.2462, 41.7772] }},
{"zip_code":"60559","country":"US","city":"Westmont","state":"Illinois","state_ab":"IL","county":"DuPage","geo_location":{ "type": "Point", "coordinates": [-87.9757, 41.7728] }},
{"zip_code":"60599","country":"US","city":"Fox Valley","state":"Illinois","state_ab":"IL","county":"DuPage","geo_location":{ "type": "Point", "coordinates": [-88.0887, 41.8397] }},
{"zip_code":"61949","country":"US","city":"Redmon","state":"Illinois","state_ab":"IL","county":"Edgar","geo_location":{ "type": "Point", "coordinates": [-87.8633, 39.6601] }},
{"zip_code":"62476","country":"US","city":"West Salem","state":"Illinois","state_ab":"IL","county":"Edwards","geo_location":{ "type": "Point", "coordinates": [-88.0323, 38.5183] }},
{"zip_code":"60919","country":"US","city":"Cabery","state":"Illinois","state_ab":"IL","county":"Ford","geo_location":{ "type": "Point", "coordinates": [-88.1921, 40.9819] }},
{"zip_code":"60933","country":"US","city":"Elliott","state":"Illinois","state_ab":"IL","county":"Ford","geo_location":{ "type": "Point", "coordinates": [-88.2712, 40.4648] }},
{"zip_code":"60946","country":"US","city":"Kempton","state":"Illinois","state_ab":"IL","county":"Ford","geo_location":{ "type": "Point", "coordinates": [-88.209, 40.9126] }},
{"zip_code":"60959","country":"US","city":"Piper City","state":"Illinois","state_ab":"IL","county":"Ford","geo_location":{ "type": "Point", "coordinates": [-88.1873, 40.7556] }},
{"zip_code":"62836","country":"US","city":"Ewing","state":"Illinois","state_ab":"IL","county":"Franklin","geo_location":{ "type": "Point", "coordinates": [-88.8504, 38.0702] }},
{"zip_code":"62890","country":"US","city":"Thompsonville","state":"Illinois","state_ab":"IL","county":"Franklin","geo_location":{ "type": "Point", "coordinates": [-88.7684, 37.8804] }},
{"zip_code":"61433","country":"US","city":"Fiatt","state":"Illinois","state_ab":"IL","county":"Fulton","geo_location":{ "type": "Point", "coordinates": [-90.1618, 40.4493] }},
{"zip_code":"61459","country":"US","city":"Marietta","state":"Illinois","state_ab":"IL","county":"Fulton","geo_location":{ "type": "Point", "coordinates": [-90.3885, 40.4978] }},
{"zip_code":"61563","country":"US","city":"Saint David","state":"Illinois","state_ab":"IL","county":"Fulton","geo_location":{ "type": "Point", "coordinates": [-90.0505, 40.4912] }},
{"zip_code":"62979","country":"US","city":"Ridgway","state":"Illinois","state_ab":"IL","county":"Gallatin","geo_location":{ "type": "Point", "coordinates": [-88.2612, 37.8042] }},
{"zip_code":"62050","country":"US","city":"Hillview","state":"Illinois","state_ab":"IL","county":"Greene","geo_location":{ "type": "Point", "coordinates": [-90.5128, 39.4674] }},
{"zip_code":"60416","country":"US","city":"Coal City","state":"Illinois","state_ab":"IL","county":"Grundy","geo_location":{ "type": "Point", "coordinates": [-88.2823, 41.2908] }},
{"zip_code":"62373","country":"US","city":"Sutter","state":"Illinois","state_ab":"IL","county":"Hancock","geo_location":{ "type": "Point", "coordinates": [-91.3726, 40.2865] }},
{"zip_code":"61460","country":"US","city":"Media","state":"Illinois","state_ab":"IL","county":"Henderson","geo_location":{ "type": "Point", "coordinates": [-90.857, 40.7618] }},
{"zip_code":"61419","country":"US","city":"Bishop Hill","state":"Illinois","state_ab":"IL","county":"Henry","geo_location":{ "type": "Point", "coordinates": [-90.1183, 41.1977] }},
{"zip_code":"60973","country":"US","city":"Wellington","state":"Illinois","state_ab":"IL","county":"Iroquois","geo_location":{ "type": "Point", "coordinates": [-87.6561, 40.5339] }},
{"zip_code":"62940","country":"US","city":"Gorham","state":"Illinois","state_ab":"IL","county":"Jackson","geo_location":{ "type": "Point", "coordinates": [-89.444, 37.7406] }},
{"zip_code":"62966","country":"US","city":"Murphysboro","state":"Illinois","state_ab":"IL","county":"Jackson","geo_location":{ "type": "Point", "coordinates": [-89.3317, 37.7655] }},
{"zip_code":"62810","country":"US","city":"Belle Rive","state":"Illinois","state_ab":"IL","county":"Jefferson","geo_location":{ "type": "Point", "coordinates": [-88.7558, 38.2153] }},
{"zip_code":"62889","country":"US","city":"Texico","state":"Illinois","state_ab":"IL","county":"Jefferson","geo_location":{ "type": "Point", "coordinates": [-88.8702, 38.425] }},
{"zip_code":"62063","country":"US","city":"Medora","state":"Illinois","state_ab":"IL","county":"Jersey","geo_location":{ "type": "Point", "coordinates": [-90.1542, 39.1986] }},
{"zip_code":"61059","country":"US","city":"Nora","state":"Illinois","state_ab":"IL","county":"Jo Daviess","geo_location":{ "type": "Point", "coordinates": [-89.9414, 42.4637] }},
{"zip_code":"62939","country":"US","city":"Goreville","state":"Illinois","state_ab":"IL","county":"Johnson","geo_location":{ "type": "Point", "coordinates": [-88.9655, 37.575] }},
{"zip_code":"60119","country":"US","city":"Elburn","state":"Illinois","state_ab":"IL","county":"Kane","geo_location":{ "type": "Point", "coordinates": [-88.4611, 41.8824] }},
{"zip_code":"60120","country":"US","city":"Elgin","state":"Illinois","state_ab":"IL","county":"Kane","geo_location":{ "type": "Point", "coordinates": [-88.2606, 42.0384] }},
{"zip_code":"60506","country":"US","city":"Aurora","state":"Illinois","state_ab":"IL","county":"Kane","geo_location":{ "type": "Point", "coordinates": [-88.3446, 41.7664] }},
{"zip_code":"60560","country":"US","city":"Yorkville","state":"Illinois","state_ab":"IL","county":"Kendall","geo_location":{ "type": "Point", "coordinates": [-88.4438, 41.6387] }},
{"zip_code":"60650","country":"US","city":"Cicero","state":"Illinois","state_ab":"IL","county":"Kendall County","geo_location":{ "type": "Point", "coordinates": [-87.7613, 41.8457] }},
{"zip_code":"60030","country":"US","city":"Grayslake","state":"Illinois","state_ab":"IL","county":"Lake","geo_location":{ "type": "Point", "coordinates": [-88.0545, 42.3524] }},
{"zip_code":"60069","country":"US","city":"Lincolnshire","state":"Illinois","state_ab":"IL","county":"Lake","geo_location":{ "type": "Point", "coordinates": [-87.9261, 42.1976] }},
{"zip_code":"60083","country":"US","city":"Wadsworth","state":"Illinois","state_ab":"IL","county":"Lake","geo_location":{ "type": "Point", "coordinates": [-87.904, 42.446] }},
{"zip_code":"60096","country":"US","city":"Winthrop Harbor","state":"Illinois","state_ab":"IL","county":"Lake","geo_location":{ "type": "Point", "coordinates": [-87.8318, 42.4793] }},
{"zip_code":"60470","country":"US","city":"Ransom","state":"Illinois","state_ab":"IL","county":"La Salle","geo_location":{ "type": "Point", "coordinates": [-88.6502, 41.153] }},
{"zip_code":"61316","country":"US","city":"Cedar Point","state":"Illinois","state_ab":"IL","county":"La Salle","geo_location":{ "type": "Point", "coordinates": [-89.1237, 41.2617] }},
{"zip_code":"61370","country":"US","city":"Tonica","state":"Illinois","state_ab":"IL","county":"La Salle","geo_location":{ "type": "Point", "coordinates": [-89.089, 41.2327] }},
{"zip_code":"61006","country":"US","city":"Ashton","state":"Illinois","state_ab":"IL","county":"Lee","geo_location":{ "type": "Point", "coordinates": [-89.2086, 41.8643] }},
{"zip_code":"60920","country":"US","city":"Campus","state":"Illinois","state_ab":"IL","county":"Livingston","geo_location":{ "type": "Point", "coordinates": [-88.3072, 41.0248] }},
{"zip_code":"61743","country":"US","city":"Graymont","state":"Illinois","state_ab":"IL","county":"Livingston","geo_location":{ "type": "Point", "coordinates": [-88.7817, 40.8757] }},
{"zip_code":"61769","country":"US","city":"Saunemin","state":"Illinois","state_ab":"IL","county":"Livingston","geo_location":{ "type": "Point", "coordinates": [-88.4094, 40.8885] }},
{"zip_code":"62643","country":"US","city":"Hartsburg","state":"Illinois","state_ab":"IL","county":"Logan","geo_location":{ "type": "Point", "coordinates": [-89.4519, 40.2451] }},
{"zip_code":"62656","country":"US","city":"Lincoln","state":"Illinois","state_ab":"IL","county":"Logan","geo_location":{ "type": "Point", "coordinates": [-89.3684, 40.1451] }},
{"zip_code":"61420","country":"US","city":"Blandinsville","state":"Illinois","state_ab":"IL","county":"McDonough","geo_location":{ "type": "Point", "coordinates": [-90.8595, 40.5516] }},
{"zip_code":"61730","country":"US","city":"Cooksville","state":"Illinois","state_ab":"IL","county":"McLean","geo_location":{ "type": "Point", "coordinates": [-88.735, 40.536] }},
{"zip_code":"61770","country":"US","city":"Saybrook","state":"Illinois","state_ab":"IL","county":"McLean","geo_location":{ "type": "Point", "coordinates": [-88.5247, 40.432] }},
{"zip_code":"61756","country":"US","city":"Maroa","state":"Illinois","state_ab":"IL","county":"Macon","geo_location":{ "type": "Point", "coordinates": [-88.9578, 40.0342] }},
{"zip_code":"62513","country":"US","city":"Blue Mound","state":"Illinois","state_ab":"IL","county":"Macon","geo_location":{ "type": "Point", "coordinates": [-89.1136, 39.6978] }},
{"zip_code":"62526","country":"US","city":"Decatur","state":"Illinois","state_ab":"IL","county":"Macon","geo_location":{ "type": "Point", "coordinates": [-88.9382, 39.8583] }},
{"zip_code":"62009","country":"US","city":"Benld","state":"Illinois","state_ab":"IL","county":"Macoupin","geo_location":{ "type": "Point", "coordinates": [-89.8031, 39.0939] }},
{"zip_code":"62023","country":"US","city":"Eagarville","state":"Illinois","state_ab":"IL","county":"Macoupin","geo_location":{ "type": "Point", "coordinates": [-89.7855, 39.1118] }},
{"zip_code":"62630","country":"US","city":"Chesterfield","state":"Illinois","state_ab":"IL","county":"Macoupin","geo_location":{ "type": "Point", "coordinates": [-90.0784, 39.2608] }},
{"zip_code":"62683","country":"US","city":"Scottville","state":"Illinois","state_ab":"IL","county":"Macoupin","geo_location":{ "type": "Point", "coordinates": [-89.9261, 39.2609] }},
{"zip_code":"62010","country":"US","city":"Bethalto","state":"Illinois","state_ab":"IL","county":"Madison","geo_location":{ "type": "Point", "coordinates": [-90.0344, 38.9074] }},
{"zip_code":"62090","country":"US","city":"Venice","state":"Illinois","state_ab":"IL","county":"Madison","geo_location":{ "type": "Point", "coordinates": [-90.1689, 38.6706] }},
{"zip_code":"62849","country":"US","city":"Iuka","state":"Illinois","state_ab":"IL","county":"Marion","geo_location":{ "type": "Point", "coordinates": [-88.7689, 38.6136] }},
{"zip_code":"61369","country":"US","city":"Toluca","state":"Illinois","state_ab":"IL","county":"Marshall","geo_location":{ "type": "Point", "coordinates": [-89.1348, 41.0046] }},
{"zip_code":"62953","country":"US","city":"Joppa","state":"Illinois","state_ab":"IL","county":"Massac","geo_location":{ "type": "Point", "coordinates": [-88.8442, 37.2092] }},
{"zip_code":"61486","country":"US","city":"Viola","state":"Illinois","state_ab":"IL","county":"Mercer","geo_location":{ "type": "Point", "coordinates": [-90.5936, 41.2024] }},
{"zip_code":"62256","country":"US","city":"Maeystown","state":"Illinois","state_ab":"IL","county":"Monroe","geo_location":{ "type": "Point", "coordinates": [-90.1356, 38.3043] }},
{"zip_code":"62049","country":"US","city":"Hillsboro","state":"Illinois","state_ab":"IL","county":"Montgomery","geo_location":{ "type": "Point", "coordinates": [-89.4881, 39.1494] }},
{"zip_code":"62076","country":"US","city":"Ohlman","state":"Illinois","state_ab":"IL","county":"Montgomery","geo_location":{ "type": "Point", "coordinates": [-89.2191, 39.3434] }},
{"zip_code":"62089","country":"US","city":"Taylor Springs","state":"Illinois","state_ab":"IL","county":"Montgomery","geo_location":{ "type": "Point", "coordinates": [-89.4942, 39.1218] }},
{"zip_code":"61020","country":"US","city":"Davis Junction","state":"Illinois","state_ab":"IL","county":"Ogle","geo_location":{ "type": "Point", "coordinates": [-89.0838, 42.0979] }},
{"zip_code":"61523","country":"US","city":"Chillicothe","state":"Illinois","state_ab":"IL","county":"Peoria","geo_location":{ "type": "Point", "coordinates": [-89.5068, 40.9013] }},
{"zip_code":"61536","country":"US","city":"Hanna City","state":"Illinois","state_ab":"IL","county":"Peoria","geo_location":{ "type": "Point", "coordinates": [-89.7952, 40.6798] }},
{"zip_code":"61613","country":"US","city":"Peoria","state":"Illinois","state_ab":"IL","county":"Peoria","geo_location":{ "type": "Point", "coordinates": [-89.6279, 40.7425] }},
{"zip_code":"61639","country":"US","city":"Peoria","state":"Illinois","state_ab":"IL","county":"Peoria","geo_location":{ "type": "Point", "coordinates": [-89.5636, 40.7098] }},
{"zip_code":"61640","country":"US","city":"Peoria","state":"Illinois","state_ab":"IL","county":"Peoria","geo_location":{ "type": "Point", "coordinates": [-89.6177, 40.7857] }},
{"zip_code":"61653","country":"US","city":"Peoria","state":"Illinois","state_ab":"IL","county":"Peoria","geo_location":{ "type": "Point", "coordinates": [-89.7184, 40.7442] }},
{"zip_code":"61936","country":"US","city":"La Place","state":"Illinois","state_ab":"IL","county":"Piatt","geo_location":{ "type": "Point", "coordinates": [-88.7272, 39.7983] }},
{"zip_code":"62450","country":"US","city":"Olney","state":"Illinois","state_ab":"IL","county":"Richland","geo_location":{ "type": "Point", "coordinates": [-88.0809, 38.7334] }},
{"zip_code":"61239","country":"US","city":"Carbon Cliff","state":"Illinois","state_ab":"IL","county":"Rock Island","geo_location":{ "type": "Point", "coordinates": [-90.3875, 41.4861] }},
{"zip_code":"61240","country":"US","city":"Coal Valley","state":"Illinois","state_ab":"IL","county":"Rock Island","geo_location":{ "type": "Point", "coordinates": [-90.4652, 41.4351] }},
{"zip_code":"61266","country":"US","city":"Moline","state":"Illinois","state_ab":"IL","county":"Rock Island","geo_location":{ "type": "Point", "coordinates": [-90.616, 41.5549] }},
{"zip_code":"61279","country":"US","city":"Reynolds","state":"Illinois","state_ab":"IL","county":"Rock Island","geo_location":{ "type": "Point", "coordinates": [-90.6384, 41.3277] }},
{"zip_code":"62203","country":"US","city":"East Saint Louis","state":"Illinois","state_ab":"IL","county":"St. Clair","geo_location":{ "type": "Point", "coordinates": [-90.0744, 38.5992] }},
{"zip_code":"62243","country":"US","city":"Freeburg","state":"Illinois","state_ab":"IL","county":"St. Clair","geo_location":{ "type": "Point", "coordinates": [-89.9181, 38.408] }},
{"zip_code":"62269","country":"US","city":"O Fallon","state":"Illinois","state_ab":"IL","county":"St. Clair","geo_location":{ "type": "Point", "coordinates": [-89.8957, 38.5718] }},
{"zip_code":"62539","country":"US","city":"Illiopolis","state":"Illinois","state_ab":"IL","county":"Sangamon","geo_location":{ "type": "Point", "coordinates": [-89.2513, 39.8499] }},
{"zip_code":"62629","country":"US","city":"Chatham","state":"Illinois","state_ab":"IL","county":"Sangamon","geo_location":{ "type": "Point", "coordinates": [-89.7112, 39.6737] }},
{"zip_code":"62670","country":"US","city":"New Berlin","state":"Illinois","state_ab":"IL","county":"Sangamon","geo_location":{ "type": "Point", "coordinates": [-89.855, 39.7681] }},
{"zip_code":"62706","country":"US","city":"Springfield","state":"Illinois","state_ab":"IL","county":"Sangamon","geo_location":{ "type": "Point", "coordinates": [-89.6534, 39.7989] }},
{"zip_code":"62719","country":"US","city":"Springfield","state":"Illinois","state_ab":"IL","county":"Sangamon","geo_location":{ "type": "Point", "coordinates": [-89.606, 39.7495] }},
{"zip_code":"62720","country":"US","city":"Springfield","state":"Illinois","state_ab":"IL","county":"Sangamon","geo_location":{ "type": "Point", "coordinates": [-89.606, 39.7495] }},
{"zip_code":"62746","country":"US","city":"Springfield","state":"Illinois","state_ab":"IL","county":"Sangamon","geo_location":{ "type": "Point", "coordinates": [-89.606, 39.7495] }},
{"zip_code":"62786","country":"US","city":"Springfield","state":"Illinois","state_ab":"IL","county":"Sangamon","geo_location":{ "type": "Point", "coordinates": [-89.606, 39.7495] }},
{"zip_code":"62319","country":"US","city":"Camden","state":"Illinois","state_ab":"IL","county":"Schuyler","geo_location":{ "type": "Point", "coordinates": [-90.7544, 40.1511] }},
{"zip_code":"62463","country":"US","city":"Stewardson","state":"Illinois","state_ab":"IL","county":"Shelby","geo_location":{ "type": "Point", "coordinates": [-88.6319, 39.272] }},
{"zip_code":"62553","country":"US","city":"Oconee","state":"Illinois","state_ab":"IL","county":"Shelby","geo_location":{ "type": "Point", "coordinates": [-89.0836, 39.2884] }},
{"zip_code":"61019","country":"US","city":"Davis","state":"Illinois","state_ab":"IL","county":"Stephenson","geo_location":{ "type": "Point", "coordinates": [-89.4067, 42.4422] }},
{"zip_code":"61060","country":"US","city":"Orangeville","state":"Illinois","state_ab":"IL","county":"Stephenson","geo_location":{ "type": "Point", "coordinates": [-89.6448, 42.4728] }},
{"zip_code":"61550","country":"US","city":"Morton","state":"Illinois","state_ab":"IL","county":"Tazewell","geo_location":{ "type": "Point", "coordinates": [-89.4604, 40.6148] }},
{"zip_code":"62926","country":"US","city":"Dongola","state":"Illinois","state_ab":"IL","county":"Union","geo_location":{ "type": "Point", "coordinates": [-89.1349, 37.3712] }},
{"zip_code":"60960","country":"US","city":"Rankin","state":"Illinois","state_ab":"IL","county":"Vermilion","geo_location":{ "type": "Point", "coordinates": [-87.8884, 40.4559] }},
{"zip_code":"61833","country":"US","city":"Tilton","state":"Illinois","state_ab":"IL","county":"Vermilion","geo_location":{ "type": "Point", "coordinates": [-87.644, 40.0964] }},
{"zip_code":"61846","country":"US","city":"Georgetown","state":"Illinois","state_ab":"IL","county":"Vermilion","geo_location":{ "type": "Point", "coordinates": [-87.6365, 39.9792] }},
{"zip_code":"62410","country":"US","city":"Allendale","state":"Illinois","state_ab":"IL","county":"Wabash","geo_location":{ "type": "Point", "coordinates": [-87.7219, 38.5232] }},
{"zip_code":"62863","country":"US","city":"Mount Carmel","state":"Illinois","state_ab":"IL","county":"Wabash","geo_location":{ "type": "Point", "coordinates": [-87.7911, 38.4147] }},
{"zip_code":"61473","country":"US","city":"Roseville","state":"Illinois","state_ab":"IL","county":"Warren","geo_location":{ "type": "Point", "coordinates": [-90.6514, 40.7238] }},
{"zip_code":"62876","country":"US","city":"Radom","state":"Illinois","state_ab":"IL","county":"Washington","geo_location":{ "type": "Point", "coordinates": [-89.1989, 38.2607] }},
{"zip_code":"62809","country":"US","city":"Barnhill","state":"Illinois","state_ab":"IL","county":"Wayne","geo_location":{ "type": "Point", "coordinates": [-88.3508, 38.2781] }},
{"zip_code":"62823","country":"US","city":"Cisne","state":"Illinois","state_ab":"IL","county":"Wayne","geo_location":{ "type": "Point", "coordinates": [-88.4045, 38.5138] }},
{"zip_code":"62850","country":"US","city":"Johnsonville","state":"Illinois","state_ab":"IL","county":"Wayne","geo_location":{ "type": "Point", "coordinates": [-88.5887, 38.5256] }},
{"zip_code":"60403","country":"US","city":"Crest Hill","state":"Illinois","state_ab":"IL","county":"Will County","geo_location":{ "type": "Point", "coordinates": [-87.7905, 41.8397] }},
{"zip_code":"60586","country":"US","city":"Plainfield","state":"Illinois","state_ab":"IL","county":"Will County","geo_location":{ "type": "Point", "coordinates": [-88.2178, 41.5642] }},
{"zip_code":"61073","country":"US","city":"Roscoe","state":"Illinois","state_ab":"IL","county":"Winnebago","geo_location":{ "type": "Point", "coordinates": [-88.9943, 42.4217] }},
{"zip_code":"61109","country":"US","city":"Rockford","state":"Illinois","state_ab":"IL","county":"Winnebago","geo_location":{ "type": "Point", "coordinates": [-89.0512, 42.2166] }},
{"zip_code":"61110","country":"US","city":"Rockford","state":"Illinois","state_ab":"IL","county":"Winnebago","geo_location":{ "type": "Point", "coordinates": [-89.1705, 42.3254] }},
{"zip_code":"61729","country":"US","city":"Congerville","state":"Illinois","state_ab":"IL","county":"Woodford","geo_location":{ "type": "Point", "coordinates": [-89.1994, 40.6208] }},
{"zip_code":"46740","country":"US","city":"Geneva","state":"Indiana","state_ab":"IN","county":"Adams","geo_location":{ "type": "Point", "coordinates": [-84.9621, 40.6071] }},
{"zip_code":"46780","country":"US","city":"Pleasant Mills","state":"Indiana","state_ab":"IN","county":"Adams","geo_location":{ "type": "Point", "coordinates": [-84.9379, 40.7453] }},
{"zip_code":"46803","country":"US","city":"Fort Wayne","state":"Indiana","state_ab":"IN","county":"Allen","geo_location":{ "type": "Point", "coordinates": [-85.1074, 41.0695] }},
{"zip_code":"46816","country":"US","city":"Fort Wayne","state":"Indiana","state_ab":"IN","county":"Allen","geo_location":{ "type": "Point", "coordinates": [-85.0976, 41.0165] }},
{"zip_code":"46856","country":"US","city":"Fort Wayne","state":"Indiana","state_ab":"IN","county":"Allen","geo_location":{ "type": "Point", "coordinates": [-85.0707, 41.0938] }},
{"zip_code":"46869","country":"US","city":"Fort Wayne","state":"Indiana","state_ab":"IN","county":"Allen","geo_location":{ "type": "Point", "coordinates": [-85.0707, 41.0938] }},
{"zip_code":"46896","country":"US","city":"Fort Wayne","state":"Indiana","state_ab":"IN","county":"Allen","geo_location":{ "type": "Point", "coordinates": [-85.0707, 41.0938] }},
{"zip_code":"47226","country":"US","city":"Clifford","state":"Indiana","state_ab":"IN","county":"Bartholomew","geo_location":{ "type": "Point", "coordinates": [-85.8685, 39.2826] }},
{"zip_code":"47280","country":"US","city":"Taylorsville","state":"Indiana","state_ab":"IN","county":"Bartholomew","geo_location":{ "type": "Point", "coordinates": [-85.9498, 39.2953] }},
{"zip_code":"47976","country":"US","city":"Earl Park","state":"Indiana","state_ab":"IN","county":"Benton","geo_location":{ "type": "Point", "coordinates": [-87.31, 40.6063] }},
{"zip_code":"46160","country":"US","city":"Morgantown","state":"Indiana","state_ab":"IN","county":"Brown","geo_location":{ "type": "Point", "coordinates": [-86.2803, 39.3628] }},
{"zip_code":"46920","country":"US","city":"Cutler","state":"Indiana","state_ab":"IN","county":"Carroll","geo_location":{ "type": "Point", "coordinates": [-86.4462, 40.4785] }},
{"zip_code":"47163","country":"US","city":"Otisco","state":"Indiana","state_ab":"IN","county":"Clark","geo_location":{ "type": "Point", "coordinates": [-85.6647, 38.5423] }},
{"zip_code":"47190","country":"US","city":"Jeffersonville","state":"Indiana","state_ab":"IN","county":"Clark","geo_location":{ "type": "Point", "coordinates": [-85.705, 38.437] }},
{"zip_code":"47833","country":"US","city":"Bowling Green","state":"Indiana","state_ab":"IN","county":"Clay","geo_location":{ "type": "Point", "coordinates": [-87.0052, 39.3812] }},
{"zip_code":"47846","country":"US","city":"Cory","state":"Indiana","state_ab":"IN","county":"Clay","geo_location":{ "type": "Point", "coordinates": [-87.1956, 39.3435] }},
{"zip_code":"47123","country":"US","city":"Grantsburg","state":"Indiana","state_ab":"IN","county":"Crawford","geo_location":{ "type": "Point", "coordinates": [-86.4843, 38.282] }},
{"zip_code":"47060","country":"US","city":"West Harrison","state":"Indiana","state_ab":"IN","county":"Dearborn","geo_location":{ "type": "Point", "coordinates": [-84.881, 39.3008] }},
{"zip_code":"47240","country":"US","city":"Greensburg","state":"Indiana","state_ab":"IN","county":"Decatur","geo_location":{ "type": "Point", "coordinates": [-85.4918, 39.2998] }},
{"zip_code":"46793","country":"US","city":"Waterloo","state":"Indiana","state_ab":"IN","county":"DeKalb","geo_location":{ "type": "Point", "coordinates": [-85.0221, 41.4402] }},
{"zip_code":"47303","country":"US","city":"Muncie","state":"Indiana","state_ab":"IN","county":"Delaware","geo_location":{ "type": "Point", "coordinates": [-85.379, 40.218] }},
{"zip_code":"47383","country":"US","city":"Selma","state":"Indiana","state_ab":"IN","county":"Delaware","geo_location":{ "type": "Point", "coordinates": [-85.2738, 40.1693] }},
{"zip_code":"47396","country":"US","city":"Yorktown","state":"Indiana","state_ab":"IN","county":"Delaware","geo_location":{ "type": "Point", "coordinates": [-85.496, 40.1836] }},
{"zip_code":"47549","country":"US","city":"Jasper","state":"Indiana","state_ab":"IN","county":"Dubois","geo_location":{ "type": "Point", "coordinates": [-86.8762, 38.3647] }},
{"zip_code":"46573","country":"US","city":"Wakarusa","state":"Indiana","state_ab":"IN","county":"Elkhart","geo_location":{ "type": "Point", "coordinates": [-86.0205, 41.5401] }},
{"zip_code":"46133","country":"US","city":"Glenwood","state":"Indiana","state_ab":"IN","county":"Fayette","geo_location":{ "type": "Point", "coordinates": [-85.2735, 39.6124] }},
{"zip_code":"47150","country":"US","city":"New Albany","state":"Indiana","state_ab":"IN","county":"Floyd","geo_location":{ "type": "Point", "coordinates": [-85.8221, 38.3089] }},
{"zip_code":"47949","country":"US","city":"Hillsboro","state":"Indiana","state_ab":"IN","county":"Fountain","geo_location":{ "type": "Point", "coordinates": [-87.1545, 40.0835] }},
{"zip_code":"47639","country":"US","city":"Haubstadt","state":"Indiana","state_ab":"IN","county":"Gibson","geo_location":{ "type": "Point", "coordinates": [-87.5798, 38.1895] }},
{"zip_code":"47640","country":"US","city":"Hazleton","state":"Indiana","state_ab":"IN","county":"Gibson","geo_location":{ "type": "Point", "coordinates": [-87.4983, 38.4623] }},
{"zip_code":"47666","country":"US","city":"Patoka","state":"Indiana","state_ab":"IN","county":"Gibson","geo_location":{ "type": "Point", "coordinates": [-87.5958, 38.4143] }},
{"zip_code":"46933","country":"US","city":"Gas City","state":"Indiana","state_ab":"IN","county":"Grant","geo_location":{ "type": "Point", "coordinates": [-85.6055, 40.4879] }},
{"zip_code":"46986","country":"US","city":"Swayzee","state":"Indiana","state_ab":"IN","county":"Grant","geo_location":{ "type": "Point", "coordinates": [-85.8265, 40.5112] }},
{"zip_code":"47459","country":"US","city":"Solsberry","state":"Indiana","state_ab":"IN","county":"Greene","geo_location":{ "type": "Point", "coordinates": [-86.7378, 39.119] }},
{"zip_code":"46030","country":"US","city":"Arcadia","state":"Indiana","state_ab":"IN","county":"Hamilton","geo_location":{ "type": "Point", "coordinates": [-86.0409, 40.1776] }},
{"zip_code":"46069","country":"US","city":"Sheridan","state":"Indiana","state_ab":"IN","county":"Hamilton","geo_location":{ "type": "Point", "coordinates": [-86.2367, 40.1104] }},
{"zip_code":"46290","country":"US","city":"Indianapolis","state":"Indiana","state_ab":"IN","county":"Hamilton","geo_location":{ "type": "Point", "coordinates": [-86.1633, 39.9347] }},
{"zip_code":"46186","country":"US","city":"Wilkinson","state":"Indiana","state_ab":"IN","county":"Hancock","geo_location":{ "type": "Point", "coordinates": [-85.6144, 39.8957] }},
{"zip_code":"47110","country":"US","city":"Central","state":"Indiana","state_ab":"IN","county":"Harrison","geo_location":{ "type": "Point", "coordinates": [-86.1723, 38.097] }},
{"zip_code":"85543","country":"US","city":"Pima","state":"Arizona","state_ab":"AZ","county":"Graham","geo_location":{ "type": "Point", "coordinates": [-109.856, 32.9097] }},
{"zip_code":"85013","country":"US","city":"Phoenix","state":"Arizona","state_ab":"AZ","county":"Maricopa","geo_location":{ "type": "Point", "coordinates": [-112.0827, 33.5085] }},
{"zip_code":"85026","country":"US","city":"Phoenix","state":"Arizona","state_ab":"AZ","county":"Maricopa","geo_location":{ "type": "Point", "coordinates": [-112.1872, 33.2765] }},
{"zip_code":"85039","country":"US","city":"Phoenix","state":"Arizona","state_ab":"AZ","county":"Maricopa","geo_location":{ "type": "Point", "coordinates": [-112.1872, 33.2765] }},
{"zip_code":"85040","country":"US","city":"Phoenix","state":"Arizona","state_ab":"AZ","county":"Maricopa","geo_location":{ "type": "Point", "coordinates": [-112.0265, 33.4061] }},
{"zip_code":"85053","country":"US","city":"Phoenix","state":"Arizona","state_ab":"AZ","county":"Maricopa","geo_location":{ "type": "Point", "coordinates": [-112.1316, 33.6299] }},
{"zip_code":"85066","country":"US","city":"Phoenix","state":"Arizona","state_ab":"AZ","county":"Maricopa","geo_location":{ "type": "Point", "coordinates": [-112.1872, 33.2765] }},
{"zip_code":"85079","country":"US","city":"Phoenix","state":"Arizona","state_ab":"AZ","county":"Maricopa","geo_location":{ "type": "Point", "coordinates": [-112.1872, 33.2765] }},
{"zip_code":"85080","country":"US","city":"Phoenix","state":"Arizona","state_ab":"AZ","county":"Maricopa","geo_location":{ "type": "Point", "coordinates": [-112.1872, 33.2765] }},
{"zip_code":"85206","country":"US","city":"Mesa","state":"Arizona","state_ab":"AZ","county":"Maricopa","geo_location":{ "type": "Point", "coordinates": [-111.7242, 33.4026] }},
{"zip_code":"85233","country":"US","city":"Gilbert","state":"Arizona","state_ab":"AZ","county":"Maricopa","geo_location":{ "type": "Point", "coordinates": [-111.8153, 33.3354] }},
{"zip_code":"85246","country":"US","city":"Chandler","state":"Arizona","state_ab":"AZ","county":"Maricopa","geo_location":{ "type": "Point", "coordinates": [-112.1872, 33.2765] }},
{"zip_code":"85259","country":"US","city":"Scottsdale","state":"Arizona","state_ab":"AZ","county":"Maricopa","geo_location":{ "type": "Point", "coordinates": [-111.8404, 33.5879] }},
{"zip_code":"85260","country":"US","city":"Scottsdale","state":"Arizona","state_ab":"AZ","county":"Maricopa","geo_location":{ "type": "Point", "coordinates": [-111.8867, 33.6013] }},
{"zip_code":"85286","country":"US","city":"Chandler","state":"Arizona","state_ab":"AZ","county":"Maricopa County","geo_location":{ "type": "Point", "coordinates": [-111.8311, 33.2711] }},
{"zip_code":"85299","country":"US","city":"Gilbert","state":"Arizona","state_ab":"AZ","county":"Maricopa","geo_location":{ "type": "Point", "coordinates": [-112.1872, 33.2765] }},
{"zip_code":"85309","country":"US","city":"Luke Afb","state":"Arizona","state_ab":"AZ","county":"Maricopa","geo_location":{ "type": "Point", "coordinates": [-112.3766, 33.5355] }},
{"zip_code":"85310","country":"US","city":"Glendale","state":"Arizona","state_ab":"AZ","county":"Maricopa","geo_location":{ "type": "Point", "coordinates": [-112.1641, 33.7047] }},
{"zip_code":"85323","country":"US","city":"Avondale","state":"Arizona","state_ab":"AZ","county":"Maricopa","geo_location":{ "type": "Point", "coordinates": [-112.3438, 33.4321] }},
{"zip_code":"85363","country":"US","city":"Youngtown","state":"Arizona","state_ab":"AZ","county":"Maricopa","geo_location":{ "type": "Point", "coordinates": [-112.3013, 33.5908] }},
{"zip_code":"85376","country":"US","city":"Sun City West","state":"Arizona","state_ab":"AZ","county":"Maricopa","geo_location":{ "type": "Point", "coordinates": [-112.1872, 33.2765] }},
{"zip_code":"85390","country":"US","city":"Wickenburg","state":"Arizona","state_ab":"AZ","county":"Maricopa","geo_location":{ "type": "Point", "coordinates": [-112.8603, 33.8944] }},
{"zip_code":"86403","country":"US","city":"Lake Havasu City","state":"Arizona","state_ab":"AZ","county":"Mohave","geo_location":{ "type": "Point", "coordinates": [-114.3483, 34.4814] }},
{"zip_code":"86429","country":"US","city":"Bullhead City","state":"Arizona","state_ab":"AZ","county":"Mohave","geo_location":{ "type": "Point", "coordinates": [-114.5386, 35.1715] }},
{"zip_code":"86430","country":"US","city":"Bullhead City","state":"Arizona","state_ab":"AZ","county":"Mohave","geo_location":{ "type": "Point", "coordinates": [-114.5433, 35.1473] }},
{"zip_code":"86443","country":"US","city":"Temple Bar Marina","state":"Arizona","state_ab":"AZ","county":"Mohave","geo_location":{ "type": "Point", "coordinates": [-114.1792, 35.2106] }},
{"zip_code":"85929","country":"US","city":"Lakeside","state":"Arizona","state_ab":"AZ","county":"Navajo","geo_location":{ "type": "Point", "coordinates": [-109.9869, 34.1662] }},
{"zip_code":"86029","country":"US","city":"Sun Valley","state":"Arizona","state_ab":"AZ","county":"Navajo","geo_location":{ "type": "Point", "coordinates": [-110.2887, 35.2857] }},
{"zip_code":"86030","country":"US","city":"Hotevilla","state":"Arizona","state_ab":"AZ","county":"Navajo","geo_location":{ "type": "Point", "coordinates": [-110.5661, 36.2111] }},
{"zip_code":"86043","country":"US","city":"Second Mesa","state":"Arizona","state_ab":"AZ","county":"Navajo","geo_location":{ "type": "Point", "coordinates": [-110.2887, 35.2857] }},
{"zip_code":"86520","country":"US","city":"Blue Gap","state":"Arizona","state_ab":"AZ","county":"Navajo","geo_location":{ "type": "Point", "coordinates": [-110.2887, 35.2857] }},
{"zip_code":"85619","country":"US","city":"Mount Lemmon","state":"Arizona","state_ab":"AZ","county":"Pima","geo_location":{ "type": "Point", "coordinates": [-110.7605, 32.3763] }},
{"zip_code":"85633","country":"US","city":"Sasabe","state":"Arizona","state_ab":"AZ","county":"Pima","geo_location":{ "type": "Point", "coordinates": [-111.8907, 31.9701] }},
{"zip_code":"85709","country":"US","city":"Tucson","state":"Arizona","state_ab":"AZ","county":"Pima","geo_location":{ "type": "Point", "coordinates": [-110.898, 32.2008] }},
{"zip_code":"85710","country":"US","city":"Tucson","state":"Arizona","state_ab":"AZ","county":"Pima","geo_location":{ "type": "Point", "coordinates": [-110.824, 32.2138] }},
{"zip_code":"85723","country":"US","city":"Tucson","state":"Arizona","state_ab":"AZ","county":"Pima","geo_location":{ "type": "Point", "coordinates": [-111.8907, 31.9701] }},
{"zip_code":"85736","country":"US","city":"Tucson","state":"Arizona","state_ab":"AZ","county":"Pima","geo_location":{ "type": "Point", "coordinates": [-111.3702, 31.9011] }},
{"zip_code":"85749","country":"US","city":"Tucson","state":"Arizona","state_ab":"AZ","county":"Pima","geo_location":{ "type": "Point", "coordinates": [-110.7658, 32.2733] }},
{"zip_code":"85750","country":"US","city":"Tucson","state":"Arizona","state_ab":"AZ","county":"Pima","geo_location":{ "type": "Point", "coordinates": [-110.8404, 32.2974] }},
{"zip_code":"85130","country":"US","city":"Casa Grande","state":"Arizona","state_ab":"AZ","county":"Pinal","geo_location":{ "type": "Point", "coordinates": [-111.7054, 32.8151] }},
{"zip_code":"85143","country":"US","city":"Queen Creek","state":"Arizona","state_ab":"AZ","county":"Pinal County","geo_location":{ "type": "Point", "coordinates": [-111.5618, 33.1598] }},
{"zip_code":"85219","country":"US","city":"Apache Junction","state":"Arizona","state_ab":"AZ","county":"Pinal","geo_location":{ "type": "Point", "coordinates": [-111.2795, 33.3616] }},
{"zip_code":"85220","country":"US","city":"Apache Junction","state":"Arizona","state_ab":"AZ","county":"Pinal","geo_location":{ "type": "Point", "coordinates": [-111.5718, 33.4152] }},
{"zip_code":"85646","country":"US","city":"Tubac","state":"Arizona","state_ab":"AZ","county":"Santa Cruz","geo_location":{ "type": "Point", "coordinates": [-111.0662, 31.5938] }},
{"zip_code":"86313","country":"US","city":"Prescott","state":"Arizona","state_ab":"AZ","county":"Yavapai","geo_location":{ "type": "Point", "coordinates": [-112.3977, 34.7067] }},
{"zip_code":"86326","country":"US","city":"Cottonwood","state":"Arizona","state_ab":"AZ","county":"Yavapai","geo_location":{ "type": "Point", "coordinates": [-112.0091, 34.7055] }},
{"zip_code":"86340","country":"US","city":"Sedona","state":"Arizona","state_ab":"AZ","county":"Yavapai","geo_location":{ "type": "Point", "coordinates": [-112.3977, 34.7067] }},
{"zip_code":"85336","country":"US","city":"Gadsden","state":"Arizona","state_ab":"AZ","county":"Yuma","geo_location":{ "type": "Point", "coordinates": [-114.7743, 32.5302] }},
{"zip_code":"85349","country":"US","city":"San Luis","state":"Arizona","state_ab":"AZ","county":"Yuma","geo_location":{ "type": "Point", "coordinates": [-114.755, 32.5401] }},
{"zip_code":"85350","country":"US","city":"Somerton","state":"Arizona","state_ab":"AZ","county":"Yuma","geo_location":{ "type": "Point", "coordinates": [-114.7127, 32.5634] }},
{"zip_code":"94543","country":"US","city":"Hayward","state":"California","state_ab":"CA","county":"Alameda","geo_location":{ "type": "Point", "coordinates": [-121.9215, 37.6802] }},
{"zip_code":"94606","country":"US","city":"Oakland","state":"California","state_ab":"CA","county":"Alameda","geo_location":{ "type": "Point", "coordinates": [-122.2429, 37.7957] }},
{"zip_code":"94619","country":"US","city":"Oakland","state":"California","state_ab":"CA","county":"Alameda","geo_location":{ "type": "Point", "coordinates": [-122.1884, 37.7878] }},
{"zip_code":"94620","country":"US","city":"Piedmont","state":"California","state_ab":"CA","county":"Alameda","geo_location":{ "type": "Point", "coordinates": [-121.9215, 37.6802] }},
{"zip_code":"94659","country":"US","city":"Oakland","state":"California","state_ab":"CA","county":"Alameda","geo_location":{ "type": "Point", "coordinates": [-121.9215, 37.6802] }},
{"zip_code":"94660","country":"US","city":"Oakland","state":"California","state_ab":"CA","county":"Alameda","geo_location":{ "type": "Point", "coordinates": [-121.9215, 37.6802] }},
{"zip_code":"94709","country":"US","city":"Berkeley","state":"California","state_ab":"CA","county":"Alameda","geo_location":{ "type": "Point", "coordinates": [-122.2655, 37.8784] }},
{"zip_code":"94710","country":"US","city":"Berkeley","state":"California","state_ab":"CA","county":"Alameda","geo_location":{ "type": "Point", "coordinates": [-122.2959, 37.8696] }},
{"zip_code":"95689","country":"US","city":"Volcano","state":"California","state_ab":"CA","county":"Amador","geo_location":{ "type": "Point", "coordinates": [-120.6017, 38.4765] }},
{"zip_code":"95973","country":"US","city":"Chico","state":"California","state_ab":"CA","county":"Butte","geo_location":{ "type": "Point", "coordinates": [-121.8673, 39.8032] }},
{"zip_code":"95223","country":"US","city":"Arnold","state":"California","state_ab":"CA","county":"Calaveras","geo_location":{ "type": "Point", "coordinates": [-120.268, 38.3086] }},
{"zip_code":"95249","country":"US","city":"San Andreas","state":"California","state_ab":"CA","county":"Calaveras","geo_location":{ "type": "Point", "coordinates": [-120.6441, 38.1904] }},
{"zip_code":"95250","country":"US","city":"Sheep Ranch","state":"California","state_ab":"CA","county":"Calaveras","geo_location":{ "type": "Point", "coordinates": [-120.463, 38.2094] }},
{"zip_code":"94516","country":"US","city":"Canyon","state":"California","state_ab":"CA","county":"Contra Costa","geo_location":{ "type": "Point", "coordinates": [-122.165, 37.8339] }},
{"zip_code":"94529","country":"US","city":"Concord","state":"California","state_ab":"CA","county":"Contra Costa","geo_location":{ "type": "Point", "coordinates": [-121.9554, 37.7772] }},
{"zip_code":"94530","country":"US","city":"El Cerrito","state":"California","state_ab":"CA","county":"Contra Costa","geo_location":{ "type": "Point", "coordinates": [-122.2985, 37.9156] }},
{"zip_code":"94556","country":"US","city":"Moraga","state":"California","state_ab":"CA","county":"Contra Costa","geo_location":{ "type": "Point", "coordinates": [-122.1242, 37.8437] }},
{"zip_code":"94569","country":"US","city":"Port Costa","state":"California","state_ab":"CA","county":"Contra Costa","geo_location":{ "type": "Point", "coordinates": [-122.1866, 38.046] }},
{"zip_code":"94570","country":"US","city":"Moraga","state":"California","state_ab":"CA","county":"Contra Costa","geo_location":{ "type": "Point", "coordinates": [-121.9554, 37.7772] }},
{"zip_code":"94583","country":"US","city":"San Ramon","state":"California","state_ab":"CA","county":"Contra Costa","geo_location":{ "type": "Point", "coordinates": [-121.9522, 37.7562] }},
{"zip_code":"94596","country":"US","city":"Walnut Creek","state":"California","state_ab":"CA","county":"Contra Costa","geo_location":{ "type": "Point", "coordinates": [-122.0549, 37.9053] }},
{"zip_code":"95623","country":"US","city":"El Dorado","state":"California","state_ab":"CA","county":"El Dorado","geo_location":{ "type": "Point", "coordinates": [-120.8498, 38.633] }},
{"zip_code":"95636","country":"US","city":"Grizzly Flats","state":"California","state_ab":"CA","county":"El Dorado","geo_location":{ "type": "Point", "coordinates": [-120.5098, 38.6489] }},
{"zip_code":"95726","country":"US","city":"Pollock Pines","state":"California","state_ab":"CA","county":"El Dorado","geo_location":{ "type": "Point", "coordinates": [-120.5427, 38.7708] }},
{"zip_code":"96150","country":"US","city":"South Lake Tahoe","state":"California","state_ab":"CA","county":"El Dorado","geo_location":{ "type": "Point", "coordinates": [-119.9865, 38.917] }},
{"zip_code":"93616","country":"US","city":"Del Rey","state":"California","state_ab":"CA","county":"Fresno","geo_location":{ "type": "Point", "coordinates": [-119.5929, 36.6543] }},
{"zip_code":"93629","country":"US","city":"Huntington Lake","state":"California","state_ab":"CA","county":"Fresno County","geo_location":{ "type": "Point", "coordinates": [-119.2351, 37.2315] }},
{"zip_code":"93630","country":"US","city":"Kerman","state":"California","state_ab":"CA","county":"Fresno","geo_location":{ "type": "Point", "coordinates": [-120.0724, 36.7306] }},
{"zip_code":"93656","country":"US","city":"Riverdale","state":"California","state_ab":"CA","county":"Fresno","geo_location":{ "type": "Point", "coordinates": [-119.872, 36.4295] }},
{"zip_code":"93706","country":"US","city":"Fresno","state":"California","state_ab":"CA","county":"Fresno","geo_location":{ "type": "Point", "coordinates": [-119.9987, 36.6486] }},
{"zip_code":"93720","country":"US","city":"Fresno","state":"California","state_ab":"CA","county":"Fresno","geo_location":{ "type": "Point", "coordinates": [-119.7655, 36.8579] }},
{"zip_code":"93759","country":"US","city":"Fresno","state":"California","state_ab":"CA","county":"Fresno","geo_location":{ "type": "Point", "coordinates": [-119.6397, 36.7464] }},
{"zip_code":"93760","country":"US","city":"Fresno","state":"California","state_ab":"CA","county":"Fresno","geo_location":{ "type": "Point", "coordinates": [-119.6397, 36.7464] }},
{"zip_code":"93773","country":"US","city":"Fresno","state":"California","state_ab":"CA","county":"Fresno","geo_location":{ "type": "Point", "coordinates": [-119.6397, 36.7464] }},
{"zip_code":"93786","country":"US","city":"Fresno","state":"California","state_ab":"CA","county":"Fresno","geo_location":{ "type": "Point", "coordinates": [-119.6397, 36.7464] }},
{"zip_code":"95920","country":"US","city":"Butte City","state":"California","state_ab":"CA","county":"Glenn","geo_location":{ "type": "Point", "coordinates": [-121.9515, 39.4568] }},
{"zip_code":"95519","country":"US","city":"Mckinleyville","state":"California","state_ab":"CA","county":"Humboldt","geo_location":{ "type": "Point", "coordinates": [-124.0834, 40.9465] }},
{"zip_code":"95546","country":"US","city":"Hoopa","state":"California","state_ab":"CA","county":"Humboldt","geo_location":{ "type": "Point", "coordinates": [-123.718, 41.1806] }},
{"zip_code":"95559","country":"US","city":"Phillipsville","state":"California","state_ab":"CA","county":"Humboldt","geo_location":{ "type": "Point", "coordinates": [-123.7735, 40.2008] }},
{"zip_code":"95560","country":"US","city":"Redway","state":"California","state_ab":"CA","county":"Humboldt","geo_location":{ "type": "Point", "coordinates": [-123.8604, 40.1225] }},
{"zip_code":"95573","country":"US","city":"Willow Creek","state":"California","state_ab":"CA","county":"Humboldt","geo_location":{ "type": "Point", "coordinates": [-123.6276, 40.9484] }},
{"zip_code":"92266","country":"US","city":"Palo Verde","state":"California","state_ab":"CA","county":"Imperial","geo_location":{ "type": "Point", "coordinates": [-114.7355, 33.3696] }},
{"zip_code":"93513","country":"US","city":"Big Pine","state":"California","state_ab":"CA","county":"Inyo","geo_location":{ "type": "Point", "coordinates": [-118.2916, 37.1679] }},
{"zip_code":"93526","country":"US","city":"Independence","state":"California","state_ab":"CA","county":"Inyo","geo_location":{ "type": "Point", "coordinates": [-118.2048, 36.8396] }},
{"zip_code":"93203","country":"US","city":"Arvin","state":"California","state_ab":"CA","county":"Kern","geo_location":{ "type": "Point", "coordinates": [-118.8336, 35.1966] }},
{"zip_code":"93216","country":"US","city":"Delano","state":"California","state_ab":"CA","county":"Kern","geo_location":{ "type": "Point", "coordinates": [-118.9052, 35.2944] }},
{"zip_code":"93243","country":"US","city":"Lebec","state":"California","state_ab":"CA","county":"Kern","geo_location":{ "type": "Point", "coordinates": [-118.8566, 34.8818] }},
{"zip_code":"93283","country":"US","city":"Weldon","state":"California","state_ab":"CA","county":"Kern","geo_location":{ "type": "Point", "coordinates": [-118.2859, 35.6391] }},
{"zip_code":"93306","country":"US","city":"Bakersfield","state":"California","state_ab":"CA","county":"Kern","geo_location":{ "type": "Point", "coordinates": [-118.9391, 35.3867] }},
{"zip_code":"93386","country":"US","city":"Bakersfield","state":"California","state_ab":"CA","county":"Kern","geo_location":{ "type": "Point", "coordinates": [-118.9052, 35.2944] }},
{"zip_code":"93399","country":"US","city":"Bakersfield","state":"California","state_ab":"CA","county":"Kern County","geo_location":{ "type": "Point", "coordinates": [-119.0679, 35.4369] }},
{"zip_code":"93230","country":"US","city":"Hanford","state":"California","state_ab":"CA","county":"Kings","geo_location":{ "type": "Point", "coordinates": [-119.6491, 36.3314] }},
{"zip_code":"95443","country":"US","city":"Glenhaven","state":"California","state_ab":"CA","county":"Lake","geo_location":{ "type": "Point", "coordinates": [-122.5343, 38.9454] }},
{"zip_code":"96109","country":"US","city":"Doyle","state":"California","state_ab":"CA","county":"Lassen","geo_location":{ "type": "Point", "coordinates": [-120.1077, 40.0008] }},
{"zip_code":"96123","country":"US","city":"Ravendale","state":"California","state_ab":"CA","county":"Lassen","geo_location":{ "type": "Point", "coordinates": [-120.16, 40.8317] }},
{"zip_code":"96136","country":"US","city":"Wendel","state":"California","state_ab":"CA","county":"Lassen","geo_location":{ "type": "Point", "coordinates": [-120.2824, 40.3406] }},
{"zip_code":"90013","country":"US","city":"Los Angeles","state":"California","state_ab":"CA","county":"Los Angeles","geo_location":{ "type": "Point", "coordinates": [-118.2434, 34.0448] }},
{"zip_code":"90026","country":"US","city":"Los Angeles","state":"California","state_ab":"CA","county":"Los Angeles","geo_location":{ "type": "Point", "coordinates": [-118.2646, 34.0766] }},
{"zip_code":"90039","country":"US","city":"Los Angeles","state":"California","state_ab":"CA","county":"Los Angeles","geo_location":{ "type": "Point", "coordinates": [-118.2594, 34.1121] }},
{"zip_code":"90040","country":"US","city":"Los Angeles","state":"California","state_ab":"CA","county":"Los Angeles","geo_location":{ "type": "Point", "coordinates": [-118.1532, 33.9909] }},
{"zip_code":"90053","country":"US","city":"Los Angeles","state":"California","state_ab":"CA","county":"Los Angeles","geo_location":{ "type": "Point", "coordinates": [-118.2987, 33.7866] }},
{"zip_code":"90066","country":"US","city":"Los Angeles","state":"California","state_ab":"CA","county":"Los Angeles","geo_location":{ "type": "Point", "coordinates": [-118.4298, 34.003] }},
{"zip_code":"90079","country":"US","city":"Los Angeles","state":"California","state_ab":"CA","county":"Los Angeles","geo_location":{ "type": "Point", "coordinates": [-118.2987, 33.7866] }},
{"zip_code":"90080","country":"US","city":"Los Angeles","state":"California","state_ab":"CA","county":"Los Angeles","geo_location":{ "type": "Point", "coordinates": [-118.2987, 33.7866] }},
{"zip_code":"90093","country":"US","city":"Los Angeles","state":"California","state_ab":"CA","county":"Los Angeles","geo_location":{ "type": "Point", "coordinates": [-118.2987, 33.7866] }},
{"zip_code":"90103","country":"US","city":"Los Angeles","state":"California","state_ab":"CA","county":"Los Angeles","geo_location":{ "type": "Point", "coordinates": [-118.2987, 33.7866] }},
{"zip_code":"90220","country":"US","city":"Compton","state":"California","state_ab":"CA","county":"Los Angeles","geo_location":{ "type": "Point", "coordinates": [-118.2402, 33.8748] }},
{"zip_code":"90233","country":"US","city":"Culver City","state":"California","state_ab":"CA","county":"Los Angeles","geo_location":{ "type": "Point", "coordinates": [-118.2987, 33.7866] }},
{"zip_code":"90260","country":"US","city":"Lawndale","state":"California","state_ab":"CA","county":"Los Angeles","geo_location":{ "type": "Point", "coordinates": [-118.351, 33.8879] }},
{"zip_code":"90309","country":"US","city":"Inglewood","state":"California","state_ab":"CA","county":"Los Angeles","geo_location":{ "type": "Point", "coordinates": [-118.2987, 33.7866] }},
{"zip_code":"90310","country":"US","city":"Inglewood","state":"California","state_ab":"CA","county":"Los Angeles","geo_location":{ "type": "Point", "coordinates": [-118.2987, 33.7866] }},
{"zip_code":"90503","country":"US","city":"Torrance","state":"California","state_ab":"CA","county":"Los Angeles","geo_location":{ "type": "Point", "coordinates": [-118.3542, 33.8397] }},
{"zip_code":"90606","country":"US","city":"Whittier","state":"California","state_ab":"CA","county":"Los Angeles","geo_location":{ "type": "Point", "coordinates": [-118.0658, 33.9777] }},
{"zip_code":"90659","country":"US","city":"Norwalk","state":"California","state_ab":"CA","county":"Los Angeles","geo_location":{ "type": "Point", "coordinates": [-118.2987, 33.7866] }},
{"zip_code":"90660","country":"US","city":"Pico Rivera","state":"California","state_ab":"CA","county":"Los Angeles","geo_location":{ "type": "Point", "coordinates": [-118.0883, 33.9886] }},
{"zip_code":"90710","country":"US","city":"Harbor City","state":"California","state_ab":"CA","county":"Los Angeles","geo_location":{ "type": "Point", "coordinates": [-118.2991, 33.797] }},
{"zip_code":"90723","country":"US","city":"Paramount","state":"California","state_ab":"CA","county":"Los Angeles","geo_location":{ "type": "Point", "coordinates": [-118.1632, 33.8969] }},
{"zip_code":"90749","country":"US","city":"Carson","state":"California","state_ab":"CA","county":"Los Angeles","geo_location":{ "type": "Point", "coordinates": [-118.2987, 33.7866] }},
{"zip_code":"90813","country":"US","city":"Long Beach","state":"California","state_ab":"CA","county":"Los Angeles","geo_location":{ "type": "Point", "coordinates": [-118.1835, 33.782] }},
{"zip_code":"90840","country":"US","city":"Long Beach","state":"California","state_ab":"CA","county":"Los Angeles","geo_location":{ "type": "Point", "coordinates": [-118.1157, 33.7843] }},
{"zip_code":"90853","country":"US","city":"Long Beach","state":"California","state_ab":"CA","county":"Los Angeles","geo_location":{ "type": "Point", "coordinates": [-118.2987, 33.7866] }},
{"zip_code":"91003","country":"US","city":"Altadena","state":"California","state_ab":"CA","county":"Los Angeles","geo_location":{ "type": "Point", "coordinates": [-118.2987, 33.7866] }},
{"zip_code":"91016","country":"US","city":"Monrovia","state":"California","state_ab":"CA","county":"Los Angeles","geo_location":{ "type": "Point", "coordinates": [-118.0014, 34.144] }},
{"zip_code":"91030","country":"US","city":"South Pasadena","state":"California","state_ab":"CA","county":"Los Angeles","geo_location":{ "type": "Point", "coordinates": [-118.1547, 34.1109] }},
{"zip_code":"91043","country":"US","city":"Tujunga","state":"California","state_ab":"CA","county":"Los Angeles","geo_location":{ "type": "Point", "coordinates": [-118.2987, 33.7866] }},
{"zip_code":"91106","country":"US","city":"Pasadena","state":"California","state_ab":"CA","county":"Los Angeles","geo_location":{ "type": "Point", "coordinates": [-118.1266, 34.1435] }},
{"zip_code":"91186","country":"US","city":"Pasadena","state":"California","state_ab":"CA","county":"Los Angeles","geo_location":{ "type": "Point", "coordinates": [-118.2987, 33.7866] }},
{"zip_code":"91199","country":"US","city":"Pasadena","state":"California","state_ab":"CA","county":"Los Angeles County","geo_location":{ "type": "Point", "coordinates": [-118.1436, 34.1478] }},
{"zip_code":"91209","country":"US","city":"Glendale","state":"California","state_ab":"CA","county":"Los Angeles","geo_location":{ "type": "Point", "coordinates": [-118.2987, 33.7866] }},
{"zip_code":"91210","country":"US","city":"Glendale","state":"California","state_ab":"CA","county":"Los Angeles","geo_location":{ "type": "Point", "coordinates": [-118.2987, 33.7866] }},
{"zip_code":"91313","country":"US","city":"Chatsworth","state":"California","state_ab":"CA","county":"Los Angeles","geo_location":{ "type": "Point", "coordinates": [-118.2987, 33.7866] }},
{"zip_code":"91326","country":"US","city":"Northridge","state":"California","state_ab":"CA","county":"Los Angeles","geo_location":{ "type": "Point", "coordinates": [-118.5576, 34.2805] }},
{"zip_code":"91340","country":"US","city":"San Fernando","state":"California","state_ab":"CA","county":"Los Angeles","geo_location":{ "type": "Point", "coordinates": [-118.4352, 34.2875] }},
{"zip_code":"91353","country":"US","city":"Sun Valley","state":"California","state_ab":"CA","county":"Los Angeles","geo_location":{ "type": "Point", "coordinates": [-118.2987, 33.7866] }},
{"zip_code":"91380","country":"US","city":"Santa Clarita","state":"California","state_ab":"CA","county":"Los Angeles","geo_location":{ "type": "Point", "coordinates": [-118.2987, 33.7866] }},
{"zip_code":"91393","country":"US","city":"North Hills","state":"California","state_ab":"CA","county":"Los Angeles","geo_location":{ "type": "Point", "coordinates": [-118.2987, 33.7866] }},
{"zip_code":"91403","country":"US","city":"Sherman Oaks","state":"California","state_ab":"CA","county":"Los Angeles","geo_location":{ "type": "Point", "coordinates": [-118.4603, 34.1514] }},
{"zip_code":"91416","country":"US","city":"Encino","state":"California","state_ab":"CA","county":"Los Angeles","geo_location":{ "type": "Point", "coordinates": [-118.2987, 33.7866] }},
{"zip_code":"91470","country":"US","city":"Van Nuys","state":"California","state_ab":"CA","county":"Los Angeles","geo_location":{ "type": "Point", "coordinates": [-118.2987, 33.7866] }},
{"zip_code":"91496","country":"US","city":"Van Nuys","state":"California","state_ab":"CA","county":"Los Angeles","geo_location":{ "type": "Point", "coordinates": [-118.2987, 33.7866] }},
{"zip_code":"91506","country":"US","city":"Burbank","state":"California","state_ab":"CA","county":"Los Angeles","geo_location":{ "type": "Point", "coordinates": [-118.3231, 34.1717] }},
{"zip_code":"91520","country":"US","city":"Burbank","state":"California","state_ab":"CA","county":"Los Angeles County","geo_location":{ "type": "Point", "coordinates": [-118.348, 34.1869] }},
{"zip_code":"91609","country":"US","city":"North Hollywood","state":"California","state_ab":"CA","county":"Los Angeles","geo_location":{ "type": "Point", "coordinates": [-118.2987, 33.7866] }},
{"zip_code":"91610","country":"US","city":"Toluca Lake","state":"California","state_ab":"CA","county":"Los Angeles","geo_location":{ "type": "Point", "coordinates": [-118.2987, 33.7866] }},
{"zip_code":"91740","country":"US","city":"Glendora","state":"California","state_ab":"CA","county":"Los Angeles","geo_location":{ "type": "Point", "coordinates": [-117.8552, 34.1287] }},
{"zip_code":"91766","country":"US","city":"Pomona","state":"California","state_ab":"CA","county":"Los Angeles","geo_location":{ "type": "Point", "coordinates": [-117.7569, 34.0418] }},
{"zip_code":"91780","country":"US","city":"Temple City","state":"California","state_ab":"CA","county":"Los Angeles","geo_location":{ "type": "Point", "coordinates": [-118.0537, 34.1016] }},
{"zip_code":"91793","country":"US","city":"West Covina","state":"California","state_ab":"CA","county":"Los Angeles","geo_location":{ "type": "Point", "coordinates": [-118.2987, 33.7866] }},
{"zip_code":"91803","country":"US","city":"Alhambra","state":"California","state_ab":"CA","county":"Los Angeles","geo_location":{ "type": "Point", "coordinates": [-118.1434, 34.0745] }},
{"zip_code":"91896","country":"US","city":"Alhambra","state":"California","state_ab":"CA","county":"Los Angeles","geo_location":{ "type": "Point", "coordinates": [-118.2987, 33.7866] }},
{"zip_code":"93539","country":"US","city":"Lancaster","state":"California","state_ab":"CA","county":"Los Angeles","geo_location":{ "type": "Point", "coordinates": [-118.2987, 33.7866] }},
{"zip_code":"93553","country":"US","city":"Pearblossom","state":"California","state_ab":"CA","county":"Los Angeles","geo_location":{ "type": "Point", "coordinates": [-117.9055, 34.4225] }},
{"zip_code":"93643","country":"US","city":"North Fork","state":"California","state_ab":"CA","county":"Madera","geo_location":{ "type": "Point", "coordinates": [-119.5143, 37.2125] }},
{"zip_code":"93669","country":"US","city":"Wishon","state":"California","state_ab":"CA","county":"Madera","geo_location":{ "type": "Point", "coordinates": [-119.557, 37.281] }},
{"zip_code":"94903","country":"US","city":"San Rafael","state":"California","state_ab":"CA","county":"Marin","geo_location":{ "type": "Point", "coordinates": [-122.5855, 38.0339] }},
{"zip_code":"94929","country":"US","city":"Dillon Beach","state":"California","state_ab":"CA","county":"Marin","geo_location":{ "type": "Point", "coordinates": [-122.9562, 38.2469] }},
{"zip_code":"94930","country":"US","city":"Fairfax","state":"California","state_ab":"CA","county":"Marin","geo_location":{ "type": "Point", "coordinates": [-122.5937, 37.9883] }},
{"zip_code":"94956","country":"US","city":"Point Reyes Station","state":"California","state_ab":"CA","county":"Marin","geo_location":{ "type": "Point", "coordinates": [-122.8534, 38.0579] }},
{"zip_code":"94970","country":"US","city":"Stinson Beach","state":"California","state_ab":"CA","county":"Marin","geo_location":{ "type": "Point", "coordinates": [-122.6393, 37.902] }},
{"zip_code":"95429","country":"US","city":"Dos Rios","state":"California","state_ab":"CA","county":"Mendocino","geo_location":{ "type": "Point", "coordinates": [-123.3372, 39.7043] }},
{"zip_code":"95456","country":"US","city":"Littleriver","state":"California","state_ab":"CA","county":"Mendocino","geo_location":{ "type": "Point", "coordinates": [-123.761, 39.2639] }},
{"zip_code":"95469","country":"US","city":"Potter Valley","state":"California","state_ab":"CA","county":"Mendocino","geo_location":{ "type": "Point", "coordinates": [-123.0647, 39.3932] }},
{"zip_code":"95470","country":"US","city":"Redwood Valley","state":"California","state_ab":"CA","county":"Mendocino","geo_location":{ "type": "Point", "coordinates": [-123.2243, 39.2779] }},
{"zip_code":"95340","country":"US","city":"Merced","state":"California","state_ab":"CA","county":"Merced","geo_location":{ "type": "Point", "coordinates": [-120.4649, 37.2983] }},
{"zip_code":"96006","country":"US","city":"Adin","state":"California","state_ab":"CA","county":"Modoc","geo_location":{ "type": "Point", "coordinates": [-120.9432, 41.2175] }},
{"zip_code":"96110","country":"US","city":"Eagleville","state":"California","state_ab":"CA","county":"Modoc","geo_location":{ "type": "Point", "coordinates": [-120.7277, 41.5905] }},
{"zip_code":"93450","country":"US","city":"San Ardo","state":"California","state_ab":"CA","county":"Monterey","geo_location":{ "type": "Point", "coordinates": [-120.8612, 35.9857] }},
{"zip_code":"93926","country":"US","city":"Gonzales","state":"California","state_ab":"CA","county":"Monterey","geo_location":{ "type": "Point", "coordinates": [-121.4103, 36.49] }},
{"zip_code":"93940","country":"US","city":"Monterey","state":"California","state_ab":"CA","county":"Monterey","geo_location":{ "type": "Point", "coordinates": [-121.8443, 36.5802] }},
{"zip_code":"93953","country":"US","city":"Pebble Beach","state":"California","state_ab":"CA","county":"Monterey","geo_location":{ "type": "Point", "coordinates": [-121.942, 36.5907] }},
{"zip_code":"94503","country":"US","city":"American Canyon","state":"California","state_ab":"CA","county":"Napa","geo_location":{ "type": "Point", "coordinates": [-122.2553, 38.1668] }},
{"zip_code":"95946","country":"US","city":"Penn Valley","state":"California","state_ab":"CA","county":"Nevada","geo_location":{ "type": "Point", "coordinates": [-121.2026, 39.2019] }},
{"zip_code":"95959","country":"US","city":"Nevada City","state":"California","state_ab":"CA","county":"Nevada","geo_location":{ "type": "Point", "coordinates": [-120.9717, 39.3017] }},
{"zip_code":"95960","country":"US","city":"North San Juan","state":"California","state_ab":"CA","county":"Nevada","geo_location":{ "type": "Point", "coordinates": [-121.0891, 39.3765] }},
{"zip_code":"95986","country":"US","city":"Washington","state":"California","state_ab":"CA","county":"Nevada","geo_location":{ "type": "Point", "coordinates": [-120.8, 39.3569] }},
{"zip_code":"90620","country":"US","city":"Buena Park","state":"California","state_ab":"CA","county":"Orange","geo_location":{ "type": "Point", "coordinates": [-118.008, 33.8439] }},
{"zip_code":"90633","country":"US","city":"La Habra","state":"California","state_ab":"CA","county":"Orange","geo_location":{ "type": "Point", "coordinates": [-117.9452, 33.9345] }},
{"zip_code":"92613","country":"US","city":"Orange","state":"California","state_ab":"CA","county":"Orange County","geo_location":{ "type": "Point", "coordinates": [-117.8348, 33.8053] }},
{"zip_code":"92626","country":"US","city":"Costa Mesa","state":"California","state_ab":"CA","county":"Orange","geo_location":{ "type": "Point", "coordinates": [-117.9085, 33.6801] }},
{"zip_code":"92640","country":"US","city":"Fullerton","state":"California","state_ab":"CA","county":"Orange County","geo_location":{ "type": "Point", "coordinates": [-117.9309, 33.7862] }},
{"zip_code":"92653","country":"US","city":"Laguna Hills","state":"California","state_ab":"CA","county":"Orange","geo_location":{ "type": "Point", "coordinates": [-117.6985, 33.5916] }}]}