{"value": [{"zip_code":"10461","country":"US","city":"Bronx","state":"New York","state_ab":"NY","county":"Bronx","geo_location":{ "type": "Point", "coordinates": [-73.841, 40.8465] }},
{"zip_code":"10474","country":"US","city":"Bronx","state":"New York","state_ab":"NY","county":"Bronx","geo_location":{ "type": "Point", "coordinates": [-73.8841, 40.8139] }},
{"zip_code":"13754","country":"US","city":"Deposit","state":"New York","state_ab":"NY","county":"Broome","geo_location":{ "type": "Point", "coordinates": [-75.4287, 42.0666] }},
{"zip_code":"13794","country":"US","city":"Killawog","state":"New York","state_ab":"NY","county":"Broome","geo_location":{ "type": "Point", "coordinates": [-76.0366, 42.4028] }},
{"zip_code":"10951","country":"US","city":"Rockland M P C","state":"New York","state_ab":"NY","county":"Cattaraugus County","geo_location":{ "type": "Point", "coordinates": [-74.0789, 41.1138] }},
{"zip_code":"14731","country":"US","city":"Ellicottville","state":"New York","state_ab":"NY","county":"Cattaraugus","geo_location":{ "type": "Point", "coordinates": [-78.6606, 42.2959] }},
{"zip_code":"13071","country":"US","city":"Genoa","state":"New York","state_ab":"NY","county":"Cayuga","geo_location":{ "type": "Point", "coordinates": [-76.5418, 42.6746] }},
{"zip_code":"13147","country":"US","city":"Scipio Center","state":"New York","state_ab":"NY","county":"Cayuga","geo_location":{ "type": "Point", "coordinates": [-76.5862, 42.7708] }},
{"zip_code":"14704","country":"US","city":"Jamestown","state":"New York","state_ab":"NY","county":"Chautauqua","geo_location":{ "type": "Point", "coordinates": [-79.4109, 42.3425] }},
{"zip_code":"14757","country":"US","city":"Mayville","state":"New York","state_ab":"NY","county":"Chautauqua","geo_location":{ "type": "Point", "coordinates": [-79.4963, 42.2409] }},
{"zip_code":"14784","country":"US","city":"Stockton","state":"New York","state_ab":"NY","county":"Chautauqua","geo_location":{ "type": "Point", "coordinates": [-79.3758, 42.3182] }},
{"zip_code":"14861","country":"US","city":"Lowman","state":"New York","state_ab":"NY","county":"Chemung","geo_location":{ "type": "Point", "coordinates": [-76.693, 42.0694] }},
{"zip_code":"13844","country":"US","city":"South Plymouth","state":"New York","state_ab":"NY","county":"Chenango","geo_location":{ "type": "Point", "coordinates": [-75.633, 42.6053] }},
{"zip_code":"12184","country":"US","city":"Valatie","state":"New York","state_ab":"NY","county":"Columbia","geo_location":{ "type": "Point", "coordinates": [-73.6683, 42.4321] }},
{"zip_code":"12517","country":"US","city":"Copake Falls","state":"New York","state_ab":"NY","county":"Columbia","geo_location":{ "type": "Point", "coordinates": [-73.5108, 42.1367] }},
{"zip_code":"12544","country":"US","city":"Mellenville","state":"New York","state_ab":"NY","county":"Columbia","geo_location":{ "type": "Point", "coordinates": [-73.668, 42.2596] }},
{"zip_code":"13804","country":"US","city":"Masonville","state":"New York","state_ab":"NY","county":"Delaware","geo_location":{ "type": "Point", "coordinates": [-75.3739, 42.2102] }},
{"zip_code":"12504","country":"US","city":"Annandale On Hudson","state":"New York","state_ab":"NY","county":"Dutchess","geo_location":{ "type": "Point", "coordinates": [-73.9092, 42.0354] }},
{"zip_code":"12531","country":"US","city":"Holmes","state":"New York","state_ab":"NY","county":"Dutchess","geo_location":{ "type": "Point", "coordinates": [-73.6628, 41.5325] }},
{"zip_code":"12571","country":"US","city":"Red Hook","state":"New York","state_ab":"NY","county":"Dutchess","geo_location":{ "type": "Point", "coordinates": [-73.8546, 42.0064] }},
{"zip_code":"14034","country":"US","city":"Collins","state":"New York","state_ab":"NY","county":"Erie","geo_location":{ "type": "Point", "coordinates": [-78.893, 42.5001] }},
{"zip_code":"14047","country":"US","city":"Derby","state":"New York","state_ab":"NY","county":"Erie","geo_location":{ "type": "Point", "coordinates": [-78.9834, 42.6974] }},
{"zip_code":"14061","country":"US","city":"Farnham","state":"New York","state_ab":"NY","county":"Erie","geo_location":{ "type": "Point", "coordinates": [-79.084, 42.5946] }},
{"zip_code":"14111","country":"US","city":"North Collins","state":"New York","state_ab":"NY","county":"Erie","geo_location":{ "type": "Point", "coordinates": [-78.9107, 42.5896] }},
{"zip_code":"14151","country":"US","city":"Tonawanda","state":"New York","state_ab":"NY","county":"Erie","geo_location":{ "type": "Point", "coordinates": [-78.8871, 42.7684] }},
{"zip_code":"14201","country":"US","city":"Buffalo","state":"New York","state_ab":"NY","county":"Erie","geo_location":{ "type": "Point", "coordinates": [-78.8846, 42.8967] }},
{"zip_code":"14214","country":"US","city":"Buffalo","state":"New York","state_ab":"NY","county":"Erie","geo_location":{ "type": "Point", "coordinates": [-78.8374, 42.9414] }},
{"zip_code":"14227","country":"US","city":"Buffalo","state":"New York","state_ab":"NY","county":"Erie","geo_location":{ "type": "Point", "coordinates": [-78.7462, 42.8853] }},
{"zip_code":"14241","country":"US","city":"Buffalo","state":"New York","state_ab":"NY","county":"Erie","geo_location":{ "type": "Point", "coordinates": [-78.7441, 42.9383] }},
{"zip_code":"14267","country":"US","city":"Buffalo","state":"New York","state_ab":"NY","county":"Erie","geo_location":{ "type": "Point", "coordinates": [-78.8871, 42.7684] }},
{"zip_code":"12944","country":"US","city":"Keeseville","state":"New York","state_ab":"NY","county":"Essex","geo_location":{ "type": "Point", "coordinates": [-73.4745, 44.4999] }},
{"zip_code":"12997","country":"US","city":"Wilmington","state":"New York","state_ab":"NY","county":"Essex","geo_location":{ "type": "Point", "coordinates": [-73.8431, 44.3755] }},
{"zip_code":"12917","country":"US","city":"Burke","state":"New York","state_ab":"NY","county":"Franklin","geo_location":{ "type": "Point", "coordinates": [-74.1731, 44.9177] }},
{"zip_code":"12957","country":"US","city":"Moira","state":"New York","state_ab":"NY","county":"Franklin","geo_location":{ "type": "Point", "coordinates": [-74.5603, 44.8504] }},
{"zip_code":"12117","country":"US","city":"Mayfield","state":"New York","state_ab":"NY","county":"Fulton","geo_location":{ "type": "Point", "coordinates": [-74.2444, 43.1411] }},
{"zip_code":"14021","country":"US","city":"Batavia","state":"New York","state_ab":"NY","county":"Genesee","geo_location":{ "type": "Point", "coordinates": [-78.1848, 42.9981] }},
{"zip_code":"12414","country":"US","city":"Catskill","state":"New York","state_ab":"NY","county":"Greene","geo_location":{ "type": "Point", "coordinates": [-73.8985, 42.2276] }},
{"zip_code":"12427","country":"US","city":"Elka Park","state":"New York","state_ab":"NY","county":"Greene","geo_location":{ "type": "Point", "coordinates": [-74.1245, 42.1643] }},
{"zip_code":"12454","country":"US","city":"Maplecrest","state":"New York","state_ab":"NY","county":"Greene","geo_location":{ "type": "Point", "coordinates": [-74.1655, 42.2995] }},
{"zip_code":"13431","country":"US","city":"Poland","state":"New York","state_ab":"NY","county":"Herkimer","geo_location":{ "type": "Point", "coordinates": [-75.0731, 43.2115] }},
{"zip_code":"13611","country":"US","city":"Belleville","state":"New York","state_ab":"NY","county":"Jefferson","geo_location":{ "type": "Point", "coordinates": [-76.1259, 43.778] }},
{"zip_code":"13624","country":"US","city":"Clayton","state":"New York","state_ab":"NY","county":"Jefferson","geo_location":{ "type": "Point", "coordinates": [-76.062, 44.1442] }},
{"zip_code":"13637","country":"US","city":"Evans Mills","state":"New York","state_ab":"NY","county":"Jefferson","geo_location":{ "type": "Point", "coordinates": [-75.8305, 44.0817] }},
{"zip_code":"13651","country":"US","city":"Henderson Harbor","state":"New York","state_ab":"NY","county":"Jefferson","geo_location":{ "type": "Point", "coordinates": [-76.1809, 43.8708] }},
{"zip_code":"13691","country":"US","city":"Theresa","state":"New York","state_ab":"NY","county":"Jefferson","geo_location":{ "type": "Point", "coordinates": [-75.8014, 44.2113] }},
{"zip_code":"11204","country":"US","city":"Brooklyn","state":"New York","state_ab":"NY","county":"Kings","geo_location":{ "type": "Point", "coordinates": [-73.9856, 40.6179] }},
{"zip_code":"11217","country":"US","city":"Brooklyn","state":"New York","state_ab":"NY","county":"Kings","geo_location":{ "type": "Point", "coordinates": [-73.9798, 40.6816] }},
{"zip_code":"11231","country":"US","city":"Brooklyn","state":"New York","state_ab":"NY","county":"Kings","geo_location":{ "type": "Point", "coordinates": [-74.0014, 40.6794] }},
{"zip_code":"11244","country":"US","city":"Brooklyn","state":"New York","state_ab":"NY","county":"Kings","geo_location":{ "type": "Point", "coordinates": [-73.945, 40.6451] }},
{"zip_code":"13327","country":"US","city":"Croghan","state":"New York","state_ab":"NY","county":"Lewis","geo_location":{ "type": "Point", "coordinates": [-75.3542, 43.9095] }},
{"zip_code":"13367","country":"US","city":"Lowville","state":"New York","state_ab":"NY","county":"Lewis","geo_location":{ "type": "Point", "coordinates": [-75.4156, 43.7893] }},
{"zip_code":"13404","country":"US","city":"Martinsburg","state":"New York","state_ab":"NY","county":"Lewis","geo_location":{ "type": "Point", "coordinates": [-75.4803, 43.8187] }},
{"zip_code":"14487","country":"US","city":"Livonia","state":"New York","state_ab":"NY","county":"Livingston","geo_location":{ "type": "Point", "coordinates": [-77.6635, 42.8135] }},
{"zip_code":"13134","country":"US","city":"Peterboro","state":"New York","state_ab":"NY","county":"Madison","geo_location":{ "type": "Point", "coordinates": [-75.6794, 42.9686] }},
{"zip_code":"13314","country":"US","city":"Brookfield","state":"New York","state_ab":"NY","county":"Madison","geo_location":{ "type": "Point", "coordinates": [-75.3439, 42.8075] }},
{"zip_code":"13484","country":"US","city":"West Eaton","state":"New York","state_ab":"NY","county":"Madison","geo_location":{ "type": "Point", "coordinates": [-75.6605, 42.8546] }},
{"zip_code":"14474","country":"US","city":"Industry","state":"New York","state_ab":"NY","county":"Monroe County","geo_location":{ "type": "Point", "coordinates": [-77.6966, 43.0027] }},
{"zip_code":"14511","country":"US","city":"Mumford","state":"New York","state_ab":"NY","county":"Monroe","geo_location":{ "type": "Point", "coordinates": [-77.8646, 43.0026] }},
{"zip_code":"14601","country":"US","city":"Rochester","state":"New York","state_ab":"NY","county":"Monroe","geo_location":{ "type": "Point", "coordinates": [-77.6843, 43.286] }},
{"zip_code":"14614","country":"US","city":"Rochester","state":"New York","state_ab":"NY","county":"Monroe","geo_location":{ "type": "Point", "coordinates": [-77.6142, 43.1558] }},
{"zip_code":"14627","country":"US","city":"Rochester","state":"New York","state_ab":"NY","county":"Monroe","geo_location":{ "type": "Point", "coordinates": [-77.6277, 43.1275] }},
{"zip_code":"14694","country":"US","city":"Rochester","state":"New York","state_ab":"NY","county":"Monroe","geo_location":{ "type": "Point", "coordinates": [-77.6843, 43.286] }},
{"zip_code":"11024","country":"US","city":"Great Neck","state":"New York","state_ab":"NY","county":"Nassau","geo_location":{ "type": "Point", "coordinates": [-73.7416, 40.8171] }},
{"zip_code":"11051","country":"US","city":"Port Washington","state":"New York","state_ab":"NY","county":"Nassau","geo_location":{ "type": "Point", "coordinates": [-73.6018, 40.7548] }},
{"zip_code":"11501","country":"US","city":"Mineola","state":"New York","state_ab":"NY","county":"Nassau","geo_location":{ "type": "Point", "coordinates": [-73.6398, 40.7469] }},
{"zip_code":"11514","country":"US","city":"Carle Place","state":"New York","state_ab":"NY","county":"Nassau","geo_location":{ "type": "Point", "coordinates": [-73.6119, 40.7512] }},
{"zip_code":"11554","country":"US","city":"East Meadow","state":"New York","state_ab":"NY","county":"Nassau","geo_location":{ "type": "Point", "coordinates": [-73.5561, 40.7149] }},
{"zip_code":"11581","country":"US","city":"Valley Stream","state":"New York","state_ab":"NY","county":"Nassau","geo_location":{ "type": "Point", "coordinates": [-73.7118, 40.6523] }},
{"zip_code":"11594","country":"US","city":"Westbury","state":"New York","state_ab":"NY","county":"Nassau","geo_location":{ "type": "Point", "coordinates": [-73.6018, 40.7548] }},
{"zip_code":"11774","country":"US","city":"Farmingdale","state":"New York","state_ab":"NY","county":"Nassau","geo_location":{ "type": "Point", "coordinates": [-73.6018, 40.7548] }},
{"zip_code":"10007","country":"US","city":"New York City","state":"New York","state_ab":"NY","county":"New York","geo_location":{ "type": "Point", "coordinates": [-74.007, 40.7139] }},
{"zip_code":"10021","country":"US","city":"New York City","state":"New York","state_ab":"NY","county":"New York","geo_location":{ "type": "Point", "coordinates": [-73.9588, 40.7685] }},
{"zip_code":"10034","country":"US","city":"New York City","state":"New York","state_ab":"NY","county":"New York","geo_location":{ "type": "Point", "coordinates": [-73.9221, 40.8662] }},
{"zip_code":"10047","country":"US","city":"New York City","state":"New York","state_ab":"NY","county":"New York","geo_location":{ "type": "Point", "coordinates": [-73.9772, 40.7808] }},
{"zip_code":"10087","country":"US","city":"New York City","state":"New York","state_ab":"NY","county":"New York","geo_location":{ "type": "Point", "coordinates": [-73.9772, 40.7808] }},
{"zip_code":"10111","country":"US","city":"New York City","state":"New York","state_ab":"NY","county":"New York","geo_location":{ "type": "Point", "coordinates": [-73.9778, 40.7592] }},
{"zip_code":"10124","country":"US","city":"New York City","state":"New York","state_ab":"NY","county":"New York","geo_location":{ "type": "Point", "coordinates": [-73.9772, 40.7808] }},
{"zip_code":"10151","country":"US","city":"New York City","state":"New York","state_ab":"NY","county":"New York","geo_location":{ "type": "Point", "coordinates": [-73.974, 40.7634] }},
{"zip_code":"10164","country":"US","city":"New York City","state":"New York","state_ab":"NY","county":"New York","geo_location":{ "type": "Point", "coordinates": [-73.9772, 40.7808] }},
{"zip_code":"10177","country":"US","city":"New York City","state":"New York","state_ab":"NY","county":"New York","geo_location":{ "type": "Point", "coordinates": [-73.9761, 40.7553] }},
{"zip_code":"10281","country":"US","city":"New York City","state":"New York","state_ab":"NY","county":"New York","geo_location":{ "type": "Point", "coordinates": [-74.015, 40.7146] }},
{"zip_code":"14304","country":"US","city":"Niagara Falls","state":"New York","state_ab":"NY","county":"Niagara","geo_location":{ "type": "Point", "coordinates": [-78.9644, 43.0908] }},
{"zip_code":"13301","country":"US","city":"Alder Creek","state":"New York","state_ab":"NY","county":"Oneida","geo_location":{ "type": "Point", "coordinates": [-75.2137, 43.4157] }},
{"zip_code":"13341","country":"US","city":"Franklin Springs","state":"New York","state_ab":"NY","county":"Oneida","geo_location":{ "type": "Point", "coordinates": [-75.3962, 43.0361] }},
{"zip_code":"13354","country":"US","city":"Holland Patent","state":"New York","state_ab":"NY","county":"Oneida","geo_location":{ "type": "Point", "coordinates": [-75.2535, 43.2484] }},
{"zip_code":"13417","country":"US","city":"New York Mills","state":"New York","state_ab":"NY","county":"Oneida","geo_location":{ "type": "Point", "coordinates": [-75.2937, 43.1] }},
{"zip_code":"40211","country":"US","city":"Louisville","state":"Kentucky","state_ab":"KY","county":"Jefferson","geo_location":{ "type": "Point", "coordinates": [-85.8127, 38.242] }},
{"zip_code":"40224","country":"US","city":"Louisville","state":"Kentucky","state_ab":"KY","county":"Jefferson","geo_location":{ "type": "Point", "coordinates": [-85.6768, 38.189] }},
{"zip_code":"40251","country":"US","city":"Louisville","state":"Kentucky","state_ab":"KY","county":"Jefferson","geo_location":{ "type": "Point", "coordinates": [-85.6768, 38.189] }},
{"zip_code":"40291","country":"US","city":"Louisville","state":"Kentucky","state_ab":"KY","county":"Jefferson","geo_location":{ "type": "Point", "coordinates": [-85.5754, 38.1313] }},
{"zip_code":"41254","country":"US","city":"River","state":"Kentucky","state_ab":"KY","county":"Johnson","geo_location":{ "type": "Point", "coordinates": [-82.7251, 37.8795] }},
{"zip_code":"41834","country":"US","city":"Littcarr","state":"Kentucky","state_ab":"KY","county":"Knott","geo_location":{ "type": "Point", "coordinates": [-82.9651, 37.2715] }},
{"zip_code":"41847","country":"US","city":"Redfox","state":"Kentucky","state_ab":"KY","county":"Knott","geo_location":{ "type": "Point", "coordinates": [-82.9424, 37.2172] }},
{"zip_code":"41861","country":"US","city":"Raven","state":"Kentucky","state_ab":"KY","county":"Knott","geo_location":{ "type": "Point", "coordinates": [-82.8261, 37.4043] }},
{"zip_code":"40921","country":"US","city":"Bryants Store","state":"Kentucky","state_ab":"KY","county":"Knox","geo_location":{ "type": "Point", "coordinates": [-83.9009, 36.7708] }},
{"zip_code":"40341","country":"US","city":"Lamero","state":"Kentucky","state_ab":"KY","county":"Laurel County","geo_location":{ "type": "Point", "coordinates": [-84.1623, 37.3287] }},
{"zip_code":"40741","country":"US","city":"London","state":"Kentucky","state_ab":"KY","county":"Laurel","geo_location":{ "type": "Point", "coordinates": [-84.0961, 37.1549] }},
{"zip_code":"41124","country":"US","city":"Blaine","state":"Kentucky","state_ab":"KY","county":"Lawrence","geo_location":{ "type": "Point", "coordinates": [-82.8513, 38.027] }},
{"zip_code":"41201","country":"US","city":"Adams","state":"Kentucky","state_ab":"KY","county":"Lawrence","geo_location":{ "type": "Point", "coordinates": [-82.7447, 38.0741] }},
{"zip_code":"41397","country":"US","city":"Zoe","state":"Kentucky","state_ab":"KY","county":"Lee","geo_location":{ "type": "Point", "coordinates": [-83.6702, 37.6867] }},
{"zip_code":"40844","country":"US","city":"Hoskinston","state":"Kentucky","state_ab":"KY","county":"Leslie","geo_location":{ "type": "Point", "coordinates": [-83.4244, 37.0702] }},
{"zip_code":"41537","country":"US","city":"Jenkins","state":"Kentucky","state_ab":"KY","county":"Letcher","geo_location":{ "type": "Point", "coordinates": [-82.6513, 37.1911] }},
{"zip_code":"41821","country":"US","city":"Hallie","state":"Kentucky","state_ab":"KY","county":"Letcher","geo_location":{ "type": "Point", "coordinates": [-83.0027, 37.0837] }},
{"zip_code":"41137","country":"US","city":"Firebrick","state":"Kentucky","state_ab":"KY","county":"Lewis","geo_location":{ "type": "Point", "coordinates": [-83.0432, 38.6878] }},
{"zip_code":"40484","country":"US","city":"Stanford","state":"Kentucky","state_ab":"KY","county":"Lincoln","geo_location":{ "type": "Point", "coordinates": [-84.6912, 37.5245] }},
{"zip_code":"42631","country":"US","city":"Marshes Siding","state":"Kentucky","state_ab":"KY","county":"McCreary","geo_location":{ "type": "Point", "coordinates": [-84.5025, 36.7773] }},
{"zip_code":"40404","country":"US","city":"Berea","state":"Kentucky","state_ab":"KY","county":"Madison","geo_location":{ "type": "Point", "coordinates": [-84.2997, 37.7164] }},
{"zip_code":"41214","country":"US","city":"Debord","state":"Kentucky","state_ab":"KY","county":"Martin","geo_location":{ "type": "Point", "coordinates": [-82.5594, 37.8001] }},
{"zip_code":"41267","country":"US","city":"Warfield","state":"Kentucky","state_ab":"KY","county":"Martin","geo_location":{ "type": "Point", "coordinates": [-82.4386, 37.875] }},
{"zip_code":"41034","country":"US","city":"Dover","state":"Kentucky","state_ab":"KY","county":"Mason","geo_location":{ "type": "Point", "coordinates": [-83.8718, 38.691] }},
{"zip_code":"40161","country":"US","city":"Rhodelia","state":"Kentucky","state_ab":"KY","county":"Meade","geo_location":{ "type": "Point", "coordinates": [-86.3984, 38.006] }},
{"zip_code":"42154","country":"US","city":"Knob Lick","state":"Kentucky","state_ab":"KY","county":"Metcalfe","geo_location":{ "type": "Point", "coordinates": [-85.6985, 37.0556] }},
{"zip_code":"42167","country":"US","city":"Tompkinsville","state":"Kentucky","state_ab":"KY","county":"Monroe","geo_location":{ "type": "Point", "coordinates": [-85.7009, 36.7236] }},
{"zip_code":"41407","country":"US","city":"Caney","state":"Kentucky","state_ab":"KY","county":"Morgan County","geo_location":{ "type": "Point", "coordinates": [-83.2917, 37.8098] }},
{"zip_code":"41421","country":"US","city":"Elkfork","state":"Kentucky","state_ab":"KY","county":"Morgan","geo_location":{ "type": "Point", "coordinates": [-83.1193, 37.9708] }},
{"zip_code":"41447","country":"US","city":"Lenox","state":"Kentucky","state_ab":"KY","county":"Morgan County","geo_location":{ "type": "Point", "coordinates": [-83.1827, 37.9654] }},
{"zip_code":"41474","country":"US","city":"White Oak","state":"Kentucky","state_ab":"KY","county":"Morgan County","geo_location":{ "type": "Point", "coordinates": [-83.2024, 37.8484] }},
{"zip_code":"42321","country":"US","city":"Beech Creek","state":"Kentucky","state_ab":"KY","county":"Muhlenberg","geo_location":{ "type": "Point", "coordinates": [-87.0559, 37.1716] }},
{"zip_code":"42374","country":"US","city":"South Carrollton","state":"Kentucky","state_ab":"KY","county":"Muhlenberg","geo_location":{ "type": "Point", "coordinates": [-87.1658, 37.3536] }},
{"zip_code":"40004","country":"US","city":"Bardstown","state":"Kentucky","state_ab":"KY","county":"Nelson","geo_location":{ "type": "Point", "coordinates": [-85.4613, 37.8083] }},
{"zip_code":"40107","country":"US","city":"Boston","state":"Kentucky","state_ab":"KY","county":"Nelson","geo_location":{ "type": "Point", "coordinates": [-85.5948, 37.7408] }},
{"zip_code":"42347","country":"US","city":"Hartford","state":"Kentucky","state_ab":"KY","county":"Ohio","geo_location":{ "type": "Point", "coordinates": [-86.918, 37.4785] }},
{"zip_code":"42361","country":"US","city":"Olaton","state":"Kentucky","state_ab":"KY","county":"Ohio","geo_location":{ "type": "Point", "coordinates": [-86.7182, 37.5181] }},
{"zip_code":"40031","country":"US","city":"La Grange","state":"Kentucky","state_ab":"KY","county":"Oldham","geo_location":{ "type": "Point", "coordinates": [-85.3928, 38.4029] }},
{"zip_code":"40327","country":"US","city":"Gratz","state":"Kentucky","state_ab":"KY","county":"Owen County","geo_location":{ "type": "Point", "coordinates": [-84.9429, 38.4781] }},
{"zip_code":"41331","country":"US","city":"Haddix","state":"Kentucky","state_ab":"KY","county":"Owsley County","geo_location":{ "type": "Point", "coordinates": [-83.3762, 37.4922] }},
{"zip_code":"41344","country":"US","city":"Lerose","state":"Kentucky","state_ab":"KY","county":"Owsley","geo_location":{ "type": "Point", "coordinates": [-83.7049, 37.3986] }},
{"zip_code":"41731","country":"US","city":"Cornettsville","state":"Kentucky","state_ab":"KY","county":"Perry","geo_location":{ "type": "Point", "coordinates": [-83.0889, 37.1408] }},
{"zip_code":"41771","country":"US","city":"Hazard","state":"Kentucky","state_ab":"KY","county":"Perry County","geo_location":{ "type": "Point", "coordinates": [-83.2549, 37.2776] }},
{"zip_code":"41524","country":"US","city":"Fedscreek","state":"Kentucky","state_ab":"KY","county":"Pike","geo_location":{ "type": "Point", "coordinates": [-82.2562, 37.4266] }},
{"zip_code":"41551","country":"US","city":"Paw Paw","state":"Kentucky","state_ab":"KY","county":"Pike County","geo_location":{ "type": "Point", "coordinates": [-82.1349, 37.4356] }},
{"zip_code":"41564","country":"US","city":"Sidney","state":"Kentucky","state_ab":"KY","county":"Pike","geo_location":{ "type": "Point", "coordinates": [-82.3648, 37.6076] }},
{"zip_code":"42501","country":"US","city":"Somerset","state":"Kentucky","state_ab":"KY","county":"Pulaski","geo_location":{ "type": "Point", "coordinates": [-84.5443, 37.1029] }},
{"zip_code":"42554","country":"US","city":"Shopville","state":"Kentucky","state_ab":"KY","county":"Pulaski County","geo_location":{ "type": "Point", "coordinates": [-84.4279, 37.1703] }},
{"zip_code":"42567","country":"US","city":"Eubank","state":"Kentucky","state_ab":"KY","county":"Pulaski","geo_location":{ "type": "Point", "coordinates": [-84.6066, 37.2642] }},
{"zip_code":"40417","country":"US","city":"Conway","state":"Kentucky","state_ab":"KY","county":"Rockcastle County","geo_location":{ "type": "Point", "coordinates": [-84.3081, 37.4799] }},
{"zip_code":"40017","country":"US","city":"Defoe","state":"Kentucky","state_ab":"KY","county":"Spencer County","geo_location":{ "type": "Point", "coordinates": [-85.0544, 38.3408] }},
{"zip_code":"40071","country":"US","city":"Taylorsville","state":"Kentucky","state_ab":"KY","county":"Spencer","geo_location":{ "type": "Point", "coordinates": [-85.3829, 38.0471] }},
{"zip_code":"42204","country":"US","city":"Allensville","state":"Kentucky","state_ab":"KY","county":"Todd","geo_location":{ "type": "Point", "coordinates": [-87.1041, 36.7207] }},
{"zip_code":"42437","country":"US","city":"Morganfield","state":"Kentucky","state_ab":"KY","county":"Union","geo_location":{ "type": "Point", "coordinates": [-87.9439, 37.6869] }},
{"zip_code":"42101","country":"US","city":"Bowling Green","state":"Kentucky","state_ab":"KY","county":"Warren","geo_location":{ "type": "Point", "coordinates": [-86.4518, 37.0174] }},
{"zip_code":"40701","country":"US","city":"Corbin","state":"Kentucky","state_ab":"KY","county":"Whitley","geo_location":{ "type": "Point", "coordinates": [-84.1021, 36.9344] }},
{"zip_code":"40754","country":"US","city":"Nevisdale","state":"Kentucky","state_ab":"KY","county":"Whitley","geo_location":{ "type": "Point", "coordinates": [-84.1168, 36.7803] }},
{"zip_code":"70531","country":"US","city":"Egan","state":"Louisiana","state_ab":"LA","county":"Acadia","geo_location":{ "type": "Point", "coordinates": [-92.5002, 30.251] }},
{"zip_code":"70737","country":"US","city":"Gonzales","state":"Louisiana","state_ab":"LA","county":"Ascension","geo_location":{ "type": "Point", "coordinates": [-90.918, 30.2473] }},
{"zip_code":"70391","country":"US","city":"Paincourtville","state":"Louisiana","state_ab":"LA","county":"Assumption","geo_location":{ "type": "Point", "coordinates": [-91.0588, 29.9902] }},
{"zip_code":"71327","country":"US","city":"Cottonport","state":"Louisiana","state_ab":"LA","county":"Avoyelles","geo_location":{ "type": "Point", "coordinates": [-92.0581, 30.9862] }},
{"zip_code":"71341","country":"US","city":"Hessmer","state":"Louisiana","state_ab":"LA","county":"Avoyelles","geo_location":{ "type": "Point", "coordinates": [-92.1399, 31.0534] }},
{"zip_code":"70634","country":"US","city":"Deridder","state":"Louisiana","state_ab":"LA","county":"Beauregard","geo_location":{ "type": "Point", "coordinates": [-93.2685, 30.8287] }},
{"zip_code":"71004","country":"US","city":"Belcher","state":"Louisiana","state_ab":"LA","county":"Caddo","geo_location":{ "type": "Point", "coordinates": [-93.8508, 32.7544] }},
{"zip_code":"71044","country":"US","city":"Ida","state":"Louisiana","state_ab":"LA","county":"Caddo","geo_location":{ "type": "Point", "coordinates": [-93.9022, 32.9934] }},
{"zip_code":"71107","country":"US","city":"Shreveport","state":"Louisiana","state_ab":"LA","county":"Caddo","geo_location":{ "type": "Point", "coordinates": [-93.8738, 32.6016] }},
{"zip_code":"71134","country":"US","city":"Shreveport","state":"Louisiana","state_ab":"LA","county":"Caddo","geo_location":{ "type": "Point", "coordinates": [-93.7526, 32.6076] }},
{"zip_code":"71161","country":"US","city":"Shreveport","state":"Louisiana","state_ab":"LA","county":"Caddo","geo_location":{ "type": "Point", "coordinates": [-93.7526, 32.6076] }},
{"zip_code":"70607","country":"US","city":"Lake Charles","state":"Louisiana","state_ab":"LA","county":"Calcasieu","geo_location":{ "type": "Point", "coordinates": [-93.1835, 30.1244] }},
{"zip_code":"70647","country":"US","city":"Iowa","state":"Louisiana","state_ab":"LA","county":"Calcasieu","geo_location":{ "type": "Point", "coordinates": [-93.0259, 30.2219] }},
{"zip_code":"70661","country":"US","city":"Starks","state":"Louisiana","state_ab":"LA","county":"Calcasieu","geo_location":{ "type": "Point", "coordinates": [-93.6615, 30.3085] }},
{"zip_code":"71354","country":"US","city":"Monterey","state":"Louisiana","state_ab":"LA","county":"Concordia","geo_location":{ "type": "Point", "coordinates": [-91.7246, 31.3474] }},
{"zip_code":"70791","country":"US","city":"Zachary","state":"Louisiana","state_ab":"LA","county":"East Baton Rouge","geo_location":{ "type": "Point", "coordinates": [-91.1358, 30.6561] }},
{"zip_code":"70801","country":"US","city":"Baton Rouge","state":"Louisiana","state_ab":"LA","county":"East Baton Rouge","geo_location":{ "type": "Point", "coordinates": [-91.1856, 30.4492] }},
{"zip_code":"70814","country":"US","city":"Baton Rouge","state":"Louisiana","state_ab":"LA","county":"East Baton Rouge","geo_location":{ "type": "Point", "coordinates": [-91.0689, 30.4848] }},
{"zip_code":"70827","country":"US","city":"Baton Rouge","state":"Louisiana","state_ab":"LA","county":"East Baton Rouge","geo_location":{ "type": "Point", "coordinates": [-91.0825, 30.4338] }},
{"zip_code":"70894","country":"US","city":"Baton Rouge","state":"Louisiana","state_ab":"LA","county":"East Baton Rouge","geo_location":{ "type": "Point", "coordinates": [-91.0804, 30.5159] }},
{"zip_code":"70777","country":"US","city":"Slaughter","state":"Louisiana","state_ab":"LA","county":"East Feliciana","geo_location":{ "type": "Point", "coordinates": [-91.07, 30.7383] }},
{"zip_code":"71367","country":"US","city":"Saint Landry","state":"Louisiana","state_ab":"LA","county":"Evangeline","geo_location":{ "type": "Point", "coordinates": [-92.2964, 30.8998] }},
{"zip_code":"71417","country":"US","city":"Colfax","state":"Louisiana","state_ab":"LA","county":"Grant","geo_location":{ "type": "Point", "coordinates": [-92.6568, 31.5079] }},
{"zip_code":"70544","country":"US","city":"Jeanerette","state":"Louisiana","state_ab":"LA","county":"Iberia","geo_location":{ "type": "Point", "coordinates": [-91.6544, 29.9032] }},
{"zip_code":"70764","country":"US","city":"Plaquemine","state":"Louisiana","state_ab":"LA","county":"Iberville","geo_location":{ "type": "Point", "coordinates": [-91.2524, 30.2684] }},
{"zip_code":"71251","country":"US","city":"Jonesboro","state":"Louisiana","state_ab":"LA","county":"Jackson","geo_location":{ "type": "Point", "coordinates": [-92.6944, 32.2483] }},
{"zip_code":"70001","country":"US","city":"Metairie","state":"Louisiana","state_ab":"LA","county":"Jefferson","geo_location":{ "type": "Point", "coordinates": [-90.1695, 29.9871] }},
{"zip_code":"70054","country":"US","city":"Gretna","state":"Louisiana","state_ab":"LA","county":"Jefferson","geo_location":{ "type": "Point", "coordinates": [-90.0901, 29.6779] }},
{"zip_code":"70067","country":"US","city":"Lafitte","state":"Louisiana","state_ab":"LA","county":"Jefferson","geo_location":{ "type": "Point", "coordinates": [-90.1052, 29.7143] }},
{"zip_code":"70094","country":"US","city":"Westwego","state":"Louisiana","state_ab":"LA","county":"Jefferson","geo_location":{ "type": "Point", "coordinates": [-90.2033, 29.8973] }},
{"zip_code":"70504","country":"US","city":"Lafayette","state":"Louisiana","state_ab":"LA","county":"Lafayette","geo_location":{ "type": "Point", "coordinates": [-92.0187, 30.2139] }},
{"zip_code":"70711","country":"US","city":"Albany","state":"Louisiana","state_ab":"LA","county":"Livingston","geo_location":{ "type": "Point", "coordinates": [-90.5964, 30.5149] }},
{"zip_code":"71264","country":"US","city":"Oak Ridge","state":"Louisiana","state_ab":"LA","county":"Morehouse","geo_location":{ "type": "Point", "coordinates": [-91.7618, 32.6243] }},
{"zip_code":"71031","country":"US","city":"Goldonna","state":"Louisiana","state_ab":"LA","county":"Natchitoches","geo_location":{ "type": "Point", "coordinates": [-92.9611, 32.0] }},
{"zip_code":"71457","country":"US","city":"Natchitoches","state":"Louisiana","state_ab":"LA","county":"Natchitoches","geo_location":{ "type": "Point", "coordinates": [-93.0916, 31.7617] }},
{"zip_code":"71497","country":"US","city":"Natchitoches","state":"Louisiana","state_ab":"LA","county":"Natchitoches","geo_location":{ "type": "Point", "coordinates": [-93.0791, 31.7476] }},
{"zip_code":"70117","country":"US","city":"New Orleans","state":"Louisiana","state_ab":"LA","county":"Orleans","geo_location":{ "type": "Point", "coordinates": [-90.0312, 29.9703] }},
{"zip_code":"70131","country":"US","city":"New Orleans","state":"Louisiana","state_ab":"LA","county":"Orleans","geo_location":{ "type": "Point", "coordinates": [-89.996, 29.9168] }},
{"zip_code":"70157","country":"US","city":"New Orleans","state":"Louisiana","state_ab":"LA","county":"Orleans","geo_location":{ "type": "Point", "coordinates": [-89.8826, 30.033] }},
{"zip_code":"70184","country":"US","city":"New Orleans","state":"Louisiana","state_ab":"LA","county":"Orleans","geo_location":{ "type": "Point", "coordinates": [-89.8826, 30.033] }},
{"zip_code":"71211","country":"US","city":"Monroe","state":"Louisiana","state_ab":"LA","county":"Ouachita","geo_location":{ "type": "Point", "coordinates": [-92.1594, 32.4908] }},
{"zip_code":"71291","country":"US","city":"West Monroe","state":"Louisiana","state_ab":"LA","county":"Ouachita","geo_location":{ "type": "Point", "coordinates": [-92.176, 32.5317] }},
{"zip_code":"70041","country":"US","city":"Buras","state":"Louisiana","state_ab":"LA","county":"Plaquemines","geo_location":{ "type": "Point", "coordinates": [-89.5346, 29.3728] }},
{"zip_code":"70081","country":"US","city":"Pilottown","state":"Louisiana","state_ab":"LA","county":"Plaquemines","geo_location":{ "type": "Point", "coordinates": [-89.364, 29.2851] }},
{"zip_code":"70751","country":"US","city":"Labarre","state":"Louisiana","state_ab":"LA","county":"Pointe Coupee","geo_location":{ "type": "Point", "coordinates": [-91.5663, 30.7513] }},
{"zip_code":"71301","country":"US","city":"Alexandria","state":"Louisiana","state_ab":"LA","county":"Rapides","geo_location":{ "type": "Point", "coordinates": [-92.4633, 31.2885] }},
{"zip_code":"71431","country":"US","city":"Gardner","state":"Louisiana","state_ab":"LA","county":"Rapides","geo_location":{ "type": "Point", "coordinates": [-92.6775, 31.2587] }},
{"zip_code":"70441","country":"US","city":"Greensburg","state":"Louisiana","state_ab":"LA","county":"St. Helena","geo_location":{ "type": "Point", "coordinates": [-90.7256, 30.8647] }},
{"zip_code":"70571","country":"US","city":"Opelousas","state":"Louisiana","state_ab":"LA","county":"St. Landry","geo_location":{ "type": "Point", "coordinates": [-92.0861, 30.5744] }},
{"zip_code":"70584","country":"US","city":"Sunset","state":"Louisiana","state_ab":"LA","county":"St. Landry","geo_location":{ "type": "Point", "coordinates": [-92.0934, 30.3884] }},
{"zip_code":"70517","country":"US","city":"Breaux Bridge","state":"Louisiana","state_ab":"LA","county":"St. Martin","geo_location":{ "type": "Point", "coordinates": [-91.8296, 30.2948] }},
{"zip_code":"70401","country":"US","city":"Hammond","state":"Louisiana","state_ab":"LA","county":"Tangipahoa","geo_location":{ "type": "Point", "coordinates": [-90.4879, 30.5191] }},
{"zip_code":"70454","country":"US","city":"Ponchatoula","state":"Louisiana","state_ab":"LA","county":"Tangipahoa","geo_location":{ "type": "Point", "coordinates": [-90.4422, 30.4406] }},
{"zip_code":"70364","country":"US","city":"Houma","state":"Louisiana","state_ab":"LA","county":"Terrebonne","geo_location":{ "type": "Point", "coordinates": [-90.7268, 29.6299] }},
{"zip_code":"70377","country":"US","city":"Montegut","state":"Louisiana","state_ab":"LA","county":"Terrebonne","geo_location":{ "type": "Point", "coordinates": [-90.544, 29.4744] }},
{"zip_code":"71277","country":"US","city":"Spearsville","state":"Louisiana","state_ab":"LA","county":"Union","geo_location":{ "type": "Point", "coordinates": [-92.587, 32.955] }},
{"zip_code":"71444","country":"US","city":"Lacamp","state":"Louisiana","state_ab":"LA","county":"Vernon","geo_location":{ "type": "Point", "coordinates": [-93.1049, 31.1202] }},
{"zip_code":"70427","country":"US","city":"Bogalusa","state":"Louisiana","state_ab":"LA","county":"Washington","geo_location":{ "type": "Point", "coordinates": [-89.8653, 30.7733] }},
{"zip_code":"70467","country":"US","city":"Angie","state":"Louisiana","state_ab":"LA","county":"Washington","geo_location":{ "type": "Point", "coordinates": [-89.8207, 30.9017] }},
{"zip_code":"71071","country":"US","city":"Sarepta","state":"Louisiana","state_ab":"LA","county":"Webster","geo_location":{ "type": "Point", "coordinates": [-93.4404, 32.9434] }},
{"zip_code":"71237","country":"US","city":"Epps","state":"Louisiana","state_ab":"LA","county":"West Carroll","geo_location":{ "type": "Point", "coordinates": [-91.4913, 32.6161] }},
{"zip_code":"71404","country":"US","city":"Atlanta","state":"Louisiana","state_ab":"LA","county":"Winn","geo_location":{ "type": "Point", "coordinates": [-92.7958, 31.776] }},
{"zip_code":"71471","country":"US","city":"Saint Maurice","state":"Louisiana","state_ab":"LA","county":"Winn","geo_location":{ "type": "Point", "coordinates": [-92.928, 31.7497] }},
{"zip_code":"2541","country":"US","city":"Falmouth","state":"Massachusetts","state_ab":"MA","county":"Barnstable","geo_location":{ "type": "Point", "coordinates": [-70.3087, 41.7993] }},
{"zip_code":"2631","country":"US","city":"Brewster","state":"Massachusetts","state_ab":"MA","county":"Barnstable","geo_location":{ "type": "Point", "coordinates": [-70.0699, 41.7492] }},
{"zip_code":"2644","country":"US","city":"Forestdale","state":"Massachusetts","state_ab":"MA","county":"Barnstable","geo_location":{ "type": "Point", "coordinates": [-70.5143, 41.6827] }},
{"zip_code":"2657","country":"US","city":"Provincetown","state":"Massachusetts","state_ab":"MA","county":"Barnstable","geo_location":{ "type": "Point", "coordinates": [-70.1865, 42.0534] }},
{"zip_code":"2671","country":"US","city":"West Harwich","state":"Massachusetts","state_ab":"MA","county":"Barnstable","geo_location":{ "type": "Point", "coordinates": [-70.1135, 41.6694] }},
{"zip_code":"1201","country":"US","city":"Pittsfield","state":"Massachusetts","state_ab":"MA","county":"Berkshire","geo_location":{ "type": "Point", "coordinates": [-73.2471, 42.4531] }},
{"zip_code":"1227","country":"US","city":"Dalton","state":"Massachusetts","state_ab":"MA","county":"Berkshire","geo_location":{ "type": "Point", "coordinates": [-73.0929, 42.5161] }},
{"zip_code":"1254","country":"US","city":"Richmond","state":"Massachusetts","state_ab":"MA","county":"Berkshire","geo_location":{ "type": "Point", "coordinates": [-73.3645, 42.3784] }},
{"zip_code":"1267","country":"US","city":"Williamstown","state":"Massachusetts","state_ab":"MA","county":"Berkshire","geo_location":{ "type": "Point", "coordinates": [-73.2036, 42.7089] }},
{"zip_code":"2334","country":"US","city":"Easton","state":"Massachusetts","state_ab":"MA","county":"Bristol","geo_location":{ "type": "Point", "coordinates": [-71.1324, 42.0235] }},
{"zip_code":"2721","country":"US","city":"Fall River","state":"Massachusetts","state_ab":"MA","county":"Bristol","geo_location":{ "type": "Point", "coordinates": [-71.1574, 41.6883] }},
{"zip_code":"2747","country":"US","city":"North Dartmouth","state":"Massachusetts","state_ab":"MA","county":"Bristol","geo_location":{ "type": "Point", "coordinates": [-70.9958, 41.6338] }},
{"zip_code":"2761","country":"US","city":"North Attleboro","state":"Massachusetts","state_ab":"MA","county":"Bristol","geo_location":{ "type": "Point", "coordinates": [-71.0671, 41.7562] }},
{"zip_code":"1834","country":"US","city":"Groveland","state":"Massachusetts","state_ab":"MA","county":"Essex","geo_location":{ "type": "Point", "coordinates": [-71.027, 42.753] }},
{"zip_code":"1937","country":"US","city":"Hathorne","state":"Massachusetts","state_ab":"MA","county":"Essex","geo_location":{ "type": "Point", "coordinates": [-70.8791, 42.6354] }},
{"zip_code":"1951","country":"US","city":"Newbury","state":"Massachusetts","state_ab":"MA","county":"Essex","geo_location":{ "type": "Point", "coordinates": [-70.8474, 42.7835] }},
{"zip_code":"1964","country":"US","city":"Peabody","state":"Massachusetts","state_ab":"MA","county":"Essex County","geo_location":{ "type": "Point", "coordinates": [-70.9478, 42.5357] }},
{"zip_code":"1344","country":"US","city":"Erving","state":"Massachusetts","state_ab":"MA","county":"Franklin","geo_location":{ "type": "Point", "coordinates": [-72.4292, 42.6076] }},
{"zip_code":"1021","country":"US","city":"Chicopee","state":"Massachusetts","state_ab":"MA","county":"Hampden","geo_location":{ "type": "Point", "coordinates": [-72.6048, 42.1707] }},
{"zip_code":"1034","country":"US","city":"Granville","state":"Massachusetts","state_ab":"MA","county":"Hampden","geo_location":{ "type": "Point", "coordinates": [-72.952, 42.1127] }},
{"zip_code":"1111","country":"US","city":"Springfield","state":"Massachusetts","state_ab":"MA","county":"Hampden","geo_location":{ "type": "Point", "coordinates": [-72.6048, 42.1707] }},
{"zip_code":"1151","country":"US","city":"Indian Orchard","state":"Massachusetts","state_ab":"MA","county":"Hampden","geo_location":{ "type": "Point", "coordinates": [-72.505, 42.1532] }},
{"zip_code":"1007","country":"US","city":"Belchertown","state":"Massachusetts","state_ab":"MA","county":"Hampshire","geo_location":{ "type": "Point", "coordinates": [-72.411, 42.2751] }},
{"zip_code":"1061","country":"US","city":"Northampton","state":"Massachusetts","state_ab":"MA","county":"Hampshire","geo_location":{ "type": "Point", "coordinates": [-72.636, 42.3696] }},
{"zip_code":"1474","country":"US","city":"West Townsend","state":"Massachusetts","state_ab":"MA","county":"Middlesex","geo_location":{ "type": "Point", "coordinates": [-71.7522, 42.6678] }},
{"zip_code":"1704","country":"US","city":"Framingham","state":"Massachusetts","state_ab":"MA","county":"Middlesex","geo_location":{ "type": "Point", "coordinates": [-71.4594, 42.4464] }},
{"zip_code":"1731","country":"US","city":"Hanscom Afb","state":"Massachusetts","state_ab":"MA","county":"Middlesex","geo_location":{ "type": "Point", "coordinates": [-71.2795, 42.4567] }},
{"zip_code":"1784","country":"US","city":"Woodville","state":"Massachusetts","state_ab":"MA","county":"Middlesex","geo_location":{ "type": "Point", "coordinates": [-71.4594, 42.4464] }},
{"zip_code":"1807","country":"US","city":"Woburn","state":"Massachusetts","state_ab":"MA","county":"Middlesex","geo_location":{ "type": "Point", "coordinates": [-71.4594, 42.4464] }},
{"zip_code":"1821","country":"US","city":"Billerica","state":"Massachusetts","state_ab":"MA","county":"Middlesex","geo_location":{ "type": "Point", "coordinates": [-71.2518, 42.5519] }},
{"zip_code":"1887","country":"US","city":"Wilmington","state":"Massachusetts","state_ab":"MA","county":"Middlesex","geo_location":{ "type": "Point", "coordinates": [-71.1723, 42.5581] }},
{"zip_code":"2141","country":"US","city":"Cambridge","state":"Massachusetts","state_ab":"MA","county":"Middlesex","geo_location":{ "type": "Point", "coordinates": [-71.0836, 42.3687] }},
{"zip_code":"2154","country":"US","city":"Waltham","state":"Massachusetts","state_ab":"MA","county":"Middlesex","geo_location":{ "type": "Point", "coordinates": [-71.2398, 42.3889] }},
{"zip_code":"2167","country":"US","city":"Chestnut Hill","state":"Massachusetts","state_ab":"MA","county":"Middlesex","geo_location":{ "type": "Point", "coordinates": [-71.1698, 42.3208] }},
{"zip_code":"2451","country":"US","city":"Waltham","state":"Massachusetts","state_ab":"MA","county":"Middlesex","geo_location":{ "type": "Point", "coordinates": [-71.2451, 42.3986] }},
{"zip_code":"2464","country":"US","city":"Newton Upper Falls","state":"Massachusetts","state_ab":"MA","county":"Middlesex","geo_location":{ "type": "Point", "coordinates": [-71.2195, 42.3129] }},
{"zip_code":"2477","country":"US","city":"Watertown","state":"Massachusetts","state_ab":"MA","county":"Middlesex","geo_location":{ "type": "Point", "coordinates": [-71.4594, 42.4464] }},
{"zip_code":"2554","country":"US","city":"Nantucket","state":"Massachusetts","state_ab":"MA","county":"Nantucket","geo_location":{ "type": "Point", "coordinates": [-70.0932, 41.2725] }},
{"zip_code":"2181","country":"US","city":"Wellesley","state":"Massachusetts","state_ab":"MA","county":"Norfolk","geo_location":{ "type": "Point", "coordinates": [-71.2788, 42.3006] }},
{"zip_code":"2194","country":"US","city":"Needham","state":"Massachusetts","state_ab":"MA","county":"Norfolk","geo_location":{ "type": "Point", "coordinates": [-71.2258, 42.2925] }},
{"zip_code":"2051","country":"US","city":"Marshfield Hills","state":"Massachusetts","state_ab":"MA","county":"Plymouth","geo_location":{ "type": "Point", "coordinates": [-70.7341, 42.1512] }},
{"zip_code":"2347","country":"US","city":"Lakeville","state":"Massachusetts","state_ab":"MA","county":"Plymouth","geo_location":{ "type": "Point", "coordinates": [-70.9582, 41.8374] }},
{"zip_code":"2361","country":"US","city":"Plymouth","state":"Massachusetts","state_ab":"MA","county":"Plymouth","geo_location":{ "type": "Point", "coordinates": [-70.7014, 41.9705] }},
{"zip_code":"2411","country":"US","city":"Brockton","state":"Massachusetts","state_ab":"MA","county":"Plymouth County","geo_location":{ "type": "Point", "coordinates": [-71.0186, 42.0833] }},
{"zip_code":"2101","country":"US","city":"Boston","state":"Massachusetts","state_ab":"MA","county":"Suffolk","geo_location":{ "type": "Point", "coordinates": [-71.027, 42.3706] }},
{"zip_code":"2114","country":"US","city":"Boston","state":"Massachusetts","state_ab":"MA","county":"Suffolk","geo_location":{ "type": "Point", "coordinates": [-71.0682, 42.3611] }},
{"zip_code":"28114","country":"US","city":"Mooresboro","state":"North Carolina","state_ab":"NC","county":"Cleveland","geo_location":{ "type": "Point", "coordinates": [-81.7492, 35.2295] }},
{"zip_code":"28424","country":"US","city":"Brunswick","state":"North Carolina","state_ab":"NC","county":"Columbus","geo_location":{ "type": "Point", "coordinates": [-78.6994, 34.2907] }},
{"zip_code":"28527","country":"US","city":"Ernul","state":"North Carolina","state_ab":"NC","county":"Craven","geo_location":{ "type": "Point", "coordinates": [-77.0502, 35.2547] }},
{"zip_code":"28307","country":"US","city":"Fort Bragg","state":"North Carolina","state_ab":"NC","county":"Cumberland","geo_location":{ "type": "Point", "coordinates": [-79.0025, 35.1416] }},
{"zip_code":"27964","country":"US","city":"Point Harbor","state":"North Carolina","state_ab":"NC","county":"Currituck","geo_location":{ "type": "Point", "coordinates": [-75.7983, 36.0781] }},
{"zip_code":"27294","country":"US","city":"Lexington","state":"North Carolina","state_ab":"NC","county":"Davidson","geo_location":{ "type": "Point", "coordinates": [-80.276, 35.8829] }},
{"zip_code":"28464","country":"US","city":"Teachey","state":"North Carolina","state_ab":"NC","county":"Duplin","geo_location":{ "type": "Point", "coordinates": [-78.0221, 34.77] }},
{"zip_code":"27704","country":"US","city":"Durham","state":"North Carolina","state_ab":"NC","county":"Durham","geo_location":{ "type": "Point", "coordinates": [-78.8764, 36.0383] }},
{"zip_code":"27717","country":"US","city":"Durham","state":"North Carolina","state_ab":"NC","county":"Durham","geo_location":{ "type": "Point", "coordinates": [-78.8577, 36.0512] }},
{"zip_code":"27111","country":"US","city":"Winston Salem","state":"North Carolina","state_ab":"NC","county":"Forsyth","geo_location":{ "type": "Point", "coordinates": [-80.2073, 36.0275] }},
{"zip_code":"27151","country":"US","city":"Winston Salem","state":"North Carolina","state_ab":"NC","county":"Forsyth","geo_location":{ "type": "Point", "coordinates": [-80.2073, 36.0275] }},
{"zip_code":"28051","country":"US","city":"Gastonia","state":"North Carolina","state_ab":"NC","county":"Gaston","geo_location":{ "type": "Point", "coordinates": [-81.1897, 35.284] }},
{"zip_code":"28077","country":"US","city":"High Shoals","state":"North Carolina","state_ab":"NC","county":"Gaston","geo_location":{ "type": "Point", "coordinates": [-81.2029, 35.4041] }},
{"zip_code":"28101","country":"US","city":"Mc Adenville","state":"North Carolina","state_ab":"NC","county":"Gaston","geo_location":{ "type": "Point", "coordinates": [-81.0788, 35.2578] }},
{"zip_code":"27937","country":"US","city":"Gates","state":"North Carolina","state_ab":"NC","county":"Gates","geo_location":{ "type": "Point", "coordinates": [-76.7646, 36.5036] }},
{"zip_code":"27564","country":"US","city":"Creedmoor","state":"North Carolina","state_ab":"NC","county":"Granville","geo_location":{ "type": "Point", "coordinates": [-78.7133, 36.1015] }},
{"zip_code":"28554","country":"US","city":"Maury","state":"North Carolina","state_ab":"NC","county":"Greene","geo_location":{ "type": "Point", "coordinates": [-77.651, 35.4999] }},
{"zip_code":"27214","country":"US","city":"Browns Summit","state":"North Carolina","state_ab":"NC","county":"Guilford","geo_location":{ "type": "Point", "coordinates": [-79.7101, 36.2019] }},
{"zip_code":"27357","country":"US","city":"Stokesdale","state":"North Carolina","state_ab":"NC","county":"Guilford","geo_location":{ "type": "Point", "coordinates": [-79.9705, 36.2552] }},
{"zip_code":"27407","country":"US","city":"Greensboro","state":"North Carolina","state_ab":"NC","county":"Guilford","geo_location":{ "type": "Point", "coordinates": [-79.8626, 36.0334] }},
{"zip_code":"27874","country":"US","city":"Scotland Neck","state":"North Carolina","state_ab":"NC","county":"Halifax","geo_location":{ "type": "Point", "coordinates": [-77.4273, 36.1301] }},
{"zip_code":"27887","country":"US","city":"Tillery","state":"North Carolina","state_ab":"NC","county":"Halifax","geo_location":{ "type": "Point", "coordinates": [-77.5026, 36.2352] }},
{"zip_code":"28334","country":"US","city":"Dunn","state":"North Carolina","state_ab":"NC","county":"Harnett","geo_location":{ "type": "Point", "coordinates": [-78.6151, 35.3165] }},
{"zip_code":"28721","country":"US","city":"Clyde","state":"North Carolina","state_ab":"NC","county":"Haywood","geo_location":{ "type": "Point", "coordinates": [-82.9216, 35.5597] }},
{"zip_code":"28361","country":"US","city":"Mccain","state":"North Carolina","state_ab":"NC","county":"Hoke","geo_location":{ "type": "Point", "coordinates": [-79.2468, 35.0236] }},
{"zip_code":"28707","country":"US","city":"Balsam","state":"North Carolina","state_ab":"NC","county":"Jackson","geo_location":{ "type": "Point", "coordinates": [-83.0928, 35.4301] }},
{"zip_code":"27524","country":"US","city":"Four Oaks","state":"North Carolina","state_ab":"NC","county":"Johnston","geo_location":{ "type": "Point", "coordinates": [-78.4153, 35.404] }},
{"zip_code":"27577","country":"US","city":"Smithfield","state":"North Carolina","state_ab":"NC","county":"Johnston","geo_location":{ "type": "Point", "coordinates": [-78.3479, 35.5068] }},
{"zip_code":"27331","country":"US","city":"Sanford","state":"North Carolina","state_ab":"NC","county":"Lee","geo_location":{ "type": "Point", "coordinates": [-79.2766, 35.3726] }},
{"zip_code":"28501","country":"US","city":"Kinston","state":"North Carolina","state_ab":"NC","county":"Lenoir","geo_location":{ "type": "Point", "coordinates": [-77.586, 35.2783] }},
{"zip_code":"28037","country":"US","city":"Denver","state":"North Carolina","state_ab":"NC","county":"Lincoln","geo_location":{ "type": "Point", "coordinates": [-80.9898, 35.4837] }},
{"zip_code":"28761","country":"US","city":"Nebo","state":"North Carolina","state_ab":"NC","county":"McDowell","geo_location":{ "type": "Point", "coordinates": [-81.9056, 35.6732] }},
{"zip_code":"28734","country":"US","city":"Franklin","state":"North Carolina","state_ab":"NC","county":"Macon","geo_location":{ "type": "Point", "coordinates": [-83.3885, 35.181] }},
{"zip_code":"27861","country":"US","city":"Parmele","state":"North Carolina","state_ab":"NC","county":"Martin","geo_location":{ "type": "Point", "coordinates": [-77.3143, 35.819] }},
{"zip_code":"28204","country":"US","city":"Charlotte","state":"North Carolina","state_ab":"NC","county":"Mecklenburg","geo_location":{ "type": "Point", "coordinates": [-80.8231, 35.2132] }},
{"zip_code":"28217","country":"US","city":"Charlotte","state":"North Carolina","state_ab":"NC","county":"Mecklenburg","geo_location":{ "type": "Point", "coordinates": [-80.9084, 35.1714] }},
{"zip_code":"28231","country":"US","city":"Charlotte","state":"North Carolina","state_ab":"NC","county":"Mecklenburg","geo_location":{ "type": "Point", "coordinates": [-80.8042, 35.26] }},
{"zip_code":"28244","country":"US","city":"Charlotte","state":"North Carolina","state_ab":"NC","county":"Mecklenburg","geo_location":{ "type": "Point", "coordinates": [-80.8042, 35.26] }},
{"zip_code":"28284","country":"US","city":"Charlotte","state":"North Carolina","state_ab":"NC","county":"Mecklenburg","geo_location":{ "type": "Point", "coordinates": [-80.8042, 35.26] }},
{"zip_code":"28297","country":"US","city":"Charlotte","state":"North Carolina","state_ab":"NC","county":"Mecklenburg","geo_location":{ "type": "Point", "coordinates": [-80.8042, 35.26] }},
{"zip_code":"27371","country":"US","city":"Troy","state":"North Carolina","state_ab":"NC","county":"Montgomery","geo_location":{ "type": "Point", "coordinates": [-79.9093, 35.3777] }},
{"zip_code":"27281","country":"US","city":"Jackson Springs","state":"North Carolina","state_ab":"NC","county":"Moore","geo_location":{ "type": "Point", "coordinates": [-79.6685, 35.2259] }},
{"zip_code":"28374","country":"US","city":"Pinehurst","state":"North Carolina","state_ab":"NC","county":"Moore","geo_location":{ "type": "Point", "coordinates": [-79.4732, 35.1884] }},
{"zip_code":"28387","country":"US","city":"Southern Pines","state":"North Carolina","state_ab":"NC","county":"Moore","geo_location":{ "type": "Point", "coordinates": [-79.3957, 35.1697] }},
{"zip_code":"27807","country":"US","city":"Bailey","state":"North Carolina","state_ab":"NC","county":"Nash","geo_location":{ "type": "Point", "coordinates": [-78.0892, 35.8072] }},
{"zip_code":"28411","country":"US","city":"Wilmington","state":"North Carolina","state_ab":"NC","county":"New Hanover","geo_location":{ "type": "Point", "coordinates": [-77.8039, 34.3033] }},
{"zip_code":"28541","country":"US","city":"Jacksonville","state":"North Carolina","state_ab":"NC","county":"Onslow","geo_location":{ "type": "Point", "coordinates": [-77.3912, 34.6921] }},
{"zip_code":"27834","country":"US","city":"Greenville","state":"North Carolina","state_ab":"NC","county":"Pitt","geo_location":{ "type": "Point", "coordinates": [-77.3975, 35.6192] }},
{"zip_code":"27317","country":"US","city":"Randleman","state":"North Carolina","state_ab":"NC","county":"Randolph","geo_location":{ "type": "Point", "coordinates": [-79.8018, 35.8488] }},
{"zip_code":"28347","country":"US","city":"Hoffman","state":"North Carolina","state_ab":"NC","county":"Richmond","geo_location":{ "type": "Point", "coordinates": [-79.56, 35.0326] }},
{"zip_code":"28271","country":"US","city":"Charlotte","state":"North Carolina","state_ab":"NC","county":"Robeson County","geo_location":{ "type": "Point", "coordinates": [-80.8358, 35.216] }},
{"zip_code":"28024","country":"US","city":"Cliffside","state":"North Carolina","state_ab":"NC","county":"Rutherford","geo_location":{ "type": "Point", "coordinates": [-81.7755, 35.2416] }},
{"zip_code":"28167","country":"US","city":"Union Mills","state":"North Carolina","state_ab":"NC","county":"Rutherford","geo_location":{ "type": "Point", "coordinates": [-81.9685, 35.4732] }},
{"zip_code":"28127","country":"US","city":"New London","state":"North Carolina","state_ab":"NC","county":"Stanly","geo_location":{ "type": "Point", "coordinates": [-80.2057, 35.4285] }},
{"zip_code":"27021","country":"US","city":"King","state":"North Carolina","state_ab":"NC","county":"Stokes","geo_location":{ "type": "Point", "coordinates": [-80.356, 36.295] }},
{"zip_code":"27007","country":"US","city":"Ararat","state":"North Carolina","state_ab":"NC","county":"Surry","geo_location":{ "type": "Point", "coordinates": [-80.5895, 36.3859] }},
{"zip_code":"27047","country":"US","city":"Siloam","state":"North Carolina","state_ab":"NC","county":"Surry","geo_location":{ "type": "Point", "coordinates": [-80.5772, 36.3002] }},
{"zip_code":"28747","country":"US","city":"Lake Toxaway","state":"North Carolina","state_ab":"NC","county":"Transylvania","geo_location":{ "type": "Point", "coordinates": [-82.9191, 35.1451] }},
{"zip_code":"28774","country":"US","city":"Sapphire","state":"North Carolina","state_ab":"NC","county":"Transylvania","geo_location":{ "type": "Point", "coordinates": [-83.0019, 35.0666] }},
{"zip_code":"27537","country":"US","city":"Henderson","state":"North Carolina","state_ab":"NC","county":"Vance","geo_location":{ "type": "Point", "coordinates": [-78.3906, 36.36] }},
{"zip_code":"27511","country":"US","city":"Cary","state":"North Carolina","state_ab":"NC","county":"Wake","geo_location":{ "type": "Point", "coordinates": [-78.7786, 35.7641] }},
{"zip_code":"27591","country":"US","city":"Wendell","state":"North Carolina","state_ab":"NC","county":"Wake","geo_location":{ "type": "Point", "coordinates": [-78.3926, 35.798] }},
{"zip_code":"27601","country":"US","city":"Raleigh","state":"North Carolina","state_ab":"NC","county":"Wake","geo_location":{ "type": "Point", "coordinates": [-78.6324, 35.7727] }},
{"zip_code":"27614","country":"US","city":"Raleigh","state":"North Carolina","state_ab":"NC","county":"Wake","geo_location":{ "type": "Point", "coordinates": [-78.6433, 35.9457] }},
{"zip_code":"27627","country":"US","city":"Raleigh","state":"North Carolina","state_ab":"NC","county":"Wake","geo_location":{ "type": "Point", "coordinates": [-78.6253, 35.7977] }},
{"zip_code":"27551","country":"US","city":"Macon","state":"North Carolina","state_ab":"NC","county":"Warren","geo_location":{ "type": "Point", "coordinates": [-77.9975, 36.507] }},
{"zip_code":"28697","country":"US","city":"Wilkesboro","state":"North Carolina","state_ab":"NC","county":"Wilkes","geo_location":{ "type": "Point", "coordinates": [-81.1573, 36.1359] }},
{"zip_code":"58461","country":"US","city":"Litchville","state":"North Dakota","state_ab":"ND","county":"Barnes","geo_location":{ "type": "Point", "coordinates": [-98.2033, 46.6888] }},
{"zip_code":"58357","country":"US","city":"Oberon","state":"North Dakota","state_ab":"ND","county":"Benson","geo_location":{ "type": "Point", "coordinates": [-99.1401, 47.9487] }},
{"zip_code":"58627","country":"US","city":"Fairfield","state":"North Dakota","state_ab":"ND","county":"Billings","geo_location":{ "type": "Point", "coordinates": [-103.3056, 47.2329] }},
{"zip_code":"58384","country":"US","city":"Willow City","state":"North Dakota","state_ab":"ND","county":"Bottineau","geo_location":{ "type": "Point", "coordinates": [-100.2968, 48.6062] }},
{"zip_code":"58007","country":"US","city":"Ayr","state":"North Dakota","state_ab":"ND","county":"Cass","geo_location":{ "type": "Point", "coordinates": [-97.4629, 47.0139] }},
{"zip_code":"58021","country":"US","city":"Davenport","state":"North Dakota","state_ab":"ND","county":"Cass","geo_location":{ "type": "Point", "coordinates": [-97.0871, 46.6968] }},
{"zip_code":"58047","country":"US","city":"Horace","state":"North Dakota","state_ab":"ND","county":"Cass","geo_location":{ "type": "Point", "coordinates": [-96.8851, 46.7101] }},
{"zip_code":"58124","country":"US","city":"Fargo","state":"North Dakota","state_ab":"ND","county":"Cass","geo_location":{ "type": "Point", "coordinates": [-97.2297, 46.9346] }},
{"zip_code":"58281","country":"US","city":"Wales","state":"North Dakota","state_ab":"ND","county":"Cavalier","geo_location":{ "type": "Point", "coordinates": [-98.5596, 48.9216] }},
{"zip_code":"58474","country":"US","city":"Oakes","state":"North Dakota","state_ab":"ND","county":"Dickey","geo_location":{ "type": "Point", "coordinates": [-98.2257, 46.1095] }},
{"zip_code":"58524","country":"US","city":"Braddock","state":"North Dakota","state_ab":"ND","county":"Emmons","geo_location":{ "type": "Point", "coordinates": [-100.1075, 46.5603] }},
{"zip_code":"58421","country":"US","city":"Carrington","state":"North Dakota","state_ab":"ND","county":"Foster","geo_location":{ "type": "Point", "coordinates": [-98.8933, 47.4573] }},
{"zip_code":"58654","country":"US","city":"Sentinel Butte","state":"North Dakota","state_ab":"ND","county":"Golden Valley","geo_location":{ "type": "Point", "coordinates": [-103.8001, 46.8305] }},
{"zip_code":"58201","country":"US","city":"Grand Forks","state":"North Dakota","state_ab":"ND","county":"Grand Forks","geo_location":{ "type": "Point", "coordinates": [-97.0446, 47.901] }},
{"zip_code":"58214","country":"US","city":"Arvilla","state":"North Dakota","state_ab":"ND","county":"Grand Forks","geo_location":{ "type": "Point", "coordinates": [-97.4871, 47.9093] }},
{"zip_code":"58267","country":"US","city":"Northwood","state":"North Dakota","state_ab":"ND","county":"Grand Forks","geo_location":{ "type": "Point", "coordinates": [-97.6038, 47.7591] }},
{"zip_code":"58551","country":"US","city":"Leith","state":"North Dakota","state_ab":"ND","county":"Grant County","geo_location":{ "type": "Point", "coordinates": [-101.4555, 46.2349] }},
{"zip_code":"58564","country":"US","city":"Raleigh","state":"North Dakota","state_ab":"ND","county":"Grant","geo_location":{ "type": "Point", "coordinates": [-101.2827, 46.3352] }},
{"zip_code":"58487","country":"US","city":"Tappen","state":"North Dakota","state_ab":"ND","county":"Kidder","geo_location":{ "type": "Point", "coordinates": [-99.6019, 46.8336] }},
{"zip_code":"58731","country":"US","city":"Deering","state":"North Dakota","state_ab":"ND","county":"McHenry","geo_location":{ "type": "Point", "coordinates": [-101.0337, 48.4057] }},
{"zip_code":"58744","country":"US","city":"Karlsruhe","state":"North Dakota","state_ab":"ND","county":"McHenry","geo_location":{ "type": "Point", "coordinates": [-100.5742, 48.1009] }},
{"zip_code":"58757","country":"US","city":"Mandaree","state":"North Dakota","state_ab":"ND","county":"McKenzie","geo_location":{ "type": "Point", "coordinates": [-103.2984, 47.7374] }},
{"zip_code":"58847","country":"US","city":"Keene","state":"North Dakota","state_ab":"ND","county":"McKenzie","geo_location":{ "type": "Point", "coordinates": [-102.8906, 47.9405] }},
{"zip_code":"58577","country":"US","city":"Washburn","state":"North Dakota","state_ab":"ND","county":"McLean","geo_location":{ "type": "Point", "coordinates": [-101.0116, 47.3114] }},
{"zip_code":"58537","country":"US","city":"Fort Rice","state":"North Dakota","state_ab":"ND","county":"Morton County","geo_location":{ "type": "Point", "coordinates": [-100.6939, 46.5632] }},
{"zip_code":"58771","country":"US","city":"Plaza","state":"North Dakota","state_ab":"ND","county":"Mountrail","geo_location":{ "type": "Point", "coordinates": [-101.9643, 48.0242] }},
{"zip_code":"58784","country":"US","city":"Stanley","state":"North Dakota","state_ab":"ND","county":"Mountrail","geo_location":{ "type": "Point", "coordinates": [-102.4185, 48.3458] }},
{"zip_code":"58254","country":"US","city":"Mcville","state":"North Dakota","state_ab":"ND","county":"Nelson","geo_location":{ "type": "Point", "coordinates": [-98.1344, 47.8564] }},
{"zip_code":"58344","country":"US","city":"Lakota","state":"North Dakota","state_ab":"ND","county":"Nelson","geo_location":{ "type": "Point", "coordinates": [-98.3246, 47.972] }},
{"zip_code":"58241","country":"US","city":"Hensel","state":"North Dakota","state_ab":"ND","county":"Pembina","geo_location":{ "type": "Point", "coordinates": [-97.6993, 48.7203] }},
{"zip_code":"58061","country":"US","city":"Mooreton","state":"North Dakota","state_ab":"ND","county":"Richland","geo_location":{ "type": "Point", "coordinates": [-96.8507, 46.2615] }},
{"zip_code":"58074","country":"US","city":"Wahpeton","state":"North Dakota","state_ab":"ND","county":"Richland","geo_location":{ "type": "Point", "coordinates": [-96.9176, 46.2833] }},
{"zip_code":"58601","country":"US","city":"Dickinson","state":"North Dakota","state_ab":"ND","county":"Stark","geo_location":{ "type": "Point", "coordinates": [-102.7565, 46.8057] }},
{"zip_code":"58641","country":"US","city":"Lefor","state":"North Dakota","state_ab":"ND","county":"Stark","geo_location":{ "type": "Point", "coordinates": [-102.4986, 46.6684] }},
{"zip_code":"58317","country":"US","city":"Bisbee","state":"North Dakota","state_ab":"ND","county":"Towner","geo_location":{ "type": "Point", "coordinates": [-99.3636, 48.5552] }},
{"zip_code":"58331","country":"US","city":"Egeland","state":"North Dakota","state_ab":"ND","county":"Towner","geo_location":{ "type": "Point", "coordinates": [-99.1115, 48.6355] }},
{"zip_code":"58227","country":"US","city":"Edinburg","state":"North Dakota","state_ab":"ND","county":"Walsh","geo_location":{ "type": "Point", "coordinates": [-97.8932, 48.4997] }},
{"zip_code":"58704","country":"US","city":"Minot Afb","state":"North Dakota","state_ab":"ND","county":"Ward","geo_location":{ "type": "Point", "coordinates": [-101.3168, 48.4232] }},
{"zip_code":"68901","country":"US","city":"Hastings","state":"Nebraska","state_ab":"NE","county":"Adams","geo_location":{ "type": "Point", "coordinates": [-98.3911, 40.5877] }},
{"zip_code":"68761","country":"US","city":"Oakdale","state":"Nebraska","state_ab":"NE","county":"Antelope","geo_location":{ "type": "Point", "coordinates": [-97.9186, 42.0536] }},
{"zip_code":"69157","country":"US","city":"Purdum","state":"Nebraska","state_ab":"NE","county":"Blaine","geo_location":{ "type": "Point", "coordinates": [-99.9771, 41.9123] }},
{"zip_code":"68037","country":"US","city":"Louisville","state":"Nebraska","state_ab":"NE","county":"Cass","geo_location":{ "type": "Point", "coordinates": [-96.1948, 40.9967] }},
{"zip_code":"68307","country":"US","city":"Avoca","state":"Nebraska","state_ab":"NE","county":"Cass","geo_location":{ "type": "Point", "coordinates": [-96.0957, 40.8159] }},
{"zip_code":"68347","country":"US","city":"Eagle","state":"Nebraska","state_ab":"NE","county":"Cass","geo_location":{ "type": "Point", "coordinates": [-96.429, 40.8169] }},
{"zip_code":"68774","country":"US","city":"Saint Helena","state":"Nebraska","state_ab":"NE","county":"Cedar","geo_location":{ "type": "Point", "coordinates": [-97.3047, 42.8046] }},
{"zip_code":"69027","country":"US","city":"Enders","state":"Nebraska","state_ab":"NE","county":"Chase","geo_location":{ "type": "Point", "coordinates": [-101.5222, 40.4655] }},
{"zip_code":"69221","country":"US","city":"Wood Lake","state":"Nebraska","state_ab":"NE","county":"Cherry","geo_location":{ "type": "Point", "coordinates": [-100.2872, 42.6264] }},
{"zip_code":"69131","country":"US","city":"Dalton","state":"Nebraska","state_ab":"NE","county":"Cheyenne","geo_location":{ "type": "Point", "coordinates": [-102.9726, 41.4068] }},
{"zip_code":"68941","country":"US","city":"Glenvil","state":"Nebraska","state_ab":"NE","county":"Clay","geo_location":{ "type": "Point", "coordinates": [-98.2465, 40.4931] }},
{"zip_code":"68954","country":"US","city":"Inland","state":"Nebraska","state_ab":"NE","county":"Clay","geo_location":{ "type": "Point", "coordinates": [-98.2234, 40.5899] }},
{"zip_code":"69337","country":"US","city":"Chadron","state":"Nebraska","state_ab":"NE","county":"Dawes","geo_location":{ "type": "Point", "coordinates": [-102.9953, 42.8193] }},
{"zip_code":"69171","country":"US","city":"Willow Island","state":"Nebraska","state_ab":"NE","county":"Dawson","geo_location":{ "type": "Point", "coordinates": [-100.0703, 40.8925] }},
{"zip_code":"68064","country":"US","city":"Valley","state":"Nebraska","state_ab":"NE","county":"Douglas","geo_location":{ "type": "Point", "coordinates": [-96.3463, 41.3186] }},
{"zip_code":"68101","country":"US","city":"Omaha","state":"Nebraska","state_ab":"NE","county":"Douglas","geo_location":{ "type": "Point", "coordinates": [-96.1711, 41.2917] }},
{"zip_code":"68114","country":"US","city":"Omaha","state":"Nebraska","state_ab":"NE","county":"Douglas","geo_location":{ "type": "Point", "coordinates": [-96.0493, 41.2656] }},
{"zip_code":"68127","country":"US","city":"Omaha","state":"Nebraska","state_ab":"NE","county":"Douglas","geo_location":{ "type": "Point", "coordinates": [-96.0612, 41.2074] }},
{"zip_code":"68154","country":"US","city":"Omaha","state":"Nebraska","state_ab":"NE","county":"Douglas","geo_location":{ "type": "Point", "coordinates": [-96.1206, 41.2642] }},
{"zip_code":"68181","country":"US","city":"Omaha","state":"Nebraska","state_ab":"NE","county":"Douglas","geo_location":{ "type": "Point", "coordinates": [-96.1711, 41.2917] }},
{"zip_code":"69041","country":"US","city":"Parks","state":"Nebraska","state_ab":"NE","county":"Dundy","geo_location":{ "type": "Point", "coordinates": [-101.7399, 40.1398] }},
{"zip_code":"68361","country":"US","city":"Geneva","state":"Nebraska","state_ab":"NE","county":"Fillmore","geo_location":{ "type": "Point", "coordinates": [-97.6096, 40.5277] }},
{"zip_code":"68981","country":"US","city":"Upland","state":"Nebraska","state_ab":"NE","county":"Franklin","geo_location":{ "type": "Point", "coordinates": [-98.8966, 40.3171] }},
{"zip_code":"68967","country":"US","city":"Oxford","state":"Nebraska","state_ab":"NE","county":"Furnas","geo_location":{ "type": "Point", "coordinates": [-99.6302, 40.256] }},
{"zip_code":"68374","country":"US","city":"Holmesville","state":"Nebraska","state_ab":"NE","county":"Gage","geo_location":{ "type": "Point", "coordinates": [-96.6326, 40.2202] }},
{"zip_code":"68824","country":"US","city":"Cairo","state":"Nebraska","state_ab":"NE","county":"Hall","geo_location":{ "type": "Point", "coordinates": [-98.6165, 41.0002] }},
{"zip_code":"68734","country":"US","city":"Emmet","state":"Nebraska","state_ab":"NE","county":"Holt","geo_location":{ "type": "Point", "coordinates": [-98.8238, 42.4747] }},
{"zip_code":"68424","country":"US","city":"Plymouth","state":"Nebraska","state_ab":"NE","county":"Jefferson","geo_location":{ "type": "Point", "coordinates": [-97.0012, 40.3039] }},
{"zip_code":"69144","country":"US","city":"Keystone","state":"Nebraska","state_ab":"NE","county":"Keith","geo_location":{ "type": "Point", "coordinates": [-101.6282, 41.2621] }},
{"zip_code":"68501","country":"US","city":"Lincoln","state":"Nebraska","state_ab":"NE","county":"Lancaster","geo_location":{ "type": "Point", "coordinates": [-96.8231, 40.8651] }},
{"zip_code":"68514","country":"US","city":"Lincoln","state":"Nebraska","state_ab":"NE","county":"Lancaster","geo_location":{ "type": "Point", "coordinates": [-96.6621, 40.9401] }},
{"zip_code":"68527","country":"US","city":"Lincoln","state":"Nebraska","state_ab":"NE","county":"Lancaster","geo_location":{ "type": "Point", "coordinates": [-96.5401, 40.8347] }},
{"zip_code":"68864","country":"US","city":"Palmer","state":"Nebraska","state_ab":"NE","county":"Merrick","geo_location":{ "type": "Point", "coordinates": [-98.2411, 41.1788] }},
{"zip_code":"68321","country":"US","city":"Brownville","state":"Nebraska","state_ab":"NE","county":"Nemaha","geo_location":{ "type": "Point", "coordinates": [-95.6935, 40.3994] }},
{"zip_code":"68927","country":"US","city":"Bertrand","state":"Nebraska","state_ab":"NE","county":"Phelps","geo_location":{ "type": "Point", "coordinates": [-99.5759, 40.5608] }},
{"zip_code":"68747","country":"US","city":"Mclean","state":"Nebraska","state_ab":"NE","county":"Pierce","geo_location":{ "type": "Point", "coordinates": [-97.4751, 42.3921] }},
{"zip_code":"68631","country":"US","city":"Creston","state":"Nebraska","state_ab":"NE","county":"Platte","geo_location":{ "type": "Point", "coordinates": [-97.3687, 41.6607] }},
{"zip_code":"68644","country":"US","city":"Lindsay","state":"Nebraska","state_ab":"NE","county":"Platte","geo_location":{ "type": "Point", "coordinates": [-97.6711, 41.6926] }},
{"zip_code":"69001","country":"US","city":"Mc Cook","state":"Nebraska","state_ab":"NE","county":"Red Willow","geo_location":{ "type": "Point", "coordinates": [-100.6279, 40.2049] }},
{"zip_code":"68437","country":"US","city":"Shubert","state":"Nebraska","state_ab":"NE","county":"Richardson","geo_location":{ "type": "Point", "coordinates": [-95.6895, 40.2325] }},
{"zip_code":"68464","country":"US","city":"Western","state":"Nebraska","state_ab":"NE","county":"Saline","geo_location":{ "type": "Point", "coordinates": [-97.1976, 40.4152] }},
{"zip_code":"69351","country":"US","city":"Lakeside","state":"Nebraska","state_ab":"NE","county":"Sheridan","geo_location":{ "type": "Point", "coordinates": [-102.4437, 42.0496] }},
{"zip_code":"68837","country":"US","city":"Elyria","state":"Nebraska","state_ab":"NE","county":"Valley","geo_location":{ "type": "Point", "coordinates": [-98.9816, 41.5673] }},
{"zip_code":"68787","country":"US","city":"Wayne","state":"Nebraska","state_ab":"NE","county":"Wayne","geo_location":{ "type": "Point", "coordinates": [-97.0186, 42.2304] }},
{"zip_code":"3247","country":"US","city":"Laconia","state":"New Hampshire","state_ab":"NH","county":"Belknap","geo_location":{ "type": "Point", "coordinates": [-71.4455, 43.589] }},
{"zip_code":"45407","country":"US","city":"Dayton","state":"Ohio","state_ab":"OH","county":"Montgomery","geo_location":{ "type": "Point", "coordinates": [-84.2242, 39.7627] }},
{"zip_code":"45434","country":"US","city":"Dayton","state":"Ohio","state_ab":"OH","county":"Montgomery","geo_location":{ "type": "Point", "coordinates": [-84.029, 39.7216] }},
{"zip_code":"43777","country":"US","city":"Roseville","state":"Ohio","state_ab":"OH","county":"Muskingum","geo_location":{ "type": "Point", "coordinates": [-82.0792, 39.8187] }},
{"zip_code":"43791","country":"US","city":"White Cottage","state":"Ohio","state_ab":"OH","county":"Muskingum","geo_location":{ "type": "Point", "coordinates": [-82.0987, 39.8713] }},
{"zip_code":"43711","country":"US","city":"Ava","state":"Ohio","state_ab":"OH","county":"Noble","geo_location":{ "type": "Point", "coordinates": [-81.5549, 39.8276] }},
{"zip_code":"43724","country":"US","city":"Caldwell","state":"Ohio","state_ab":"OH","county":"Noble","geo_location":{ "type": "Point", "coordinates": [-81.5153, 39.7467] }},
{"zip_code":"45821","country":"US","city":"Cecil","state":"Ohio","state_ab":"OH","county":"Paulding","geo_location":{ "type": "Point", "coordinates": [-84.6296, 41.2174] }},
{"zip_code":"45861","country":"US","city":"Melrose","state":"Ohio","state_ab":"OH","county":"Paulding","geo_location":{ "type": "Point", "coordinates": [-84.4287, 41.0812] }},
{"zip_code":"43764","country":"US","city":"New Lexington","state":"Ohio","state_ab":"OH","county":"Perry","geo_location":{ "type": "Point", "coordinates": [-82.2019, 39.7174] }},
{"zip_code":"43117","country":"US","city":"Derby","state":"Ohio","state_ab":"OH","county":"Pickaway","geo_location":{ "type": "Point", "coordinates": [-83.1995, 39.773] }},
{"zip_code":"44211","country":"US","city":"Brady Lake","state":"Ohio","state_ab":"OH","county":"Portage","geo_location":{ "type": "Point", "coordinates": [-81.3124, 41.1698] }},
{"zip_code":"44907","country":"US","city":"Mansfield","state":"Ohio","state_ab":"OH","county":"Richland","geo_location":{ "type": "Point", "coordinates": [-82.5198, 40.7345] }},
{"zip_code":"45601","country":"US","city":"Chillicothe","state":"Ohio","state_ab":"OH","county":"Ross","geo_location":{ "type": "Point", "coordinates": [-82.9895, 39.338] }},
{"zip_code":"45681","country":"US","city":"South Salem","state":"Ohio","state_ab":"OH","county":"Ross","geo_location":{ "type": "Point", "coordinates": [-83.272, 39.3021] }},
{"zip_code":"45694","country":"US","city":"Wheelersburg","state":"Ohio","state_ab":"OH","county":"Scioto","geo_location":{ "type": "Point", "coordinates": [-82.8204, 38.7418] }},
{"zip_code":"44701","country":"US","city":"Canton","state":"Ohio","state_ab":"OH","county":"Stark","geo_location":{ "type": "Point", "coordinates": [-81.3712, 40.7824] }},
{"zip_code":"44714","country":"US","city":"Canton","state":"Ohio","state_ab":"OH","county":"Stark","geo_location":{ "type": "Point", "coordinates": [-81.361, 40.8272] }},
{"zip_code":"44767","country":"US","city":"Canton","state":"Ohio","state_ab":"OH","county":"Stark","geo_location":{ "type": "Point", "coordinates": [-81.4246, 40.8957] }},
{"zip_code":"44224","country":"US","city":"Stow","state":"Ohio","state_ab":"OH","county":"Summit","geo_location":{ "type": "Point", "coordinates": [-81.438, 41.1748] }},
{"zip_code":"44237","country":"US","city":"Hudson","state":"Ohio","state_ab":"OH","county":"Summit","geo_location":{ "type": "Point", "coordinates": [-81.54, 41.1287] }},
{"zip_code":"44264","country":"US","city":"Peninsula","state":"Ohio","state_ab":"OH","county":"Summit","geo_location":{ "type": "Point", "coordinates": [-81.54, 41.2256] }},
{"zip_code":"44301","country":"US","city":"Akron","state":"Ohio","state_ab":"OH","county":"Summit","geo_location":{ "type": "Point", "coordinates": [-81.52, 41.0449] }},
{"zip_code":"44314","country":"US","city":"Akron","state":"Ohio","state_ab":"OH","county":"Summit","geo_location":{ "type": "Point", "coordinates": [-81.5598, 41.0408] }},
{"zip_code":"44404","country":"US","city":"Burghill","state":"Ohio","state_ab":"OH","county":"Trumbull","geo_location":{ "type": "Point", "coordinates": [-80.5441, 41.3347] }},
{"zip_code":"44417","country":"US","city":"Farmdale","state":"Ohio","state_ab":"OH","county":"Trumbull","geo_location":{ "type": "Point", "coordinates": [-80.6628, 41.3923] }},
{"zip_code":"44444","country":"US","city":"Newton Falls","state":"Ohio","state_ab":"OH","county":"Trumbull","geo_location":{ "type": "Point", "coordinates": [-80.9701, 41.191] }},
{"zip_code":"44484","country":"US","city":"Warren","state":"Ohio","state_ab":"OH","county":"Trumbull","geo_location":{ "type": "Point", "coordinates": [-80.7642, 41.2318] }},
{"zip_code":"44624","country":"US","city":"Dundee","state":"Ohio","state_ab":"OH","county":"Tuscarawas","geo_location":{ "type": "Point", "coordinates": [-81.6058, 40.589] }},
{"zip_code":"43041","country":"US","city":"Marysville","state":"Ohio","state_ab":"OH","county":"Union","geo_location":{ "type": "Point", "coordinates": [-83.3606, 40.3069] }},
{"zip_code":"43067","country":"US","city":"Raymond","state":"Ohio","state_ab":"OH","county":"Union","geo_location":{ "type": "Point", "coordinates": [-83.4655, 40.338] }},
{"zip_code":"45874","country":"US","city":"Ohio City","state":"Ohio","state_ab":"OH","county":"Van Wert","geo_location":{ "type": "Point", "coordinates": [-84.6731, 40.7854] }},
{"zip_code":"45654","country":"US","city":"New Plymouth","state":"Ohio","state_ab":"OH","county":"Vinton","geo_location":{ "type": "Point", "coordinates": [-82.3892, 39.3884] }},
{"zip_code":"45034","country":"US","city":"Kings Mills","state":"Ohio","state_ab":"OH","county":"Warren","geo_location":{ "type": "Point", "coordinates": [-84.2473, 39.358] }},
{"zip_code":"45744","country":"US","city":"Lowell","state":"Ohio","state_ab":"OH","county":"Washington","geo_location":{ "type": "Point", "coordinates": [-81.5197, 39.5385] }},
{"zip_code":"45784","country":"US","city":"Vincent","state":"Ohio","state_ab":"OH","county":"Washington","geo_location":{ "type": "Point", "coordinates": [-81.6743, 39.3374] }},
{"zip_code":"44677","country":"US","city":"Smithville","state":"Ohio","state_ab":"OH","county":"Wayne","geo_location":{ "type": "Point", "coordinates": [-81.8633, 40.8592] }},
{"zip_code":"44691","country":"US","city":"Wooster","state":"Ohio","state_ab":"OH","county":"Wayne","geo_location":{ "type": "Point", "coordinates": [-81.9483, 40.8094] }},
{"zip_code":"43517","country":"US","city":"Edgerton","state":"Ohio","state_ab":"OH","county":"Williams","geo_location":{ "type": "Point", "coordinates": [-84.7349, 41.4425] }},
{"zip_code":"43531","country":"US","city":"Kunkle","state":"Ohio","state_ab":"OH","county":"Williams","geo_location":{ "type": "Point", "coordinates": [-84.5026, 41.634] }},
{"zip_code":"43557","country":"US","city":"Stryker","state":"Ohio","state_ab":"OH","county":"Williams","geo_location":{ "type": "Point", "coordinates": [-84.4089, 41.4861] }},
{"zip_code":"43414","country":"US","city":"Dunbridge","state":"Ohio","state_ab":"OH","county":"Wood","geo_location":{ "type": "Point", "coordinates": [-83.649, 41.3924] }},
{"zip_code":"43441","country":"US","city":"Lemoyne","state":"Ohio","state_ab":"OH","county":"Wood","geo_location":{ "type": "Point", "coordinates": [-83.4594, 41.5361] }},
{"zip_code":"43467","country":"US","city":"West Millgrove","state":"Ohio","state_ab":"OH","county":"Wood","geo_location":{ "type": "Point", "coordinates": [-83.4896, 41.2426] }},
{"zip_code":"44817","country":"US","city":"Bloomdale","state":"Ohio","state_ab":"OH","county":"Wood","geo_location":{ "type": "Point", "coordinates": [-83.5724, 41.1815] }},
{"zip_code":"43351","country":"US","city":"Upper Sandusky","state":"Ohio","state_ab":"OH","county":"Wyandot","geo_location":{ "type": "Point", "coordinates": [-83.2977, 40.8249] }},
{"zip_code":"44844","country":"US","city":"Mc Cutchenville","state":"Ohio","state_ab":"OH","county":"Wyandot","geo_location":{ "type": "Point", "coordinates": [-83.2637, 40.9752] }},
{"zip_code":"74931","country":"US","city":"Bunch","state":"Oklahoma","state_ab":"OK","county":"Adair","geo_location":{ "type": "Point", "coordinates": [-94.7454, 35.723] }},
{"zip_code":"73644","country":"US","city":"Elk City","state":"Oklahoma","state_ab":"OK","county":"Beckham","geo_location":{ "type": "Point", "coordinates": [-99.4211, 35.4104] }},
{"zip_code":"73064","country":"US","city":"Mustang","state":"Oklahoma","state_ab":"OK","county":"Canadian","geo_location":{ "type": "Point", "coordinates": [-97.7309, 35.3885] }},
{"zip_code":"73437","country":"US","city":"Graham","state":"Oklahoma","state_ab":"OK","county":"Carter","geo_location":{ "type": "Point", "coordinates": [-97.4255, 34.3762] }},
{"zip_code":"74427","country":"US","city":"Cookson","state":"Oklahoma","state_ab":"OK","county":"Cherokee","geo_location":{ "type": "Point", "coordinates": [-94.9132, 35.7116] }},
{"zip_code":"74441","country":"US","city":"Hulbert","state":"Oklahoma","state_ab":"OK","county":"Cherokee","geo_location":{ "type": "Point", "coordinates": [-95.1651, 35.9254] }},
{"zip_code":"73037","country":"US","city":"Hall Park","state":"Oklahoma","state_ab":"OK","county":"Cleveland County","geo_location":{ "type": "Point", "coordinates": [-97.4448, 35.2211] }},
{"zip_code":"73051","country":"US","city":"Lexington","state":"Oklahoma","state_ab":"OK","county":"Cleveland","geo_location":{ "type": "Point", "coordinates": [-97.2609, 35.0377] }},
{"zip_code":"73501","country":"US","city":"Lawton","state":"Oklahoma","state_ab":"OK","county":"Comanche","geo_location":{ "type": "Point", "coordinates": [-98.3698, 34.5915] }},
{"zip_code":"73527","country":"US","city":"Cache","state":"Oklahoma","state_ab":"OK","county":"Comanche","geo_location":{ "type": "Point", "coordinates": [-98.6154, 34.6131] }},
{"zip_code":"73541","country":"US","city":"Fletcher","state":"Oklahoma","state_ab":"OK","county":"Comanche","geo_location":{ "type": "Point", "coordinates": [-98.2002, 34.7847] }},
{"zip_code":"73567","country":"US","city":"Sterling","state":"Oklahoma","state_ab":"OK","county":"Comanche","geo_location":{ "type": "Point", "coordinates": [-98.1679, 34.7496] }},
{"zip_code":"74041","country":"US","city":"Kiefer","state":"Oklahoma","state_ab":"OK","county":"Creek","geo_location":{ "type": "Point", "coordinates": [-96.061, 35.9528] }},
{"zip_code":"74067","country":"US","city":"Sapulpa","state":"Oklahoma","state_ab":"OK","county":"Creek","geo_location":{ "type": "Point", "coordinates": [-96.0937, 36.0196] }},
{"zip_code":"74131","country":"US","city":"Tulsa","state":"Oklahoma","state_ab":"OK","county":"Creek","geo_location":{ "type": "Point", "coordinates": [-96.0602, 36.0557] }},
{"zip_code":"73011","country":"US","city":"Bradley","state":"Oklahoma","state_ab":"OK","county":"Grady","geo_location":{ "type": "Point", "coordinates": [-97.7118, 34.8741] }},
{"zip_code":"73761","country":"US","city":"Nash","state":"Oklahoma","state_ab":"OK","county":"Grant","geo_location":{ "type": "Point", "coordinates": [-98.0258, 36.6961] }},
{"zip_code":"73554","country":"US","city":"Mangum","state":"Oklahoma","state_ab":"OK","county":"Greer","geo_location":{ "type": "Point", "coordinates": [-99.4606, 34.9126] }},
{"zip_code":"73851","country":"US","city":"May","state":"Oklahoma","state_ab":"OK","county":"Harper","geo_location":{ "type": "Point", "coordinates": [-99.7858, 36.6226] }},
{"zip_code":"74944","country":"US","city":"Mccurtain","state":"Oklahoma","state_ab":"OK","county":"Haskell","geo_location":{ "type": "Point", "coordinates": [-95.0127, 35.1404] }},
{"zip_code":"74531","country":"US","city":"Calvin","state":"Oklahoma","state_ab":"OK","county":"Hughes","geo_location":{ "type": "Point", "coordinates": [-96.271, 34.878] }},
{"zip_code":"74827","country":"US","city":"Atwood","state":"Oklahoma","state_ab":"OK","county":"Hughes","geo_location":{ "type": "Point", "coordinates": [-96.3577, 34.9192] }},
{"zip_code":"74647","country":"US","city":"Newkirk","state":"Oklahoma","state_ab":"OK","county":"Kay","geo_location":{ "type": "Point", "coordinates": [-97.0561, 36.84] }},
{"zip_code":"73734","country":"US","city":"Dover","state":"Oklahoma","state_ab":"OK","county":"Kingfisher","geo_location":{ "type": "Point", "coordinates": [-97.9067, 35.9848] }},
{"zip_code":"74571","country":"US","city":"Talihina","state":"Oklahoma","state_ab":"OK","county":"Le Flore","geo_location":{ "type": "Point", "coordinates": [-94.9978, 34.7381] }},
{"zip_code":"74881","country":"US","city":"Wellston","state":"Oklahoma","state_ab":"OK","county":"Lincoln","geo_location":{ "type": "Point", "coordinates": [-97.0597, 35.6757] }},
{"zip_code":"74724","country":"US","city":"Bethel","state":"Oklahoma","state_ab":"OK","county":"McCurtain","geo_location":{ "type": "Point", "coordinates": [-94.7834, 34.4197] }},
{"zip_code":"74737","country":"US","city":"Golden","state":"Oklahoma","state_ab":"OK","county":"McCurtain","geo_location":{ "type": "Point", "coordinates": [-94.8986, 34.0303] }},
{"zip_code":"74764","country":"US","city":"Valliant","state":"Oklahoma","state_ab":"OK","county":"McCurtain","geo_location":{ "type": "Point", "coordinates": [-95.0686, 34.0091] }},
{"zip_code":"74957","country":"US","city":"Smithville","state":"Oklahoma","state_ab":"OK","county":"McCurtain","geo_location":{ "type": "Point", "coordinates": [-94.6981, 34.4954] }},
{"zip_code":"73747","country":"US","city":"Isabella","state":"Oklahoma","state_ab":"OK","county":"Major","geo_location":{ "type": "Point", "coordinates": [-98.3374, 36.2341] }},
{"zip_code":"74337","country":"US","city":"Chouteau","state":"Oklahoma","state_ab":"OK","county":"Mayes","geo_location":{ "type": "Point", "coordinates": [-95.3416, 36.1669] }},
{"zip_code":"74364","country":"US","city":"Rose","state":"Oklahoma","state_ab":"OK","county":"Mayes","geo_location":{ "type": "Point", "coordinates": [-94.9643, 36.1951] }},
{"zip_code":"74401","country":"US","city":"Muskogee","state":"Oklahoma","state_ab":"OK","county":"Muskogee","geo_location":{ "type": "Point", "coordinates": [-95.5002, 35.7058] }},
{"zip_code":"73077","country":"US","city":"Perry","state":"Oklahoma","state_ab":"OK","county":"Noble","geo_location":{ "type": "Point", "coordinates": [-97.2842, 36.2875] }},
{"zip_code":"74027","country":"US","city":"Delaware","state":"Oklahoma","state_ab":"OK","county":"Nowata","geo_location":{ "type": "Point", "coordinates": [-95.6181, 36.7804] }},
{"zip_code":"73101","country":"US","city":"Oklahoma City","state":"Oklahoma","state_ab":"OK","county":"Oklahoma","geo_location":{ "type": "Point", "coordinates": [-97.5628, 35.4916] }},
{"zip_code":"73114","country":"US","city":"Oklahoma City","state":"Oklahoma","state_ab":"OK","county":"Oklahoma","geo_location":{ "type": "Point", "coordinates": [-97.5257, 35.5704] }},
{"zip_code":"73127","country":"US","city":"Oklahoma City","state":"Oklahoma","state_ab":"OK","county":"Oklahoma","geo_location":{ "type": "Point", "coordinates": [-97.6299, 35.4834] }},
{"zip_code":"73141","country":"US","city":"Oklahoma City","state":"Oklahoma","state_ab":"OK","county":"Oklahoma","geo_location":{ "type": "Point", "coordinates": [-97.3666, 35.4918] }},
{"zip_code":"73154","country":"US","city":"Oklahoma City","state":"Oklahoma","state_ab":"OK","county":"Oklahoma","geo_location":{ "type": "Point", "coordinates": [-97.5255, 35.5238] }},
{"zip_code":"73167","country":"US","city":"Oklahoma City","state":"Oklahoma","state_ab":"OK","county":"Oklahoma","geo_location":{ "type": "Point", "coordinates": [-97.4075, 35.5514] }},
{"zip_code":"73194","country":"US","city":"Oklahoma City","state":"Oklahoma","state_ab":"OK","county":"Oklahoma","geo_location":{ "type": "Point", "coordinates": [-97.4075, 35.5514] }},
{"zip_code":"74001","country":"US","city":"Avant","state":"Oklahoma","state_ab":"OK","county":"Osage","geo_location":{ "type": "Point", "coordinates": [-96.0616, 36.4901] }},
{"zip_code":"74054","country":"US","city":"Osage","state":"Oklahoma","state_ab":"OK","county":"Osage","geo_location":{ "type": "Point", "coordinates": [-96.3774, 36.2832] }},
{"zip_code":"74081","country":"US","city":"Terlton","state":"Oklahoma","state_ab":"OK","county":"Pawnee","geo_location":{ "type": "Point", "coordinates": [-96.4876, 36.1889] }},
{"zip_code":"74801","country":"US","city":"Shawnee","state":"Oklahoma","state_ab":"OK","county":"Pottawatomie","geo_location":{ "type": "Point", "coordinates": [-96.9601, 35.2958] }},
{"zip_code":"74854","country":"US","city":"Maud","state":"Oklahoma","state_ab":"OK","county":"Pottawatomie","geo_location":{ "type": "Point", "coordinates": [-96.7627, 35.1292] }},
{"zip_code":"74557","country":"US","city":"Moyers","state":"Oklahoma","state_ab":"OK","county":"Pushmataha","geo_location":{ "type": "Point", "coordinates": [-95.6639, 34.3386] }},
{"zip_code":"74867","country":"US","city":"Sasakwa","state":"Oklahoma","state_ab":"OK","county":"Seminole","geo_location":{ "type": "Point", "coordinates": [-96.5387, 34.951] }},
{"zip_code":"73091","country":"US","city":"Velma","state":"Oklahoma","state_ab":"OK","county":"Stephens County","geo_location":{ "type": "Point", "coordinates": [-97.6736, 34.4599] }},
{"zip_code":"73491","country":"US","city":"Velma","state":"Oklahoma","state_ab":"OK","county":"Stephens","geo_location":{ "type": "Point", "coordinates": [-97.6689, 34.4565] }}]}