{"value": [{"zip_code":"30563","country":"US","city":"Mount Airy","state":"Georgia","state_ab":"GA","county":"Habersham","geo_location":{ "type": "Point", "coordinates": [-83.4713, 34.5678] }},
{"zip_code":"30110","country":"US","city":"Bremen","state":"Georgia","state_ab":"GA","county":"Haralson","geo_location":{ "type": "Point", "coordinates": [-85.1286, 33.7309] }},
{"zip_code":"92549","country":"US","city":"Idyllwild","state":"California","state_ab":"CA","county":"Riverside","geo_location":{ "type": "Point", "coordinates": [-116.7107, 33.7304] }},
{"zip_code":"92563","country":"US","city":"Murrieta","state":"California","state_ab":"CA","county":"Riverside","geo_location":{ "type": "Point", "coordinates": [-117.1783, 33.569] }},
{"zip_code":"92589","country":"US","city":"Temecula","state":"California","state_ab":"CA","county":"Riverside","geo_location":{ "type": "Point", "coordinates": [-116.0556, 33.7529] }},
{"zip_code":"92590","country":"US","city":"Temecula","state":"California","state_ab":"CA","county":"Riverside","geo_location":{ "type": "Point", "coordinates": [-117.1824, 33.4903] }},
{"zip_code":"92666","country":"US","city":"Orange","state":"California","state_ab":"CA","county":"Riverside County","geo_location":{ "type": "Point", "coordinates": [-117.845, 33.7853] }},
{"zip_code":"92680","country":"US","city":"Tustin","state":"California","state_ab":"CA","county":"Riverside County","geo_location":{ "type": "Point", "coordinates": [-117.8189, 33.738] }},
{"zip_code":"92860","country":"US","city":"Norco","state":"California","state_ab":"CA","county":"Riverside","geo_location":{ "type": "Point", "coordinates": [-117.5517, 33.9247] }},
{"zip_code":"94206","country":"US","city":"Sacramento","state":"California","state_ab":"CA","county":"Sacramento","geo_location":{ "type": "Point", "coordinates": [-121.4444, 38.3774] }},
{"zip_code":"94246","country":"US","city":"Sacramento","state":"California","state_ab":"CA","county":"Sacramento","geo_location":{ "type": "Point", "coordinates": [-121.4444, 38.3774] }},
{"zip_code":"94259","country":"US","city":"Sacramento","state":"California","state_ab":"CA","county":"Sacramento","geo_location":{ "type": "Point", "coordinates": [-121.4444, 38.3774] }},
{"zip_code":"94273","country":"US","city":"Sacramento","state":"California","state_ab":"CA","county":"Sacramento","geo_location":{ "type": "Point", "coordinates": [-121.4444, 38.3774] }},
{"zip_code":"94286","country":"US","city":"Sacramento","state":"California","state_ab":"CA","county":"Sacramento","geo_location":{ "type": "Point", "coordinates": [-121.4444, 38.3774] }},
{"zip_code":"94299","country":"US","city":"Sacramento","state":"California","state_ab":"CA","county":"Sacramento","geo_location":{ "type": "Point", "coordinates": [-121.4444, 38.3774] }},
{"zip_code":"95609","country":"US","city":"Carmichael","state":"California","state_ab":"CA","county":"Sacramento","geo_location":{ "type": "Point", "coordinates": [-121.3272, 38.6257] }},
{"zip_code":"95610","country":"US","city":"Citrus Heights","state":"California","state_ab":"CA","county":"Sacramento","geo_location":{ "type": "Point", "coordinates": [-121.2692, 38.6946] }},
{"zip_code":"95690","country":"US","city":"Walnut Grove","state":"California","state_ab":"CA","county":"Sacramento","geo_location":{ "type": "Point", "coordinates": [-121.5443, 38.2396] }},
{"zip_code":"95816","country":"US","city":"Sacramento","state":"California","state_ab":"CA","county":"Sacramento","geo_location":{ "type": "Point", "coordinates": [-121.4675, 38.5728] }},
{"zip_code":"95829","country":"US","city":"Sacramento","state":"California","state_ab":"CA","county":"Sacramento","geo_location":{ "type": "Point", "coordinates": [-121.344, 38.4689] }},
{"zip_code":"95830","country":"US","city":"Sacramento","state":"California","state_ab":"CA","county":"Sacramento","geo_location":{ "type": "Point", "coordinates": [-121.2772, 38.4896] }},
{"zip_code":"95843","country":"US","city":"Antelope","state":"California","state_ab":"CA","county":"Sacramento","geo_location":{ "type": "Point", "coordinates": [-121.3648, 38.7159] }},
{"zip_code":"95043","country":"US","city":"Paicines","state":"California","state_ab":"CA","county":"San Benito","geo_location":{ "type": "Point", "coordinates": [-120.9744, 36.4985] }},
{"zip_code":"91739","country":"US","city":"Rancho Cucamonga","state":"California","state_ab":"CA","county":"San Bernardino","geo_location":{ "type": "Point", "coordinates": [-117.5182, 34.1705] }},
{"zip_code":"92280","country":"US","city":"Vidal","state":"California","state_ab":"CA","county":"San Bernardino","geo_location":{ "type": "Point", "coordinates": [-114.5656, 34.1561] }},
{"zip_code":"92316","country":"US","city":"Bloomington","state":"California","state_ab":"CA","county":"San Bernardino","geo_location":{ "type": "Point", "coordinates": [-117.3993, 34.0662] }},
{"zip_code":"92329","country":"US","city":"Phelan","state":"California","state_ab":"CA","county":"San Bernardino","geo_location":{ "type": "Point", "coordinates": [-115.9671, 34.84] }},
{"zip_code":"92356","country":"US","city":"Lucerne Valley","state":"California","state_ab":"CA","county":"San Bernardino","geo_location":{ "type": "Point", "coordinates": [-116.9189, 34.447] }},
{"zip_code":"92369","country":"US","city":"Patton","state":"California","state_ab":"CA","county":"San Bernardino","geo_location":{ "type": "Point", "coordinates": [-115.9671, 34.84] }},
{"zip_code":"92406","country":"US","city":"San Bernardino","state":"California","state_ab":"CA","county":"San Bernardino","geo_location":{ "type": "Point", "coordinates": [-115.9671, 34.84] }},
{"zip_code":"92420","country":"US","city":"San Bernardino","state":"California","state_ab":"CA","county":"San Bernardino","geo_location":{ "type": "Point", "coordinates": [-115.9671, 34.84] }},
{"zip_code":"91906","country":"US","city":"Campo","state":"California","state_ab":"CA","county":"San Diego","geo_location":{ "type": "Point", "coordinates": [-116.4905, 32.6605] }},
{"zip_code":"91933","country":"US","city":"Imperial Beach","state":"California","state_ab":"CA","county":"San Diego","geo_location":{ "type": "Point", "coordinates": [-116.846, 33.0169] }},
{"zip_code":"91946","country":"US","city":"Lemon Grove","state":"California","state_ab":"CA","county":"San Diego","geo_location":{ "type": "Point", "coordinates": [-116.846, 33.0169] }},
{"zip_code":"92019","country":"US","city":"El Cajon","state":"California","state_ab":"CA","county":"San Diego","geo_location":{ "type": "Point", "coordinates": [-116.9191, 32.7777] }},
{"zip_code":"92020","country":"US","city":"El Cajon","state":"California","state_ab":"CA","county":"San Diego","geo_location":{ "type": "Point", "coordinates": [-116.9665, 32.7928] }},
{"zip_code":"92033","country":"US","city":"Escondido","state":"California","state_ab":"CA","county":"San Diego","geo_location":{ "type": "Point", "coordinates": [-116.846, 33.0169] }},
{"zip_code":"92046","country":"US","city":"Escondido","state":"California","state_ab":"CA","county":"San Diego","geo_location":{ "type": "Point", "coordinates": [-116.846, 33.0169] }},
{"zip_code":"92059","country":"US","city":"Pala","state":"California","state_ab":"CA","county":"San Diego","geo_location":{ "type": "Point", "coordinates": [-117.0717, 33.3777] }},
{"zip_code":"92060","country":"US","city":"Palomar Mountain","state":"California","state_ab":"CA","county":"San Diego","geo_location":{ "type": "Point", "coordinates": [-116.846, 33.0169] }},
{"zip_code":"92086","country":"US","city":"Warner Springs","state":"California","state_ab":"CA","county":"San Diego","geo_location":{ "type": "Point", "coordinates": [-116.6527, 33.3096] }},
{"zip_code":"92109","country":"US","city":"San Diego","state":"California","state_ab":"CA","county":"San Diego","geo_location":{ "type": "Point", "coordinates": [-117.2405, 32.7969] }},
{"zip_code":"92110","country":"US","city":"San Diego","state":"California","state_ab":"CA","county":"San Diego","geo_location":{ "type": "Point", "coordinates": [-117.2028, 32.7635] }},
{"zip_code":"92123","country":"US","city":"San Diego","state":"California","state_ab":"CA","county":"San Diego","geo_location":{ "type": "Point", "coordinates": [-117.1392, 32.7973] }},
{"zip_code":"92136","country":"US","city":"San Diego","state":"California","state_ab":"CA","county":"San Diego","geo_location":{ "type": "Point", "coordinates": [-117.1219, 32.6834] }},
{"zip_code":"92149","country":"US","city":"San Diego","state":"California","state_ab":"CA","county":"San Diego","geo_location":{ "type": "Point", "coordinates": [-116.846, 33.0169] }},
{"zip_code":"92150","country":"US","city":"San Diego","state":"California","state_ab":"CA","county":"San Diego","geo_location":{ "type": "Point", "coordinates": [-116.846, 33.0169] }},
{"zip_code":"92163","country":"US","city":"San Diego","state":"California","state_ab":"CA","county":"San Diego","geo_location":{ "type": "Point", "coordinates": [-116.846, 33.0169] }},
{"zip_code":"92176","country":"US","city":"San Diego","state":"California","state_ab":"CA","county":"San Diego","geo_location":{ "type": "Point", "coordinates": [-116.846, 33.0169] }},
{"zip_code":"92189","country":"US","city":"San Diego","state":"California","state_ab":"CA","county":"San Diego County","geo_location":{ "type": "Point", "coordinates": [-117.1678, 32.7234] }},
{"zip_code":"92190","country":"US","city":"San Diego","state":"California","state_ab":"CA","county":"San Diego","geo_location":{ "type": "Point", "coordinates": [-116.846, 33.0169] }},
{"zip_code":"94103","country":"US","city":"San Francisco","state":"California","state_ab":"CA","county":"San Francisco","geo_location":{ "type": "Point", "coordinates": [-122.4147, 37.7725] }},
{"zip_code":"94116","country":"US","city":"San Francisco","state":"California","state_ab":"CA","county":"San Francisco","geo_location":{ "type": "Point", "coordinates": [-122.4863, 37.7441] }},
{"zip_code":"94129","country":"US","city":"San Francisco","state":"California","state_ab":"CA","county":"San Francisco","geo_location":{ "type": "Point", "coordinates": [-122.465, 37.8005] }},
{"zip_code":"94130","country":"US","city":"San Francisco","state":"California","state_ab":"CA","county":"San Francisco","geo_location":{ "type": "Point", "coordinates": [-122.3693, 37.8231] }},
{"zip_code":"94143","country":"US","city":"San Francisco","state":"California","state_ab":"CA","county":"San Francisco","geo_location":{ "type": "Point", "coordinates": [-122.4586, 37.7631] }},
{"zip_code":"94156","country":"US","city":"San Francisco","state":"California","state_ab":"CA","county":"San Francisco","geo_location":{ "type": "Point", "coordinates": [-122.7278, 37.7848] }},
{"zip_code":"94169","country":"US","city":"San Francisco","state":"California","state_ab":"CA","county":"San Francisco","geo_location":{ "type": "Point", "coordinates": [-122.7278, 37.7848] }},
{"zip_code":"94170","country":"US","city":"San Francisco","state":"California","state_ab":"CA","county":"San Francisco","geo_location":{ "type": "Point", "coordinates": [-122.7278, 37.7848] }},
{"zip_code":"95209","country":"US","city":"Stockton","state":"California","state_ab":"CA","county":"San Joaquin","geo_location":{ "type": "Point", "coordinates": [-121.3445, 38.0377] }},
{"zip_code":"95210","country":"US","city":"Stockton","state":"California","state_ab":"CA","county":"San Joaquin","geo_location":{ "type": "Point", "coordinates": [-121.2972, 38.025] }},
{"zip_code":"95236","country":"US","city":"Linden","state":"California","state_ab":"CA","county":"San Joaquin","geo_location":{ "type": "Point", "coordinates": [-121.0493, 38.032] }},
{"zip_code":"95290","country":"US","city":"Stockton","state":"California","state_ab":"CA","county":"San Joaquin","geo_location":{ "type": "Point", "coordinates": [-121.2897, 37.9577] }},
{"zip_code":"95366","country":"US","city":"Ripon","state":"California","state_ab":"CA","county":"San Joaquin","geo_location":{ "type": "Point", "coordinates": [-121.1284, 37.7491] }},
{"zip_code":"93409","country":"US","city":"San Luis Obispo","state":"California","state_ab":"CA","county":"San Luis Obispo","geo_location":{ "type": "Point", "coordinates": [-120.6364, 35.2211] }},
{"zip_code":"93410","country":"US","city":"San Luis Obispo","state":"California","state_ab":"CA","county":"San Luis Obispo","geo_location":{ "type": "Point", "coordinates": [-120.4553, 35.3471] }},
{"zip_code":"93423","country":"US","city":"Atascadero","state":"California","state_ab":"CA","county":"San Luis Obispo","geo_location":{ "type": "Point", "coordinates": [-120.7695, 35.4282] }},
{"zip_code":"93449","country":"US","city":"Pismo Beach","state":"California","state_ab":"CA","county":"San Luis Obispo","geo_location":{ "type": "Point", "coordinates": [-120.6522, 35.1578] }},
{"zip_code":"94013","country":"US","city":"Daly City","state":"California","state_ab":"CA","county":"San Mateo County","geo_location":{ "type": "Point", "coordinates": [-122.4623, 37.6987] }},
{"zip_code":"94026","country":"US","city":"Menlo Park","state":"California","state_ab":"CA","county":"San Mateo","geo_location":{ "type": "Point", "coordinates": [-122.3348, 37.3811] }},
{"zip_code":"94066","country":"US","city":"San Bruno","state":"California","state_ab":"CA","county":"San Mateo","geo_location":{ "type": "Point", "coordinates": [-122.429, 37.6247] }},
{"zip_code":"94080","country":"US","city":"South San Francisco","state":"California","state_ab":"CA","county":"San Mateo","geo_location":{ "type": "Point", "coordinates": [-122.4235, 37.6574] }},
{"zip_code":"93140","country":"US","city":"Santa Barbara","state":"California","state_ab":"CA","county":"Santa Barbara","geo_location":{ "type": "Point", "coordinates": [-119.8486, 34.2628] }},
{"zip_code":"93436","country":"US","city":"Lompoc","state":"California","state_ab":"CA","county":"Santa Barbara","geo_location":{ "type": "Point", "coordinates": [-120.4506, 34.6583] }},
{"zip_code":"93463","country":"US","city":"Solvang","state":"California","state_ab":"CA","county":"Santa Barbara","geo_location":{ "type": "Point", "coordinates": [-120.1701, 34.6488] }},
{"zip_code":"94039","country":"US","city":"Mountain View","state":"California","state_ab":"CA","county":"Santa Clara","geo_location":{ "type": "Point", "coordinates": [-121.7053, 37.1894] }},
{"zip_code":"94040","country":"US","city":"Mountain View","state":"California","state_ab":"CA","county":"Santa Clara","geo_location":{ "type": "Point", "coordinates": [-122.088, 37.3855] }},
{"zip_code":"94309","country":"US","city":"Palo Alto","state":"California","state_ab":"CA","county":"Santa Clara","geo_location":{ "type": "Point", "coordinates": [-121.7053, 37.1894] }},
{"zip_code":"94310","country":"US","city":"Palo Alto","state":"California","state_ab":"CA","county":"Santa Clara","geo_location":{ "type": "Point", "coordinates": [-121.7053, 37.1894] }},
{"zip_code":"95030","country":"US","city":"Los Gatos","state":"California","state_ab":"CA","county":"Santa Clara","geo_location":{ "type": "Point", "coordinates": [-121.9834, 37.2296] }},
{"zip_code":"95056","country":"US","city":"Santa Clara","state":"California","state_ab":"CA","county":"Santa Clara","geo_location":{ "type": "Point", "coordinates": [-121.9608, 37.3997] }},
{"zip_code":"95070","country":"US","city":"Saratoga","state":"California","state_ab":"CA","county":"Santa Clara","geo_location":{ "type": "Point", "coordinates": [-122.0227, 37.2713] }},
{"zip_code":"95106","country":"US","city":"San Jose","state":"California","state_ab":"CA","county":"Santa Clara","geo_location":{ "type": "Point", "coordinates": [-121.8908, 37.3378] }},
{"zip_code":"95119","country":"US","city":"San Jose","state":"California","state_ab":"CA","county":"Santa Clara","geo_location":{ "type": "Point", "coordinates": [-121.7875, 37.2329] }},
{"zip_code":"95120","country":"US","city":"San Jose","state":"California","state_ab":"CA","county":"Santa Clara","geo_location":{ "type": "Point", "coordinates": [-121.8574, 37.2144] }},
{"zip_code":"95133","country":"US","city":"San Jose","state":"California","state_ab":"CA","county":"Santa Clara","geo_location":{ "type": "Point", "coordinates": [-121.856, 37.3729] }},
{"zip_code":"95159","country":"US","city":"San Jose","state":"California","state_ab":"CA","county":"Santa Clara","geo_location":{ "type": "Point", "coordinates": [-121.9349, 37.3179] }},
{"zip_code":"95160","country":"US","city":"San Jose","state":"California","state_ab":"CA","county":"Santa Clara","geo_location":{ "type": "Point", "coordinates": [-121.8601, 37.2187] }},
{"zip_code":"95173","country":"US","city":"San Jose","state":"California","state_ab":"CA","county":"Santa Clara","geo_location":{ "type": "Point", "coordinates": [-121.8938, 37.3352] }},
{"zip_code":"95199","country":"US","city":"San Jose","state":"California","state_ab":"CA","county":"Santa Clara County","geo_location":{ "type": "Point", "coordinates": [-121.9221, 37.3063] }},
{"zip_code":"95003","country":"US","city":"Aptos","state":"California","state_ab":"CA","county":"Santa Cruz","geo_location":{ "type": "Point", "coordinates": [-121.8902, 36.9797] }},
{"zip_code":"96019","country":"US","city":"Shasta Lake","state":"California","state_ab":"CA","county":"Shasta","geo_location":{ "type": "Point", "coordinates": [-122.3683, 40.6969] }},
{"zip_code":"96033","country":"US","city":"French Gulch","state":"California","state_ab":"CA","county":"Shasta","geo_location":{ "type": "Point", "coordinates": [-122.6229, 40.7035] }},
{"zip_code":"96073","country":"US","city":"Palo Cedro","state":"California","state_ab":"CA","county":"Shasta","geo_location":{ "type": "Point", "coordinates": [-122.2398, 40.5767] }},
{"zip_code":"96099","country":"US","city":"Redding","state":"California","state_ab":"CA","county":"Shasta","geo_location":{ "type": "Point", "coordinates": [-122.3878, 40.7043] }},
{"zip_code":"96086","country":"US","city":"Seiad Valley","state":"California","state_ab":"CA","county":"Siskiyou","geo_location":{ "type": "Point", "coordinates": [-123.2438, 41.8866] }},
{"zip_code":"95403","country":"US","city":"Santa Rosa","state":"California","state_ab":"CA","county":"Sonoma","geo_location":{ "type": "Point", "coordinates": [-122.7473, 38.4822] }},
{"zip_code":"95416","country":"US","city":"Boyes Hot Springs","state":"California","state_ab":"CA","county":"Sonoma","geo_location":{ "type": "Point", "coordinates": [-122.4843, 38.3141] }},
{"zip_code":"95430","country":"US","city":"Duncans Mills","state":"California","state_ab":"CA","county":"Sonoma","geo_location":{ "type": "Point", "coordinates": [-123.0057, 38.3929] }},
{"zip_code":"95313","country":"US","city":"Crows Landing","state":"California","state_ab":"CA","county":"Stanislaus","geo_location":{ "type": "Point", "coordinates": [-121.0411, 37.4218] }},
{"zip_code":"95326","country":"US","city":"Hughson","state":"California","state_ab":"CA","county":"Stanislaus","geo_location":{ "type": "Point", "coordinates": [-120.8627, 37.5964] }},
{"zip_code":"95353","country":"US","city":"Modesto","state":"California","state_ab":"CA","county":"Stanislaus","geo_location":{ "type": "Point", "coordinates": [-120.9999, 37.6424] }},
{"zip_code":"95380","country":"US","city":"Turlock","state":"California","state_ab":"CA","county":"Stanislaus","geo_location":{ "type": "Point", "coordinates": [-120.8535, 37.4888] }},
{"zip_code":"95676","country":"US","city":"Robbins","state":"California","state_ab":"CA","county":"Sutter","geo_location":{ "type": "Point", "coordinates": [-121.7052, 38.8702] }},
{"zip_code":"34433","country":"US","city":"Dunnellon","state":"Florida","state_ab":"FL","county":"Citrus","geo_location":{ "type": "Point", "coordinates": [-82.5196, 28.9949] }},
{"zip_code":"34446","country":"US","city":"Homosassa","state":"Florida","state_ab":"FL","county":"Citrus","geo_location":{ "type": "Point", "coordinates": [-82.5139, 28.7508] }},
{"zip_code":"34460","country":"US","city":"Lecanto","state":"Florida","state_ab":"FL","county":"Citrus","geo_location":{ "type": "Point", "coordinates": [-82.5087, 28.8593] }},
{"zip_code":"32079","country":"US","city":"Penney Farms","state":"Florida","state_ab":"FL","county":"Clay","geo_location":{ "type": "Point", "coordinates": [-81.8022, 29.9849] }},
{"zip_code":"33999","country":"US","city":"Naples","state":"Florida","state_ab":"FL","county":"Collier County","geo_location":{ "type": "Point", "coordinates": [-81.7134, 26.2028] }},
{"zip_code":"34109","country":"US","city":"Naples","state":"Florida","state_ab":"FL","county":"Collier","geo_location":{ "type": "Point", "coordinates": [-81.7644, 26.2534] }},
{"zip_code":"34110","country":"US","city":"Naples","state":"Florida","state_ab":"FL","county":"Collier","geo_location":{ "type": "Point", "coordinates": [-81.7573, 26.2823] }},
{"zip_code":"34266","country":"US","city":"Arcadia","state":"Florida","state_ab":"FL","county":"DeSoto","geo_location":{ "type": "Point", "coordinates": [-81.8667, 27.1861] }},
{"zip_code":"32206","country":"US","city":"Jacksonville","state":"Florida","state_ab":"FL","county":"Duval","geo_location":{ "type": "Point", "coordinates": [-81.6488, 30.3511] }},
{"zip_code":"32219","country":"US","city":"Jacksonville","state":"Florida","state_ab":"FL","county":"Duval","geo_location":{ "type": "Point", "coordinates": [-81.7635, 30.4034] }},
{"zip_code":"32220","country":"US","city":"Jacksonville","state":"Florida","state_ab":"FL","county":"Duval","geo_location":{ "type": "Point", "coordinates": [-81.8176, 30.329] }},
{"zip_code":"32233","country":"US","city":"Atlantic Beach","state":"Florida","state_ab":"FL","county":"Duval","geo_location":{ "type": "Point", "coordinates": [-81.4159, 30.3483] }},
{"zip_code":"32246","country":"US","city":"Jacksonville","state":"Florida","state_ab":"FL","county":"Duval","geo_location":{ "type": "Point", "coordinates": [-81.5092, 30.2933] }},
{"zip_code":"32503","country":"US","city":"Pensacola","state":"Florida","state_ab":"FL","county":"Escambia","geo_location":{ "type": "Point", "coordinates": [-87.2104, 30.4564] }},
{"zip_code":"32516","country":"US","city":"Pensacola","state":"Florida","state_ab":"FL","county":"Escambia","geo_location":{ "type": "Point", "coordinates": [-87.2758, 30.6143] }},
{"zip_code":"32596","country":"US","city":"Pensacola","state":"Florida","state_ab":"FL","county":"Escambia","geo_location":{ "type": "Point", "coordinates": [-87.2758, 30.6143] }},
{"zip_code":"32323","country":"US","city":"Lanark Village","state":"Florida","state_ab":"FL","county":"Franklin","geo_location":{ "type": "Point", "coordinates": [-84.5964, 29.8826] }},
{"zip_code":"32619","country":"US","city":"Bell","state":"Florida","state_ab":"FL","county":"Gilchrist","geo_location":{ "type": "Point", "coordinates": [-82.8711, 29.7837] }},
{"zip_code":"32453","country":"US","city":"Overstreet","state":"Florida","state_ab":"FL","county":"Gulf County","geo_location":{ "type": "Point", "coordinates": [-85.3689, 29.9981] }},
{"zip_code":"32053","country":"US","city":"Jennings","state":"Florida","state_ab":"FL","county":"Hamilton","geo_location":{ "type": "Point", "coordinates": [-83.135, 30.5482] }},
{"zip_code":"34613","country":"US","city":"Brooksville","state":"Florida","state_ab":"FL","county":"Hernando","geo_location":{ "type": "Point", "coordinates": [-82.5213, 28.5466] }},
{"zip_code":"33870","country":"US","city":"Sebring","state":"Florida","state_ab":"FL","county":"Highlands","geo_location":{ "type": "Point", "coordinates": [-81.4357, 27.4924] }},
{"zip_code":"33960","country":"US","city":"Venus","state":"Florida","state_ab":"FL","county":"Highlands","geo_location":{ "type": "Point", "coordinates": [-81.3909, 27.1203] }},
{"zip_code":"33573","country":"US","city":"Sun City Center","state":"Florida","state_ab":"FL","county":"Hillsborough","geo_location":{ "type": "Point", "coordinates": [-82.3538, 27.7147] }},
{"zip_code":"33586","country":"US","city":"Sun City","state":"Florida","state_ab":"FL","county":"Hillsborough","geo_location":{ "type": "Point", "coordinates": [-82.4388, 27.872] }},
{"zip_code":"33609","country":"US","city":"Tampa","state":"Florida","state_ab":"FL","county":"Hillsborough","geo_location":{ "type": "Point", "coordinates": [-82.5057, 27.9425] }},
{"zip_code":"33610","country":"US","city":"Tampa","state":"Florida","state_ab":"FL","county":"Hillsborough","geo_location":{ "type": "Point", "coordinates": [-82.4046, 27.9951] }},
{"zip_code":"33623","country":"US","city":"Tampa","state":"Florida","state_ab":"FL","county":"Hillsborough","geo_location":{ "type": "Point", "coordinates": [-82.4388, 27.872] }},
{"zip_code":"33650","country":"US","city":"Tampa","state":"Florida","state_ab":"FL","county":"Hillsborough","geo_location":{ "type": "Point", "coordinates": [-82.4388, 27.872] }},
{"zip_code":"33663","country":"US","city":"Tampa","state":"Florida","state_ab":"FL","county":"Hillsborough","geo_location":{ "type": "Point", "coordinates": [-82.4388, 27.872] }},
{"zip_code":"33689","country":"US","city":"Tampa","state":"Florida","state_ab":"FL","county":"Hillsborough","geo_location":{ "type": "Point", "coordinates": [-82.4388, 27.872] }},
{"zip_code":"33690","country":"US","city":"Tampa","state":"Florida","state_ab":"FL","county":"Hillsborough","geo_location":{ "type": "Point", "coordinates": [-82.4388, 27.872] }},
{"zip_code":"32969","country":"US","city":"Vero Beach","state":"Florida","state_ab":"FL","county":"Indian River","geo_location":{ "type": "Point", "coordinates": [-80.5726, 27.709] }},
{"zip_code":"32970","country":"US","city":"Wabasso","state":"Florida","state_ab":"FL","county":"Indian River","geo_location":{ "type": "Point", "coordinates": [-80.4743, 27.7529] }},
{"zip_code":"32426","country":"US","city":"Campbellton","state":"Florida","state_ab":"FL","county":"Jackson","geo_location":{ "type": "Point", "coordinates": [-85.3766, 30.9563] }},
{"zip_code":"32440","country":"US","city":"Graceville","state":"Florida","state_ab":"FL","county":"Jackson","geo_location":{ "type": "Point", "coordinates": [-85.5136, 30.9426] }},
{"zip_code":"32336","country":"US","city":"Lamont","state":"Florida","state_ab":"FL","county":"Jefferson","geo_location":{ "type": "Point", "coordinates": [-83.9008, 30.2983] }},
{"zip_code":"32013","country":"US","city":"Day","state":"Florida","state_ab":"FL","county":"Lafayette","geo_location":{ "type": "Point", "coordinates": [-83.1231, 30.0414] }},
{"zip_code":"32066","country":"US","city":"Mayo","state":"Florida","state_ab":"FL","county":"Lafayette","geo_location":{ "type": "Point", "coordinates": [-83.1462, 30.04] }},
{"zip_code":"32736","country":"US","city":"Eustis","state":"Florida","state_ab":"FL","county":"Lake","geo_location":{ "type": "Point", "coordinates": [-81.5235, 28.9102] }},
{"zip_code":"32776","country":"US","city":"Sorrento","state":"Florida","state_ab":"FL","county":"Lake","geo_location":{ "type": "Point", "coordinates": [-81.5323, 28.8035] }},
{"zip_code":"34729","country":"US","city":"Ferndale","state":"Florida","state_ab":"FL","county":"Lake","geo_location":{ "type": "Point", "coordinates": [-81.6536, 28.8111] }},
{"zip_code":"34756","country":"US","city":"Montverde","state":"Florida","state_ab":"FL","county":"Lake","geo_location":{ "type": "Point", "coordinates": [-81.6794, 28.5972] }},
{"zip_code":"33906","country":"US","city":"Fort Myers","state":"Florida","state_ab":"FL","county":"Lee","geo_location":{ "type": "Point", "coordinates": [-81.9486, 26.5529] }},
{"zip_code":"33919","country":"US","city":"Fort Myers","state":"Florida","state_ab":"FL","county":"Lee","geo_location":{ "type": "Point", "coordinates": [-81.9034, 26.5567] }},
{"zip_code":"33920","country":"US","city":"Alva","state":"Florida","state_ab":"FL","county":"Lee","geo_location":{ "type": "Point", "coordinates": [-81.6351, 26.7147] }},
{"zip_code":"33933","country":"US","city":"Goodland","state":"Florida","state_ab":"FL","county":"Lee County","geo_location":{ "type": "Point", "coordinates": [-81.6457, 25.9242] }},
{"zip_code":"33959","country":"US","city":"Bonita Springs","state":"Florida","state_ab":"FL","county":"Lee County","geo_location":{ "type": "Point", "coordinates": [-81.7787, 26.3392] }},
{"zip_code":"34136","country":"US","city":"Bonita Springs","state":"Florida","state_ab":"FL","county":"Lee","geo_location":{ "type": "Point", "coordinates": [-81.9486, 26.5529] }},
{"zip_code":"32309","country":"US","city":"Miccosukee Cpo","state":"Florida","state_ab":"FL","county":"Leon","geo_location":{ "type": "Point", "coordinates": [-84.1884, 30.5146] }},
{"zip_code":"32310","country":"US","city":"Tallahassee","state":"Florida","state_ab":"FL","county":"Leon","geo_location":{ "type": "Point", "coordinates": [-84.3298, 30.3991] }},
{"zip_code":"32350","country":"US","city":"Pinetta","state":"Florida","state_ab":"FL","county":"Madison","geo_location":{ "type": "Point", "coordinates": [-83.3405, 30.5997] }},
{"zip_code":"34280","country":"US","city":"Bradenton","state":"Florida","state_ab":"FL","county":"Manatee","geo_location":{ "type": "Point", "coordinates": [-82.4387, 27.4272] }},
{"zip_code":"32183","country":"US","city":"Ocklawaha","state":"Florida","state_ab":"FL","county":"Marion","geo_location":{ "type": "Point", "coordinates": [-81.9051, 29.0597] }},
{"zip_code":"32686","country":"US","city":"Reddick","state":"Florida","state_ab":"FL","county":"Marion","geo_location":{ "type": "Point", "coordinates": [-82.244, 29.3754] }},
{"zip_code":"34420","country":"US","city":"Belleview","state":"Florida","state_ab":"FL","county":"Marion","geo_location":{ "type": "Point", "coordinates": [-82.0375, 29.0531] }},
{"zip_code":"34473","country":"US","city":"Ocala","state":"Florida","state_ab":"FL","county":"Marion","geo_location":{ "type": "Point", "coordinates": [-82.1828, 29.0058] }},
{"zip_code":"34990","country":"US","city":"Palm City","state":"Florida","state_ab":"FL","county":"Martin","geo_location":{ "type": "Point", "coordinates": [-80.2916, 27.1656] }},
{"zip_code":"33016","country":"US","city":"Hialeah","state":"Florida","state_ab":"FL","county":"Miami-Dade","geo_location":{ "type": "Point", "coordinates": [-80.3368, 25.8803] }},
{"zip_code":"33030","country":"US","city":"Homestead","state":"Florida","state_ab":"FL","county":"Miami-Dade","geo_location":{ "type": "Point", "coordinates": [-80.4839, 25.4766] }},
{"zip_code":"33056","country":"US","city":"Opa Locka","state":"Florida","state_ab":"FL","county":"Miami-Dade","geo_location":{ "type": "Point", "coordinates": [-80.2479, 25.9484] }},
{"zip_code":"33119","country":"US","city":"Miami Beach","state":"Florida","state_ab":"FL","county":"Miami-Dade","geo_location":{ "type": "Point", "coordinates": [-80.132, 25.7845] }},
{"zip_code":"33133","country":"US","city":"Miami","state":"Florida","state_ab":"FL","county":"Miami-Dade","geo_location":{ "type": "Point", "coordinates": [-80.2248, 25.7378] }},
{"zip_code":"33146","country":"US","city":"Miami","state":"Florida","state_ab":"FL","county":"Miami-Dade","geo_location":{ "type": "Point", "coordinates": [-80.2728, 25.7205] }},
{"zip_code":"33159","country":"US","city":"Miami","state":"Florida","state_ab":"FL","county":"Miami-Dade","geo_location":{ "type": "Point", "coordinates": [-80.4582, 25.5584] }},
{"zip_code":"33160","country":"US","city":"North Miami Beach","state":"Florida","state_ab":"FL","county":"Miami-Dade","geo_location":{ "type": "Point", "coordinates": [-80.1391, 25.9449] }},
{"zip_code":"33173","country":"US","city":"Miami","state":"Florida","state_ab":"FL","county":"Miami-Dade","geo_location":{ "type": "Point", "coordinates": [-80.3618, 25.6992] }},
{"zip_code":"33186","country":"US","city":"Miami","state":"Florida","state_ab":"FL","county":"Miami-Dade","geo_location":{ "type": "Point", "coordinates": [-80.4085, 25.6694] }},
{"zip_code":"33199","country":"US","city":"Miami","state":"Florida","state_ab":"FL","county":"Miami-Dade","geo_location":{ "type": "Point", "coordinates": [-80.4582, 25.5584] }},
{"zip_code":"33043","country":"US","city":"Big Pine Key","state":"Florida","state_ab":"FL","county":"Monroe","geo_location":{ "type": "Point", "coordinates": [-81.362, 24.68] }},
{"zip_code":"33070","country":"US","city":"Tavernier","state":"Florida","state_ab":"FL","county":"Monroe","geo_location":{ "type": "Point", "coordinates": [-80.5218, 25.0108] }},
{"zip_code":"32569","country":"US","city":"Mary Esther","state":"Florida","state_ab":"FL","county":"Okaloosa","geo_location":{ "type": "Point", "coordinates": [-86.7352, 30.4085] }},
{"zip_code":"32709","country":"US","city":"Christmas","state":"Florida","state_ab":"FL","county":"Orange","geo_location":{ "type": "Point", "coordinates": [-81.0116, 28.5462] }},
{"zip_code":"32710","country":"US","city":"Clarcona","state":"Florida","state_ab":"FL","county":"Orange","geo_location":{ "type": "Point", "coordinates": [-81.2608, 28.5663] }},
{"zip_code":"32789","country":"US","city":"Winter Park","state":"Florida","state_ab":"FL","county":"Orange","geo_location":{ "type": "Point", "coordinates": [-81.3534, 28.5978] }},
{"zip_code":"32790","country":"US","city":"Winter Park","state":"Florida","state_ab":"FL","county":"Orange","geo_location":{ "type": "Point", "coordinates": [-81.2608, 28.5663] }},
{"zip_code":"32813","country":"US","city":"Orlando","state":"Florida","state_ab":"FL","county":"Orange","geo_location":{ "type": "Point", "coordinates": [-81.3258, 28.5679] }},
{"zip_code":"32826","country":"US","city":"Orlando","state":"Florida","state_ab":"FL","county":"Orange","geo_location":{ "type": "Point", "coordinates": [-81.1907, 28.5826] }},
{"zip_code":"32839","country":"US","city":"Orlando","state":"Florida","state_ab":"FL","county":"Orange","geo_location":{ "type": "Point", "coordinates": [-81.4082, 28.4871] }},
{"zip_code":"32853","country":"US","city":"Orlando","state":"Florida","state_ab":"FL","county":"Orange","geo_location":{ "type": "Point", "coordinates": [-81.2608, 28.5663] }},
{"zip_code":"32893","country":"US","city":"Orlando","state":"Florida","state_ab":"FL","county":"Orange","geo_location":{ "type": "Point", "coordinates": [-81.2608, 28.5663] }},
{"zip_code":"34743","country":"US","city":"Kissimmee","state":"Florida","state_ab":"FL","county":"Osceola","geo_location":{ "type": "Point", "coordinates": [-81.3544, 28.3306] }},
{"zip_code":"34769","country":"US","city":"Saint Cloud","state":"Florida","state_ab":"FL","county":"Osceola","geo_location":{ "type": "Point", "coordinates": [-81.2876, 28.248] }},
{"zip_code":"34770","country":"US","city":"Saint Cloud","state":"Florida","state_ab":"FL","county":"Osceola","geo_location":{ "type": "Point", "coordinates": [-81.2593, 27.9953] }},
{"zip_code":"33403","country":"US","city":"West Palm Beach","state":"Florida","state_ab":"FL","county":"Palm Beach","geo_location":{ "type": "Point", "coordinates": [-80.0756, 26.8035] }},
{"zip_code":"33416","country":"US","city":"West Palm Beach","state":"Florida","state_ab":"FL","county":"Palm Beach","geo_location":{ "type": "Point", "coordinates": [-80.0929, 26.6654] }},
{"zip_code":"33429","country":"US","city":"Boca Raton","state":"Florida","state_ab":"FL","county":"Palm Beach","geo_location":{ "type": "Point", "coordinates": [-80.4303, 26.6459] }},
{"zip_code":"33430","country":"US","city":"Belle Glade","state":"Florida","state_ab":"FL","county":"Palm Beach","geo_location":{ "type": "Point", "coordinates": [-80.6724, 26.6843] }},
{"zip_code":"33469","country":"US","city":"Jupiter","state":"Florida","state_ab":"FL","county":"Palm Beach","geo_location":{ "type": "Point", "coordinates": [-80.108, 26.9831] }},
{"zip_code":"33470","country":"US","city":"Loxahatchee","state":"Florida","state_ab":"FL","county":"Palm Beach","geo_location":{ "type": "Point", "coordinates": [-80.276, 26.7383] }},
{"zip_code":"33483","country":"US","city":"Delray Beach","state":"Florida","state_ab":"FL","county":"Palm Beach","geo_location":{ "type": "Point", "coordinates": [-80.0656, 26.4546] }},
{"zip_code":"33496","country":"US","city":"Boca Raton","state":"Florida","state_ab":"FL","county":"Palm Beach","geo_location":{ "type": "Point", "coordinates": [-80.1813, 26.403] }},
{"zip_code":"33559","country":"US","city":"Lutz","state":"Florida","state_ab":"FL","county":"Pasco","geo_location":{ "type": "Point", "coordinates": [-82.4169, 28.1801] }},
{"zip_code":"34639","country":"US","city":"Land O Lakes","state":"Florida","state_ab":"FL","county":"Pasco","geo_location":{ "type": "Point", "coordinates": [-82.4547, 28.2258] }},
{"zip_code":"34653","country":"US","city":"New Port Richey","state":"Florida","state_ab":"FL","county":"Pasco","geo_location":{ "type": "Point", "coordinates": [-82.6986, 28.2444] }},
{"zip_code":"34679","country":"US","city":"Aripeka","state":"Florida","state_ab":"FL","county":"Pasco","geo_location":{ "type": "Point", "coordinates": [-82.6616, 28.4302] }},
{"zip_code":"34680","country":"US","city":"Elfers","state":"Florida","state_ab":"FL","county":"Pasco","geo_location":{ "type": "Point", "coordinates": [-82.4818, 28.3248] }},
{"zip_code":"33713","country":"US","city":"Saint Petersburg","state":"Florida","state_ab":"FL","county":"Pinellas","geo_location":{ "type": "Point", "coordinates": [-82.6779, 27.789] }},
{"zip_code":"39203","country":"US","city":"Jackson","state":"Mississippi","state_ab":"MS","county":"Hinds","geo_location":{ "type": "Point", "coordinates": [-90.2021, 32.3081] }},
{"zip_code":"39216","country":"US","city":"Jackson","state":"Mississippi","state_ab":"MS","county":"Hinds","geo_location":{ "type": "Point", "coordinates": [-90.1708, 32.3386] }},
{"zip_code":"39269","country":"US","city":"Jackson","state":"Mississippi","state_ab":"MS","county":"Hinds","geo_location":{ "type": "Point", "coordinates": [-90.1886, 32.3003] }},
{"zip_code":"39283","country":"US","city":"Jackson","state":"Mississippi","state_ab":"MS","county":"Hinds","geo_location":{ "type": "Point", "coordinates": [-90.3972, 32.3113] }},
{"zip_code":"39296","country":"US","city":"Jackson","state":"Mississippi","state_ab":"MS","county":"Hinds","geo_location":{ "type": "Point", "coordinates": [-90.3972, 32.3113] }},
{"zip_code":"39063","country":"US","city":"Durant","state":"Mississippi","state_ab":"MS","county":"Holmes","geo_location":{ "type": "Point", "coordinates": [-89.8612, 33.0828] }},
{"zip_code":"39166","country":"US","city":"Silver City","state":"Mississippi","state_ab":"MS","county":"Humphreys","geo_location":{ "type": "Point", "coordinates": [-90.4928, 33.0507] }},
{"zip_code":"39113","country":"US","city":"Mayersville","state":"Mississippi","state_ab":"MS","county":"Issaquena","geo_location":{ "type": "Point", "coordinates": [-91.0286, 32.9013] }},
{"zip_code":"39553","country":"US","city":"Gautier","state":"Mississippi","state_ab":"MS","county":"Jackson","geo_location":{ "type": "Point", "coordinates": [-88.6412, 30.398] }},
{"zip_code":"39566","country":"US","city":"Ocean Springs","state":"Mississippi","state_ab":"MS","county":"Jackson","geo_location":{ "type": "Point", "coordinates": [-88.6345, 30.4411] }},
{"zip_code":"39436","country":"US","city":"Eastabuchie","state":"Mississippi","state_ab":"MS","county":"Jones","geo_location":{ "type": "Point", "coordinates": [-89.302, 31.4555] }},
{"zip_code":"38949","country":"US","city":"Paris","state":"Mississippi","state_ab":"MS","county":"Lafayette","geo_location":{ "type": "Point", "coordinates": [-89.382, 34.1992] }},
{"zip_code":"39320","country":"US","city":"Bailey","state":"Mississippi","state_ab":"MS","county":"Lauderdale","geo_location":{ "type": "Point", "coordinates": [-88.6991, 32.4754] }},
{"zip_code":"39140","country":"US","city":"Newhebron","state":"Mississippi","state_ab":"MS","county":"Lawrence","geo_location":{ "type": "Point", "coordinates": [-90.0153, 31.73] }},
{"zip_code":"39656","country":"US","city":"Oak Vale","state":"Mississippi","state_ab":"MS","county":"Lawrence","geo_location":{ "type": "Point", "coordinates": [-89.9827, 31.442] }},
{"zip_code":"39603","country":"US","city":"Brookhaven","state":"Mississippi","state_ab":"MS","county":"Lincoln","geo_location":{ "type": "Point", "coordinates": [-90.4467, 31.6123] }},
{"zip_code":"39629","country":"US","city":"Bogue Chitto","state":"Mississippi","state_ab":"MS","county":"Lincoln","geo_location":{ "type": "Point", "coordinates": [-90.4732, 31.4563] }},
{"zip_code":"39643","country":"US","city":"Kokomo","state":"Mississippi","state_ab":"MS","county":"Marion","geo_location":{ "type": "Point", "coordinates": [-90.0194, 31.244] }},
{"zip_code":"38679","country":"US","city":"Victoria","state":"Mississippi","state_ab":"MS","county":"Marshall","geo_location":{ "type": "Point", "coordinates": [-89.6408, 34.8708] }},
{"zip_code":"39746","country":"US","city":"Hamilton","state":"Mississippi","state_ab":"MS","county":"Monroe","geo_location":{ "type": "Point", "coordinates": [-88.4478, 33.8011] }},
{"zip_code":"39759","country":"US","city":"Starkville","state":"Mississippi","state_ab":"MS","county":"Oktibbeha","geo_location":{ "type": "Point", "coordinates": [-88.8791, 33.4255] }},
{"zip_code":"39760","country":"US","city":"Starkville","state":"Mississippi","state_ab":"MS","county":"Oktibbeha","geo_location":{ "type": "Point", "coordinates": [-88.8322, 33.4599] }},
{"zip_code":"38666","country":"US","city":"Sardis","state":"Mississippi","state_ab":"MS","county":"Panola","geo_location":{ "type": "Point", "coordinates": [-89.9221, 34.4276] }},
{"zip_code":"39463","country":"US","city":"Nicholson","state":"Mississippi","state_ab":"MS","county":"Pearl River","geo_location":{ "type": "Point", "coordinates": [-89.5578, 30.5637] }},
{"zip_code":"39423","country":"US","city":"Beaumont","state":"Mississippi","state_ab":"MS","county":"Perry","geo_location":{ "type": "Point", "coordinates": [-88.9055, 31.1368] }},
{"zip_code":"39476","country":"US","city":"Richton","state":"Mississippi","state_ab":"MS","county":"Perry","geo_location":{ "type": "Point", "coordinates": [-88.9101, 31.3434] }},
{"zip_code":"38820","country":"US","city":"Algoma","state":"Mississippi","state_ab":"MS","county":"Pontotoc","geo_location":{ "type": "Point", "coordinates": [-89.0328, 34.1715] }},
{"zip_code":"38859","country":"US","city":"New Site","state":"Mississippi","state_ab":"MS","county":"Prentiss","geo_location":{ "type": "Point", "coordinates": [-88.3875, 34.5315] }},
{"zip_code":"39193","country":"US","city":"Whitfield","state":"Mississippi","state_ab":"MS","county":"Rankin","geo_location":{ "type": "Point", "coordinates": [-90.0726, 32.2348] }},
{"zip_code":"39359","country":"US","city":"Sebastopol","state":"Mississippi","state_ab":"MS","county":"Scott","geo_location":{ "type": "Point", "coordinates": [-89.3574, 32.5518] }},
{"zip_code":"39153","country":"US","city":"Raleigh","state":"Mississippi","state_ab":"MS","county":"Smith","geo_location":{ "type": "Point", "coordinates": [-89.5088, 32.0508] }},
{"zip_code":"38950","country":"US","city":"Philipp","state":"Mississippi","state_ab":"MS","county":"Tallahatchie","geo_location":{ "type": "Point", "coordinates": [-90.2091, 33.7574] }},
{"zip_code":"38963","country":"US","city":"Tutwiler","state":"Mississippi","state_ab":"MS","county":"Tallahatchie","geo_location":{ "type": "Point", "coordinates": [-90.3499, 34.0221] }},
{"zip_code":"38833","country":"US","city":"Burnsville","state":"Mississippi","state_ab":"MS","county":"Tishomingo","geo_location":{ "type": "Point", "coordinates": [-88.307, 34.8579] }},
{"zip_code":"38873","country":"US","city":"Tishomingo","state":"Mississippi","state_ab":"MS","county":"Tishomingo","geo_location":{ "type": "Point", "coordinates": [-88.2194, 34.6478] }},
{"zip_code":"38626","country":"US","city":"Dundee","state":"Mississippi","state_ab":"MS","county":"Tunica","geo_location":{ "type": "Point", "coordinates": [-90.3693, 34.5357] }},
{"zip_code":"39180","country":"US","city":"Vicksburg","state":"Mississippi","state_ab":"MS","county":"Warren","geo_location":{ "type": "Point", "coordinates": [-90.8507, 32.3258] }},
{"zip_code":"38703","country":"US","city":"Greenville","state":"Mississippi","state_ab":"MS","county":"Washington","geo_location":{ "type": "Point", "coordinates": [-91.0228, 33.4085] }},
{"zip_code":"38756","country":"US","city":"Leland","state":"Mississippi","state_ab":"MS","county":"Washington","geo_location":{ "type": "Point", "coordinates": [-90.8839, 33.3985] }},
{"zip_code":"39669","country":"US","city":"Woodville","state":"Mississippi","state_ab":"MS","county":"Wilkinson","geo_location":{ "type": "Point", "coordinates": [-91.3076, 31.1459] }},
{"zip_code":"39346","country":"US","city":"Noxapater","state":"Mississippi","state_ab":"MS","county":"Winston","geo_location":{ "type": "Point", "coordinates": [-89.1221, 32.9789] }},
{"zip_code":"39179","country":"US","city":"Vaughan","state":"Mississippi","state_ab":"MS","county":"Yazoo","geo_location":{ "type": "Point", "coordinates": [-90.0981, 32.8015] }},
{"zip_code":"59739","country":"US","city":"Lima","state":"Montana","state_ab":"MT","county":"Beaverhead","geo_location":{ "type": "Point", "coordinates": [-112.5625, 44.6441] }},
{"zip_code":"59016","country":"US","city":"Busby","state":"Montana","state_ab":"MT","county":"Big Horn","geo_location":{ "type": "Point", "coordinates": [-106.8723, 45.5541] }},
{"zip_code":"59029","country":"US","city":"Fromberg","state":"Montana","state_ab":"MT","county":"Carbon","geo_location":{ "type": "Point", "coordinates": [-108.9057, 45.4027] }},
{"zip_code":"59070","country":"US","city":"Roberts","state":"Montana","state_ab":"MT","county":"Carbon","geo_location":{ "type": "Point", "coordinates": [-109.1769, 45.3672] }},
{"zip_code":"59403","country":"US","city":"Great Falls","state":"Montana","state_ab":"MT","county":"Cascade","geo_location":{ "type": "Point", "coordinates": [-111.342, 47.2584] }},
{"zip_code":"59443","country":"US","city":"Fort Shaw","state":"Montana","state_ab":"MT","county":"Cascade","geo_location":{ "type": "Point", "coordinates": [-111.8057, 47.5639] }},
{"zip_code":"59483","country":"US","city":"Sun River","state":"Montana","state_ab":"MT","county":"Cascade","geo_location":{ "type": "Point", "coordinates": [-111.7242, 47.481] }},
{"zip_code":"59520","country":"US","city":"Big Sandy","state":"Montana","state_ab":"MT","county":"Chouteau","geo_location":{ "type": "Point", "coordinates": [-110.0776, 48.1497] }},
{"zip_code":"59263","country":"US","city":"Scobey","state":"Montana","state_ab":"MT","county":"Daniels","geo_location":{ "type": "Point", "coordinates": [-105.417, 48.7854] }},
{"zip_code":"59276","country":"US","city":"Whitetail","state":"Montana","state_ab":"MT","county":"Daniels","geo_location":{ "type": "Point", "coordinates": [-105.1617, 48.8956] }},
{"zip_code":"59339","country":"US","city":"Lindsay","state":"Montana","state_ab":"MT","county":"Dawson","geo_location":{ "type": "Point", "coordinates": [-105.2089, 47.2024] }},
{"zip_code":"59313","country":"US","city":"Baker","state":"Montana","state_ab":"MT","county":"Fallon","geo_location":{ "type": "Point", "coordinates": [-104.2667, 46.3552] }},
{"zip_code":"59430","country":"US","city":"Denton","state":"Montana","state_ab":"MT","county":"Fergus","geo_location":{ "type": "Point", "coordinates": [-109.8789, 47.3191] }},
{"zip_code":"59919","country":"US","city":"Hungry Horse","state":"Montana","state_ab":"MT","county":"Flathead","geo_location":{ "type": "Point", "coordinates": [-113.9105, 48.2793] }},
{"zip_code":"59920","country":"US","city":"Kila","state":"Montana","state_ab":"MT","county":"Flathead","geo_location":{ "type": "Point", "coordinates": [-114.5104, 48.0744] }},
{"zip_code":"59469","country":"US","city":"Raynesford","state":"Montana","state_ab":"MT","county":"Judith Basin","geo_location":{ "type": "Point", "coordinates": [-110.7047, 47.2604] }},
{"zip_code":"59623","country":"US","city":"Helena","state":"Montana","state_ab":"MT","county":"Lewis and Clark","geo_location":{ "type": "Point", "coordinates": [-112.0402, 46.5901] }},
{"zip_code":"59636","country":"US","city":"Fort Harrison","state":"Montana","state_ab":"MT","county":"Lewis and Clark","geo_location":{ "type": "Point", "coordinates": [-112.1099, 46.6197] }},
{"zip_code":"59933","country":"US","city":"Stryker","state":"Montana","state_ab":"MT","county":"Lincoln","geo_location":{ "type": "Point", "coordinates": [-115.331, 48.4457] }},
{"zip_code":"59740","country":"US","city":"Mc Allister","state":"Montana","state_ab":"MT","county":"Madison","geo_location":{ "type": "Point", "coordinates": [-111.7761, 45.408] }},
{"zip_code":"59830","country":"US","city":"De Borgia","state":"Montana","state_ab":"MT","county":"Mineral","geo_location":{ "type": "Point", "coordinates": [-115.3479, 47.3888] }},
{"zip_code":"59803","country":"US","city":"Missoula","state":"Montana","state_ab":"MT","county":"Missoula","geo_location":{ "type": "Point", "coordinates": [-114.0265, 46.8224] }},
{"zip_code":"59030","country":"US","city":"Gardiner","state":"Montana","state_ab":"MT","county":"Park","geo_location":{ "type": "Point", "coordinates": [-110.5715, 45.0849] }},
{"zip_code":"59546","country":"US","city":"Zortman","state":"Montana","state_ab":"MT","county":"Phillips","geo_location":{ "type": "Point", "coordinates": [-108.592, 47.7698] }},
{"zip_code":"59416","country":"US","city":"Brady","state":"Montana","state_ab":"MT","county":"Pondera","geo_location":{ "type": "Point", "coordinates": [-111.755, 48.0312] }},
{"zip_code":"59456","country":"US","city":"Ledger","state":"Montana","state_ab":"MT","county":"Pondera","geo_location":{ "type": "Point", "coordinates": [-111.3886, 48.2643] }},
{"zip_code":"59713","country":"US","city":"Avon","state":"Montana","state_ab":"MT","county":"Powell","geo_location":{ "type": "Point", "coordinates": [-112.6499, 46.5657] }},
{"zip_code":"59843","country":"US","city":"Helmville","state":"Montana","state_ab":"MT","county":"Powell","geo_location":{ "type": "Point", "coordinates": [-112.9413, 46.83] }},
{"zip_code":"59326","country":"US","city":"Fallon","state":"Montana","state_ab":"MT","county":"Prairie","geo_location":{ "type": "Point", "coordinates": [-105.1161, 46.7866] }},
{"zip_code":"59829","country":"US","city":"Darby","state":"Montana","state_ab":"MT","county":"Ravalli","geo_location":{ "type": "Point", "coordinates": [-114.1938, 46.028] }},
{"zip_code":"59870","country":"US","city":"Stevensville","state":"Montana","state_ab":"MT","county":"Ravalli","geo_location":{ "type": "Point", "coordinates": [-114.0478, 46.5267] }},
{"zip_code":"59003","country":"US","city":"Ashland","state":"Montana","state_ab":"MT","county":"Rosebud","geo_location":{ "type": "Point", "coordinates": [-106.2797, 45.5827] }},
{"zip_code":"59043","country":"US","city":"Lame Deer","state":"Montana","state_ab":"MT","county":"Rosebud","geo_location":{ "type": "Point", "coordinates": [-106.5654, 45.6032] }},
{"zip_code":"59083","country":"US","city":"Sumatra","state":"Montana","state_ab":"MT","county":"Rosebud","geo_location":{ "type": "Point", "coordinates": [-106.992, 46.018] }},
{"zip_code":"59856","country":"US","city":"Paradise","state":"Montana","state_ab":"MT","county":"Sanders","geo_location":{ "type": "Point", "coordinates": [-114.799, 47.3878] }},
{"zip_code":"59069","country":"US","city":"Reed Point","state":"Montana","state_ab":"MT","county":"Stillwater","geo_location":{ "type": "Point", "coordinates": [-109.5224, 45.7439] }},
{"zip_code":"59223","country":"US","city":"Fort Peck","state":"Montana","state_ab":"MT","county":"Valley","geo_location":{ "type": "Point", "coordinates": [-106.447, 48.0196] }},
{"zip_code":"59250","country":"US","city":"Opheim","state":"Montana","state_ab":"MT","county":"Valley","geo_location":{ "type": "Point", "coordinates": [-106.3658, 48.8702] }},
{"zip_code":"59353","country":"US","city":"Wibaux","state":"Montana","state_ab":"MT","county":"Wibaux","geo_location":{ "type": "Point", "coordinates": [-104.1897, 46.9646] }},
{"zip_code":"59106","country":"US","city":"Billings","state":"Montana","state_ab":"MT","county":"Yellowstone","geo_location":{ "type": "Point", "coordinates": [-108.6519, 45.7753] }},
{"zip_code":"27220","country":"US","city":"Burlington","state":"North Carolina","state_ab":"NC","county":"Alamance","geo_location":{ "type": "Point", "coordinates": [-79.3896, 36.0467] }},
{"zip_code":"27349","country":"US","city":"Snow Camp","state":"North Carolina","state_ab":"NC","county":"Alamance","geo_location":{ "type": "Point", "coordinates": [-79.4279, 35.9066] }},
{"zip_code":"28636","country":"US","city":"Hiddenite","state":"North Carolina","state_ab":"NC","county":"Alexander","geo_location":{ "type": "Point", "coordinates": [-81.0487, 35.9504] }},
{"zip_code":"28623","country":"US","city":"Ennice","state":"North Carolina","state_ab":"NC","county":"Alleghany","geo_location":{ "type": "Point", "coordinates": [-80.9771, 36.5253] }},
{"zip_code":"28663","country":"US","city":"Piney Creek","state":"North Carolina","state_ab":"NC","county":"Alleghany","geo_location":{ "type": "Point", "coordinates": [-81.3019, 36.5276] }},
{"zip_code":"28119","country":"US","city":"Morven","state":"North Carolina","state_ab":"NC","county":"Anson","geo_location":{ "type": "Point", "coordinates": [-80.0025, 34.8511] }},
{"zip_code":"28133","country":"US","city":"Peachland","state":"North Carolina","state_ab":"NC","county":"Anson","geo_location":{ "type": "Point", "coordinates": [-80.2829, 35.0054] }},
{"zip_code":"27983","country":"US","city":"Windsor","state":"North Carolina","state_ab":"NC","county":"Bertie","geo_location":{ "type": "Point", "coordinates": [-76.9336, 36.0159] }},
{"zip_code":"28469","country":"US","city":"Ocean Isle Beach","state":"North Carolina","state_ab":"NC","county":"Brunswick","geo_location":{ "type": "Point", "coordinates": [-78.4298, 33.8913] }},
{"zip_code":"28470","country":"US","city":"South Brunswick","state":"North Carolina","state_ab":"NC","county":"Brunswick","geo_location":{ "type": "Point", "coordinates": [-78.4064, 33.9637] }},
{"zip_code":"28803","country":"US","city":"Asheville","state":"North Carolina","state_ab":"NC","county":"Buncombe","geo_location":{ "type": "Point", "coordinates": [-82.518, 35.5393] }},
{"zip_code":"28816","country":"US","city":"Asheville","state":"North Carolina","state_ab":"NC","county":"Buncombe","geo_location":{ "type": "Point", "coordinates": [-82.5286, 35.6203] }},
{"zip_code":"28690","country":"US","city":"Valdese","state":"North Carolina","state_ab":"NC","county":"Burke","geo_location":{ "type": "Point", "coordinates": [-81.567, 35.7447] }},
{"zip_code":"28083","country":"US","city":"Kannapolis","state":"North Carolina","state_ab":"NC","county":"Cabarrus","geo_location":{ "type": "Point", "coordinates": [-80.6015, 35.4848] }},
{"zip_code":"28520","country":"US","city":"Cedar Island","state":"North Carolina","state_ab":"NC","county":"Carteret","geo_location":{ "type": "Point", "coordinates": [-76.5871, 34.8739] }},
{"zip_code":"28609","country":"US","city":"Catawba","state":"North Carolina","state_ab":"NC","county":"Catawba","geo_location":{ "type": "Point", "coordinates": [-81.0503, 35.6757] }},
{"zip_code":"28610","country":"US","city":"Claremont","state":"North Carolina","state_ab":"NC","county":"Catawba","geo_location":{ "type": "Point", "coordinates": [-81.1297, 35.7211] }},
{"zip_code":"28650","country":"US","city":"Maiden","state":"North Carolina","state_ab":"NC","county":"Catawba","geo_location":{ "type": "Point", "coordinates": [-81.1745, 35.5759] }},
{"zip_code":"28906","country":"US","city":"Murphy","state":"North Carolina","state_ab":"NC","county":"Cherokee","geo_location":{ "type": "Point", "coordinates": [-84.0388, 35.1312] }},
{"zip_code":"28430","country":"US","city":"Cerro Gordo","state":"North Carolina","state_ab":"NC","county":"Columbus","geo_location":{ "type": "Point", "coordinates": [-78.9216, 34.3025] }},
{"zip_code":"28456","country":"US","city":"Riegelwood","state":"North Carolina","state_ab":"NC","county":"Columbus","geo_location":{ "type": "Point", "coordinates": [-78.2575, 34.3471] }},
{"zip_code":"28519","country":"US","city":"Bridgeton","state":"North Carolina","state_ab":"NC","county":"Craven","geo_location":{ "type": "Point", "coordinates": [-77.02, 35.1295] }},
{"zip_code":"28533","country":"US","city":"Cherry Point","state":"North Carolina","state_ab":"NC","county":"Craven","geo_location":{ "type": "Point", "coordinates": [-76.9, 34.9038] }},
{"zip_code":"28560","country":"US","city":"New Bern","state":"North Carolina","state_ab":"NC","county":"Craven","geo_location":{ "type": "Point", "coordinates": [-76.9842, 35.1204] }},
{"zip_code":"28586","country":"US","city":"Vanceboro","state":"North Carolina","state_ab":"NC","county":"Craven","geo_location":{ "type": "Point", "coordinates": [-77.1716, 35.3063] }},
{"zip_code":"27916","country":"US","city":"Aydlett","state":"North Carolina","state_ab":"NC","county":"Currituck","geo_location":{ "type": "Point", "coordinates": [-75.9029, 36.3045] }},
{"zip_code":"27929","country":"US","city":"Currituck","state":"North Carolina","state_ab":"NC","county":"Currituck","geo_location":{ "type": "Point", "coordinates": [-76.0055, 36.4398] }},
{"zip_code":"27956","country":"US","city":"Maple","state":"North Carolina","state_ab":"NC","county":"Currituck","geo_location":{ "type": "Point", "coordinates": [-76.0039, 36.3987] }},
{"zip_code":"27943","country":"US","city":"Hatteras","state":"North Carolina","state_ab":"NC","county":"Dare","geo_location":{ "type": "Point", "coordinates": [-75.7138, 35.6928] }},
{"zip_code":"27299","country":"US","city":"Linwood","state":"North Carolina","state_ab":"NC","county":"Davidson","geo_location":{ "type": "Point", "coordinates": [-80.3749, 35.7562] }},
{"zip_code":"27503","country":"US","city":"Bahama","state":"North Carolina","state_ab":"NC","county":"Durham","geo_location":{ "type": "Point", "coordinates": [-78.8903, 36.1566] }},
{"zip_code":"27709","country":"US","city":"Durham","state":"North Carolina","state_ab":"NC","county":"Durham","geo_location":{ "type": "Point", "coordinates": [-78.8577, 36.0512] }},
{"zip_code":"27710","country":"US","city":"Durham","state":"North Carolina","state_ab":"NC","county":"Durham","geo_location":{ "type": "Point", "coordinates": [-78.8577, 36.0512] }},
{"zip_code":"27040","country":"US","city":"Pfafftown","state":"North Carolina","state_ab":"NC","county":"Forsyth","geo_location":{ "type": "Point", "coordinates": [-80.3798, 36.1669] }},
{"zip_code":"27103","country":"US","city":"Winston Salem","state":"North Carolina","state_ab":"NC","county":"Forsyth","geo_location":{ "type": "Point", "coordinates": [-80.3025, 36.0671] }},
{"zip_code":"27116","country":"US","city":"Winston Salem","state":"North Carolina","state_ab":"NC","county":"Forsyth","geo_location":{ "type": "Point", "coordinates": [-80.2073, 36.0275] }},
{"zip_code":"27130","country":"US","city":"Winston Salem","state":"North Carolina","state_ab":"NC","county":"Forsyth","geo_location":{ "type": "Point", "coordinates": [-80.2073, 36.0275] }},
{"zip_code":"27156","country":"US","city":"Winston Salem","state":"North Carolina","state_ab":"NC","county":"Forsyth","geo_location":{ "type": "Point", "coordinates": [-80.2073, 36.0275] }},
{"zip_code":"27596","country":"US","city":"Youngsville","state":"North Carolina","state_ab":"NC","county":"Franklin","geo_location":{ "type": "Point", "coordinates": [-78.4412, 36.0078] }},
{"zip_code":"28016","country":"US","city":"Bessemer City","state":"North Carolina","state_ab":"NC","county":"Gaston","geo_location":{ "type": "Point", "coordinates": [-81.2863, 35.2849] }},
{"zip_code":"28056","country":"US","city":"Gastonia","state":"North Carolina","state_ab":"NC","county":"Gaston","geo_location":{ "type": "Point", "coordinates": [-81.1252, 35.2172] }},
{"zip_code":"28120","country":"US","city":"Mount Holly","state":"North Carolina","state_ab":"NC","county":"Gaston","geo_location":{ "type": "Point", "coordinates": [-81.0306, 35.3119] }},
{"zip_code":"27969","country":"US","city":"Roduco","state":"North Carolina","state_ab":"NC","county":"Gates","geo_location":{ "type": "Point", "coordinates": [-76.7021, 36.4242] }},
{"zip_code":"28780","country":"US","city":"Tapoco","state":"North Carolina","state_ab":"NC","county":"Graham County","geo_location":{ "type": "Point", "coordinates": [-83.8996, 35.4425] }},
{"zip_code":"27233","country":"US","city":"Climax","state":"North Carolina","state_ab":"NC","county":"Guilford","geo_location":{ "type": "Point", "coordinates": [-79.7019, 35.9345] }},
{"zip_code":"27260","country":"US","city":"High Point","state":"North Carolina","state_ab":"NC","county":"Guilford","geo_location":{ "type": "Point", "coordinates": [-79.9884, 35.954] }},
{"zip_code":"27310","country":"US","city":"Oak Ridge","state":"North Carolina","state_ab":"NC","county":"Guilford","geo_location":{ "type": "Point", "coordinates": [-79.9804, 36.1673] }},
{"zip_code":"27413","country":"US","city":"Greensboro","state":"North Carolina","state_ab":"NC","county":"Guilford","geo_location":{ "type": "Point", "coordinates": [-80.0244, 36.0807] }},
{"zip_code":"27480","country":"US","city":"Greensboro","state":"North Carolina","state_ab":"NC","county":"Guilford","geo_location":{ "type": "Point", "coordinates": [-80.0244, 36.0807] }},
{"zip_code":"27839","country":"US","city":"Halifax","state":"North Carolina","state_ab":"NC","county":"Halifax","geo_location":{ "type": "Point", "coordinates": [-77.5607, 36.3049] }},
{"zip_code":"27543","country":"US","city":"Kipling","state":"North Carolina","state_ab":"NC","county":"Harnett","geo_location":{ "type": "Point", "coordinates": [-78.8824, 35.4298] }},
{"zip_code":"28339","country":"US","city":"Erwin","state":"North Carolina","state_ab":"NC","county":"Harnett","geo_location":{ "type": "Point", "coordinates": [-78.6859, 35.3287] }},
{"zip_code":"28726","country":"US","city":"East Flat Rock","state":"North Carolina","state_ab":"NC","county":"Henderson","geo_location":{ "type": "Point", "coordinates": [-82.4204, 35.2799] }},
{"zip_code":"28739","country":"US","city":"Hendersonville","state":"North Carolina","state_ab":"NC","county":"Henderson","geo_location":{ "type": "Point", "coordinates": [-82.5, 35.3192] }},
{"zip_code":"28793","country":"US","city":"Hendersonville","state":"North Carolina","state_ab":"NC","county":"Henderson","geo_location":{ "type": "Point", "coordinates": [-82.5036, 35.2927] }},
{"zip_code":"27826","country":"US","city":"Fairfield","state":"North Carolina","state_ab":"NC","county":"Hyde","geo_location":{ "type": "Point", "coordinates": [-76.2318, 35.5659] }},
{"zip_code":"28689","country":"US","city":"Union Grove","state":"North Carolina","state_ab":"NC","county":"Iredell","geo_location":{ "type": "Point", "coordinates": [-80.8967, 36.0369] }},
{"zip_code":"28779","country":"US","city":"Sylva","state":"North Carolina","state_ab":"NC","county":"Jackson","geo_location":{ "type": "Point", "coordinates": [-83.2031, 35.3481] }},
{"zip_code":"27569","country":"US","city":"Princeton","state":"North Carolina","state_ab":"NC","county":"Johnston","geo_location":{ "type": "Point", "coordinates": [-78.1674, 35.4558] }},
{"zip_code":"28573","country":"US","city":"Pollocksville","state":"North Carolina","state_ab":"NC","county":"Jones","geo_location":{ "type": "Point", "coordinates": [-77.2287, 35.0151] }},
{"zip_code":"28753","country":"US","city":"Marshall","state":"North Carolina","state_ab":"NC","county":"Madison","geo_location":{ "type": "Point", "coordinates": [-82.7105, 35.8597] }},
{"zip_code":"27840","country":"US","city":"Hamilton","state":"North Carolina","state_ab":"NC","county":"Martin","geo_location":{ "type": "Point", "coordinates": [-77.2236, 35.9632] }},
{"zip_code":"28070","country":"US","city":"Huntersville","state":"North Carolina","state_ab":"NC","county":"Mecklenburg","geo_location":{ "type": "Point", "coordinates": [-80.8987, 35.4622] }},
{"zip_code":"28106","country":"US","city":"Matthews","state":"North Carolina","state_ab":"NC","county":"Mecklenburg","geo_location":{ "type": "Point", "coordinates": [-80.8042, 35.26] }},
{"zip_code":"28209","country":"US","city":"Charlotte","state":"North Carolina","state_ab":"NC","county":"Mecklenburg","geo_location":{ "type": "Point", "coordinates": [-80.8559, 35.1796] }},
{"zip_code":"28210","country":"US","city":"Charlotte","state":"North Carolina","state_ab":"NC","county":"Mecklenburg","geo_location":{ "type": "Point", "coordinates": [-80.8577, 35.1316] }},
{"zip_code":"28223","country":"US","city":"Charlotte","state":"North Carolina","state_ab":"NC","county":"Mecklenburg","geo_location":{ "type": "Point", "coordinates": [-80.7267, 35.3041] }},
{"zip_code":"28236","country":"US","city":"Charlotte","state":"North Carolina","state_ab":"NC","county":"Mecklenburg","geo_location":{ "type": "Point", "coordinates": [-80.8042, 35.26] }},
{"zip_code":"28250","country":"US","city":"Charlotte","state":"North Carolina","state_ab":"NC","county":"Mecklenburg","geo_location":{ "type": "Point", "coordinates": [-80.8042, 35.26] }},
{"zip_code":"28263","country":"US","city":"Charlotte","state":"North Carolina","state_ab":"NC","county":"Mecklenburg County","geo_location":{ "type": "Point", "coordinates": [-80.8432, 35.2268] }},
{"zip_code":"28289","country":"US","city":"Charlotte","state":"North Carolina","state_ab":"NC","county":"Mecklenburg","geo_location":{ "type": "Point", "coordinates": [-80.8042, 35.26] }},
{"zip_code":"28290","country":"US","city":"Charlotte","state":"North Carolina","state_ab":"NC","county":"Mecklenburg","geo_location":{ "type": "Point", "coordinates": [-80.8042, 35.26] }},
{"zip_code":"27259","country":"US","city":"Highfalls","state":"North Carolina","state_ab":"NC","county":"Moore","geo_location":{ "type": "Point", "coordinates": [-79.479, 35.4921] }},
{"zip_code":"27376","country":"US","city":"West End","state":"North Carolina","state_ab":"NC","county":"Moore","geo_location":{ "type": "Point", "coordinates": [-79.536, 35.2512] }},
{"zip_code":"28326","country":"US","city":"Cameron","state":"North Carolina","state_ab":"NC","county":"Moore","geo_location":{ "type": "Point", "coordinates": [-79.3472, 35.3106] }},
{"zip_code":"28403","country":"US","city":"Wilmington","state":"North Carolina","state_ab":"NC","county":"New Hanover","geo_location":{ "type": "Point", "coordinates": [-77.8862, 34.2237] }},
{"zip_code":"28429","country":"US","city":"Castle Hayne","state":"North Carolina","state_ab":"NC","county":"New Hanover","geo_location":{ "type": "Point", "coordinates": [-77.9108, 34.3236] }},
{"zip_code":"27853","country":"US","city":"Margarettsville","state":"North Carolina","state_ab":"NC","county":"Northampton","geo_location":{ "type": "Point", "coordinates": [-77.326, 36.5245] }},
{"zip_code":"27866","country":"US","city":"Pleasant Hill","state":"North Carolina","state_ab":"NC","county":"Northampton","geo_location":{ "type": "Point", "coordinates": [-77.5192, 36.5212] }},
{"zip_code":"28546","country":"US","city":"Jacksonville","state":"North Carolina","state_ab":"NC","county":"Onslow","geo_location":{ "type": "Point", "coordinates": [-77.3781, 34.774] }},
{"zip_code":"27516","country":"US","city":"Chapel Hill","state":"North Carolina","state_ab":"NC","county":"Orange","geo_location":{ "type": "Point", "coordinates": [-79.0999, 35.9162] }},
{"zip_code":"28443","country":"US","city":"Hampstead","state":"North Carolina","state_ab":"NC","county":"Pender","geo_location":{ "type": "Point", "coordinates": [-77.6628, 34.3879] }},
{"zip_code":"27930","country":"US","city":"Durants Neck","state":"North Carolina","state_ab":"NC","county":"Perquimans","geo_location":{ "type": "Point", "coordinates": [-76.3739, 36.1985] }},
{"zip_code":"27583","country":"US","city":"Timberlake","state":"North Carolina","state_ab":"NC","county":"Person","geo_location":{ "type": "Point", "coordinates": [-78.9353, 36.2918] }},
{"zip_code":"27879","country":"US","city":"Simpson","state":"North Carolina","state_ab":"NC","county":"Pitt","geo_location":{ "type": "Point", "coordinates": [-77.2802, 35.5675] }},
{"zip_code":"27350","country":"US","city":"Sophia","state":"North Carolina","state_ab":"NC","county":"Randolph","geo_location":{ "type": "Point", "coordinates": [-79.8986, 35.8298] }},
{"zip_code":"28379","country":"US","city":"Rockingham","state":"North Carolina","state_ab":"NC","county":"Richmond","geo_location":{ "type": "Point", "coordinates": [-79.7666, 34.9336] }},
{"zip_code":"28380","country":"US","city":"Rockingham","state":"North Carolina","state_ab":"NC","county":"Richmond","geo_location":{ "type": "Point", "coordinates": [-79.7673, 34.9942] }},
{"zip_code":"28340","country":"US","city":"Fairmont","state":"North Carolina","state_ab":"NC","county":"Robeson","geo_location":{ "type": "Point", "coordinates": [-79.1407, 34.472] }},
{"zip_code":"27323","country":"US","city":"Reidsville","state":"North Carolina","state_ab":"NC","county":"Rockingham","geo_location":{ "type": "Point", "coordinates": [-79.7731, 36.3921] }},
{"zip_code":"27013","country":"US","city":"Cleveland","state":"North Carolina","state_ab":"NC","county":"Rowan","geo_location":{ "type": "Point", "coordinates": [-80.7113, 35.7374] }},
{"zip_code":"28146","country":"US","city":"Salisbury","state":"North Carolina","state_ab":"NC","county":"Rowan","geo_location":{ "type": "Point", "coordinates": [-80.4022, 35.6187] }},
{"zip_code":"28159","country":"US","city":"Spencer","state":"North Carolina","state_ab":"NC","county":"Rowan","geo_location":{ "type": "Point", "coordinates": [-80.4327, 35.6917] }},
{"zip_code":"28043","country":"US","city":"Forest City","state":"North Carolina","state_ab":"NC","county":"Rutherford","geo_location":{ "type": "Point", "coordinates": [-81.846, 35.325] }},
{"zip_code":"28160","country":"US","city":"Spindale","state":"North Carolina","state_ab":"NC","county":"Rutherford","geo_location":{ "type": "Point", "coordinates": [-81.9251, 35.3601] }},
{"zip_code":"28366","country":"US","city":"Newton Grove","state":"North Carolina","state_ab":"NC","county":"Sampson","geo_location":{ "type": "Point", "coordinates": [-78.3594, 35.2301] }},
{"zip_code":"28393","country":"US","city":"Turkey","state":"North Carolina","state_ab":"NC","county":"Sampson","geo_location":{ "type": "Point", "coordinates": [-78.2121, 34.9857] }},
{"zip_code":"28353","country":"US","city":"Laurinburg","state":"North Carolina","state_ab":"NC","county":"Scotland","geo_location":{ "type": "Point", "coordinates": [-79.4824, 34.7818] }},
{"zip_code":"27053","country":"US","city":"Westfield","state":"North Carolina","state_ab":"NC","county":"Surry","geo_location":{ "type": "Point", "coordinates": [-80.3677, 36.4674] }},
{"zip_code":"28676","country":"US","city":"State Road","state":"North Carolina","state_ab":"NC","county":"Surry","geo_location":{ "type": "Point", "coordinates": [-80.8653, 36.3422] }},
{"zip_code":"28713","country":"US","city":"Bryson City","state":"North Carolina","state_ab":"NC","county":"Swain","geo_location":{ "type": "Point", "coordinates": [-83.4392, 35.4241] }},
{"zip_code":"28766","country":"US","city":"Penrose","state":"North Carolina","state_ab":"NC","county":"Transylvania","geo_location":{ "type": "Point", "coordinates": [-82.6222, 35.2524] }},
{"zip_code":"28173","country":"US","city":"Waxhaw","state":"North Carolina","state_ab":"NC","county":"Union","geo_location":{ "type": "Point", "coordinates": [-80.7278, 34.9251] }},
{"zip_code":"27556","country":"US","city":"Middleburg","state":"North Carolina","state_ab":"NC","county":"Vance","geo_location":{ "type": "Point", "coordinates": [-78.3275, 36.4135] }},
{"zip_code":"27529","country":"US","city":"Garner","state":"North Carolina","state_ab":"NC","county":"Wake","geo_location":{ "type": "Point", "coordinates": [-78.5975, 35.6813] }},
{"zip_code":"27606","country":"US","city":"Raleigh","state":"North Carolina","state_ab":"NC","county":"Wake","geo_location":{ "type": "Point", "coordinates": [-78.7112, 35.7645] }},
{"zip_code":"27619","country":"US","city":"Raleigh","state":"North Carolina","state_ab":"NC","county":"Wake","geo_location":{ "type": "Point", "coordinates": [-78.6314, 35.8515] }},
{"zip_code":"27620","country":"US","city":"Raleigh","state":"North Carolina","state_ab":"NC","county":"Wake","geo_location":{ "type": "Point", "coordinates": [-78.6253, 35.7977] }},
{"zip_code":"27699","country":"US","city":"Raleigh","state":"North Carolina","state_ab":"NC","county":"Wake","geo_location":{ "type": "Point", "coordinates": [-78.6253, 35.7977] }},
{"zip_code":"27570","country":"US","city":"Ridgeway","state":"North Carolina","state_ab":"NC","county":"Warren","geo_location":{ "type": "Point", "coordinates": [-78.1109, 36.3737] }},
{"zip_code":"27970","country":"US","city":"Roper","state":"North Carolina","state_ab":"NC","county":"Washington","geo_location":{ "type": "Point", "coordinates": [-76.5809, 35.8994] }},
{"zip_code":"27530","country":"US","city":"Goldsboro","state":"North Carolina","state_ab":"NC","county":"Wayne","geo_location":{ "type": "Point", "coordinates": [-78.0929, 35.3683] }},
{"zip_code":"28649","country":"US","city":"Mc Grady","state":"North Carolina","state_ab":"NC","county":"Wilkes","geo_location":{ "type": "Point", "coordinates": [-81.1912, 36.3103] }},
{"zip_code":"27813","country":"US","city":"Black Creek","state":"North Carolina","state_ab":"NC","county":"Wilson","geo_location":{ "type": "Point", "coordinates": [-77.9352, 35.6165] }},
{"zip_code":"27880","country":"US","city":"Sims","state":"North Carolina","state_ab":"NC","county":"Wilson","geo_location":{ "type": "Point", "coordinates": [-78.0859, 35.7435] }},
{"zip_code":"27893","country":"US","city":"Wilson","state":"North Carolina","state_ab":"NC","county":"Wilson","geo_location":{ "type": "Point", "coordinates": [-77.9227, 35.727] }},
{"zip_code":"28740","country":"US","city":"Green Mountain","state":"North Carolina","state_ab":"NC","county":"Yancey","geo_location":{ "type": "Point", "coordinates": [-82.2879, 35.9956] }},
{"zip_code":"58479","country":"US","city":"Rogers","state":"North Dakota","state_ab":"ND","county":"Barnes","geo_location":{ "type": "Point", "coordinates": [-98.2136, 47.0741] }},
{"zip_code":"58480","country":"US","city":"Sanborn","state":"North Dakota","state_ab":"ND","county":"Barnes","geo_location":{ "type": "Point", "coordinates": [-98.2336, 46.9271] }},
{"zip_code":"58750","country":"US","city":"Lansford","state":"North Dakota","state_ab":"ND","county":"Bottineau","geo_location":{ "type": "Point", "coordinates": [-101.3858, 48.6254] }},
{"zip_code":"58503","country":"US","city":"Bismarck","state":"North Dakota","state_ab":"ND","county":"Burleigh","geo_location":{ "type": "Point", "coordinates": [-100.7843, 46.8394] }},
{"zip_code":"49866","country":"US","city":"Negaunee","state":"Michigan","state_ab":"MI","county":"Marquette","geo_location":{ "type": "Point", "coordinates": [-87.5829, 46.5007] }},
{"zip_code":"49879","country":"US","city":"Republic","state":"Michigan","state_ab":"MI","county":"Marquette","geo_location":{ "type": "Point", "coordinates": [-87.9938, 46.368] }},
{"zip_code":"49336","country":"US","city":"Morley","state":"Michigan","state_ab":"MI","county":"Mecosta","geo_location":{ "type": "Point", "coordinates": [-85.4473, 43.506] }},
{"zip_code":"49813","country":"US","city":"Cedar River","state":"Michigan","state_ab":"MI","county":"Menominee","geo_location":{ "type": "Point", "coordinates": [-87.366, 45.4485] }},
{"zip_code":"49893","country":"US","city":"Wallace","state":"Michigan","state_ab":"MI","county":"Menominee","geo_location":{ "type": "Point", "coordinates": [-87.5805, 45.3017] }},
{"zip_code":"48670","country":"US","city":"Midland","state":"Michigan","state_ab":"MI","county":"Midland","geo_location":{ "type": "Point", "coordinates": [-84.2568, 43.6375] }},
{"zip_code":"48140","country":"US","city":"Ida","state":"Michigan","state_ab":"MI","county":"Monroe","geo_location":{ "type": "Point", "coordinates": [-83.5916, 41.8549] }},
{"zip_code":"48166","country":"US","city":"Newport","state":"Michigan","state_ab":"MI","county":"Monroe","geo_location":{ "type": "Point", "coordinates": [-83.2804, 41.9766] }},
{"zip_code":"48179","country":"US","city":"South Rockwood","state":"Michigan","state_ab":"MI","county":"Monroe","geo_location":{ "type": "Point", "coordinates": [-83.2663, 42.0624] }},
{"zip_code":"48850","country":"US","city":"Lakeview","state":"Michigan","state_ab":"MI","county":"Montcalm","geo_location":{ "type": "Point", "coordinates": [-85.2924, 43.4269] }},
{"zip_code":"49709","country":"US","city":"Atlanta","state":"Michigan","state_ab":"MI","county":"Montmorency","geo_location":{ "type": "Point", "coordinates": [-84.148, 44.9924] }},
{"zip_code":"49440","country":"US","city":"Muskegon","state":"Michigan","state_ab":"MI","county":"Muskegon","geo_location":{ "type": "Point", "coordinates": [-86.2492, 43.2326] }},
{"zip_code":"49309","country":"US","city":"Bitely","state":"Michigan","state_ab":"MI","county":"Newaygo","geo_location":{ "type": "Point", "coordinates": [-85.8778, 43.7321] }},
{"zip_code":"49349","country":"US","city":"White Cloud","state":"Michigan","state_ab":"MI","county":"Newaygo","geo_location":{ "type": "Point", "coordinates": [-85.7586, 43.5398] }},
{"zip_code":"49413","country":"US","city":"Fremont","state":"Michigan","state_ab":"MI","county":"Newaygo","geo_location":{ "type": "Point", "coordinates": [-85.8009, 43.5543] }},
{"zip_code":"48009","country":"US","city":"Birmingham","state":"Michigan","state_ab":"MI","county":"Oakland","geo_location":{ "type": "Point", "coordinates": [-83.2133, 42.5444] }},
{"zip_code":"48076","country":"US","city":"Southfield","state":"Michigan","state_ab":"MI","county":"Oakland","geo_location":{ "type": "Point", "coordinates": [-83.2058, 42.4981] }},
{"zip_code":"48306","country":"US","city":"Rochester","state":"Michigan","state_ab":"MI","county":"Oakland","geo_location":{ "type": "Point", "coordinates": [-83.1566, 42.7262] }},
{"zip_code":"48320","country":"US","city":"Keego Harbor","state":"Michigan","state_ab":"MI","county":"Oakland","geo_location":{ "type": "Point", "coordinates": [-83.3356, 42.6114] }},
{"zip_code":"48333","country":"US","city":"Farmington","state":"Michigan","state_ab":"MI","county":"Oakland","geo_location":{ "type": "Point", "coordinates": [-83.3863, 42.6601] }},
{"zip_code":"48346","country":"US","city":"Clarkston","state":"Michigan","state_ab":"MI","county":"Oakland","geo_location":{ "type": "Point", "coordinates": [-83.4232, 42.7239] }},
{"zip_code":"48359","country":"US","city":"Lake Orion","state":"Michigan","state_ab":"MI","county":"Oakland","geo_location":{ "type": "Point", "coordinates": [-83.2769, 42.7231] }},
{"zip_code":"48360","country":"US","city":"Lake Orion","state":"Michigan","state_ab":"MI","county":"Oakland","geo_location":{ "type": "Point", "coordinates": [-83.272, 42.7429] }},
{"zip_code":"48386","country":"US","city":"White Lake","state":"Michigan","state_ab":"MI","county":"Oakland","geo_location":{ "type": "Point", "coordinates": [-83.4738, 42.641] }},
{"zip_code":"49929","country":"US","city":"Greenland","state":"Michigan","state_ab":"MI","county":"Ontonagon","geo_location":{ "type": "Point", "coordinates": [-89.1146, 46.7809] }},
{"zip_code":"49426","country":"US","city":"Hudsonville","state":"Michigan","state_ab":"MI","county":"Ottawa","geo_location":{ "type": "Point", "coordinates": [-85.8751, 42.8748] }},
{"zip_code":"49776","country":"US","city":"Posen","state":"Michigan","state_ab":"MI","county":"Presque Isle","geo_location":{ "type": "Point", "coordinates": [-83.6393, 45.2233] }},
{"zip_code":"48629","country":"US","city":"Houghton Lake","state":"Michigan","state_ab":"MI","county":"Roscommon","geo_location":{ "type": "Point", "coordinates": [-84.7422, 44.3413] }},
{"zip_code":"48630","country":"US","city":"Houghton Lake Heights","state":"Michigan","state_ab":"MI","county":"Roscommon","geo_location":{ "type": "Point", "coordinates": [-84.7194, 44.3322] }},
{"zip_code":"48656","country":"US","city":"Saint Helen","state":"Michigan","state_ab":"MI","county":"Roscommon","geo_location":{ "type": "Point", "coordinates": [-84.4247, 44.3665] }},
{"zip_code":"48603","country":"US","city":"Saginaw","state":"Michigan","state_ab":"MI","county":"Saginaw","geo_location":{ "type": "Point", "coordinates": [-84.0297, 43.4631] }},
{"zip_code":"48616","country":"US","city":"Chesaning","state":"Michigan","state_ab":"MI","county":"Saginaw","geo_location":{ "type": "Point", "coordinates": [-84.1122, 43.1824] }},
{"zip_code":"48023","country":"US","city":"Fair Haven","state":"Michigan","state_ab":"MI","county":"St. Clair","geo_location":{ "type": "Point", "coordinates": [-82.6688, 42.7023] }},
{"zip_code":"48049","country":"US","city":"North Street","state":"Michigan","state_ab":"MI","county":"St. Clair","geo_location":{ "type": "Point", "coordinates": [-82.5748, 43.0349] }},
{"zip_code":"48063","country":"US","city":"Columbus","state":"Michigan","state_ab":"MI","county":"St. Clair","geo_location":{ "type": "Point", "coordinates": [-82.6675, 42.8892] }},
{"zip_code":"49040","country":"US","city":"Colon","state":"Michigan","state_ab":"MI","county":"St. Joseph","geo_location":{ "type": "Point", "coordinates": [-85.3306, 41.9576] }},
{"zip_code":"49066","country":"US","city":"Leonidas","state":"Michigan","state_ab":"MI","county":"St. Joseph","geo_location":{ "type": "Point", "coordinates": [-85.3497, 42.0294] }},
{"zip_code":"49093","country":"US","city":"Three Rivers","state":"Michigan","state_ab":"MI","county":"St. Joseph","geo_location":{ "type": "Point", "coordinates": [-85.6371, 41.9596] }},
{"zip_code":"48410","country":"US","city":"Argyle","state":"Michigan","state_ab":"MI","county":"Sanilac","geo_location":{ "type": "Point", "coordinates": [-82.9455, 43.5589] }},
{"zip_code":"48450","country":"US","city":"Lexington","state":"Michigan","state_ab":"MI","county":"Sanilac","geo_location":{ "type": "Point", "coordinates": [-82.5301, 43.2435] }},
{"zip_code":"49840","country":"US","city":"Gulliver","state":"Michigan","state_ab":"MI","county":"Schoolcraft","geo_location":{ "type": "Point", "coordinates": [-86.0214, 46.0115] }},
{"zip_code":"48476","country":"US","city":"Vernon","state":"Michigan","state_ab":"MI","county":"Shiawassee","geo_location":{ "type": "Point", "coordinates": [-84.0328, 42.9406] }},
{"zip_code":"48733","country":"US","city":"Fairgrove","state":"Michigan","state_ab":"MI","county":"Tuscola","geo_location":{ "type": "Point", "coordinates": [-83.5835, 43.5126] }},
{"zip_code":"48746","country":"US","city":"Millington","state":"Michigan","state_ab":"MI","county":"Tuscola","geo_location":{ "type": "Point", "coordinates": [-83.5619, 43.2718] }},
{"zip_code":"49013","country":"US","city":"Bangor","state":"Michigan","state_ab":"MI","county":"Van Buren","geo_location":{ "type": "Point", "coordinates": [-86.1311, 42.3312] }},
{"zip_code":"49026","country":"US","city":"Bloomingdale","state":"Michigan","state_ab":"MI","county":"Van Buren","geo_location":{ "type": "Point", "coordinates": [-85.9568, 42.3842] }},
{"zip_code":"49079","country":"US","city":"Paw Paw","state":"Michigan","state_ab":"MI","county":"Van Buren","geo_location":{ "type": "Point", "coordinates": [-85.9005, 42.2349] }},
{"zip_code":"48113","country":"US","city":"Ann Arbor","state":"Michigan","state_ab":"MI","county":"Washtenaw","geo_location":{ "type": "Point", "coordinates": [-83.8366, 42.2535] }},
{"zip_code":"48126","country":"US","city":"Dearborn","state":"Michigan","state_ab":"MI","county":"Wayne","geo_location":{ "type": "Point", "coordinates": [-83.1801, 42.3349] }},
{"zip_code":"48153","country":"US","city":"Livonia","state":"Michigan","state_ab":"MI","county":"Wayne","geo_location":{ "type": "Point", "coordinates": [-83.1508, 42.2399] }},
{"zip_code":"48180","country":"US","city":"Taylor","state":"Michigan","state_ab":"MI","county":"Wayne","geo_location":{ "type": "Point", "coordinates": [-83.2673, 42.2317] }},
{"zip_code":"48193","country":"US","city":"Riverview","state":"Michigan","state_ab":"MI","county":"Wayne County","geo_location":{ "type": "Point", "coordinates": [-83.2461, 42.1782] }},
{"zip_code":"48203","country":"US","city":"Highland Park","state":"Michigan","state_ab":"MI","county":"Wayne","geo_location":{ "type": "Point", "coordinates": [-83.1009, 42.4212] }},
{"zip_code":"48216","country":"US","city":"Detroit","state":"Michigan","state_ab":"MI","county":"Wayne","geo_location":{ "type": "Point", "coordinates": [-83.0827, 42.3275] }},
{"zip_code":"48229","country":"US","city":"Ecorse","state":"Michigan","state_ab":"MI","county":"Wayne","geo_location":{ "type": "Point", "coordinates": [-83.1489, 42.2519] }},
{"zip_code":"48230","country":"US","city":"Grosse Pointe","state":"Michigan","state_ab":"MI","county":"Wayne","geo_location":{ "type": "Point", "coordinates": [-82.9244, 42.3847] }},
{"zip_code":"48243","country":"US","city":"Detroit","state":"Michigan","state_ab":"MI","county":"Wayne","geo_location":{ "type": "Point", "coordinates": [-83.1508, 42.2399] }},
{"zip_code":"48269","country":"US","city":"Detroit","state":"Michigan","state_ab":"MI","county":"Wayne","geo_location":{ "type": "Point", "coordinates": [-83.1508, 42.2399] }},
{"zip_code":"49620","country":"US","city":"Buckley","state":"Michigan","state_ab":"MI","county":"Wexford","geo_location":{ "type": "Point", "coordinates": [-85.6935, 44.5199] }},
{"zip_code":"55070","country":"US","city":"Saint Francis","state":"Minnesota","state_ab":"MN","county":"Anoka","geo_location":{ "type": "Point", "coordinates": [-93.3598, 45.3903] }},
{"zip_code":"56666","country":"US","city":"Ponemah","state":"Minnesota","state_ab":"MN","county":"Beltrami","geo_location":{ "type": "Point", "coordinates": [-94.917, 48.0372] }},
{"zip_code":"56329","country":"US","city":"Foley","state":"Minnesota","state_ab":"MN","county":"Benton","geo_location":{ "type": "Point", "coordinates": [-93.9148, 45.6919] }},
{"zip_code":"56240","country":"US","city":"Graceville","state":"Minnesota","state_ab":"MN","county":"Big Stone","geo_location":{ "type": "Point", "coordinates": [-96.4209, 45.5602] }},
{"zip_code":"56006","country":"US","city":"Mankato","state":"Minnesota","state_ab":"MN","county":"Blue Earth","geo_location":{ "type": "Point", "coordinates": [-94.0698, 44.056] }},
{"zip_code":"56019","country":"US","city":"Comfrey","state":"Minnesota","state_ab":"MN","county":"Brown","geo_location":{ "type": "Point", "coordinates": [-94.9134, 44.1111] }},
{"zip_code":"56073","country":"US","city":"New Ulm","state":"Minnesota","state_ab":"MN","county":"Brown","geo_location":{ "type": "Point", "coordinates": [-94.4644, 44.3044] }},
{"zip_code":"55726","country":"US","city":"Cromwell","state":"Minnesota","state_ab":"MN","county":"Carlton","geo_location":{ "type": "Point", "coordinates": [-92.8739, 46.6718] }},
{"zip_code":"55780","country":"US","city":"Sawyer","state":"Minnesota","state_ab":"MN","county":"Carlton","geo_location":{ "type": "Point", "coordinates": [-92.6927, 46.6831] }},
{"zip_code":"55339","country":"US","city":"Hamburg","state":"Minnesota","state_ab":"MN","county":"Carver","geo_location":{ "type": "Point", "coordinates": [-93.9643, 44.7315] }},
{"zip_code":"55559","country":"US","city":"Young America","state":"Minnesota","state_ab":"MN","county":"Carver","geo_location":{ "type": "Point", "coordinates": [-93.7665, 44.8055] }},
{"zip_code":"55560","country":"US","city":"Young America","state":"Minnesota","state_ab":"MN","county":"Carver","geo_location":{ "type": "Point", "coordinates": [-93.7665, 44.8055] }},
{"zip_code":"56473","country":"US","city":"Pillager","state":"Minnesota","state_ab":"MN","county":"Cass","geo_location":{ "type": "Point", "coordinates": [-94.4895, 46.3607] }},
{"zip_code":"56626","country":"US","city":"Bena","state":"Minnesota","state_ab":"MN","county":"Cass","geo_location":{ "type": "Point", "coordinates": [-94.2519, 47.3477] }},
{"zip_code":"55056","country":"US","city":"North Branch","state":"Minnesota","state_ab":"MN","county":"Chisago","geo_location":{ "type": "Point", "coordinates": [-92.9371, 45.5165] }},
{"zip_code":"55069","country":"US","city":"Rush City","state":"Minnesota","state_ab":"MN","county":"Chisago","geo_location":{ "type": "Point", "coordinates": [-92.9979, 45.6845] }},
{"zip_code":"56536","country":"US","city":"Felton","state":"Minnesota","state_ab":"MN","county":"Clay","geo_location":{ "type": "Point", "coordinates": [-96.5052, 47.0705] }},
{"zip_code":"56549","country":"US","city":"Hawley","state":"Minnesota","state_ab":"MN","county":"Clay","geo_location":{ "type": "Point", "coordinates": [-96.4092, 46.9777] }},
{"zip_code":"56563","country":"US","city":"Moorhead","state":"Minnesota","state_ab":"MN","county":"Clay","geo_location":{ "type": "Point", "coordinates": [-96.5062, 46.89] }},
{"zip_code":"56460","country":"US","city":"Lake Itasca","state":"Minnesota","state_ab":"MN","county":"Clearwater County","geo_location":{ "type": "Point", "coordinates": [-95.2647, 47.2351] }},
{"zip_code":"56459","country":"US","city":"Lake Hubert","state":"Minnesota","state_ab":"MN","county":"Crow Wing","geo_location":{ "type": "Point", "coordinates": [-94.2519, 46.4987] }},
{"zip_code":"55120","country":"US","city":"Saint Paul","state":"Minnesota","state_ab":"MN","county":"Dakota","geo_location":{ "type": "Point", "coordinates": [-93.1434, 44.8704] }},
{"zip_code":"56343","country":"US","city":"Kensington","state":"Minnesota","state_ab":"MN","county":"Douglas","geo_location":{ "type": "Point", "coordinates": [-95.6945, 45.8176] }},
{"zip_code":"56033","country":"US","city":"Frost","state":"Minnesota","state_ab":"MN","county":"Faribault","geo_location":{ "type": "Point", "coordinates": [-93.9361, 43.5638] }},
{"zip_code":"56020","country":"US","city":"Conger","state":"Minnesota","state_ab":"MN","county":"Freeborn","geo_location":{ "type": "Point", "coordinates": [-93.5482, 43.621] }},
{"zip_code":"55946","country":"US","city":"Kenyon","state":"Minnesota","state_ab":"MN","county":"Goodhue","geo_location":{ "type": "Point", "coordinates": [-93.0197, 44.2552] }},
{"zip_code":"56590","country":"US","city":"Wendell","state":"Minnesota","state_ab":"MN","county":"Grant","geo_location":{ "type": "Point", "coordinates": [-96.1144, 46.0562] }},
{"zip_code":"55340","country":"US","city":"Hamel","state":"Minnesota","state_ab":"MN","county":"Hennepin","geo_location":{ "type": "Point", "coordinates": [-93.576, 45.08] }},
{"zip_code":"55403","country":"US","city":"Minneapolis","state":"Minnesota","state_ab":"MN","county":"Hennepin","geo_location":{ "type": "Point", "coordinates": [-93.2828, 44.9673] }},
{"zip_code":"55416","country":"US","city":"Minneapolis","state":"Minnesota","state_ab":"MN","county":"Hennepin","geo_location":{ "type": "Point", "coordinates": [-93.3373, 44.9497] }},
{"zip_code":"55429","country":"US","city":"Minneapolis","state":"Minnesota","state_ab":"MN","county":"Hennepin","geo_location":{ "type": "Point", "coordinates": [-93.3413, 45.0645] }},
{"zip_code":"55430","country":"US","city":"Minneapolis","state":"Minnesota","state_ab":"MN","county":"Hennepin","geo_location":{ "type": "Point", "coordinates": [-93.3022, 45.0639] }},
{"zip_code":"55443","country":"US","city":"Minneapolis","state":"Minnesota","state_ab":"MN","county":"Hennepin","geo_location":{ "type": "Point", "coordinates": [-93.3431, 45.1194] }},
{"zip_code":"55470","country":"US","city":"Minneapolis","state":"Minnesota","state_ab":"MN","county":"Hennepin","geo_location":{ "type": "Point", "coordinates": [-93.4719, 45.0159] }},
{"zip_code":"55483","country":"US","city":"Minneapolis","state":"Minnesota","state_ab":"MN","county":"Hennepin","geo_location":{ "type": "Point", "coordinates": [-93.4719, 45.0159] }},
{"zip_code":"55573","country":"US","city":"Young America","state":"Minnesota","state_ab":"MN","county":"Hennepin","geo_location":{ "type": "Point", "coordinates": [-93.4719, 45.0159] }}]}