{"value": [{"zip_code":"68669","country":"US","city":"Ulysses","state":"Nebraska","state_ab":"NE","county":"Butler","geo_location":{ "type": "Point", "coordinates": [-97.1984, 41.0791] }},
{"zip_code":"68409","country":"US","city":"Murray","state":"Nebraska","state_ab":"NE","county":"Cass","geo_location":{ "type": "Point", "coordinates": [-95.9227, 40.92] }},
{"zip_code":"68463","country":"US","city":"Weeping Water","state":"Nebraska","state_ab":"NE","county":"Cass","geo_location":{ "type": "Point", "coordinates": [-96.1528, 40.8731] }},
{"zip_code":"69219","country":"US","city":"Nenzel","state":"Nebraska","state_ab":"NE","county":"Cherry","geo_location":{ "type": "Point", "coordinates": [-101.1007, 42.7061] }},
{"zip_code":"69220","country":"US","city":"Sparks","state":"Nebraska","state_ab":"NE","county":"Cherry","geo_location":{ "type": "Point", "coordinates": [-101.1262, 42.5426] }},
{"zip_code":"69156","country":"US","city":"Potter","state":"Nebraska","state_ab":"NE","county":"Cheyenne","geo_location":{ "type": "Point", "coordinates": [-103.3061, 41.2347] }},
{"zip_code":"68979","country":"US","city":"Sutton","state":"Nebraska","state_ab":"NE","county":"Clay","geo_location":{ "type": "Point", "coordinates": [-97.8735, 40.654] }},
{"zip_code":"68980","country":"US","city":"Trumbull","state":"Nebraska","state_ab":"NE","county":"Clay","geo_location":{ "type": "Point", "coordinates": [-98.2574, 40.6692] }},
{"zip_code":"68629","country":"US","city":"Clarkson","state":"Nebraska","state_ab":"NE","county":"Colfax","geo_location":{ "type": "Point", "coordinates": [-97.1051, 41.6961] }},
{"zip_code":"68643","country":"US","city":"Leigh","state":"Nebraska","state_ab":"NE","county":"Colfax","geo_location":{ "type": "Point", "coordinates": [-97.232, 41.6739] }},
{"zip_code":"68733","country":"US","city":"Emerson","state":"Nebraska","state_ab":"NE","county":"Dakota","geo_location":{ "type": "Point", "coordinates": [-96.7159, 42.2852] }},
{"zip_code":"68850","country":"US","city":"Lexington","state":"Nebraska","state_ab":"NE","county":"Dawson","geo_location":{ "type": "Point", "coordinates": [-99.7515, 40.785] }},
{"zip_code":"68863","country":"US","city":"Overton","state":"Nebraska","state_ab":"NE","county":"Dawson","geo_location":{ "type": "Point", "coordinates": [-99.5278, 40.7519] }},
{"zip_code":"69130","country":"US","city":"Cozad","state":"Nebraska","state_ab":"NE","county":"Dawson","geo_location":{ "type": "Point", "coordinates": [-99.9921, 40.8619] }},
{"zip_code":"69129","country":"US","city":"Chappell","state":"Nebraska","state_ab":"NE","county":"Deuel","geo_location":{ "type": "Point", "coordinates": [-102.4523, 41.0966] }},
{"zip_code":"68063","country":"US","city":"Uehling","state":"Nebraska","state_ab":"NE","county":"Dodge","geo_location":{ "type": "Point", "coordinates": [-96.5037, 41.7369] }},
{"zip_code":"68010","country":"US","city":"Boys Town","state":"Nebraska","state_ab":"NE","county":"Douglas","geo_location":{ "type": "Point", "coordinates": [-96.133, 41.2587] }},
{"zip_code":"68139","country":"US","city":"Omaha","state":"Nebraska","state_ab":"NE","county":"Douglas","geo_location":{ "type": "Point", "coordinates": [-96.1711, 41.2917] }},
{"zip_code":"68179","country":"US","city":"Omaha","state":"Nebraska","state_ab":"NE","county":"Douglas","geo_location":{ "type": "Point", "coordinates": [-96.1711, 41.2917] }},
{"zip_code":"68180","country":"US","city":"Omaha","state":"Nebraska","state_ab":"NE","county":"Douglas","geo_location":{ "type": "Point", "coordinates": [-96.1711, 41.2917] }},
{"zip_code":"68436","country":"US","city":"Shickley","state":"Nebraska","state_ab":"NE","county":"Fillmore","geo_location":{ "type": "Point", "coordinates": [-97.7143, 40.4077] }},
{"zip_code":"68939","country":"US","city":"Franklin","state":"Nebraska","state_ab":"NE","county":"Franklin","geo_location":{ "type": "Point", "coordinates": [-98.9469, 40.1052] }},
{"zip_code":"69039","country":"US","city":"Moorefield","state":"Nebraska","state_ab":"NE","county":"Frontier","geo_location":{ "type": "Point", "coordinates": [-100.3108, 40.5786] }},
{"zip_code":"68926","country":"US","city":"Beaver City","state":"Nebraska","state_ab":"NE","county":"Furnas","geo_location":{ "type": "Point", "coordinates": [-99.8065, 40.129] }},
{"zip_code":"68823","country":"US","city":"Burwell","state":"Nebraska","state_ab":"NE","county":"Garfield","geo_location":{ "type": "Point", "coordinates": [-99.0995, 41.808] }},
{"zip_code":"69350","country":"US","city":"Hyannis","state":"Nebraska","state_ab":"NE","county":"Grant","geo_location":{ "type": "Point", "coordinates": [-101.7483, 42.007] }},
{"zip_code":"68810","country":"US","city":"Alda","state":"Nebraska","state_ab":"NE","county":"Hall","geo_location":{ "type": "Point", "coordinates": [-98.4551, 40.8569] }},
{"zip_code":"68966","country":"US","city":"Orleans","state":"Nebraska","state_ab":"NE","county":"Harlan","geo_location":{ "type": "Point", "coordinates": [-99.4572, 40.1484] }},
{"zip_code":"69040","country":"US","city":"Palisade","state":"Nebraska","state_ab":"NE","county":"Hitchcock","geo_location":{ "type": "Point", "coordinates": [-101.1295, 40.3387] }},
{"zip_code":"68450","country":"US","city":"Tecumseh","state":"Nebraska","state_ab":"NE","county":"Johnson","geo_location":{ "type": "Point", "coordinates": [-96.205, 40.3697] }},
{"zip_code":"68759","country":"US","city":"Newport","state":"Nebraska","state_ab":"NE","county":"Keya Paha","geo_location":{ "type": "Point", "coordinates": [-99.3359, 42.6001] }},
{"zip_code":"68760","country":"US","city":"Niobrara","state":"Nebraska","state_ab":"NE","county":"Knox","geo_location":{ "type": "Point", "coordinates": [-97.9248, 42.7391] }},
{"zip_code":"68786","country":"US","city":"Wausa","state":"Nebraska","state_ab":"NE","county":"Knox","geo_location":{ "type": "Point", "coordinates": [-97.5576, 42.4973] }},
{"zip_code":"68526","country":"US","city":"Lincoln","state":"Nebraska","state_ab":"NE","county":"Lancaster","geo_location":{ "type": "Point", "coordinates": [-96.5878, 40.7314] }},
{"zip_code":"69103","country":"US","city":"North Platte","state":"Nebraska","state_ab":"NE","county":"Lincoln","geo_location":{ "type": "Point", "coordinates": [-100.7469, 41.0464] }},
{"zip_code":"69143","country":"US","city":"Hershey","state":"Nebraska","state_ab":"NE","county":"Lincoln","geo_location":{ "type": "Point", "coordinates": [-101.0392, 41.2102] }},
{"zip_code":"69169","country":"US","city":"Wallace","state":"Nebraska","state_ab":"NE","county":"Lincoln","geo_location":{ "type": "Point", "coordinates": [-101.1738, 40.8304] }},
{"zip_code":"69170","country":"US","city":"Wellfleet","state":"Nebraska","state_ab":"NE","county":"Lincoln","geo_location":{ "type": "Point", "coordinates": [-100.7119, 40.7988] }},
{"zip_code":"69336","country":"US","city":"Bridgeport","state":"Nebraska","state_ab":"NE","county":"Morrill","geo_location":{ "type": "Point", "coordinates": [-103.0701, 41.6766] }},
{"zip_code":"68320","country":"US","city":"Brock","state":"Nebraska","state_ab":"NE","county":"Nemaha","geo_location":{ "type": "Point", "coordinates": [-95.9801, 40.4772] }},
{"zip_code":"68346","country":"US","city":"Dunbar","state":"Nebraska","state_ab":"NE","county":"Otoe","geo_location":{ "type": "Point", "coordinates": [-96.0136, 40.6592] }},
{"zip_code":"68410","country":"US","city":"Nebraska City","state":"Nebraska","state_ab":"NE","county":"Otoe","geo_location":{ "type": "Point", "coordinates": [-95.8619, 40.6747] }},
{"zip_code":"68940","country":"US","city":"Funk","state":"Nebraska","state_ab":"NE","county":"Phelps","geo_location":{ "type": "Point", "coordinates": [-99.245, 40.502] }},
{"zip_code":"69026","country":"US","city":"Danbury","state":"Nebraska","state_ab":"NE","county":"Red Willow","geo_location":{ "type": "Point", "coordinates": [-100.4242, 40.0377] }},
{"zip_code":"68333","country":"US","city":"Crete","state":"Nebraska","state_ab":"NE","county":"Saline","geo_location":{ "type": "Point", "coordinates": [-96.9567, 40.6193] }},
{"zip_code":"68359","country":"US","city":"Friend","state":"Nebraska","state_ab":"NE","county":"Saline","geo_location":{ "type": "Point", "coordinates": [-97.2739, 40.6368] }},
{"zip_code":"68113","country":"US","city":"Offutt A F B","state":"Nebraska","state_ab":"NE","county":"Sarpy","geo_location":{ "type": "Point", "coordinates": [-95.9076, 41.1148] }},
{"zip_code":"68050","country":"US","city":"Prague","state":"Nebraska","state_ab":"NE","county":"Saunders","geo_location":{ "type": "Point", "coordinates": [-96.8301, 41.3036] }},
{"zip_code":"69349","country":"US","city":"Henry","state":"Nebraska","state_ab":"NE","county":"Scotts Bluff","geo_location":{ "type": "Point", "coordinates": [-104.0452, 41.9873] }},
{"zip_code":"69363","country":"US","city":"Scottsbluff","state":"Nebraska","state_ab":"NE","county":"Scotts Bluff","geo_location":{ "type": "Point", "coordinates": [-103.7073, 41.851] }},
{"zip_code":"68360","country":"US","city":"Garland","state":"Nebraska","state_ab":"NE","county":"Seward","geo_location":{ "type": "Point", "coordinates": [-96.9702, 40.9412] }},
{"zip_code":"68423","country":"US","city":"Pleasant Dale","state":"Nebraska","state_ab":"NE","county":"Seward","geo_location":{ "type": "Point", "coordinates": [-96.9513, 40.8133] }},
{"zip_code":"68009","country":"US","city":"Blair","state":"Nebraska","state_ab":"NE","county":"Washington","geo_location":{ "type": "Point", "coordinates": [-96.1823, 41.5383] }},
{"zip_code":"68023","country":"US","city":"Fort Calhoun","state":"Nebraska","state_ab":"NE","county":"Washington","geo_location":{ "type": "Point", "coordinates": [-96.0324, 41.4373] }},
{"zip_code":"68319","country":"US","city":"Bradshaw","state":"Nebraska","state_ab":"NE","county":"York","geo_location":{ "type": "Point", "coordinates": [-97.7607, 40.9207] }},
{"zip_code":"3220","country":"US","city":"Belmont","state":"New Hampshire","state_ab":"NH","county":"Belknap","geo_location":{ "type": "Point", "coordinates": [-71.489, 43.4512] }},
{"zip_code":"3246","country":"US","city":"Laconia","state":"New Hampshire","state_ab":"NH","county":"Belknap","geo_location":{ "type": "Point", "coordinates": [-71.4781, 43.5727] }},
{"zip_code":"65323","country":"US","city":"Calhoun","state":"Missouri","state_ab":"MO","county":"Henry","geo_location":{ "type": "Point", "coordinates": [-93.6459, 38.4858] }},
{"zip_code":"65776","country":"US","city":"South Fork","state":"Missouri","state_ab":"MO","county":"Howell","geo_location":{ "type": "Point", "coordinates": [-91.9868, 36.6291] }},
{"zip_code":"65789","country":"US","city":"Pomona","state":"Missouri","state_ab":"MO","county":"Howell","geo_location":{ "type": "Point", "coordinates": [-91.9137, 36.8441] }},
{"zip_code":"65790","country":"US","city":"Pottersville","state":"Missouri","state_ab":"MO","county":"Howell","geo_location":{ "type": "Point", "coordinates": [-92.044, 36.7068] }},
{"zip_code":"65439","country":"US","city":"Bixby","state":"Missouri","state_ab":"MO","county":"Iron","geo_location":{ "type": "Point", "coordinates": [-91.0835, 37.6722] }},
{"zip_code":"64050","country":"US","city":"Independence","state":"Missouri","state_ab":"MO","county":"Jackson","geo_location":{ "type": "Point", "coordinates": [-94.4111, 39.0983] }},
{"zip_code":"64063","country":"US","city":"Lees Summit","state":"Missouri","state_ab":"MO","county":"Jackson","geo_location":{ "type": "Point", "coordinates": [-94.3517, 38.912] }},
{"zip_code":"64113","country":"US","city":"Kansas City","state":"Missouri","state_ab":"MO","county":"Jackson","geo_location":{ "type": "Point", "coordinates": [-94.5938, 39.0123] }},
{"zip_code":"64126","country":"US","city":"Kansas City","state":"Missouri","state_ab":"MO","county":"Jackson","geo_location":{ "type": "Point", "coordinates": [-94.5047, 39.0923] }},
{"zip_code":"64139","country":"US","city":"Kansas City","state":"Missouri","state_ab":"MO","county":"Jackson","geo_location":{ "type": "Point", "coordinates": [-94.4061, 38.9659] }},
{"zip_code":"64179","country":"US","city":"Kansas City","state":"Missouri","state_ab":"MO","county":"Jackson","geo_location":{ "type": "Point", "coordinates": [-94.3567, 39.035] }},
{"zip_code":"64180","country":"US","city":"Kansas City","state":"Missouri","state_ab":"MO","county":"Jackson","geo_location":{ "type": "Point", "coordinates": [-94.3567, 39.035] }},
{"zip_code":"64193","country":"US","city":"Kansas City","state":"Missouri","state_ab":"MO","county":"Jackson","geo_location":{ "type": "Point", "coordinates": [-94.3567, 39.035] }},
{"zip_code":"64836","country":"US","city":"Carthage","state":"Missouri","state_ab":"MO","county":"Jasper","geo_location":{ "type": "Point", "coordinates": [-94.3112, 37.1597] }},
{"zip_code":"64849","country":"US","city":"Neck City","state":"Missouri","state_ab":"MO","county":"Jasper","geo_location":{ "type": "Point", "coordinates": [-94.4316, 37.2524] }},
{"zip_code":"63019","country":"US","city":"Crystal City","state":"Missouri","state_ab":"MO","county":"Jefferson","geo_location":{ "type": "Point", "coordinates": [-90.3825, 38.23] }},
{"zip_code":"63020","country":"US","city":"De Soto","state":"Missouri","state_ab":"MO","county":"Jefferson","geo_location":{ "type": "Point", "coordinates": [-90.5546, 38.1204] }},
{"zip_code":"64733","country":"US","city":"Chilhowee","state":"Missouri","state_ab":"MO","county":"Johnson","geo_location":{ "type": "Point", "coordinates": [-93.8653, 38.6126] }},
{"zip_code":"65336","country":"US","city":"Knob Noster","state":"Missouri","state_ab":"MO","county":"Johnson","geo_location":{ "type": "Point", "coordinates": [-93.5564, 38.7469] }},
{"zip_code":"63446","country":"US","city":"Knox City","state":"Missouri","state_ab":"MO","county":"Knox","geo_location":{ "type": "Point", "coordinates": [-92.0077, 40.1384] }},
{"zip_code":"63460","country":"US","city":"Novelty","state":"Missouri","state_ab":"MO","county":"Knox","geo_location":{ "type": "Point", "coordinates": [-92.2438, 40.036] }},
{"zip_code":"65543","country":"US","city":"Lynchburg","state":"Missouri","state_ab":"MO","county":"Laclede","geo_location":{ "type": "Point", "coordinates": [-92.3202, 37.5054] }},
{"zip_code":"64076","country":"US","city":"Odessa","state":"Missouri","state_ab":"MO","county":"Lafayette","geo_location":{ "type": "Point", "coordinates": [-93.9757, 38.9829] }},
{"zip_code":"65723","country":"US","city":"Pierce City","state":"Missouri","state_ab":"MO","county":"Lawrence","geo_location":{ "type": "Point", "coordinates": [-94.0024, 36.973] }},
{"zip_code":"63473","country":"US","city":"Williamstown","state":"Missouri","state_ab":"MO","county":"Lewis","geo_location":{ "type": "Point", "coordinates": [-91.7852, 40.2491] }},
{"zip_code":"63343","country":"US","city":"Elsberry","state":"Missouri","state_ab":"MO","county":"Lincoln","geo_location":{ "type": "Point", "coordinates": [-90.816, 39.159] }},
{"zip_code":"63369","country":"US","city":"Old Monroe","state":"Missouri","state_ab":"MO","county":"Lincoln","geo_location":{ "type": "Point", "coordinates": [-90.7782, 38.9346] }},
{"zip_code":"63370","country":"US","city":"Olney","state":"Missouri","state_ab":"MO","county":"Lincoln","geo_location":{ "type": "Point", "coordinates": [-91.2317, 39.0776] }},
{"zip_code":"64630","country":"US","city":"Browning","state":"Missouri","state_ab":"MO","county":"Linn","geo_location":{ "type": "Point", "coordinates": [-93.1607, 40.029] }},
{"zip_code":"64656","country":"US","city":"Ludlow","state":"Missouri","state_ab":"MO","county":"Livingston","geo_location":{ "type": "Point", "coordinates": [-93.7046, 39.6551] }},
{"zip_code":"64863","country":"US","city":"South West City","state":"Missouri","state_ab":"MO","county":"McDonald","geo_location":{ "type": "Point", "coordinates": [-94.5961, 36.5319] }},
{"zip_code":"63549","country":"US","city":"La Plata","state":"Missouri","state_ab":"MO","county":"Macon","geo_location":{ "type": "Point", "coordinates": [-92.5077, 40.0208] }},
{"zip_code":"65013","country":"US","city":"Belle","state":"Missouri","state_ab":"MO","county":"Maries","geo_location":{ "type": "Point", "coordinates": [-91.7303, 38.2711] }},
{"zip_code":"65026","country":"US","city":"Eldon","state":"Missouri","state_ab":"MO","county":"Miller","geo_location":{ "type": "Point", "coordinates": [-92.5736, 38.3401] }},
{"zip_code":"63820","country":"US","city":"Anniston","state":"Missouri","state_ab":"MO","county":"Mississippi","geo_location":{ "type": "Point", "coordinates": [-89.3462, 36.8226] }},
{"zip_code":"63833","country":"US","city":"Catron","state":"Missouri","state_ab":"MO","county":"New Madrid","geo_location":{ "type": "Point", "coordinates": [-89.7706, 36.6876] }},
{"zip_code":"63860","country":"US","city":"Kewanee","state":"Missouri","state_ab":"MO","county":"New Madrid","geo_location":{ "type": "Point", "coordinates": [-89.5639, 36.6726] }},
{"zip_code":"63873","country":"US","city":"Portageville","state":"Missouri","state_ab":"MO","county":"New Madrid","geo_location":{ "type": "Point", "coordinates": [-89.7002, 36.4279] }},
{"zip_code":"64850","country":"US","city":"Neosho","state":"Missouri","state_ab":"MO","county":"Newton","geo_location":{ "type": "Point", "coordinates": [-94.3862, 36.8706] }},
{"zip_code":"64423","country":"US","city":"Barnard","state":"Missouri","state_ab":"MO","county":"Nodaway","geo_location":{ "type": "Point", "coordinates": [-94.8056, 40.1862] }},
{"zip_code":"64476","country":"US","city":"Pickering","state":"Missouri","state_ab":"MO","county":"Nodaway","geo_location":{ "type": "Point", "coordinates": [-94.8411, 40.4591] }},
{"zip_code":"65606","country":"US","city":"Alton","state":"Missouri","state_ab":"MO","county":"Oregon","geo_location":{ "type": "Point", "coordinates": [-91.3971, 36.6929] }},
{"zip_code":"63783","country":"US","city":"Uniontown","state":"Missouri","state_ab":"MO","county":"Perry","geo_location":{ "type": "Point", "coordinates": [-89.6798, 37.6073] }},
{"zip_code":"65350","country":"US","city":"Smithton","state":"Missouri","state_ab":"MO","county":"Pettis","geo_location":{ "type": "Point", "coordinates": [-93.1088, 38.66] }},
{"zip_code":"65529","country":"US","city":"Jerome","state":"Missouri","state_ab":"MO","county":"Phelps","geo_location":{ "type": "Point", "coordinates": [-91.9906, 37.9254] }},
{"zip_code":"63330","country":"US","city":"Annada","state":"Missouri","state_ab":"MO","county":"Pike","geo_location":{ "type": "Point", "coordinates": [-90.8224, 39.2558] }},
{"zip_code":"63433","country":"US","city":"Ashburn","state":"Missouri","state_ab":"MO","county":"Pike","geo_location":{ "type": "Point", "coordinates": [-91.1844, 39.561] }},
{"zip_code":"64153","country":"US","city":"Kansas City","state":"Missouri","state_ab":"MO","county":"Platte","geo_location":{ "type": "Point", "coordinates": [-94.697, 39.2627] }},
{"zip_code":"65659","country":"US","city":"Goodson","state":"Missouri","state_ab":"MO","county":"Polk","geo_location":{ "type": "Point", "coordinates": [-93.2375, 37.7075] }},
{"zip_code":"65710","country":"US","city":"Morrisville","state":"Missouri","state_ab":"MO","county":"Polk","geo_location":{ "type": "Point", "coordinates": [-93.4275, 37.4686] }},
{"zip_code":"65556","country":"US","city":"Richland","state":"Missouri","state_ab":"MO","county":"Pulaski","geo_location":{ "type": "Point", "coordinates": [-92.3962, 37.8528] }},
{"zip_code":"65583","country":"US","city":"Waynesville","state":"Missouri","state_ab":"MO","county":"Pulaski","geo_location":{ "type": "Point", "coordinates": [-92.2105, 37.7676] }},
{"zip_code":"63459","country":"US","city":"New London","state":"Missouri","state_ab":"MO","county":"Ralls","geo_location":{ "type": "Point", "coordinates": [-91.396, 39.5917] }},
{"zip_code":"65259","country":"US","city":"Huntsville","state":"Missouri","state_ab":"MO","county":"Randolph","geo_location":{ "type": "Point", "coordinates": [-92.553, 39.4354] }},
{"zip_code":"65260","country":"US","city":"Jacksonville","state":"Missouri","state_ab":"MO","county":"Randolph","geo_location":{ "type": "Point", "coordinates": [-92.4315, 39.5791] }},
{"zip_code":"64036","country":"US","city":"Henrietta","state":"Missouri","state_ab":"MO","county":"Ray","geo_location":{ "type": "Point", "coordinates": [-93.9369, 39.2367] }},
{"zip_code":"63666","country":"US","city":"Reynolds","state":"Missouri","state_ab":"MO","county":"Reynolds","geo_location":{ "type": "Point", "coordinates": [-91.0243, 37.3272] }},
{"zip_code":"63303","country":"US","city":"Saint Charles","state":"Missouri","state_ab":"MO","county":"St. Charles","geo_location":{ "type": "Point", "coordinates": [-90.5471, 38.7622] }},
{"zip_code":"64760","country":"US","city":"Latour","state":"Missouri","state_ab":"MO","county":"Saint Clair County","geo_location":{ "type": "Point", "coordinates": [-94.0379, 38.6279] }},
{"zip_code":"63626","country":"US","city":"Blackwell","state":"Missouri","state_ab":"MO","county":"St. Francois","geo_location":{ "type": "Point", "coordinates": [-90.6279, 38.0544] }},
{"zip_code":"63640","country":"US","city":"Farmington","state":"Missouri","state_ab":"MO","county":"St. Francois","geo_location":{ "type": "Point", "coordinates": [-90.4094, 37.7773] }},
{"zip_code":"63653","country":"US","city":"Leadwood","state":"Missouri","state_ab":"MO","county":"St. Francois","geo_location":{ "type": "Point", "coordinates": [-90.5879, 37.8577] }},
{"zip_code":"63006","country":"US","city":"Chesterfield","state":"Missouri","state_ab":"MO","county":"St. Louis","geo_location":{ "type": "Point", "coordinates": [-90.4271, 38.6383] }},
{"zip_code":"63033","country":"US","city":"Florissant","state":"Missouri","state_ab":"MO","county":"St. Louis","geo_location":{ "type": "Point", "coordinates": [-90.2831, 38.7947] }},
{"zip_code":"63099","country":"US","city":"Fenton","state":"Missouri","state_ab":"MO","county":"St. Louis","geo_location":{ "type": "Point", "coordinates": [-90.4271, 38.6383] }},
{"zip_code":"63123","country":"US","city":"Saint Louis","state":"Missouri","state_ab":"MO","county":"St. Louis","geo_location":{ "type": "Point", "coordinates": [-90.3241, 38.5476] }},
{"zip_code":"63136","country":"US","city":"Saint Louis","state":"Missouri","state_ab":"MO","county":"St. Louis","geo_location":{ "type": "Point", "coordinates": [-90.27, 38.7196] }},
{"zip_code":"65349","country":"US","city":"Slater","state":"Missouri","state_ab":"MO","county":"Saline","geo_location":{ "type": "Point", "coordinates": [-93.0547, 39.2163] }},
{"zip_code":"63536","country":"US","city":"Downing","state":"Missouri","state_ab":"MO","county":"Schuyler","geo_location":{ "type": "Point", "coordinates": [-92.3918, 40.4798] }},
{"zip_code":"63563","country":"US","city":"Rutledge","state":"Missouri","state_ab":"MO","county":"Scotland","geo_location":{ "type": "Point", "coordinates": [-92.0976, 40.329] }},
{"zip_code":"65466","country":"US","city":"Eminence","state":"Missouri","state_ab":"MO","county":"Shannon","geo_location":{ "type": "Point", "coordinates": [-91.4519, 37.1626] }},
{"zip_code":"63730","country":"US","city":"Advance","state":"Missouri","state_ab":"MO","county":"Stoddard","geo_location":{ "type": "Point", "coordinates": [-89.9106, 37.0922] }},
{"zip_code":"63846","country":"US","city":"Essex","state":"Missouri","state_ab":"MO","county":"Stoddard","geo_location":{ "type": "Point", "coordinates": [-89.8366, 36.8109] }},
{"zip_code":"63936","country":"US","city":"Dudley","state":"Missouri","state_ab":"MO","county":"Stoddard","geo_location":{ "type": "Point", "coordinates": [-90.121, 36.811] }},
{"zip_code":"65633","country":"US","city":"Crane","state":"Missouri","state_ab":"MO","county":"Stone","geo_location":{ "type": "Point", "coordinates": [-93.5303, 36.9258] }},
{"zip_code":"65686","country":"US","city":"Kimberling City","state":"Missouri","state_ab":"MO","county":"Stone","geo_location":{ "type": "Point", "coordinates": [-93.4372, 36.6393] }},
{"zip_code":"65673","country":"US","city":"Hollister","state":"Missouri","state_ab":"MO","county":"Taney","geo_location":{ "type": "Point", "coordinates": [-93.2162, 36.6179] }},
{"zip_code":"65479","country":"US","city":"Hartshorn","state":"Missouri","state_ab":"MO","county":"Texas","geo_location":{ "type": "Point", "coordinates": [-91.6834, 37.2843] }},
{"zip_code":"65570","country":"US","city":"Success","state":"Missouri","state_ab":"MO","county":"Texas","geo_location":{ "type": "Point", "coordinates": [-92.0909, 37.4626] }},
{"zip_code":"63383","country":"US","city":"Warrenton","state":"Missouri","state_ab":"MO","county":"Warren","geo_location":{ "type": "Point", "coordinates": [-91.174, 38.805] }},
{"zip_code":"63950","country":"US","city":"Lodi","state":"Missouri","state_ab":"MO","county":"Wayne","geo_location":{ "type": "Point", "coordinates": [-90.445, 37.1196] }},
{"zip_code":"63963","country":"US","city":"Shook","state":"Missouri","state_ab":"MO","county":"Wayne","geo_location":{ "type": "Point", "coordinates": [-90.3006, 37.077] }},
{"zip_code":"65660","country":"US","city":"Graff","state":"Missouri","state_ab":"MO","county":"Wright","geo_location":{ "type": "Point", "coordinates": [-92.2647, 37.3262] }},
{"zip_code":"63109","country":"US","city":"Saint Louis","state":"Missouri","state_ab":"MO","county":"St. Louis (city)","geo_location":{ "type": "Point", "coordinates": [-90.2929, 38.5855] }},
{"zip_code":"63110","country":"US","city":"Saint Louis","state":"Missouri","state_ab":"MO","county":"St. Louis (city)","geo_location":{ "type": "Point", "coordinates": [-90.2564, 38.6185] }},
{"zip_code":"63150","country":"US","city":"Saint Louis","state":"Missouri","state_ab":"MO","county":"St. Louis (city)","geo_location":{ "type": "Point", "coordinates": [-90.2435, 38.6531] }},
{"zip_code":"63163","country":"US","city":"Saint Louis","state":"Missouri","state_ab":"MO","county":"St. Louis (city)","geo_location":{ "type": "Point", "coordinates": [-90.2435, 38.6531] }},
{"zip_code":"63190","country":"US","city":"Saint Louis","state":"Missouri","state_ab":"MO","county":"City of Saint Louis","geo_location":{ "type": "Point", "coordinates": [-90.2687, 38.6336] }},
{"zip_code":"39120","country":"US","city":"Natchez","state":"Mississippi","state_ab":"MS","county":"Adams","geo_location":{ "type": "Point", "coordinates": [-91.3642, 31.5492] }},
{"zip_code":"39160","country":"US","city":"Sallis","state":"Mississippi","state_ab":"MS","county":"Attala","geo_location":{ "type": "Point", "coordinates": [-89.7552, 33.001] }},
{"zip_code":"38633","country":"US","city":"Hickory Flat","state":"Mississippi","state_ab":"MS","county":"Benton","geo_location":{ "type": "Point", "coordinates": [-89.1862, 34.6244] }},
{"zip_code":"38839","country":"US","city":"Derma","state":"Mississippi","state_ab":"MS","county":"Calhoun","geo_location":{ "type": "Point", "coordinates": [-89.3032, 33.8562] }},
{"zip_code":"38916","country":"US","city":"Calhoun City","state":"Mississippi","state_ab":"MS","county":"Calhoun","geo_location":{ "type": "Point", "coordinates": [-89.3178, 33.8408] }},
{"zip_code":"38943","country":"US","city":"Mc Carley","state":"Mississippi","state_ab":"MS","county":"Carroll","geo_location":{ "type": "Point", "coordinates": [-89.8513, 33.5864] }},
{"zip_code":"39083","country":"US","city":"Hazlehurst","state":"Mississippi","state_ab":"MS","county":"Copiah","geo_location":{ "type": "Point", "coordinates": [-90.4051, 31.8562] }},
{"zip_code":"39119","country":"US","city":"Mount Olive","state":"Mississippi","state_ab":"MS","county":"Covington","geo_location":{ "type": "Point", "coordinates": [-89.6724, 31.7346] }},
{"zip_code":"38686","country":"US","city":"Walls","state":"Mississippi","state_ab":"MS","county":"DeSoto","geo_location":{ "type": "Point", "coordinates": [-89.992, 34.8753] }},
{"zip_code":"39403","country":"US","city":"Hattiesburg","state":"Mississippi","state_ab":"MS","county":"Forrest","geo_location":{ "type": "Point", "coordinates": [-89.3824, 31.3566] }},
{"zip_code":"39456","country":"US","city":"Mc Lain","state":"Mississippi","state_ab":"MS","county":"Greene","geo_location":{ "type": "Point", "coordinates": [-88.7977, 31.0867] }},
{"zip_code":"38929","country":"US","city":"Gore Springs","state":"Mississippi","state_ab":"MS","county":"Grenada","geo_location":{ "type": "Point", "coordinates": [-89.5754, 33.7245] }},
{"zip_code":"39520","country":"US","city":"Bay Saint Louis","state":"Mississippi","state_ab":"MS","county":"Hancock","geo_location":{ "type": "Point", "coordinates": [-89.4632, 30.2956] }},
{"zip_code":"39506","country":"US","city":"Gulfport","state":"Mississippi","state_ab":"MS","county":"Harrison","geo_location":{ "type": "Point", "coordinates": [-89.0684, 30.4158] }},
{"zip_code":"39533","country":"US","city":"Biloxi","state":"Mississippi","state_ab":"MS","county":"Harrison","geo_location":{ "type": "Point", "coordinates": [-89.0684, 30.4158] }},
{"zip_code":"39560","country":"US","city":"Long Beach","state":"Mississippi","state_ab":"MS","county":"Harrison","geo_location":{ "type": "Point", "coordinates": [-89.1646, 30.3598] }},
{"zip_code":"39056","country":"US","city":"Clinton","state":"Mississippi","state_ab":"MS","county":"Hinds","geo_location":{ "type": "Point", "coordinates": [-90.3229, 32.3411] }},
{"zip_code":"39209","country":"US","city":"Jackson","state":"Mississippi","state_ab":"MS","county":"Hinds","geo_location":{ "type": "Point", "coordinates": [-90.2446, 32.3184] }},
{"zip_code":"39210","country":"US","city":"Jackson","state":"Mississippi","state_ab":"MS","county":"Hinds","geo_location":{ "type": "Point", "coordinates": [-90.1771, 32.3218] }},
{"zip_code":"39236","country":"US","city":"Jackson","state":"Mississippi","state_ab":"MS","county":"Hinds","geo_location":{ "type": "Point", "coordinates": [-90.3972, 32.3113] }},
{"zip_code":"39250","country":"US","city":"Jackson","state":"Mississippi","state_ab":"MS","county":"Hinds","geo_location":{ "type": "Point", "coordinates": [-90.3972, 32.3113] }},
{"zip_code":"39289","country":"US","city":"Jackson","state":"Mississippi","state_ab":"MS","county":"Hinds","geo_location":{ "type": "Point", "coordinates": [-90.3972, 32.3113] }},
{"zip_code":"39146","country":"US","city":"Pickens","state":"Mississippi","state_ab":"MS","county":"Holmes","geo_location":{ "type": "Point", "coordinates": [-89.9737, 32.8905] }},
{"zip_code":"39366","country":"US","city":"Vossburg","state":"Mississippi","state_ab":"MS","county":"Jasper","geo_location":{ "type": "Point", "coordinates": [-88.9707, 31.9506] }},
{"zip_code":"39069","country":"US","city":"Fayette","state":"Mississippi","state_ab":"MS","county":"Jefferson","geo_location":{ "type": "Point", "coordinates": [-91.0582, 31.7121] }},
{"zip_code":"39096","country":"US","city":"Lorman","state":"Mississippi","state_ab":"MS","county":"Jefferson","geo_location":{ "type": "Point", "coordinates": [-91.0957, 31.8383] }},
{"zip_code":"39443","country":"US","city":"Laurel","state":"Mississippi","state_ab":"MS","county":"Jones","geo_location":{ "type": "Point", "coordinates": [-89.0759, 31.7138] }},
{"zip_code":"38673","country":"US","city":"Taylor","state":"Mississippi","state_ab":"MS","county":"Lafayette","geo_location":{ "type": "Point", "coordinates": [-89.6273, 34.2849] }},
{"zip_code":"39326","country":"US","city":"Daleville","state":"Mississippi","state_ab":"MS","county":"Lauderdale","geo_location":{ "type": "Point", "coordinates": [-88.6609, 32.5511] }},
{"zip_code":"39663","country":"US","city":"Silver Creek","state":"Mississippi","state_ab":"MS","county":"Lawrence","geo_location":{ "type": "Point", "coordinates": [-90.0173, 31.5755] }},
{"zip_code":"38826","country":"US","city":"Belden","state":"Mississippi","state_ab":"MS","county":"Lee","geo_location":{ "type": "Point", "coordinates": [-88.8462, 34.3057] }},
{"zip_code":"38866","country":"US","city":"Saltillo","state":"Mississippi","state_ab":"MS","county":"Lee","geo_location":{ "type": "Point", "coordinates": [-88.6674, 34.3831] }},
{"zip_code":"38879","country":"US","city":"Verona","state":"Mississippi","state_ab":"MS","county":"Lee","geo_location":{ "type": "Point", "coordinates": [-88.7591, 34.1707] }},
{"zip_code":"38930","country":"US","city":"Greenwood","state":"Mississippi","state_ab":"MS","county":"Leflore","geo_location":{ "type": "Point", "coordinates": [-90.1726, 33.5159] }},
{"zip_code":"39753","country":"US","city":"Mayhew","state":"Mississippi","state_ab":"MS","county":"Lowndes","geo_location":{ "type": "Point", "coordinates": [-88.6409, 33.4838] }},
{"zip_code":"39766","country":"US","city":"Steens","state":"Mississippi","state_ab":"MS","county":"Lowndes","geo_location":{ "type": "Point", "coordinates": [-88.3278, 33.5671] }},
{"zip_code":"39429","country":"US","city":"Columbia","state":"Mississippi","state_ab":"MS","county":"Marion","geo_location":{ "type": "Point", "coordinates": [-89.7998, 31.2559] }},
{"zip_code":"39483","country":"US","city":"Foxworth","state":"Mississippi","state_ab":"MS","county":"Marion","geo_location":{ "type": "Point", "coordinates": [-89.9311, 31.2473] }},
{"zip_code":"38659","country":"US","city":"Potts Camp","state":"Mississippi","state_ab":"MS","county":"Marshall","geo_location":{ "type": "Point", "coordinates": [-89.3151, 34.6047] }},
{"zip_code":"39740","country":"US","city":"Caledonia","state":"Mississippi","state_ab":"MS","county":"Monroe","geo_location":{ "type": "Point", "coordinates": [-88.3145, 33.6865] }},
{"zip_code":"39739","country":"US","city":"Brooksville","state":"Mississippi","state_ab":"MS","county":"Noxubee","geo_location":{ "type": "Point", "coordinates": [-88.5014, 33.214] }},
{"zip_code":"38606","country":"US","city":"Batesville","state":"Mississippi","state_ab":"MS","county":"Panola","geo_location":{ "type": "Point", "coordinates": [-89.9142, 34.3317] }},
{"zip_code":"38619","country":"US","city":"Como","state":"Mississippi","state_ab":"MS","county":"Panola","geo_location":{ "type": "Point", "coordinates": [-89.9155, 34.5137] }},
{"zip_code":"38620","country":"US","city":"Courtland","state":"Mississippi","state_ab":"MS","county":"Panola","geo_location":{ "type": "Point", "coordinates": [-89.9396, 34.2596] }},
{"zip_code":"39470","country":"US","city":"Poplarville","state":"Mississippi","state_ab":"MS","county":"Pearl River","geo_location":{ "type": "Point", "coordinates": [-89.5648, 30.8524] }},
{"zip_code":"39649","country":"US","city":"Mccomb","state":"Mississippi","state_ab":"MS","county":"Pike","geo_location":{ "type": "Point", "coordinates": [-90.404, 31.1749] }},
{"zip_code":"38880","country":"US","city":"Wheeler","state":"Mississippi","state_ab":"MS","county":"Prentiss","geo_location":{ "type": "Point", "coordinates": [-88.5822, 34.6126] }},
{"zip_code":"38646","country":"US","city":"Marks","state":"Mississippi","state_ab":"MS","county":"Quitman","geo_location":{ "type": "Point", "coordinates": [-90.2816, 34.2607] }},
{"zip_code":"39043","country":"US","city":"Brandon","state":"Mississippi","state_ab":"MS","county":"Rankin","geo_location":{ "type": "Point", "coordinates": [-89.9875, 32.269] }},
{"zip_code":"38763","country":"US","city":"Nitta Yuma","state":"Mississippi","state_ab":"MS","county":"Sharkey","geo_location":{ "type": "Point", "coordinates": [-90.811, 32.8798] }},
{"zip_code":"39159","country":"US","city":"Rolling Fork","state":"Mississippi","state_ab":"MS","county":"Sharkey","geo_location":{ "type": "Point", "coordinates": [-90.8833, 32.8733] }},
{"zip_code":"39573","country":"US","city":"Perkinston","state":"Mississippi","state_ab":"MS","county":"Stone","geo_location":{ "type": "Point", "coordinates": [-89.14, 30.7669] }},
{"zip_code":"38736","country":"US","city":"Doddsville","state":"Mississippi","state_ab":"MS","county":"Sunflower","geo_location":{ "type": "Point", "coordinates": [-90.5264, 33.63] }},
{"zip_code":"38749","country":"US","city":"Holly Ridge","state":"Mississippi","state_ab":"MS","county":"Sunflower","geo_location":{ "type": "Point", "coordinates": [-90.6075, 33.6287] }},
{"zip_code":"38723","country":"US","city":"Avon","state":"Mississippi","state_ab":"MS","county":"Washington","geo_location":{ "type": "Point", "coordinates": [-91.0479, 33.219] }},
{"zip_code":"38776","country":"US","city":"Stoneville","state":"Mississippi","state_ab":"MS","county":"Washington","geo_location":{ "type": "Point", "coordinates": [-90.9104, 33.4096] }},
{"zip_code":"39339","country":"US","city":"Louisville","state":"Mississippi","state_ab":"MS","county":"Winston","geo_location":{ "type": "Point", "coordinates": [-89.0287, 33.1058] }},
{"zip_code":"39173","country":"US","city":"Tinsley","state":"Mississippi","state_ab":"MS","county":"Yazoo","geo_location":{ "type": "Point", "coordinates": [-90.3628, 32.7628] }},
{"zip_code":"59746","country":"US","city":"Polaris","state":"Montana","state_ab":"MT","county":"Beaverhead","geo_location":{ "type": "Point", "coordinates": [-113.0188, 45.5626] }},
{"zip_code":"59050","country":"US","city":"Lodge Grass","state":"Montana","state_ab":"MT","county":"Big Horn","geo_location":{ "type": "Point", "coordinates": [-107.3675, 45.3166] }},
{"zip_code":"59089","country":"US","city":"Wyola","state":"Montana","state_ab":"MT","county":"Big Horn","geo_location":{ "type": "Point", "coordinates": [-107.4303, 45.1089] }},
{"zip_code":"59526","country":"US","city":"Harlem","state":"Montana","state_ab":"MT","county":"Blaine","geo_location":{ "type": "Point", "coordinates": [-108.7693, 48.5398] }},
{"zip_code":"59643","country":"US","city":"Toston","state":"Montana","state_ab":"MT","county":"Broadwater","geo_location":{ "type": "Point", "coordinates": [-111.5899, 46.1709] }},
{"zip_code":"59319","country":"US","city":"Capitol","state":"Montana","state_ab":"MT","county":"Carter","geo_location":{ "type": "Point", "coordinates": [-104.5391, 45.5671] }},
{"zip_code":"59463","country":"US","city":"Monarch","state":"Montana","state_ab":"MT","county":"Cascade","geo_location":{ "type": "Point", "coordinates": [-110.871, 47.0722] }},
{"zip_code":"59450","country":"US","city":"Highwood","state":"Montana","state_ab":"MT","county":"Chouteau","geo_location":{ "type": "Point", "coordinates": [-110.7887, 47.5816] }},
{"zip_code":"59489","country":"US","city":"Winifred","state":"Montana","state_ab":"MT","county":"Fergus","geo_location":{ "type": "Point", "coordinates": [-109.2364, 47.6408] }},
{"zip_code":"59913","country":"US","city":"Coram","state":"Montana","state_ab":"MT","county":"Flathead","geo_location":{ "type": "Point", "coordinates": [-114.0584, 48.4342] }},
{"zip_code":"59926","country":"US","city":"Martin City","state":"Montana","state_ab":"MT","county":"Flathead","geo_location":{ "type": "Point", "coordinates": [-114.0066, 48.363] }},
{"zip_code":"59719","country":"US","city":"Bozeman","state":"Montana","state_ab":"MT","county":"Gallatin","geo_location":{ "type": "Point", "coordinates": [-110.9013, 45.628] }},
{"zip_code":"59760","country":"US","city":"Willow Creek","state":"Montana","state_ab":"MT","county":"Gallatin","geo_location":{ "type": "Point", "coordinates": [-111.6345, 45.7827] }},
{"zip_code":"59773","country":"US","city":"Bozeman","state":"Montana","state_ab":"MT","county":"Gallatin","geo_location":{ "type": "Point", "coordinates": [-110.9013, 45.628] }},
{"zip_code":"59540","country":"US","city":"Rudyard","state":"Montana","state_ab":"MT","county":"Hill","geo_location":{ "type": "Point", "coordinates": [-110.5552, 48.586] }},
{"zip_code":"59759","country":"US","city":"Whitehall","state":"Montana","state_ab":"MT","county":"Jefferson","geo_location":{ "type": "Point", "coordinates": [-112.1245, 45.8771] }},
{"zip_code":"59863","country":"US","city":"Ravalli","state":"Montana","state_ab":"MT","county":"Lake","geo_location":{ "type": "Point", "coordinates": [-114.1014, 47.595] }},
{"zip_code":"59410","country":"US","city":"Augusta","state":"Montana","state_ab":"MT","county":"Lewis and Clark","geo_location":{ "type": "Point", "coordinates": [-112.3883, 47.4537] }},
{"zip_code":"59720","country":"US","city":"Cameron","state":"Montana","state_ab":"MT","county":"Madison","geo_location":{ "type": "Point", "coordinates": [-111.6508, 45.139] }},
{"zip_code":"59823","country":"US","city":"Bonner","state":"Montana","state_ab":"MT","county":"Missoula","geo_location":{ "type": "Point", "coordinates": [-113.7279, 46.8702] }},
{"zip_code":"59836","country":"US","city":"Greenough","state":"Montana","state_ab":"MT","county":"Missoula","geo_location":{ "type": "Point", "coordinates": [-113.427, 46.9434] }},
{"zip_code":"59733","country":"US","city":"Gold Creek","state":"Montana","state_ab":"MT","county":"Powell","geo_location":{ "type": "Point", "coordinates": [-112.9706, 46.59] }},
{"zip_code":"59243","country":"US","city":"Lambert","state":"Montana","state_ab":"MT","county":"Richland","geo_location":{ "type": "Point", "coordinates": [-104.5987, 47.7459] }},
{"zip_code":"59270","country":"US","city":"Sidney","state":"Montana","state_ab":"MT","county":"Richland","geo_location":{ "type": "Point", "coordinates": [-104.1634, 47.713] }},
{"zip_code":"59333","country":"US","city":"Hathaway","state":"Montana","state_ab":"MT","county":"Rosebud","geo_location":{ "type": "Point", "coordinates": [-106.992, 46.018] }},
{"zip_code":"59256","country":"US","city":"Raymond","state":"Montana","state_ab":"MT","county":"Sheridan","geo_location":{ "type": "Point", "coordinates": [-104.5524, 48.6946] }},
{"zip_code":"59063","country":"US","city":"Park City","state":"Montana","state_ab":"MT","county":"Stillwater","geo_location":{ "type": "Point", "coordinates": [-108.9293, 45.6329] }},
{"zip_code":"59436","country":"US","city":"Fairfield","state":"Montana","state_ab":"MT","county":"Teton","geo_location":{ "type": "Point", "coordinates": [-112.0015, 47.6143] }},
{"zip_code":"59010","country":"US","city":"Bighorn","state":"Montana","state_ab":"MT","county":"Treasure","geo_location":{ "type": "Point", "coordinates": [-107.31, 45.997] }},
{"zip_code":"59076","country":"US","city":"Sanders","state":"Montana","state_ab":"MT","county":"Treasure","geo_location":{ "type": "Point", "coordinates": [-107.3388, 46.1763] }},
{"zip_code":"59230","country":"US","city":"Glasgow","state":"Montana","state_ab":"MT","county":"Valley","geo_location":{ "type": "Point", "coordinates": [-106.6094, 48.2034] }},
{"zip_code":"59036","country":"US","city":"Harlowton","state":"Montana","state_ab":"MT","county":"Wheatland","geo_location":{ "type": "Point", "coordinates": [-109.8435, 46.4477] }},
{"zip_code":"27253","country":"US","city":"Graham","state":"North Carolina","state_ab":"NC","county":"Alamance","geo_location":{ "type": "Point", "coordinates": [-79.3814, 36.031] }},
{"zip_code":"28629","country":"US","city":"Glendale Springs","state":"North Carolina","state_ab":"NC","county":"Ashe","geo_location":{ "type": "Point", "coordinates": [-81.3653, 36.3405] }},
{"zip_code":"28643","country":"US","city":"Lansing","state":"North Carolina","state_ab":"NC","county":"Ashe","geo_location":{ "type": "Point", "coordinates": [-81.5269, 36.5176] }},
{"zip_code":"28616","country":"US","city":"Crossnore","state":"North Carolina","state_ab":"NC","county":"Avery","geo_location":{ "type": "Point", "coordinates": [-81.8892, 36.0591] }},
{"zip_code":"27806","country":"US","city":"Aurora","state":"North Carolina","state_ab":"NC","county":"Beaufort","geo_location":{ "type": "Point", "coordinates": [-76.7994, 35.3023] }},
{"zip_code":"27860","country":"US","city":"Pantego","state":"North Carolina","state_ab":"NC","county":"Beaufort","geo_location":{ "type": "Point", "coordinates": [-76.6988, 35.6201] }},
{"zip_code":"28320","country":"US","city":"Bladenboro","state":"North Carolina","state_ab":"NC","county":"Bladen","geo_location":{ "type": "Point", "coordinates": [-78.7793, 34.5658] }},
{"zip_code":"28399","country":"US","city":"White Oak","state":"North Carolina","state_ab":"NC","county":"Bladen","geo_location":{ "type": "Point", "coordinates": [-78.7301, 34.7662] }},
{"zip_code":"28759","country":"US","city":"Mills River","state":"North Carolina","state_ab":"NC","county":"Buncombe County","geo_location":{ "type": "Point", "coordinates": [-82.568, 35.3906] }},
{"zip_code":"28810","country":"US","city":"Asheville","state":"North Carolina","state_ab":"NC","county":"Buncombe","geo_location":{ "type": "Point", "coordinates": [-82.5286, 35.6203] }},
{"zip_code":"28630","country":"US","city":"Granite Falls","state":"North Carolina","state_ab":"NC","county":"Caldwell","geo_location":{ "type": "Point", "coordinates": [-81.4571, 35.8197] }},
{"zip_code":"27976","country":"US","city":"South Mills","state":"North Carolina","state_ab":"NC","county":"Camden","geo_location":{ "type": "Point", "coordinates": [-76.3033, 36.4536] }},
{"zip_code":"28553","country":"US","city":"Marshallberg","state":"North Carolina","state_ab":"NC","county":"Carteret","geo_location":{ "type": "Point", "coordinates": [-76.5173, 34.7265] }},
{"zip_code":"28579","country":"US","city":"Smyrna","state":"North Carolina","state_ab":"NC","county":"Carteret","geo_location":{ "type": "Point", "coordinates": [-76.5871, 34.8739] }},
{"zip_code":"28603","country":"US","city":"Hickory","state":"North Carolina","state_ab":"NC","county":"Catawba","geo_location":{ "type": "Point", "coordinates": [-81.2872, 35.6799] }},
{"zip_code":"27213","country":"US","city":"Bonlee","state":"North Carolina","state_ab":"NC","county":"Chatham","geo_location":{ "type": "Point", "coordinates": [-79.4149, 35.6482] }},
{"zip_code":"3299","country":"US","city":"Tilton","state":"New Hampshire","state_ab":"NH","county":"Belknap","geo_location":{ "type": "Point", "coordinates": [-71.4458, 43.5249] }},
{"zip_code":"3259","country":"US","city":"North Sandwich","state":"New Hampshire","state_ab":"NH","county":"Carroll","geo_location":{ "type": "Point", "coordinates": [-71.385, 43.8452] }},
{"zip_code":"3813","country":"US","city":"Center Conway","state":"New Hampshire","state_ab":"NH","county":"Carroll","geo_location":{ "type": "Point", "coordinates": [-71.0607, 43.9878] }},
{"zip_code":"3853","country":"US","city":"Mirror Lake","state":"New Hampshire","state_ab":"NH","county":"Carroll","geo_location":{ "type": "Point", "coordinates": [-71.2729, 43.6366] }},
{"zip_code":"3466","country":"US","city":"West Chesterfield","state":"New Hampshire","state_ab":"NH","county":"Cheshire","geo_location":{ "type": "Point", "coordinates": [-72.5097, 42.8956] }},
{"zip_code":"3570","country":"US","city":"Berlin","state":"New Hampshire","state_ab":"NH","county":"Coos","geo_location":{ "type": "Point", "coordinates": [-71.1892, 44.4811] }},
{"zip_code":"3583","country":"US","city":"Jefferson","state":"New Hampshire","state_ab":"NH","county":"Coos","geo_location":{ "type": "Point", "coordinates": [-71.4518, 44.3999] }},
{"zip_code":"3749","country":"US","city":"Enfield Center","state":"New Hampshire","state_ab":"NH","county":"Grafton","geo_location":{ "type": "Point", "coordinates": [-72.0854, 43.5796] }},
{"zip_code":"3750","country":"US","city":"Etna","state":"New Hampshire","state_ab":"NH","county":"Grafton","geo_location":{ "type": "Point", "coordinates": [-72.2125, 43.7113] }},
{"zip_code":"3103","country":"US","city":"Manchester","state":"New Hampshire","state_ab":"NH","county":"Hillsborough","geo_location":{ "type": "Point", "coordinates": [-71.4493, 42.9656] }},
{"zip_code":"3440","country":"US","city":"Antrim","state":"New Hampshire","state_ab":"NH","county":"Hillsborough","geo_location":{ "type": "Point", "coordinates": [-71.9387, 43.0595] }},
{"zip_code":"3233","country":"US","city":"Elkins","state":"New Hampshire","state_ab":"NH","county":"Merrimack","geo_location":{ "type": "Point", "coordinates": [-71.9448, 43.4227] }},
{"zip_code":"3260","country":"US","city":"North Sutton","state":"New Hampshire","state_ab":"NH","county":"Merrimack","geo_location":{ "type": "Point", "coordinates": [-71.9341, 43.3653] }},
{"zip_code":"3273","country":"US","city":"South Sutton","state":"New Hampshire","state_ab":"NH","county":"Merrimack","geo_location":{ "type": "Point", "coordinates": [-71.9289, 43.3042] }},
{"zip_code":"3040","country":"US","city":"East Candia","state":"New Hampshire","state_ab":"NH","county":"Rockingham","geo_location":{ "type": "Point", "coordinates": [-71.0132, 43.0059] }},
{"zip_code":"3053","country":"US","city":"Londonderry","state":"New Hampshire","state_ab":"NH","county":"Rockingham","geo_location":{ "type": "Point", "coordinates": [-71.3772, 42.8656] }},
{"zip_code":"3079","country":"US","city":"Salem","state":"New Hampshire","state_ab":"NH","county":"Rockingham","geo_location":{ "type": "Point", "coordinates": [-71.2176, 42.7846] }},
{"zip_code":"3826","country":"US","city":"East Hampstead","state":"New Hampshire","state_ab":"NH","county":"Rockingham","geo_location":{ "type": "Point", "coordinates": [-71.128, 42.8877] }},
{"zip_code":"3840","country":"US","city":"Greenland","state":"New Hampshire","state_ab":"NH","county":"Rockingham","geo_location":{ "type": "Point", "coordinates": [-70.8475, 43.0353] }},
{"zip_code":"3839","country":"US","city":"Rochester","state":"New Hampshire","state_ab":"NH","county":"Strafford","geo_location":{ "type": "Point", "coordinates": [-70.9837, 43.262] }},
{"zip_code":"3866","country":"US","city":"Rochester","state":"New Hampshire","state_ab":"NH","county":"Strafford","geo_location":{ "type": "Point", "coordinates": [-71.0273, 43.4118] }},
{"zip_code":"3606","country":"US","city":"Lempster","state":"New Hampshire","state_ab":"NH","county":"Sullivan County","geo_location":{ "type": "Point", "coordinates": [-72.2109, 43.2383] }},
{"zip_code":"8326","country":"US","city":"Landisville","state":"New Jersey","state_ab":"NJ","county":"Atlantic","geo_location":{ "type": "Point", "coordinates": [-74.9377, 39.5239] }},
{"zip_code":"8340","country":"US","city":"Milmay","state":"New Jersey","state_ab":"NJ","county":"Atlantic","geo_location":{ "type": "Point", "coordinates": [-74.8667, 39.4451] }},
{"zip_code":"8403","country":"US","city":"Longport","state":"New Jersey","state_ab":"NJ","county":"Atlantic","geo_location":{ "type": "Point", "coordinates": [-74.5356, 39.3194] }},
{"zip_code":"7026","country":"US","city":"Garfield","state":"New Jersey","state_ab":"NJ","county":"Bergen","geo_location":{ "type": "Point", "coordinates": [-74.1081, 40.8789] }},
{"zip_code":"7606","country":"US","city":"South Hackensack","state":"New Jersey","state_ab":"NJ","county":"Bergen","geo_location":{ "type": "Point", "coordinates": [-74.0456, 40.8634] }},
{"zip_code":"7620","country":"US","city":"Alpine","state":"New Jersey","state_ab":"NJ","county":"Bergen","geo_location":{ "type": "Point", "coordinates": [-73.9308, 40.9511] }},
{"zip_code":"7646","country":"US","city":"New Milford","state":"New Jersey","state_ab":"NJ","county":"Bergen","geo_location":{ "type": "Point", "coordinates": [-74.0195, 40.9331] }},
{"zip_code":"7660","country":"US","city":"Ridgefield Park","state":"New Jersey","state_ab":"NJ","county":"Bergen","geo_location":{ "type": "Point", "coordinates": [-74.023, 40.8562] }},
{"zip_code":"7699","country":"US","city":"Teterboro","state":"New Jersey","state_ab":"NJ","county":"Bergen County","geo_location":{ "type": "Point", "coordinates": [-74.0611, 40.8463] }},
{"zip_code":"8016","country":"US","city":"Burlington","state":"New Jersey","state_ab":"NJ","county":"Burlington","geo_location":{ "type": "Point", "coordinates": [-74.8454, 40.068] }},
{"zip_code":"8003","country":"US","city":"Cherry Hill","state":"New Jersey","state_ab":"NJ","county":"Camden","geo_location":{ "type": "Point", "coordinates": [-74.9706, 39.8805] }},
{"zip_code":"8029","country":"US","city":"Glendora","state":"New Jersey","state_ab":"NJ","county":"Camden","geo_location":{ "type": "Point", "coordinates": [-75.0697, 39.8404] }},
{"zip_code":"8030","country":"US","city":"Gloucester City","state":"New Jersey","state_ab":"NJ","county":"Camden","geo_location":{ "type": "Point", "coordinates": [-75.117, 39.8911] }},
{"zip_code":"8043","country":"US","city":"Voorhees","state":"New Jersey","state_ab":"NJ","county":"Camden","geo_location":{ "type": "Point", "coordinates": [-74.9646, 39.8504] }},
{"zip_code":"8083","country":"US","city":"Somerdale","state":"New Jersey","state_ab":"NJ","county":"Camden","geo_location":{ "type": "Point", "coordinates": [-75.0309, 39.84] }},
{"zip_code":"8106","country":"US","city":"Audubon","state":"New Jersey","state_ab":"NJ","county":"Camden","geo_location":{ "type": "Point", "coordinates": [-75.0724, 39.891] }},
{"zip_code":"8210","country":"US","city":"Cape May Court House","state":"New Jersey","state_ab":"NJ","county":"Cape May","geo_location":{ "type": "Point", "coordinates": [-74.7806, 39.1378] }},
{"zip_code":"8223","country":"US","city":"Marmora","state":"New Jersey","state_ab":"NJ","county":"Cape May","geo_location":{ "type": "Point", "coordinates": [-74.6593, 39.2586] }},
{"zip_code":"8250","country":"US","city":"Tuckahoe","state":"New Jersey","state_ab":"NJ","county":"Cape May","geo_location":{ "type": "Point", "coordinates": [-74.8166, 39.0565] }},
{"zip_code":"8313","country":"US","city":"Deerfield Street","state":"New Jersey","state_ab":"NJ","county":"Cumberland","geo_location":{ "type": "Point", "coordinates": [-75.2249, 39.5293] }},
{"zip_code":"8353","country":"US","city":"Shiloh","state":"New Jersey","state_ab":"NJ","county":"Cumberland","geo_location":{ "type": "Point", "coordinates": [-75.297, 39.4594] }},
{"zip_code":"7039","country":"US","city":"Livingston","state":"New Jersey","state_ab":"NJ","county":"Essex","geo_location":{ "type": "Point", "coordinates": [-74.3202, 40.7896] }},
{"zip_code":"7040","country":"US","city":"Maplewood","state":"New Jersey","state_ab":"NJ","county":"Essex","geo_location":{ "type": "Point", "coordinates": [-74.2656, 40.7279] }},
{"zip_code":"7079","country":"US","city":"South Orange","state":"New Jersey","state_ab":"NJ","county":"Essex","geo_location":{ "type": "Point", "coordinates": [-74.2575, 40.7465] }},
{"zip_code":"7103","country":"US","city":"Newark","state":"New Jersey","state_ab":"NJ","county":"Essex","geo_location":{ "type": "Point", "coordinates": [-74.1964, 40.737] }},
{"zip_code":"8056","country":"US","city":"Mickleton","state":"New Jersey","state_ab":"NJ","county":"Gloucester","geo_location":{ "type": "Point", "coordinates": [-75.2498, 39.7857] }},
{"zip_code":"8096","country":"US","city":"Woodbury","state":"New Jersey","state_ab":"NJ","county":"Gloucester","geo_location":{ "type": "Point", "coordinates": [-75.1297, 39.822] }},
{"zip_code":"7093","country":"US","city":"West New York","state":"New Jersey","state_ab":"NJ","county":"Hudson","geo_location":{ "type": "Point", "coordinates": [-74.0115, 40.7888] }},
{"zip_code":"7309","country":"US","city":"Jersey City","state":"New Jersey","state_ab":"NJ","county":"Hudson","geo_location":{ "type": "Point", "coordinates": [-74.0755, 40.7328] }},
{"zip_code":"7310","country":"US","city":"Jersey City","state":"New Jersey","state_ab":"NJ","county":"Hudson","geo_location":{ "type": "Point", "coordinates": [-74.0431, 40.7324] }},
{"zip_code":"7390","country":"US","city":"Jersey City","state":"New Jersey","state_ab":"NJ","county":"Hudson County","geo_location":{ "type": "Point", "coordinates": [-74.0784, 40.7282] }},
{"zip_code":"8559","country":"US","city":"Stockton","state":"New Jersey","state_ab":"NJ","county":"Hunterdon","geo_location":{ "type": "Point", "coordinates": [-74.9554, 40.4397] }},
{"zip_code":"8803","country":"US","city":"Baptistown","state":"New Jersey","state_ab":"NJ","county":"Hunterdon","geo_location":{ "type": "Point", "coordinates": [-74.9494, 40.5637] }},
{"zip_code":"8829","country":"US","city":"High Bridge","state":"New Jersey","state_ab":"NJ","county":"Hunterdon","geo_location":{ "type": "Point", "coordinates": [-74.8937, 40.6684] }},
{"zip_code":"8870","country":"US","city":"Readington","state":"New Jersey","state_ab":"NJ","county":"Hunterdon","geo_location":{ "type": "Point", "coordinates": [-74.9494, 40.5637] }},
{"zip_code":"8520","country":"US","city":"Hightstown","state":"New Jersey","state_ab":"NJ","county":"Mercer","geo_location":{ "type": "Point", "coordinates": [-74.525, 40.2669] }},
{"zip_code":"8560","country":"US","city":"Titusville","state":"New Jersey","state_ab":"NJ","county":"Mercer","geo_location":{ "type": "Point", "coordinates": [-74.8655, 40.3077] }},
{"zip_code":"8609","country":"US","city":"Trenton","state":"New Jersey","state_ab":"NJ","county":"Mercer","geo_location":{ "type": "Point", "coordinates": [-74.741, 40.2248] }},
{"zip_code":"8610","country":"US","city":"Trenton","state":"New Jersey","state_ab":"NJ","county":"Mercer","geo_location":{ "type": "Point", "coordinates": [-74.705, 40.2016] }},
{"zip_code":"8650","country":"US","city":"Trenton","state":"New Jersey","state_ab":"NJ","county":"Mercer","geo_location":{ "type": "Point", "coordinates": [-74.712, 40.2805] }},
{"zip_code":"8690","country":"US","city":"Trenton","state":"New Jersey","state_ab":"NJ","county":"Mercer","geo_location":{ "type": "Point", "coordinates": [-74.6576, 40.2336] }},
{"zip_code":"7080","country":"US","city":"South Plainfield","state":"New Jersey","state_ab":"NJ","county":"Middlesex","geo_location":{ "type": "Point", "coordinates": [-74.4147, 40.5839] }},
{"zip_code":"8816","country":"US","city":"East Brunswick","state":"New Jersey","state_ab":"NJ","county":"Middlesex","geo_location":{ "type": "Point", "coordinates": [-74.4064, 40.4284] }},
{"zip_code":"8830","country":"US","city":"Iselin","state":"New Jersey","state_ab":"NJ","county":"Middlesex","geo_location":{ "type": "Point", "coordinates": [-74.3167, 40.5716] }},
{"zip_code":"8906","country":"US","city":"New Brunswick","state":"New Jersey","state_ab":"NJ","county":"Middlesex","geo_location":{ "type": "Point", "coordinates": [-74.4173, 40.43] }},
{"zip_code":"8933","country":"US","city":"New Brunswick","state":"New Jersey","state_ab":"NJ","county":"Middlesex","geo_location":{ "type": "Point", "coordinates": [-74.4173, 40.43] }},
{"zip_code":"7709","country":"US","city":"Allenhurst","state":"New Jersey","state_ab":"NJ","county":"Monmouth","geo_location":{ "type": "Point", "coordinates": [-74.2493, 40.3027] }},
{"zip_code":"7710","country":"US","city":"Adelphia","state":"New Jersey","state_ab":"NJ","county":"Monmouth","geo_location":{ "type": "Point", "coordinates": [-74.2493, 40.3027] }},
{"zip_code":"7723","country":"US","city":"Deal","state":"New Jersey","state_ab":"NJ","county":"Monmouth","geo_location":{ "type": "Point", "coordinates": [-74.002, 40.2506] }},
{"zip_code":"7750","country":"US","city":"Monmouth Beach","state":"New Jersey","state_ab":"NJ","county":"Monmouth","geo_location":{ "type": "Point", "coordinates": [-73.9809, 40.333] }},
{"zip_code":"7763","country":"US","city":"Tennent","state":"New Jersey","state_ab":"NJ","county":"Monmouth","geo_location":{ "type": "Point", "coordinates": [-74.2493, 40.3027] }},
{"zip_code":"7440","country":"US","city":"Pequannock","state":"New Jersey","state_ab":"NJ","county":"Morris","geo_location":{ "type": "Point", "coordinates": [-74.296, 40.9473] }},
{"zip_code":"7853","country":"US","city":"Long Valley","state":"New Jersey","state_ab":"NJ","county":"Morris","geo_location":{ "type": "Point", "coordinates": [-74.787, 40.7878] }},
{"zip_code":"7866","country":"US","city":"Rockaway","state":"New Jersey","state_ab":"NJ","county":"Morris","geo_location":{ "type": "Point", "coordinates": [-74.5094, 40.9229] }},
{"zip_code":"7930","country":"US","city":"Chester","state":"New Jersey","state_ab":"NJ","county":"Morris","geo_location":{ "type": "Point", "coordinates": [-74.6776, 40.7892] }},
{"zip_code":"7970","country":"US","city":"Mount Freedom","state":"New Jersey","state_ab":"NJ","county":"Morris","geo_location":{ "type": "Point", "coordinates": [-74.5738, 40.8055] }},
{"zip_code":"7983","country":"US","city":"Whippany","state":"New Jersey","state_ab":"NJ","county":"Morris","geo_location":{ "type": "Point", "coordinates": [-74.5783, 40.8673] }},
{"zip_code":"8533","country":"US","city":"New Egypt","state":"New Jersey","state_ab":"NJ","county":"Ocean","geo_location":{ "type": "Point", "coordinates": [-74.5067, 40.0713] }},
{"zip_code":"8739","country":"US","city":"Normandy Beach","state":"New Jersey","state_ab":"NJ","county":"Ocean","geo_location":{ "type": "Point", "coordinates": [-74.2493, 40.0008] }},
{"zip_code":"8740","country":"US","city":"Ocean Gate","state":"New Jersey","state_ab":"NJ","county":"Ocean","geo_location":{ "type": "Point", "coordinates": [-74.1351, 39.926] }},
{"zip_code":"8753","country":"US","city":"Toms River","state":"New Jersey","state_ab":"NJ","county":"Ocean","geo_location":{ "type": "Point", "coordinates": [-74.1565, 39.9771] }},
{"zip_code":"7013","country":"US","city":"Clifton","state":"New Jersey","state_ab":"NJ","county":"Passaic","geo_location":{ "type": "Point", "coordinates": [-74.1711, 40.8693] }},
{"zip_code":"7480","country":"US","city":"West Milford","state":"New Jersey","state_ab":"NJ","county":"Passaic","geo_location":{ "type": "Point", "coordinates": [-74.375, 41.0915] }},
{"zip_code":"7503","country":"US","city":"Paterson","state":"New Jersey","state_ab":"NJ","county":"Passaic","geo_location":{ "type": "Point", "coordinates": [-74.1573, 40.897] }},
{"zip_code":"7530","country":"US","city":"Paterson","state":"New Jersey","state_ab":"NJ","county":"Passaic","geo_location":{ "type": "Point", "coordinates": [-74.3048, 41.0114] }},
{"zip_code":"7543","country":"US","city":"Paterson","state":"New Jersey","state_ab":"NJ","county":"Passaic","geo_location":{ "type": "Point", "coordinates": [-74.3048, 41.0114] }},
{"zip_code":"8069","country":"US","city":"Penns Grove","state":"New Jersey","state_ab":"NJ","county":"Salem","geo_location":{ "type": "Point", "coordinates": [-75.4495, 39.6994] }},
{"zip_code":"8070","country":"US","city":"Pennsville","state":"New Jersey","state_ab":"NJ","county":"Salem","geo_location":{ "type": "Point", "coordinates": [-75.5155, 39.6491] }},
{"zip_code":"8869","country":"US","city":"Raritan","state":"New Jersey","state_ab":"NJ","county":"Somerset","geo_location":{ "type": "Point", "coordinates": [-74.6377, 40.5711] }},
{"zip_code":"8896","country":"US","city":"Raritan","state":"New Jersey","state_ab":"NJ","county":"Somerset","geo_location":{ "type": "Point", "coordinates": [-74.5998, 40.5666] }},
{"zip_code":"7439","country":"US","city":"Ogdensburg","state":"New Jersey","state_ab":"NJ","county":"Sussex","geo_location":{ "type": "Point", "coordinates": [-74.5982, 41.0767] }},
{"zip_code":"7826","country":"US","city":"Branchville","state":"New Jersey","state_ab":"NJ","county":"Sussex","geo_location":{ "type": "Point", "coordinates": [-74.75, 41.1705] }},
{"zip_code":"7839","country":"US","city":"Greendell","state":"New Jersey","state_ab":"NJ","county":"Sussex","geo_location":{ "type": "Point", "coordinates": [-74.679, 41.1283] }},
{"zip_code":"7879","country":"US","city":"Tranquility","state":"New Jersey","state_ab":"NJ","county":"Sussex","geo_location":{ "type": "Point", "coordinates": [-74.7881, 40.9559] }},
{"zip_code":"7066","country":"US","city":"Clark","state":"New Jersey","state_ab":"NJ","county":"Union","geo_location":{ "type": "Point", "coordinates": [-74.3106, 40.6203] }},
{"zip_code":"7206","country":"US","city":"Elizabeth","state":"New Jersey","state_ab":"NJ","county":"Union","geo_location":{ "type": "Point", "coordinates": [-74.1925, 40.6532] }},
{"zip_code":"7840","country":"US","city":"Hackettstown","state":"New Jersey","state_ab":"NJ","county":"Warren","geo_location":{ "type": "Point", "coordinates": [-74.8343, 40.8529] }},
{"zip_code":"7880","country":"US","city":"Vienna","state":"New Jersey","state_ab":"NJ","county":"Warren","geo_location":{ "type": "Point", "coordinates": [-74.897, 40.8648] }},
{"zip_code":"87103","country":"US","city":"Albuquerque","state":"New Mexico","state_ab":"NM","county":"Bernalillo","geo_location":{ "type": "Point", "coordinates": [-106.6729, 35.0443] }},
{"zip_code":"87116","country":"US","city":"Albuquerque","state":"New Mexico","state_ab":"NM","county":"Bernalillo","geo_location":{ "type": "Point", "coordinates": [-106.5506, 35.0561] }},
{"zip_code":"87196","country":"US","city":"Albuquerque","state":"New Mexico","state_ab":"NM","county":"Bernalillo","geo_location":{ "type": "Point", "coordinates": [-106.6729, 35.0443] }},
{"zip_code":"87026","country":"US","city":"Laguna","state":"New Mexico","state_ab":"NM","county":"Cibola","geo_location":{ "type": "Point", "coordinates": [-107.2325, 34.9625] }},
{"zip_code":"87040","country":"US","city":"Paguate","state":"New Mexico","state_ab":"NM","county":"Cibola","geo_location":{ "type": "Point", "coordinates": [-108.0565, 34.963] }},
{"zip_code":"87710","country":"US","city":"Angel Fire","state":"New Mexico","state_ab":"NM","county":"Colfax","geo_location":{ "type": "Point", "coordinates": [-105.2439, 36.3849] }},
{"zip_code":"87749","country":"US","city":"Ute Park","state":"New Mexico","state_ab":"NM","county":"Colfax","geo_location":{ "type": "Point", "coordinates": [-104.6925, 36.6069] }},
{"zip_code":"88120","country":"US","city":"Grady","state":"New Mexico","state_ab":"NM","county":"Curry","geo_location":{ "type": "Point", "coordinates": [-103.298, 34.8107] }},
{"zip_code":"88133","country":"US","city":"Saint Vrain","state":"New Mexico","state_ab":"NM","county":"Curry","geo_location":{ "type": "Point", "coordinates": [-103.4669, 34.4756] }},
{"zip_code":"88119","country":"US","city":"Fort Sumner","state":"New Mexico","state_ab":"NM","county":"DeBaca","geo_location":{ "type": "Point", "coordinates": [-104.2317, 34.46] }},
{"zip_code":"88003","country":"US","city":"Las Cruces","state":"New Mexico","state_ab":"NM","county":"Doña Ana","geo_location":{ "type": "Point", "coordinates": [-106.7472, 32.2738] }},
{"zip_code":"88210","country":"US","city":"Artesia","state":"New Mexico","state_ab":"NM","county":"Eddy","geo_location":{ "type": "Point", "coordinates": [-104.4074, 32.8384] }},
{"zip_code":"88250","country":"US","city":"Hope","state":"New Mexico","state_ab":"NM","county":"Eddy","geo_location":{ "type": "Point", "coordinates": [-104.7299, 32.8156] }},
{"zip_code":"88263","country":"US","city":"Malaga","state":"New Mexico","state_ab":"NM","county":"Eddy","geo_location":{ "type": "Point", "coordinates": [-104.0668, 32.1813] }},
{"zip_code":"88043","country":"US","city":"Hurley","state":"New Mexico","state_ab":"NM","county":"Grant","geo_location":{ "type": "Point", "coordinates": [-108.1516, 32.648] }},
{"zip_code":"88353","country":"US","city":"Vaughn","state":"New Mexico","state_ab":"NM","county":"Guadalupe","geo_location":{ "type": "Point", "coordinates": [-105.1926, 34.6241] }},
{"zip_code":"88056","country":"US","city":"Rodeo","state":"New Mexico","state_ab":"NM","county":"Hidalgo","geo_location":{ "type": "Point", "coordinates": [-108.6291, 32.055] }},
{"zip_code":"88029","country":"US","city":"Columbus","state":"New Mexico","state_ab":"NM","county":"Luna","geo_location":{ "type": "Point", "coordinates": [-107.5883, 32.2211] }},
{"zip_code":"88030","country":"US","city":"Deming","state":"New Mexico","state_ab":"NM","county":"Luna","geo_location":{ "type": "Point", "coordinates": [-107.7466, 32.2318] }},
{"zip_code":"87310","country":"US","city":"Brimhall","state":"New Mexico","state_ab":"NM","county":"McKinley","geo_location":{ "type": "Point", "coordinates": [-108.5815, 35.8005] }},
{"zip_code":"87323","country":"US","city":"Thoreau","state":"New Mexico","state_ab":"NM","county":"McKinley","geo_location":{ "type": "Point", "coordinates": [-108.1604, 35.3976] }},
{"zip_code":"87723","country":"US","city":"Holman","state":"New Mexico","state_ab":"NM","county":"Mora","geo_location":{ "type": "Point", "coordinates": [-105.0239, 36.0083] }},
{"zip_code":"87736","country":"US","city":"Rainsville","state":"New Mexico","state_ab":"NM","county":"Mora","geo_location":{ "type": "Point", "coordinates": [-105.0239, 36.0083] }},
{"zip_code":"87750","country":"US","city":"Valmora","state":"New Mexico","state_ab":"NM","county":"Mora","geo_location":{ "type": "Point", "coordinates": [-104.9116, 35.794] }},
{"zip_code":"88339","country":"US","city":"Mayhill","state":"New Mexico","state_ab":"NM","county":"Otero","geo_location":{ "type": "Point", "coordinates": [-105.5181, 32.907] }},
{"zip_code":"88340","country":"US","city":"Mescalero","state":"New Mexico","state_ab":"NM","county":"Otero","geo_location":{ "type": "Point", "coordinates": [-105.7743, 33.2164] }},
{"zip_code":"88430","country":"US","city":"Nara Visa","state":"New Mexico","state_ab":"NM","county":"Quay","geo_location":{ "type": "Point", "coordinates": [-103.1317, 35.618] }},
{"zip_code":"87516","country":"US","city":"Canones","state":"New Mexico","state_ab":"NM","county":"Rio Arriba","geo_location":{ "type": "Point", "coordinates": [-106.4376, 36.1814] }},
{"zip_code":"87530","country":"US","city":"El Rito","state":"New Mexico","state_ab":"NM","county":"Rio Arriba","geo_location":{ "type": "Point", "coordinates": [-106.2192, 36.3647] }},
{"zip_code":"87013","country":"US","city":"Cuba","state":"New Mexico","state_ab":"NM","county":"Sandoval","geo_location":{ "type": "Point", "coordinates": [-107.1885, 36.0482] }},
{"zip_code":"87053","country":"US","city":"San Ysidro","state":"New Mexico","state_ab":"NM","county":"Sandoval","geo_location":{ "type": "Point", "coordinates": [-106.9885, 35.6682] }},
{"zip_code":"87413","country":"US","city":"Bloomfield","state":"New Mexico","state_ab":"NM","county":"San Juan","geo_location":{ "type": "Point", "coordinates": [-107.9784, 36.6955] }},
{"zip_code":"87569","country":"US","city":"Serafina","state":"New Mexico","state_ab":"NM","county":"San Miguel","geo_location":{ "type": "Point", "coordinates": [-104.6796, 35.4563] }},
{"zip_code":"87583","country":"US","city":"Villanueva","state":"New Mexico","state_ab":"NM","county":"San Miguel","geo_location":{ "type": "Point", "coordinates": [-104.6796, 35.4563] }},
{"zip_code":"88416","country":"US","city":"Conchas Dam","state":"New Mexico","state_ab":"NM","county":"San Miguel","geo_location":{ "type": "Point", "coordinates": [-104.2052, 35.3786] }},
{"zip_code":"87503","country":"US","city":"Santa Fe","state":"New Mexico","state_ab":"NM","county":"Santa Fe","geo_location":{ "type": "Point", "coordinates": [-105.9818, 35.5212] }},
{"zip_code":"87930","country":"US","city":"Arrey","state":"New Mexico","state_ab":"NM","county":"Sierra","geo_location":{ "type": "Point", "coordinates": [-107.3544, 32.8021] }},
{"zip_code":"87943","country":"US","city":"Winston","state":"New Mexico","state_ab":"NM","county":"Sierra","geo_location":{ "type": "Point", "coordinates": [-107.6675, 33.3061] }},
{"zip_code":"87529","country":"US","city":"El Prado","state":"New Mexico","state_ab":"NM","county":"Taos","geo_location":{ "type": "Point", "coordinates": [-105.6244, 36.3492] }},
{"zip_code":"87543","country":"US","city":"Llano","state":"New Mexico","state_ab":"NM","county":"Taos","geo_location":{ "type": "Point", "coordinates": [-105.6648, 36.1486] }},
{"zip_code":"87556","country":"US","city":"Questa","state":"New Mexico","state_ab":"NM","county":"Taos","geo_location":{ "type": "Point", "coordinates": [-105.5976, 36.7587] }},
{"zip_code":"88429","country":"US","city":"Mount Dora","state":"New Mexico","state_ab":"NM","county":"Union","geo_location":{ "type": "Point", "coordinates": [-103.5055, 36.3698] }},
{"zip_code":"89406","country":"US","city":"Fallon","state":"Nevada","state_ab":"NV","county":"Churchill","geo_location":{ "type": "Point", "coordinates": [-118.7861, 39.4703] }},
{"zip_code":"89006","country":"US","city":"Boulder City","state":"Nevada","state_ab":"NV","county":"Clark","geo_location":{ "type": "Point", "coordinates": [-114.9721, 35.9279] }},
{"zip_code":"89019","country":"US","city":"Jean","state":"Nevada","state_ab":"NV","county":"Clark","geo_location":{ "type": "Point", "coordinates": [-115.5405, 35.7368] }},
{"zip_code":"89033","country":"US","city":"North Las Vegas","state":"Nevada","state_ab":"NV","county":"Clark","geo_location":{ "type": "Point", "coordinates": [-115.1345, 36.2845] }},
{"zip_code":"89046","country":"US","city":"Searchlight","state":"Nevada","state_ab":"NV","county":"Clark","geo_location":{ "type": "Point", "coordinates": [-114.8866, 35.5132] }},
{"zip_code":"89086","country":"US","city":"North Las Vegas","state":"Nevada","state_ab":"NV","county":"Clark","geo_location":{ "type": "Point", "coordinates": [-115.1349, 36.2809] }},
{"zip_code":"89109","country":"US","city":"Las Vegas","state":"Nevada","state_ab":"NV","county":"Clark","geo_location":{ "type": "Point", "coordinates": [-115.1454, 36.126] }},
{"zip_code":"89110","country":"US","city":"Las Vegas","state":"Nevada","state_ab":"NV","county":"Clark","geo_location":{ "type": "Point", "coordinates": [-115.0669, 36.173] }},
{"zip_code":"89123","country":"US","city":"Las Vegas","state":"Nevada","state_ab":"NV","county":"Clark","geo_location":{ "type": "Point", "coordinates": [-115.1462, 36.0383] }},
{"zip_code":"89136","country":"US","city":"Las Vegas","state":"Nevada","state_ab":"NV","county":"Clark County","geo_location":{ "type": "Point", "coordinates": [-115.1364, 36.1753] }},
{"zip_code":"89149","country":"US","city":"Las Vegas","state":"Nevada","state_ab":"NV","county":"Clark","geo_location":{ "type": "Point", "coordinates": [-115.2885, 36.2765] }},
{"zip_code":"89150","country":"US","city":"Las Vegas","state":"Nevada","state_ab":"NV","county":"Clark","geo_location":{ "type": "Point", "coordinates": [-114.9721, 35.9279] }},
{"zip_code":"89163","country":"US","city":"The Lakes","state":"Nevada","state_ab":"NV","county":"Clark","geo_location":{ "type": "Point", "coordinates": [-114.9721, 35.9279] }},
{"zip_code":"89460","country":"US","city":"Gardnerville","state":"Nevada","state_ab":"NV","county":"Douglas County","geo_location":{ "type": "Point", "coordinates": [-119.7272, 38.9166] }},
{"zip_code":"89833","country":"US","city":"Ruby Valley","state":"Nevada","state_ab":"NV","county":"Elko","geo_location":{ "type": "Point", "coordinates": [-115.2312, 40.3995] }},
{"zip_code":"89316","country":"US","city":"Eureka","state":"Nevada","state_ab":"NV","county":"Eureka","geo_location":{ "type": "Point", "coordinates": [-115.9943, 39.5897] }},
{"zip_code":"89446","country":"US","city":"Winnemucca","state":"Nevada","state_ab":"NV","county":"Humboldt","geo_location":{ "type": "Point", "coordinates": [-117.7602, 41.0764] }},
{"zip_code":"89820","country":"US","city":"Battle Mountain","state":"Nevada","state_ab":"NV","county":"Lander","geo_location":{ "type": "Point", "coordinates": [-116.9554, 40.622] }},
{"zip_code":"89420","country":"US","city":"Luning","state":"Nevada","state_ab":"NV","county":"Mineral","geo_location":{ "type": "Point", "coordinates": [-118.424, 38.4842] }},
{"zip_code":"89020","country":"US","city":"Amargosa Valley","state":"Nevada","state_ab":"NV","county":"Nye","geo_location":{ "type": "Point", "coordinates": [-116.5496, 36.539] }},
{"zip_code":"89060","country":"US","city":"Pahrump","state":"Nevada","state_ab":"NV","county":"Nye","geo_location":{ "type": "Point", "coordinates": [-116.0393, 36.2645] }},
{"zip_code":"89419","country":"US","city":"Lovelock","state":"Nevada","state_ab":"NV","county":"Pershing","geo_location":{ "type": "Point", "coordinates": [-118.4689, 40.1819] }},
{"zip_code":"89433","country":"US","city":"Sun Valley","state":"Nevada","state_ab":"NV","county":"Washoe","geo_location":{ "type": "Point", "coordinates": [-119.7754, 39.5955] }},
{"zip_code":"89509","country":"US","city":"Reno","state":"Nevada","state_ab":"NV","county":"Washoe","geo_location":{ "type": "Point", "coordinates": [-119.8239, 39.498] }},
{"zip_code":"89510","country":"US","city":"Reno","state":"Nevada","state_ab":"NV","county":"Washoe","geo_location":{ "type": "Point", "coordinates": [-119.6027, 39.7699] }},
{"zip_code":"89523","country":"US","city":"Reno","state":"Nevada","state_ab":"NV","county":"Washoe","geo_location":{ "type": "Point", "coordinates": [-119.9031, 39.5249] }},
{"zip_code":"89550","country":"US","city":"Reno","state":"Nevada","state_ab":"NV","county":"Washoe County","geo_location":{ "type": "Point", "coordinates": [-119.8225, 39.5387] }},
{"zip_code":"89703","country":"US","city":"Carson City","state":"Nevada","state_ab":"NV","county":"Carson City (city)","geo_location":{ "type": "Point", "coordinates": [-119.7782, 39.1704] }},
{"zip_code":"12143","country":"US","city":"Ravena","state":"New York","state_ab":"NY","county":"Albany","geo_location":{ "type": "Point", "coordinates": [-73.822, 42.4754] }},
{"zip_code":"12183","country":"US","city":"Troy","state":"New York","state_ab":"NY","county":"Albany","geo_location":{ "type": "Point", "coordinates": [-73.6943, 42.746] }},
{"zip_code":"12206","country":"US","city":"Albany","state":"New York","state_ab":"NY","county":"Albany","geo_location":{ "type": "Point", "coordinates": [-73.7744, 42.6683] }},
{"zip_code":"12220","country":"US","city":"Albany","state":"New York","state_ab":"NY","county":"Albany","geo_location":{ "type": "Point", "coordinates": [-73.9708, 42.6149] }},
{"zip_code":"12233","country":"US","city":"Albany","state":"New York","state_ab":"NY","county":"Albany","geo_location":{ "type": "Point", "coordinates": [-73.9708, 42.6149] }},
{"zip_code":"12246","country":"US","city":"Albany","state":"New York","state_ab":"NY","county":"Albany","geo_location":{ "type": "Point", "coordinates": [-73.7503, 42.6471] }},
{"zip_code":"12260","country":"US","city":"Albany","state":"New York","state_ab":"NY","county":"Albany","geo_location":{ "type": "Point", "coordinates": [-73.9708, 42.6149] }},
{"zip_code":"14806","country":"US","city":"Andover","state":"New York","state_ab":"NY","county":"Allegany","geo_location":{ "type": "Point", "coordinates": [-77.792, 42.1575] }},
{"zip_code":"10459","country":"US","city":"Bronx","state":"New York","state_ab":"NY","county":"Bronx","geo_location":{ "type": "Point", "coordinates": [-73.894, 40.8247] }},
{"zip_code":"10460","country":"US","city":"Bronx","state":"New York","state_ab":"NY","county":"Bronx","geo_location":{ "type": "Point", "coordinates": [-73.8794, 40.8409] }},
{"zip_code":"10473","country":"US","city":"Bronx","state":"New York","state_ab":"NY","county":"Bronx","geo_location":{ "type": "Point", "coordinates": [-73.8606, 40.8194] }},
{"zip_code":"10499","country":"US","city":"Bronx","state":"New York","state_ab":"NY","county":"Bronx","geo_location":{ "type": "Point", "coordinates": [-73.8409, 40.8515] }},
{"zip_code":"14060","country":"US","city":"Farmersville Station","state":"New York","state_ab":"NY","county":"Cattaraugus","geo_location":{ "type": "Point", "coordinates": [-78.3412, 42.4457] }},
{"zip_code":"14729","country":"US","city":"East Otto","state":"New York","state_ab":"NY","county":"Cattaraugus","geo_location":{ "type": "Point", "coordinates": [-78.7432, 42.3971] }},
{"zip_code":"14730","country":"US","city":"East Randolph","state":"New York","state_ab":"NY","county":"Cattaraugus","geo_location":{ "type": "Point", "coordinates": [-78.9473, 42.1747] }},
{"zip_code":"14743","country":"US","city":"Hinsdale","state":"New York","state_ab":"NY","county":"Cattaraugus","geo_location":{ "type": "Point", "coordinates": [-78.4159, 42.1979] }},
{"zip_code":"14770","country":"US","city":"Portville","state":"New York","state_ab":"NY","county":"Cattaraugus","geo_location":{ "type": "Point", "coordinates": [-78.3314, 42.0273] }},
{"zip_code":"14783","country":"US","city":"Steamburg","state":"New York","state_ab":"NY","county":"Cattaraugus","geo_location":{ "type": "Point", "coordinates": [-78.9177, 42.082] }},
{"zip_code":"13160","country":"US","city":"Union Springs","state":"New York","state_ab":"NY","county":"Cayuga","geo_location":{ "type": "Point", "coordinates": [-76.674, 42.8335] }},
{"zip_code":"14136","country":"US","city":"Silver Creek","state":"New York","state_ab":"NY","county":"Chautauqua","geo_location":{ "type": "Point", "coordinates": [-79.1628, 42.5357] }},
{"zip_code":"14703","country":"US","city":"Jamestown","state":"New York","state_ab":"NY","county":"Chautauqua","geo_location":{ "type": "Point", "coordinates": [-79.4109, 42.3425] }},
{"zip_code":"14716","country":"US","city":"Brocton","state":"New York","state_ab":"NY","county":"Chautauqua","geo_location":{ "type": "Point", "coordinates": [-79.4344, 42.394] }},
{"zip_code":"14756","country":"US","city":"Maple Springs","state":"New York","state_ab":"NY","county":"Chautauqua","geo_location":{ "type": "Point", "coordinates": [-79.4174, 42.1981] }},
{"zip_code":"14769","country":"US","city":"Portland","state":"New York","state_ab":"NY","county":"Chautauqua","geo_location":{ "type": "Point", "coordinates": [-79.4589, 42.3858] }},
{"zip_code":"71223","country":"US","city":"Bonita","state":"Louisiana","state_ab":"LA","county":"Morehouse","geo_location":{ "type": "Point", "coordinates": [-91.6822, 32.9123] }},
{"zip_code":"71250","country":"US","city":"Jones","state":"Louisiana","state_ab":"LA","county":"Morehouse","geo_location":{ "type": "Point", "coordinates": [-91.5965, 32.9663] }},
{"zip_code":"71416","country":"US","city":"Cloutierville","state":"Louisiana","state_ab":"LA","county":"Natchitoches","geo_location":{ "type": "Point", "coordinates": [-92.9211, 31.5583] }},
{"zip_code":"71456","country":"US","city":"Natchez","state":"Louisiana","state_ab":"LA","county":"Natchitoches","geo_location":{ "type": "Point", "coordinates": [-93.0241, 31.6615] }},
{"zip_code":"71469","country":"US","city":"Robeline","state":"Louisiana","state_ab":"LA","county":"Natchitoches","geo_location":{ "type": "Point", "coordinates": [-93.321, 31.7715] }},
{"zip_code":"70116","country":"US","city":"New Orleans","state":"Louisiana","state_ab":"LA","county":"Orleans","geo_location":{ "type": "Point", "coordinates": [-90.0646, 29.9686] }},
{"zip_code":"70129","country":"US","city":"New Orleans","state":"Louisiana","state_ab":"LA","county":"Orleans","geo_location":{ "type": "Point", "coordinates": [-89.8462, 30.0877] }},
{"zip_code":"70130","country":"US","city":"New Orleans","state":"Louisiana","state_ab":"LA","county":"Orleans","geo_location":{ "type": "Point", "coordinates": [-90.0739, 29.9324] }},
{"zip_code":"70143","country":"US","city":"New Orleans","state":"Louisiana","state_ab":"LA","county":"Orleans","geo_location":{ "type": "Point", "coordinates": [-89.8826, 30.033] }},
{"zip_code":"70156","country":"US","city":"New Orleans","state":"Louisiana","state_ab":"LA","county":"Orleans","geo_location":{ "type": "Point", "coordinates": [-89.8826, 30.033] }},
{"zip_code":"70170","country":"US","city":"New Orleans","state":"Louisiana","state_ab":"LA","county":"Orleans","geo_location":{ "type": "Point", "coordinates": [-89.8826, 30.033] }},
{"zip_code":"71209","country":"US","city":"Monroe","state":"Louisiana","state_ab":"LA","county":"Ouachita","geo_location":{ "type": "Point", "coordinates": [-92.0756, 32.5277] }},
{"zip_code":"71210","country":"US","city":"Monroe","state":"Louisiana","state_ab":"LA","county":"Ouachita","geo_location":{ "type": "Point", "coordinates": [-92.1594, 32.4908] }},
{"zip_code":"70040","country":"US","city":"Braithwaite","state":"Louisiana","state_ab":"LA","county":"Plaquemines","geo_location":{ "type": "Point", "coordinates": [-89.9197, 29.7361] }},
{"zip_code":"70093","country":"US","city":"Belle Chasse","state":"Louisiana","state_ab":"LA","county":"Plaquemines Parish","geo_location":{ "type": "Point", "coordinates": [-89.7945, 29.5341] }},
{"zip_code":"70736","country":"US","city":"Glynn","state":"Louisiana","state_ab":"LA","county":"Pointe Coupee","geo_location":{ "type": "Point", "coordinates": [-91.3423, 30.6376] }},
{"zip_code":"70749","country":"US","city":"Jarreau","state":"Louisiana","state_ab":"LA","county":"Pointe Coupee","geo_location":{ "type": "Point", "coordinates": [-91.4332, 30.6326] }},
{"zip_code":"71430","country":"US","city":"Forest Hill","state":"Louisiana","state_ab":"LA","county":"Rapides","geo_location":{ "type": "Point", "coordinates": [-92.5108, 31.0243] }},
{"zip_code":"71429","country":"US","city":"Florien","state":"Louisiana","state_ab":"LA","county":"Sabine","geo_location":{ "type": "Point", "coordinates": [-93.5179, 31.4275] }},
{"zip_code":"70039","country":"US","city":"Boutte","state":"Louisiana","state_ab":"LA","county":"St. Charles","geo_location":{ "type": "Point", "coordinates": [-90.3934, 29.8973] }},
{"zip_code":"70066","country":"US","city":"Killona","state":"Louisiana","state_ab":"LA","county":"St. Charles","geo_location":{ "type": "Point", "coordinates": [-90.4869, 29.9988] }},
{"zip_code":"70079","country":"US","city":"Norco","state":"Louisiana","state_ab":"LA","county":"St. Charles","geo_location":{ "type": "Point", "coordinates": [-90.4198, 30.0057] }},
{"zip_code":"70080","country":"US","city":"Paradis","state":"Louisiana","state_ab":"LA","county":"St. Charles","geo_location":{ "type": "Point", "coordinates": [-90.4352, 29.877] }},
{"zip_code":"70453","country":"US","city":"Pine Grove","state":"Louisiana","state_ab":"LA","county":"St. Helena","geo_location":{ "type": "Point", "coordinates": [-90.7672, 30.7032] }},
{"zip_code":"70723","country":"US","city":"Convent","state":"Louisiana","state_ab":"LA","county":"St. James","geo_location":{ "type": "Point", "coordinates": [-90.8458, 30.0496] }},
{"zip_code":"70763","country":"US","city":"Paulina","state":"Louisiana","state_ab":"LA","county":"St. James","geo_location":{ "type": "Point", "coordinates": [-90.7374, 30.0352] }},
{"zip_code":"70570","country":"US","city":"Opelousas","state":"Louisiana","state_ab":"LA","county":"St. Landry","geo_location":{ "type": "Point", "coordinates": [-92.0897, 30.5144] }},
{"zip_code":"70750","country":"US","city":"Krotz Springs","state":"Louisiana","state_ab":"LA","county":"St. Landry","geo_location":{ "type": "Point", "coordinates": [-91.7563, 30.5379] }},
{"zip_code":"71353","country":"US","city":"Melville","state":"Louisiana","state_ab":"LA","county":"St. Landry","geo_location":{ "type": "Point", "coordinates": [-91.7565, 30.6626] }},
{"zip_code":"70466","country":"US","city":"Tickfaw","state":"Louisiana","state_ab":"LA","county":"Tangipahoa","geo_location":{ "type": "Point", "coordinates": [-90.482, 30.5668] }},
{"zip_code":"71366","country":"US","city":"Saint Joseph","state":"Louisiana","state_ab":"LA","county":"Tensas","geo_location":{ "type": "Point", "coordinates": [-91.2784, 31.9248] }},
{"zip_code":"70363","country":"US","city":"Houma","state":"Louisiana","state_ab":"LA","county":"Terrebonne","geo_location":{ "type": "Point", "coordinates": [-90.6917, 29.5601] }},
{"zip_code":"70659","country":"US","city":"Rosepine","state":"Louisiana","state_ab":"LA","county":"Vernon","geo_location":{ "type": "Point", "coordinates": [-93.2749, 30.9243] }},
{"zip_code":"71403","country":"US","city":"Anacoco","state":"Louisiana","state_ab":"LA","county":"Vernon","geo_location":{ "type": "Point", "coordinates": [-93.3829, 31.2149] }},
{"zip_code":"71443","country":"US","city":"Kurthwood","state":"Louisiana","state_ab":"LA","county":"Vernon","geo_location":{ "type": "Point", "coordinates": [-93.3612, 31.1019] }},
{"zip_code":"71496","country":"US","city":"Leesville","state":"Louisiana","state_ab":"LA","county":"Vernon","geo_location":{ "type": "Point", "coordinates": [-93.29, 31.1103] }},
{"zip_code":"70426","country":"US","city":"Angie","state":"Louisiana","state_ab":"LA","county":"Washington","geo_location":{ "type": "Point", "coordinates": [-89.8567, 30.9224] }},
{"zip_code":"70710","country":"US","city":"Addis","state":"Louisiana","state_ab":"LA","county":"West Baton Rouge","geo_location":{ "type": "Point", "coordinates": [-91.2613, 30.3557] }},
{"zip_code":"71263","country":"US","city":"Oak Grove","state":"Louisiana","state_ab":"LA","county":"West Carroll","geo_location":{ "type": "Point", "coordinates": [-91.4302, 32.8731] }},
{"zip_code":"71483","country":"US","city":"Winnfield","state":"Louisiana","state_ab":"LA","county":"Winn","geo_location":{ "type": "Point", "coordinates": [-92.6366, 31.9214] }},
{"zip_code":"2540","country":"US","city":"Falmouth","state":"Massachusetts","state_ab":"MA","county":"Barnstable","geo_location":{ "type": "Point", "coordinates": [-70.6217, 41.5648] }},
{"zip_code":"2553","country":"US","city":"Monument Beach","state":"Massachusetts","state_ab":"MA","county":"Barnstable","geo_location":{ "type": "Point", "coordinates": [-70.608, 41.6734] }},
{"zip_code":"2630","country":"US","city":"Barnstable","state":"Massachusetts","state_ab":"MA","county":"Barnstable","geo_location":{ "type": "Point", "coordinates": [-70.3001, 41.6983] }},
{"zip_code":"2643","country":"US","city":"East Orleans","state":"Massachusetts","state_ab":"MA","county":"Barnstable","geo_location":{ "type": "Point", "coordinates": [-69.962, 41.7843] }},
{"zip_code":"2669","country":"US","city":"West Chatham","state":"Massachusetts","state_ab":"MA","county":"Barnstable","geo_location":{ "type": "Point", "coordinates": [-70.0049, 41.6987] }},
{"zip_code":"2670","country":"US","city":"West Dennis","state":"Massachusetts","state_ab":"MA","county":"Barnstable","geo_location":{ "type": "Point", "coordinates": [-70.1681, 41.6626] }},
{"zip_code":"1226","country":"US","city":"Dalton","state":"Massachusetts","state_ab":"MA","county":"Berkshire","geo_location":{ "type": "Point", "coordinates": [-73.1603, 42.475] }},
{"zip_code":"1240","country":"US","city":"Lenox","state":"Massachusetts","state_ab":"MA","county":"Berkshire","geo_location":{ "type": "Point", "coordinates": [-73.2713, 42.3642] }},
{"zip_code":"1253","country":"US","city":"Otis","state":"Massachusetts","state_ab":"MA","county":"Berkshire","geo_location":{ "type": "Point", "coordinates": [-73.0821, 42.1899] }},
{"zip_code":"1266","country":"US","city":"West Stockbridge","state":"Massachusetts","state_ab":"MA","county":"Berkshire","geo_location":{ "type": "Point", "coordinates": [-73.3825, 42.3348] }},
{"zip_code":"1343","country":"US","city":"Drury","state":"Massachusetts","state_ab":"MA","county":"Berkshire","geo_location":{ "type": "Point", "coordinates": [-72.9862, 42.6427] }},
{"zip_code":"2719","country":"US","city":"Fairhaven","state":"Massachusetts","state_ab":"MA","county":"Bristol","geo_location":{ "type": "Point", "coordinates": [-70.8896, 41.6409] }},
{"zip_code":"2720","country":"US","city":"Fall River","state":"Massachusetts","state_ab":"MA","county":"Bristol","geo_location":{ "type": "Point", "coordinates": [-71.14, 41.7182] }},
{"zip_code":"2746","country":"US","city":"New Bedford","state":"Massachusetts","state_ab":"MA","county":"Bristol","geo_location":{ "type": "Point", "coordinates": [-70.9324, 41.66] }},
{"zip_code":"2760","country":"US","city":"North Attleboro","state":"Massachusetts","state_ab":"MA","county":"Bristol","geo_location":{ "type": "Point", "coordinates": [-71.3298, 41.9775] }}]}