{"value": [{"zip_code":"11942","country":"US","city":"East Quogue","state":"New York","state_ab":"NY","county":"Suffolk","geo_location":{ "type": "Point", "coordinates": [-72.5813, 40.8428] }},
{"zip_code":"11955","country":"US","city":"Moriches","state":"New York","state_ab":"NY","county":"Suffolk","geo_location":{ "type": "Point", "coordinates": [-72.8229, 40.8095] }},
{"zip_code":"11968","country":"US","city":"Southampton","state":"New York","state_ab":"NY","county":"Suffolk","geo_location":{ "type": "Point", "coordinates": [-72.4103, 40.9043] }},
{"zip_code":"12725","country":"US","city":"Claryville","state":"New York","state_ab":"NY","county":"Sullivan","geo_location":{ "type": "Point", "coordinates": [-74.5293, 41.9657] }},
{"zip_code":"12738","country":"US","city":"Glen Wild","state":"New York","state_ab":"NY","county":"Sullivan","geo_location":{ "type": "Point", "coordinates": [-74.5833, 41.6545] }},
{"zip_code":"12752","country":"US","city":"Lake Huntington","state":"New York","state_ab":"NY","county":"Sullivan","geo_location":{ "type": "Point", "coordinates": [-74.9949, 41.6782] }},
{"zip_code":"12765","country":"US","city":"Neversink","state":"New York","state_ab":"NY","county":"Sullivan","geo_location":{ "type": "Point", "coordinates": [-74.6127, 41.8492] }},
{"zip_code":"12778","country":"US","city":"Smallwood","state":"New York","state_ab":"NY","county":"Sullivan","geo_location":{ "type": "Point", "coordinates": [-74.8178, 41.6615] }},
{"zip_code":"12792","country":"US","city":"Yulan","state":"New York","state_ab":"NY","county":"Sullivan","geo_location":{ "type": "Point", "coordinates": [-74.7497, 41.5911] }},
{"zip_code":"13845","country":"US","city":"Tioga Center","state":"New York","state_ab":"NY","county":"Tioga","geo_location":{ "type": "Point", "coordinates": [-76.3819, 42.0658] }},
{"zip_code":"12402","country":"US","city":"Kingston","state":"New York","state_ab":"NY","county":"Ulster","geo_location":{ "type": "Point", "coordinates": [-74.3457, 41.8788] }},
{"zip_code":"12415","country":"US","city":"Saugerties","state":"New York","state_ab":"NY","county":"Ulster County","geo_location":{ "type": "Point", "coordinates": [-73.9248, 42.135] }},
{"zip_code":"12428","country":"US","city":"Ellenville","state":"New York","state_ab":"NY","county":"Ulster","geo_location":{ "type": "Point", "coordinates": [-74.4141, 41.7218] }},
{"zip_code":"12495","country":"US","city":"Willow","state":"New York","state_ab":"NY","county":"Ulster","geo_location":{ "type": "Point", "coordinates": [-74.2407, 42.0849] }},
{"zip_code":"12815","country":"US","city":"Brant Lake","state":"New York","state_ab":"NY","county":"Warren","geo_location":{ "type": "Point", "coordinates": [-73.7205, 43.6989] }},
{"zip_code":"12828","country":"US","city":"Fort Edward","state":"New York","state_ab":"NY","county":"Washington","geo_location":{ "type": "Point", "coordinates": [-73.5822, 43.2653] }},
{"zip_code":"14538","country":"US","city":"Pultneyville","state":"New York","state_ab":"NY","county":"Wayne","geo_location":{ "type": "Point", "coordinates": [-77.142, 43.2836] }},
{"zip_code":"401","country":"US","city":"Pleasantville","state":"New York","state_ab":"NY","county":"Westchester County","geo_location":{ "type": "Point", "coordinates": [-73.7847, 41.1381] }},
{"zip_code":"10538","country":"US","city":"Larchmont","state":"New York","state_ab":"NY","county":"Westchester","geo_location":{ "type": "Point", "coordinates": [-73.7571, 40.9351] }},
{"zip_code":"10552","country":"US","city":"Mount Vernon","state":"New York","state_ab":"NY","county":"Westchester","geo_location":{ "type": "Point", "coordinates": [-73.8299, 40.9231] }},
{"zip_code":"10578","country":"US","city":"Purdys","state":"New York","state_ab":"NY","county":"Westchester","geo_location":{ "type": "Point", "coordinates": [-73.6451, 41.3158] }},
{"zip_code":"10592","country":"US","city":"Tarrytown","state":"New York","state_ab":"NY","county":"Westchester","geo_location":{ "type": "Point", "coordinates": [-73.733, 41.119] }},
{"zip_code":"10602","country":"US","city":"White Plains","state":"New York","state_ab":"NY","county":"Westchester","geo_location":{ "type": "Point", "coordinates": [-73.733, 41.119] }},
{"zip_code":"10705","country":"US","city":"Yonkers","state":"New York","state_ab":"NY","county":"Westchester","geo_location":{ "type": "Point", "coordinates": [-73.895, 40.9177] }},
{"zip_code":"45808","country":"US","city":"Beaverdam","state":"Ohio","state_ab":"OH","county":"Allen","geo_location":{ "type": "Point", "coordinates": [-83.9758, 40.8314] }},
{"zip_code":"44805","country":"US","city":"Ashland","state":"Ohio","state_ab":"OH","county":"Ashland","geo_location":{ "type": "Point", "coordinates": [-82.3189, 40.8559] }},
{"zip_code":"44005","country":"US","city":"Ashtabula","state":"Ohio","state_ab":"OH","county":"Ashtabula","geo_location":{ "type": "Point", "coordinates": [-80.9553, 41.7301] }},
{"zip_code":"44032","country":"US","city":"Dorset","state":"Ohio","state_ab":"OH","county":"Ashtabula","geo_location":{ "type": "Point", "coordinates": [-80.6683, 41.659] }},
{"zip_code":"44085","country":"US","city":"Rome","state":"Ohio","state_ab":"OH","county":"Ashtabula","geo_location":{ "type": "Point", "coordinates": [-80.8709, 41.6053] }},
{"zip_code":"45732","country":"US","city":"Glouster","state":"Ohio","state_ab":"OH","county":"Athens","geo_location":{ "type": "Point", "coordinates": [-82.0871, 39.4978] }},
{"zip_code":"45888","country":"US","city":"Uniopolis","state":"Ohio","state_ab":"OH","county":"Auglaize","geo_location":{ "type": "Point", "coordinates": [-84.086, 40.6023] }},
{"zip_code":"43905","country":"US","city":"Barton","state":"Ohio","state_ab":"OH","county":"Belmont","geo_location":{ "type": "Point", "coordinates": [-80.8444, 40.1074] }},
{"zip_code":"43972","country":"US","city":"Bannock","state":"Ohio","state_ab":"OH","county":"Belmont","geo_location":{ "type": "Point", "coordinates": [-80.9756, 40.1032] }},
{"zip_code":"43985","country":"US","city":"Holloway","state":"Ohio","state_ab":"OH","county":"Belmont","geo_location":{ "type": "Point", "coordinates": [-80.9701, 40.0113] }},
{"zip_code":"45062","country":"US","city":"Seven Mile","state":"Ohio","state_ab":"OH","county":"Butler","geo_location":{ "type": "Point", "coordinates": [-84.5512, 39.479] }},
{"zip_code":"45372","country":"US","city":"Tremont City","state":"Ohio","state_ab":"OH","county":"Clark","geo_location":{ "type": "Point", "coordinates": [-83.8333, 40.0139] }},
{"zip_code":"45112","country":"US","city":"Chilo","state":"Ohio","state_ab":"OH","county":"Clermont","geo_location":{ "type": "Point", "coordinates": [-84.1382, 38.7926] }},
{"zip_code":"45138","country":"US","city":"Lees Creek","state":"Ohio","state_ab":"OH","county":"Clinton","geo_location":{ "type": "Point", "coordinates": [-83.6476, 39.4167] }},
{"zip_code":"43945","country":"US","city":"Salineville","state":"Ohio","state_ab":"OH","county":"Columbiana","geo_location":{ "type": "Point", "coordinates": [-80.835, 40.6195] }},
{"zip_code":"44432","country":"US","city":"Lisbon","state":"Ohio","state_ab":"OH","county":"Columbiana","geo_location":{ "type": "Point", "coordinates": [-80.7587, 40.7592] }},
{"zip_code":"44445","country":"US","city":"New Waterford","state":"Ohio","state_ab":"OH","county":"Columbiana","geo_location":{ "type": "Point", "coordinates": [-80.6209, 40.8489] }},
{"zip_code":"44625","country":"US","city":"East Rochester","state":"Ohio","state_ab":"OH","county":"Columbiana","geo_location":{ "type": "Point", "coordinates": [-81.0175, 40.7563] }},
{"zip_code":"44665","country":"US","city":"North Georgetown","state":"Ohio","state_ab":"OH","county":"Columbiana","geo_location":{ "type": "Point", "coordinates": [-80.9794, 40.8436] }},
{"zip_code":"43828","country":"US","city":"Keene","state":"Ohio","state_ab":"OH","county":"Coshocton","geo_location":{ "type": "Point", "coordinates": [-81.8736, 40.3513] }},
{"zip_code":"44108","country":"US","city":"Cleveland","state":"Ohio","state_ab":"OH","county":"Cuyahoga","geo_location":{ "type": "Point", "coordinates": [-81.609, 41.5349] }},
{"zip_code":"44122","country":"US","city":"Beachwood","state":"Ohio","state_ab":"OH","county":"Cuyahoga","geo_location":{ "type": "Point", "coordinates": [-81.5232, 41.4701] }},
{"zip_code":"44135","country":"US","city":"Cleveland","state":"Ohio","state_ab":"OH","county":"Cuyahoga","geo_location":{ "type": "Point", "coordinates": [-81.8044, 41.4342] }},
{"zip_code":"44188","country":"US","city":"Cleveland","state":"Ohio","state_ab":"OH","county":"Cuyahoga","geo_location":{ "type": "Point", "coordinates": [-81.6728, 41.6857] }},
{"zip_code":"45332","country":"US","city":"Hollansburg","state":"Ohio","state_ab":"OH","county":"Darke","geo_location":{ "type": "Point", "coordinates": [-84.7901, 39.9899] }},
{"zip_code":"45358","country":"US","city":"Pitsburg","state":"Ohio","state_ab":"OH","county":"Darke","geo_location":{ "type": "Point", "coordinates": [-84.4866, 39.987] }},
{"zip_code":"43015","country":"US","city":"Delaware","state":"Ohio","state_ab":"OH","county":"Delaware","geo_location":{ "type": "Point", "coordinates": [-83.0723, 40.2932] }},
{"zip_code":"43082","country":"US","city":"Westerville","state":"Ohio","state_ab":"OH","county":"Delaware","geo_location":{ "type": "Point", "coordinates": [-82.882, 40.1524] }},
{"zip_code":"43105","country":"US","city":"Baltimore","state":"Ohio","state_ab":"OH","county":"Fairfield","geo_location":{ "type": "Point", "coordinates": [-82.624, 39.8645] }},
{"zip_code":"43002","country":"US","city":"Amlin","state":"Ohio","state_ab":"OH","county":"Franklin","geo_location":{ "type": "Point", "coordinates": [-83.1792, 40.072] }},
{"zip_code":"43068","country":"US","city":"Reynoldsburg","state":"Ohio","state_ab":"OH","county":"Franklin","geo_location":{ "type": "Point", "coordinates": [-82.8035, 39.9551] }},
{"zip_code":"43198","country":"US","city":"Groveport","state":"Ohio","state_ab":"OH","county":"Franklin County","geo_location":{ "type": "Point", "coordinates": [-82.915, 39.7499] }},
{"zip_code":"43222","country":"US","city":"Columbus","state":"Ohio","state_ab":"OH","county":"Franklin","geo_location":{ "type": "Point", "coordinates": [-83.0311, 39.9576] }},
{"zip_code":"43235","country":"US","city":"Columbus","state":"Ohio","state_ab":"OH","county":"Franklin","geo_location":{ "type": "Point", "coordinates": [-82.9742, 40.1088] }},
{"zip_code":"43558","country":"US","city":"Swanton","state":"Ohio","state_ab":"OH","county":"Fulton","geo_location":{ "type": "Point", "coordinates": [-83.8718, 41.5945] }},
{"zip_code":"44072","country":"US","city":"Novelty","state":"Ohio","state_ab":"OH","county":"Geauga","geo_location":{ "type": "Point", "coordinates": [-81.3342, 41.4763] }},
{"zip_code":"45305","country":"US","city":"Bellbrook","state":"Ohio","state_ab":"OH","county":"Greene","geo_location":{ "type": "Point", "coordinates": [-84.0824, 39.6402] }},
{"zip_code":"45385","country":"US","city":"Xenia","state":"Ohio","state_ab":"OH","county":"Greene","geo_location":{ "type": "Point", "coordinates": [-83.9369, 39.6842] }},
{"zip_code":"43725","country":"US","city":"Cambridge","state":"Ohio","state_ab":"OH","county":"Guernsey","geo_location":{ "type": "Point", "coordinates": [-81.582, 40.027] }},
{"zip_code":"43778","country":"US","city":"Salesville","state":"Ohio","state_ab":"OH","county":"Guernsey","geo_location":{ "type": "Point", "coordinates": [-81.3728, 40.0081] }},
{"zip_code":"45202","country":"US","city":"Cincinnati","state":"Ohio","state_ab":"OH","county":"Hamilton","geo_location":{ "type": "Point", "coordinates": [-84.502, 39.1072] }},
{"zip_code":"45215","country":"US","city":"Cincinnati","state":"Ohio","state_ab":"OH","county":"Hamilton","geo_location":{ "type": "Point", "coordinates": [-84.4619, 39.2353] }},
{"zip_code":"45228","country":"US","city":"Cincinnati","state":"Ohio","state_ab":"OH","county":"Hamilton","geo_location":{ "type": "Point", "coordinates": [-84.4179, 39.0706] }},
{"zip_code":"45242","country":"US","city":"Cincinnati","state":"Ohio","state_ab":"OH","county":"Hamilton","geo_location":{ "type": "Point", "coordinates": [-84.3455, 39.2447] }},
{"zip_code":"45255","country":"US","city":"Cincinnati","state":"Ohio","state_ab":"OH","county":"Hamilton","geo_location":{ "type": "Point", "coordinates": [-84.3396, 39.0584] }},
{"zip_code":"45268","country":"US","city":"Cincinnati","state":"Ohio","state_ab":"OH","county":"Hamilton","geo_location":{ "type": "Point", "coordinates": [-84.5382, 39.1668] }},
{"zip_code":"45835","country":"US","city":"Dola","state":"Ohio","state_ab":"OH","county":"Hardin","geo_location":{ "type": "Point", "coordinates": [-83.7001, 40.7598] }},
{"zip_code":"43532","country":"US","city":"Liberty Center","state":"Ohio","state_ab":"OH","county":"Henry","geo_location":{ "type": "Point", "coordinates": [-83.9859, 41.4514] }},
{"zip_code":"43545","country":"US","city":"Napoleon","state":"Ohio","state_ab":"OH","county":"Henry","geo_location":{ "type": "Point", "coordinates": [-84.1433, 41.391] }},
{"zip_code":"45165","country":"US","city":"Greenfield","state":"Ohio","state_ab":"OH","county":"Highland","geo_location":{ "type": "Point", "coordinates": [-83.6079, 39.1988] }},
{"zip_code":"43158","country":"US","city":"Union Furnace","state":"Ohio","state_ab":"OH","county":"Hocking","geo_location":{ "type": "Point", "coordinates": [-82.3667, 39.4338] }},
{"zip_code":"44638","country":"US","city":"Lakeville","state":"Ohio","state_ab":"OH","county":"Holmes","geo_location":{ "type": "Point", "coordinates": [-82.1455, 40.652] }},
{"zip_code":"43932","country":"US","city":"Irondale","state":"Ohio","state_ab":"OH","county":"Jefferson","geo_location":{ "type": "Point", "coordinates": [-80.7915, 40.5111] }},
{"zip_code":"43028","country":"US","city":"Howard","state":"Ohio","state_ab":"OH","county":"Knox","geo_location":{ "type": "Point", "coordinates": [-82.3334, 40.4158] }},
{"zip_code":"44045","country":"US","city":"Grand River","state":"Ohio","state_ab":"OH","county":"Lake","geo_location":{ "type": "Point", "coordinates": [-81.2821, 41.7427] }},
{"zip_code":"43055","country":"US","city":"Newark","state":"Ohio","state_ab":"OH","county":"Licking","geo_location":{ "type": "Point", "coordinates": [-82.4046, 40.0724] }},
{"zip_code":"43608","country":"US","city":"Toledo","state":"Ohio","state_ab":"OH","county":"Lucas","geo_location":{ "type": "Point", "coordinates": [-83.5344, 41.6779] }},
{"zip_code":"43635","country":"US","city":"Toledo","state":"Ohio","state_ab":"OH","county":"Lucas","geo_location":{ "type": "Point", "coordinates": [-83.4394, 41.6868] }},
{"zip_code":"44405","country":"US","city":"Campbell","state":"Ohio","state_ab":"OH","county":"Mahoning","geo_location":{ "type": "Point", "coordinates": [-80.5897, 41.0778] }},
{"zip_code":"44212","country":"US","city":"Brunswick","state":"Ohio","state_ab":"OH","county":"Medina","geo_location":{ "type": "Point", "coordinates": [-81.828, 41.2471] }},
{"zip_code":"45772","country":"US","city":"Reedsville","state":"Ohio","state_ab":"OH","county":"Meigs","geo_location":{ "type": "Point", "coordinates": [-81.7924, 39.149] }},
{"zip_code":"45822","country":"US","city":"Celina","state":"Ohio","state_ab":"OH","county":"Mercer","geo_location":{ "type": "Point", "coordinates": [-84.6287, 40.5566] }},
{"zip_code":"45862","country":"US","city":"Mendon","state":"Ohio","state_ab":"OH","county":"Mercer","geo_location":{ "type": "Point", "coordinates": [-84.5152, 40.6777] }},
{"zip_code":"45318","country":"US","city":"Covington","state":"Ohio","state_ab":"OH","county":"Miami","geo_location":{ "type": "Point", "coordinates": [-84.3496, 40.1176] }},
{"zip_code":"43752","country":"US","city":"Laings","state":"Ohio","state_ab":"OH","county":"Monroe","geo_location":{ "type": "Point", "coordinates": [-81.01, 39.7171] }},
{"zip_code":"45345","country":"US","city":"New Lebanon","state":"Ohio","state_ab":"OH","county":"Montgomery","geo_location":{ "type": "Point", "coordinates": [-84.3956, 39.7398] }},
{"zip_code":"45408","country":"US","city":"Dayton","state":"Ohio","state_ab":"OH","county":"Montgomery","geo_location":{ "type": "Point", "coordinates": [-84.229, 39.7395] }},
{"zip_code":"45422","country":"US","city":"Dayton","state":"Ohio","state_ab":"OH","county":"Montgomery","geo_location":{ "type": "Point", "coordinates": [-84.2001, 39.7581] }},
{"zip_code":"45435","country":"US","city":"Dayton","state":"Ohio","state_ab":"OH","county":"Montgomery","geo_location":{ "type": "Point", "coordinates": [-84.2686, 39.7505] }},
{"zip_code":"45448","country":"US","city":"Dayton","state":"Ohio","state_ab":"OH","county":"Montgomery","geo_location":{ "type": "Point", "coordinates": [-84.2686, 39.7505] }},
{"zip_code":"45475","country":"US","city":"Dayton","state":"Ohio","state_ab":"OH","county":"Montgomery","geo_location":{ "type": "Point", "coordinates": [-84.2686, 39.7505] }},
{"zip_code":"43325","country":"US","city":"Iberia","state":"Ohio","state_ab":"OH","county":"Morrow","geo_location":{ "type": "Point", "coordinates": [-82.873, 40.608] }},
{"zip_code":"43338","country":"US","city":"Mount Gilead","state":"Ohio","state_ab":"OH","county":"Morrow","geo_location":{ "type": "Point", "coordinates": [-82.8062, 40.5384] }},
{"zip_code":"43738","country":"US","city":"Fultonham","state":"Ohio","state_ab":"OH","county":"Muskingum","geo_location":{ "type": "Point", "coordinates": [-82.1378, 39.8555] }},
{"zip_code":"43802","country":"US","city":"Adamsville","state":"Ohio","state_ab":"OH","county":"Muskingum","geo_location":{ "type": "Point", "coordinates": [-81.8718, 40.0793] }},
{"zip_code":"43842","country":"US","city":"Trinway","state":"Ohio","state_ab":"OH","county":"Muskingum","geo_location":{ "type": "Point", "coordinates": [-81.995, 40.1433] }},
{"zip_code":"43468","country":"US","city":"Williston","state":"Ohio","state_ab":"OH","county":"Ottawa","geo_location":{ "type": "Point", "coordinates": [-83.3381, 41.605] }},
{"zip_code":"43145","country":"US","city":"New Holland","state":"Ohio","state_ab":"OH","county":"Pickaway","geo_location":{ "type": "Point", "coordinates": [-83.2504, 39.5589] }},
{"zip_code":"45642","country":"US","city":"Jasper","state":"Ohio","state_ab":"OH","county":"Pike","geo_location":{ "type": "Point", "coordinates": [-83.05, 39.0523] }},
{"zip_code":"44265","country":"US","city":"Randolph","state":"Ohio","state_ab":"OH","county":"Portage","geo_location":{ "type": "Point", "coordinates": [-81.2977, 41.0109] }},
{"zip_code":"45848","country":"US","city":"Glandorf","state":"Ohio","state_ab":"OH","county":"Putnam","geo_location":{ "type": "Point", "coordinates": [-84.112, 41.0964] }},
{"zip_code":"45875","country":"US","city":"Ottawa","state":"Ohio","state_ab":"OH","county":"Putnam","geo_location":{ "type": "Point", "coordinates": [-84.1115, 41.0197] }},
{"zip_code":"45628","country":"US","city":"Frankfort","state":"Ohio","state_ab":"OH","county":"Ross","geo_location":{ "type": "Point", "coordinates": [-83.2034, 39.391] }},
{"zip_code":"43442","country":"US","city":"Lindsey","state":"Ohio","state_ab":"OH","county":"Sandusky","geo_location":{ "type": "Point", "coordinates": [-83.2135, 41.4147] }},
{"zip_code":"45682","country":"US","city":"South Webster","state":"Ohio","state_ab":"OH","county":"Scioto","geo_location":{ "type": "Point", "coordinates": [-82.7202, 38.82] }},
{"zip_code":"44818","country":"US","city":"Bloomville","state":"Ohio","state_ab":"OH","county":"Seneca","geo_location":{ "type": "Point", "coordinates": [-82.9899, 41.0182] }},
{"zip_code":"44845","country":"US","city":"Melmore","state":"Ohio","state_ab":"OH","county":"Seneca","geo_location":{ "type": "Point", "coordinates": [-83.1098, 41.0242] }},
{"zip_code":"44652","country":"US","city":"Middlebranch","state":"Ohio","state_ab":"OH","county":"Stark","geo_location":{ "type": "Point", "coordinates": [-81.3262, 40.8951] }},
{"zip_code":"44702","country":"US","city":"Canton","state":"Ohio","state_ab":"OH","county":"Stark","geo_location":{ "type": "Point", "coordinates": [-81.3739, 40.8027] }},
{"zip_code":"44238","country":"US","city":"Hudson","state":"Ohio","state_ab":"OH","county":"Summit","geo_location":{ "type": "Point", "coordinates": [-81.54, 41.1287] }},
{"zip_code":"44278","country":"US","city":"Tallmadge","state":"Ohio","state_ab":"OH","county":"Summit","geo_location":{ "type": "Point", "coordinates": [-81.426, 41.0975] }},
{"zip_code":"44302","country":"US","city":"Akron","state":"Ohio","state_ab":"OH","county":"Summit","geo_location":{ "type": "Point", "coordinates": [-81.542, 41.092] }},
{"zip_code":"44315","country":"US","city":"Akron","state":"Ohio","state_ab":"OH","county":"Summit","geo_location":{ "type": "Point", "coordinates": [-81.4632, 41.028] }},
{"zip_code":"44328","country":"US","city":"Akron","state":"Ohio","state_ab":"OH","county":"Summit","geo_location":{ "type": "Point", "coordinates": [-81.5206, 41.076] }},
{"zip_code":"44418","country":"US","city":"Fowler","state":"Ohio","state_ab":"OH","county":"Trumbull","geo_location":{ "type": "Point", "coordinates": [-80.6059, 41.3349] }},
{"zip_code":"44485","country":"US","city":"Warren","state":"Ohio","state_ab":"OH","county":"Trumbull","geo_location":{ "type": "Point", "coordinates": [-80.8441, 41.2405] }},
{"zip_code":"44612","country":"US","city":"Bolivar","state":"Ohio","state_ab":"OH","county":"Tuscarawas","geo_location":{ "type": "Point", "coordinates": [-81.4464, 40.6347] }},
{"zip_code":"44678","country":"US","city":"Somerdale","state":"Ohio","state_ab":"OH","county":"Tuscarawas","geo_location":{ "type": "Point", "coordinates": [-81.3524, 40.5649] }},
{"zip_code":"45695","country":"US","city":"Wilkesville","state":"Ohio","state_ab":"OH","county":"Vinton","geo_location":{ "type": "Point", "coordinates": [-82.3682, 39.1416] }},
{"zip_code":"45152","country":"US","city":"Morrow","state":"Ohio","state_ab":"OH","county":"Warren","geo_location":{ "type": "Point", "coordinates": [-84.1181, 39.3476] }},
{"zip_code":"45745","country":"US","city":"Lower Salem","state":"Ohio","state_ab":"OH","county":"Washington","geo_location":{ "type": "Point", "coordinates": [-81.3968, 39.5611] }},
{"zip_code":"43505","country":"US","city":"Blakeslee","state":"Ohio","state_ab":"OH","county":"Williams","geo_location":{ "type": "Point", "coordinates": [-84.7303, 41.5239] }},
{"zip_code":"43518","country":"US","city":"Edon","state":"Ohio","state_ab":"OH","county":"Williams","geo_location":{ "type": "Point", "coordinates": [-84.757, 41.5842] }},
{"zip_code":"43402","country":"US","city":"Bowling Green","state":"Ohio","state_ab":"OH","county":"Wood","geo_location":{ "type": "Point", "coordinates": [-83.6507, 41.3815] }},
{"zip_code":"73722","country":"US","city":"Burlington","state":"Oklahoma","state_ab":"OK","county":"Alfalfa","geo_location":{ "type": "Point", "coordinates": [-98.4215, 36.9036] }},
{"zip_code":"73645","country":"US","city":"Erick","state":"Oklahoma","state_ab":"OK","county":"Beckham","geo_location":{ "type": "Point", "coordinates": [-99.8635, 35.2286] }},
{"zip_code":"73038","country":"US","city":"Fort Cobb","state":"Oklahoma","state_ab":"OK","county":"Caddo","geo_location":{ "type": "Point", "coordinates": [-98.4303, 35.1161] }},
{"zip_code":"73078","country":"US","city":"Piedmont","state":"Oklahoma","state_ab":"OK","county":"Canadian","geo_location":{ "type": "Point", "coordinates": [-97.7431, 35.6695] }},
{"zip_code":"73438","country":"US","city":"Healdton","state":"Oklahoma","state_ab":"OK","county":"Carter","geo_location":{ "type": "Point", "coordinates": [-97.4889, 34.229] }},
{"zip_code":"74738","country":"US","city":"Grant","state":"Oklahoma","state_ab":"OK","county":"Choctaw","geo_location":{ "type": "Point", "coordinates": [-95.4893, 33.9302] }},
{"zip_code":"74572","country":"US","city":"Tupelo","state":"Oklahoma","state_ab":"OK","county":"Coal","geo_location":{ "type": "Point", "coordinates": [-96.4274, 34.5598] }},
{"zip_code":"73502","country":"US","city":"Lawton","state":"Oklahoma","state_ab":"OK","county":"Comanche","geo_location":{ "type": "Point", "coordinates": [-98.4576, 34.6309] }},
{"zip_code":"73528","country":"US","city":"Chattanooga","state":"Oklahoma","state_ab":"OK","county":"Comanche","geo_location":{ "type": "Point", "coordinates": [-98.6514, 34.4262] }},
{"zip_code":"73568","country":"US","city":"Temple","state":"Oklahoma","state_ab":"OK","county":"Cotton","geo_location":{ "type": "Point", "coordinates": [-98.2371, 34.2607] }},
{"zip_code":"74028","country":"US","city":"Depew","state":"Oklahoma","state_ab":"OK","county":"Creek","geo_location":{ "type": "Point", "coordinates": [-96.4897, 35.7561] }},
{"zip_code":"74068","country":"US","city":"Shamrock","state":"Oklahoma","state_ab":"OK","county":"Creek","geo_location":{ "type": "Point", "coordinates": [-96.578, 35.9124] }},
{"zip_code":"74338","country":"US","city":"Colcord","state":"Oklahoma","state_ab":"OK","county":"Delaware","geo_location":{ "type": "Point", "coordinates": [-94.6547, 36.2333] }},
{"zip_code":"73658","country":"US","city":"Oakwood","state":"Oklahoma","state_ab":"OK","county":"Dewey","geo_location":{ "type": "Point", "coordinates": [-98.7065, 35.9328] }},
{"zip_code":"73735","country":"US","city":"Drummond","state":"Oklahoma","state_ab":"OK","county":"Garfield","geo_location":{ "type": "Point", "coordinates": [-98.0358, 36.2841] }},
{"zip_code":"73052","country":"US","city":"Lindsay","state":"Oklahoma","state_ab":"OK","county":"Garvin","geo_location":{ "type": "Point", "coordinates": [-97.5998, 34.8211] }},
{"zip_code":"73092","country":"US","city":"Verden","state":"Oklahoma","state_ab":"OK","county":"Grady","geo_location":{ "type": "Point", "coordinates": [-98.0792, 35.0836] }},
{"zip_code":"73762","country":"US","city":"Okarche","state":"Oklahoma","state_ab":"OK","county":"Kingfisher","geo_location":{ "type": "Point", "coordinates": [-97.93, 35.7502] }},
{"zip_code":"74545","country":"US","city":"Gowen","state":"Oklahoma","state_ab":"OK","county":"Latimer","geo_location":{ "type": "Point", "coordinates": [-95.469, 34.8724] }},
{"zip_code":"74932","country":"US","city":"Cameron","state":"Oklahoma","state_ab":"OK","county":"Le Flore","geo_location":{ "type": "Point", "coordinates": [-94.506, 35.1494] }},
{"zip_code":"74855","country":"US","city":"Meeker","state":"Oklahoma","state_ab":"OK","county":"Lincoln","geo_location":{ "type": "Point", "coordinates": [-96.9981, 35.5211] }},
{"zip_code":"73065","country":"US","city":"Newcastle","state":"Oklahoma","state_ab":"OK","county":"McClain","geo_location":{ "type": "Point", "coordinates": [-97.6216, 35.2453] }},
{"zip_code":"74752","country":"US","city":"Pickens","state":"Oklahoma","state_ab":"OK","county":"McCurtain","geo_location":{ "type": "Point", "coordinates": [-94.8089, 34.0617] }},
{"zip_code":"73838","country":"US","city":"Chester","state":"Oklahoma","state_ab":"OK","county":"Major","geo_location":{ "type": "Point", "coordinates": [-98.8838, 36.2621] }},
{"zip_code":"74352","country":"US","city":"Locust Grove","state":"Oklahoma","state_ab":"OK","county":"Mayes","geo_location":{ "type": "Point", "coordinates": [-95.1689, 36.1819] }},
{"zip_code":"74365","country":"US","city":"Salina","state":"Oklahoma","state_ab":"OK","county":"Mayes","geo_location":{ "type": "Point", "coordinates": [-95.1158, 36.3116] }},
{"zip_code":"74402","country":"US","city":"Muskogee","state":"Oklahoma","state_ab":"OK","county":"Muskogee","geo_location":{ "type": "Point", "coordinates": [-95.3069, 35.7642] }},
{"zip_code":"74428","country":"US","city":"Council Hill","state":"Oklahoma","state_ab":"OK","county":"Muskogee","geo_location":{ "type": "Point", "coordinates": [-95.7113, 35.5322] }},
{"zip_code":"74455","country":"US","city":"Porum","state":"Oklahoma","state_ab":"OK","county":"Muskogee","geo_location":{ "type": "Point", "coordinates": [-95.2607, 35.3631] }},
{"zip_code":"74468","country":"US","city":"Wainwright","state":"Oklahoma","state_ab":"OK","county":"Muskogee","geo_location":{ "type": "Point", "coordinates": [-95.6002, 35.6299] }},
{"zip_code":"74042","country":"US","city":"Lenapah","state":"Oklahoma","state_ab":"OK","county":"Nowata","geo_location":{ "type": "Point", "coordinates": [-95.6233, 36.8801] }},
{"zip_code":"74882","country":"US","city":"Welty","state":"Oklahoma","state_ab":"OK","county":"Okfuskee County","geo_location":{ "type": "Point", "coordinates": [-96.4264, 35.6088] }},
{"zip_code":"73012","country":"US","city":"Edmond","state":"Oklahoma","state_ab":"OK","county":"Oklahoma","geo_location":{ "type": "Point", "coordinates": [-97.4733, 35.6215] }},
{"zip_code":"73025","country":"US","city":"Edmond","state":"Oklahoma","state_ab":"OK","county":"Oklahoma County","geo_location":{ "type": "Point", "coordinates": [-97.5133, 35.722] }},
{"zip_code":"39212","country":"US","city":"Jackson","state":"Mississippi","state_ab":"MS","county":"Hinds","geo_location":{ "type": "Point", "coordinates": [-90.2612, 32.2435] }},
{"zip_code":"39225","country":"US","city":"Jackson","state":"Mississippi","state_ab":"MS","county":"Hinds","geo_location":{ "type": "Point", "coordinates": [-90.3972, 32.3113] }},
{"zip_code":"38855","country":"US","city":"Mantachie","state":"Mississippi","state_ab":"MS","county":"Itawamba","geo_location":{ "type": "Point", "coordinates": [-88.496, 34.3587] }},
{"zip_code":"39562","country":"US","city":"Moss Point","state":"Mississippi","state_ab":"MS","county":"Jackson","geo_location":{ "type": "Point", "coordinates": [-88.4927, 30.5471] }},
{"zip_code":"39328","country":"US","city":"De Kalb","state":"Mississippi","state_ab":"MS","county":"Kemper","geo_location":{ "type": "Point", "coordinates": [-88.7332, 32.7162] }},
{"zip_code":"38675","country":"US","city":"Tula","state":"Mississippi","state_ab":"MS","county":"Lafayette","geo_location":{ "type": "Point", "coordinates": [-89.4839, 34.3582] }},
{"zip_code":"39302","country":"US","city":"Meridian","state":"Mississippi","state_ab":"MS","county":"Lauderdale","geo_location":{ "type": "Point", "coordinates": [-88.6419, 32.432] }},
{"zip_code":"39342","country":"US","city":"Marion","state":"Mississippi","state_ab":"MS","county":"Lauderdale","geo_location":{ "type": "Point", "coordinates": [-88.6483, 32.4245] }},
{"zip_code":"39665","country":"US","city":"Sontag","state":"Mississippi","state_ab":"MS","county":"Lawrence","geo_location":{ "type": "Point", "coordinates": [-90.1801, 31.6453] }},
{"zip_code":"38802","country":"US","city":"Tupelo","state":"Mississippi","state_ab":"MS","county":"Lee","geo_location":{ "type": "Point", "coordinates": [-88.7671, 34.2345] }},
{"zip_code":"38868","country":"US","city":"Shannon","state":"Mississippi","state_ab":"MS","county":"Lee","geo_location":{ "type": "Point", "coordinates": [-88.7342, 34.121] }},
{"zip_code":"38945","country":"US","city":"Money","state":"Mississippi","state_ab":"MS","county":"Leflore","geo_location":{ "type": "Point", "coordinates": [-90.1969, 33.6507] }},
{"zip_code":"39702","country":"US","city":"Columbus","state":"Mississippi","state_ab":"MS","county":"Lowndes","geo_location":{ "type": "Point", "coordinates": [-88.3554, 33.4812] }},
{"zip_code":"39045","country":"US","city":"Camden","state":"Mississippi","state_ab":"MS","county":"Madison","geo_location":{ "type": "Point", "coordinates": [-89.8698, 32.7853] }},
{"zip_code":"38635","country":"US","city":"Holly Springs","state":"Mississippi","state_ab":"MS","county":"Marshall","geo_location":{ "type": "Point", "coordinates": [-89.4897, 34.7471] }},
{"zip_code":"38648","country":"US","city":"Mineral Wells","state":"Mississippi","state_ab":"MS","county":"Pike County","geo_location":{ "type": "Point", "coordinates": [-89.8735, 34.7796] }},
{"zip_code":"39652","country":"US","city":"Magnolia","state":"Mississippi","state_ab":"MS","county":"Pike","geo_location":{ "type": "Point", "coordinates": [-90.4831, 31.1217] }},
{"zip_code":"38622","country":"US","city":"Crowder","state":"Mississippi","state_ab":"MS","county":"Quitman","geo_location":{ "type": "Point", "coordinates": [-90.1364, 34.1731] }},
{"zip_code":"39148","country":"US","city":"Piney Woods","state":"Mississippi","state_ab":"MS","county":"Rankin","geo_location":{ "type": "Point", "coordinates": [-89.9923, 32.3199] }},
{"zip_code":"39098","country":"US","city":"Ludlow","state":"Mississippi","state_ab":"MS","county":"Scott","geo_location":{ "type": "Point", "coordinates": [-89.7135, 32.566] }},
{"zip_code":"38765","country":"US","city":"Panther Burn","state":"Mississippi","state_ab":"MS","county":"Sharkey","geo_location":{ "type": "Point", "coordinates": [-90.811, 32.8798] }},
{"zip_code":"38738","country":"US","city":"Parchman","state":"Mississippi","state_ab":"MS","county":"Sunflower","geo_location":{ "type": "Point", "coordinates": [-90.6075, 33.6287] }},
{"zip_code":"38778","country":"US","city":"Sunflower","state":"Mississippi","state_ab":"MS","county":"Sunflower","geo_location":{ "type": "Point", "coordinates": [-90.5451, 33.5567] }},
{"zip_code":"38958","country":"US","city":"Swan Lake","state":"Mississippi","state_ab":"MS","county":"Tallahatchie","geo_location":{ "type": "Point", "coordinates": [-90.1885, 33.9292] }},
{"zip_code":"38828","country":"US","city":"Blue Springs","state":"Mississippi","state_ab":"MS","county":"Union","geo_location":{ "type": "Point", "coordinates": [-88.859, 34.4273] }},
{"zip_code":"39162","country":"US","city":"Satartia","state":"Mississippi","state_ab":"MS","county":"Yazoo","geo_location":{ "type": "Point", "coordinates": [-90.5965, 32.6125] }},
{"zip_code":"59762","country":"US","city":"Wise River","state":"Montana","state_ab":"MT","county":"Beaverhead","geo_location":{ "type": "Point", "coordinates": [-112.9963, 45.7424] }},
{"zip_code":"59025","country":"US","city":"Decker","state":"Montana","state_ab":"MT","county":"Big Horn","geo_location":{ "type": "Point", "coordinates": [-106.8721, 45.1797] }},
{"zip_code":"59542","country":"US","city":"Turner","state":"Montana","state_ab":"MT","county":"Blaine","geo_location":{ "type": "Point", "coordinates": [-108.3961, 48.8328] }},
{"zip_code":"59412","country":"US","city":"Belt","state":"Montana","state_ab":"MT","county":"Cascade","geo_location":{ "type": "Point", "coordinates": [-110.9081, 47.3821] }},
{"zip_code":"59465","country":"US","city":"Neihart","state":"Montana","state_ab":"MT","county":"Cascade","geo_location":{ "type": "Point", "coordinates": [-110.7328, 46.9391] }},
{"zip_code":"59902","country":"US","city":"Kalispell","state":"Montana","state_ab":"MT","county":"Flathead","geo_location":{ "type": "Point", "coordinates": [-114.1435, 48.1894] }},
{"zip_code":"59928","country":"US","city":"Polebridge","state":"Montana","state_ab":"MT","county":"Flathead","geo_location":{ "type": "Point", "coordinates": [-114.3836, 48.8206] }},
{"zip_code":"59852","country":"US","city":"Niarada","state":"Montana","state_ab":"MT","county":"Gallatin County","geo_location":{ "type": "Point", "coordinates": [-114.6555, 47.8137] }},
{"zip_code":"59322","country":"US","city":"Cohagen","state":"Montana","state_ab":"MT","county":"Garfield","geo_location":{ "type": "Point", "coordinates": [-106.4981, 47.1263] }},
{"zip_code":"59528","country":"US","city":"Hingham","state":"Montana","state_ab":"MT","county":"Hill","geo_location":{ "type": "Point", "coordinates": [-110.4275, 48.587] }},
{"zip_code":"59632","country":"US","city":"Boulder","state":"Montana","state_ab":"MT","county":"Jefferson","geo_location":{ "type": "Point", "coordinates": [-112.1138, 46.2306] }},
{"zip_code":"59452","country":"US","city":"Hobson","state":"Montana","state_ab":"MT","county":"Judith Basin","geo_location":{ "type": "Point", "coordinates": [-109.8756, 46.9968] }},
{"zip_code":"59865","country":"US","city":"Saint Ignatius","state":"Montana","state_ab":"MT","county":"Lake","geo_location":{ "type": "Point", "coordinates": [-114.0758, 47.33] }},
{"zip_code":"59915","country":"US","city":"Elmo","state":"Montana","state_ab":"MT","county":"Lake","geo_location":{ "type": "Point", "coordinates": [-114.215, 47.6966] }},
{"zip_code":"59735","country":"US","city":"Harrison","state":"Montana","state_ab":"MT","county":"Madison","geo_location":{ "type": "Point", "coordinates": [-111.8461, 45.7423] }},
{"zip_code":"59645","country":"US","city":"White Sulphur Springs","state":"Montana","state_ab":"MT","county":"Meagher","geo_location":{ "type": "Point", "coordinates": [-111.0506, 46.6332] }},
{"zip_code":"59812","country":"US","city":"Missoula","state":"Montana","state_ab":"MT","county":"Missoula","geo_location":{ "type": "Point", "coordinates": [-114.0498, 47.116] }},
{"zip_code":"59825","country":"US","city":"Clinton","state":"Montana","state_ab":"MT","county":"Missoula","geo_location":{ "type": "Point", "coordinates": [-113.7038, 46.7673] }},
{"zip_code":"59065","country":"US","city":"Pray","state":"Montana","state_ab":"MT","county":"Park","geo_location":{ "type": "Point", "coordinates": [-110.7137, 45.3331] }},
{"zip_code":"59425","country":"US","city":"Conrad","state":"Montana","state_ab":"MT","county":"Pondera","geo_location":{ "type": "Point", "coordinates": [-111.9397, 48.1783] }},
{"zip_code":"59348","country":"US","city":"Sonnette","state":"Montana","state_ab":"MT","county":"Powder River","geo_location":{ "type": "Point", "coordinates": [-105.6305, 45.3911] }},
{"zip_code":"59722","country":"US","city":"Deer Lodge","state":"Montana","state_ab":"MT","county":"Powell","geo_location":{ "type": "Point", "coordinates": [-112.7476, 46.3881] }},
{"zip_code":"59218","country":"US","city":"Culbertson","state":"Montana","state_ab":"MT","county":"Roosevelt","geo_location":{ "type": "Point", "coordinates": [-104.5132, 48.1495] }},
{"zip_code":"59245","country":"US","city":"Mc Cabe","state":"Montana","state_ab":"MT","county":"Roosevelt","geo_location":{ "type": "Point", "coordinates": [-104.9441, 48.2801] }},
{"zip_code":"59012","country":"US","city":"Birney","state":"Montana","state_ab":"MT","county":"Rosebud","geo_location":{ "type": "Point", "coordinates": [-106.5095, 45.2862] }},
{"zip_code":"59258","country":"US","city":"Reserve","state":"Montana","state_ab":"MT","county":"Sheridan","geo_location":{ "type": "Point", "coordinates": [-104.6279, 48.5905] }},
{"zip_code":"59748","country":"US","city":"Ramsay","state":"Montana","state_ab":"MT","county":"Silver Bow","geo_location":{ "type": "Point", "coordinates": [-112.7589, 46.0288] }},
{"zip_code":"59052","country":"US","city":"Mc Leod","state":"Montana","state_ab":"MT","county":"Sweet Grass","geo_location":{ "type": "Point", "coordinates": [-109.9357, 45.5963] }},
{"zip_code":"59038","country":"US","city":"Hysham","state":"Montana","state_ab":"MT","county":"Treasure","geo_location":{ "type": "Point", "coordinates": [-107.3072, 46.2765] }},
{"zip_code":"59078","country":"US","city":"Shawmut","state":"Montana","state_ab":"MT","county":"Wheatland","geo_location":{ "type": "Point", "coordinates": [-109.5974, 46.3869] }},
{"zip_code":"59102","country":"US","city":"Billings","state":"Montana","state_ab":"MT","county":"Yellowstone","geo_location":{ "type": "Point", "coordinates": [-108.5727, 45.7813] }},
{"zip_code":"59115","country":"US","city":"Billings","state":"Montana","state_ab":"MT","county":"Yellowstone","geo_location":{ "type": "Point", "coordinates": [-108.1945, 45.9783] }},
{"zip_code":"27202","country":"US","city":"Altamahaw","state":"North Carolina","state_ab":"NC","county":"Alamance","geo_location":{ "type": "Point", "coordinates": [-79.5055, 36.1855] }},
{"zip_code":"27215","country":"US","city":"Burlington","state":"North Carolina","state_ab":"NC","county":"Alamance","geo_location":{ "type": "Point", "coordinates": [-79.4889, 36.0318] }},
{"zip_code":"28102","country":"US","city":"Mc Farlan","state":"North Carolina","state_ab":"NC","county":"Anson","geo_location":{ "type": "Point", "coordinates": [-79.9776, 34.8136] }},
{"zip_code":"28672","country":"US","city":"Scottville","state":"North Carolina","state_ab":"NC","county":"Ashe","geo_location":{ "type": "Point", "coordinates": [-81.3276, 36.4833] }},
{"zip_code":"27808","country":"US","city":"Bath","state":"North Carolina","state_ab":"NC","county":"Beaufort","geo_location":{ "type": "Point", "coordinates": [-76.7715, 35.4702] }},
{"zip_code":"28452","country":"US","city":"Longwood","state":"North Carolina","state_ab":"NC","county":"Brunswick","geo_location":{ "type": "Point", "coordinates": [-78.5541, 33.9973] }},
{"zip_code":"28465","country":"US","city":"Oak Island","state":"North Carolina","state_ab":"NC","county":"Brunswick","geo_location":{ "type": "Point", "coordinates": [-78.1255, 33.9161] }},
{"zip_code":"28748","country":"US","city":"Leicester","state":"North Carolina","state_ab":"NC","county":"Buncombe","geo_location":{ "type": "Point", "coordinates": [-82.7106, 35.6498] }},
{"zip_code":"28025","country":"US","city":"Concord","state":"North Carolina","state_ab":"NC","county":"Cabarrus","geo_location":{ "type": "Point", "coordinates": [-80.53, 35.3716] }},
{"zip_code":"28645","country":"US","city":"Lenoir","state":"North Carolina","state_ab":"NC","county":"Caldwell","geo_location":{ "type": "Point", "coordinates": [-81.5398, 35.9149] }},
{"zip_code":"28528","country":"US","city":"Gloucester","state":"North Carolina","state_ab":"NC","county":"Carteret","geo_location":{ "type": "Point", "coordinates": [-76.5394, 34.7344] }},
{"zip_code":"28582","country":"US","city":"Stella","state":"North Carolina","state_ab":"NC","county":"Carteret","geo_location":{ "type": "Point", "coordinates": [-77.1308, 34.7777] }},
{"zip_code":"27305","country":"US","city":"Milton","state":"North Carolina","state_ab":"NC","county":"Caswell","geo_location":{ "type": "Point", "coordinates": [-79.2087, 36.5158] }},
{"zip_code":"28658","country":"US","city":"Newton","state":"North Carolina","state_ab":"NC","county":"Catawba","geo_location":{ "type": "Point", "coordinates": [-81.2425, 35.6498] }},
{"zip_code":"27228","country":"US","city":"Bynum","state":"North Carolina","state_ab":"NC","county":"Chatham","geo_location":{ "type": "Point", "coordinates": [-79.1298, 35.7835] }},
{"zip_code":"28902","country":"US","city":"Brasstown","state":"North Carolina","state_ab":"NC","county":"Clay","geo_location":{ "type": "Point", "coordinates": [-83.9567, 35.0261] }},
{"zip_code":"40212","country":"US","city":"Louisville","state":"Kentucky","state_ab":"KY","county":"Jefferson","geo_location":{ "type": "Point", "coordinates": [-85.8045, 38.2651] }},
{"zip_code":"40225","country":"US","city":"Louisville","state":"Kentucky","state_ab":"KY","county":"Jefferson","geo_location":{ "type": "Point", "coordinates": [-85.6768, 38.189] }},
{"zip_code":"40252","country":"US","city":"Louisville","state":"Kentucky","state_ab":"KY","county":"Jefferson","geo_location":{ "type": "Point", "coordinates": [-85.6768, 38.189] }},
{"zip_code":"40292","country":"US","city":"Louisville","state":"Kentucky","state_ab":"KY","county":"Jefferson","geo_location":{ "type": "Point", "coordinates": [-85.6768, 38.189] }},
{"zip_code":"41215","country":"US","city":"Denver","state":"Kentucky","state_ab":"KY","county":"Johnson","geo_location":{ "type": "Point", "coordinates": [-82.8651, 37.772] }},
{"zip_code":"41228","country":"US","city":"Leander","state":"Kentucky","state_ab":"KY","county":"Johnson","geo_location":{ "type": "Point", "coordinates": [-82.8656, 37.7397] }},
{"zip_code":"41255","country":"US","city":"Sitka","state":"Kentucky","state_ab":"KY","county":"Johnson","geo_location":{ "type": "Point", "coordinates": [-82.8446, 37.8922] }},
{"zip_code":"41268","country":"US","city":"West Van Lear","state":"Kentucky","state_ab":"KY","county":"Johnson","geo_location":{ "type": "Point", "coordinates": [-82.791, 37.7971] }},
{"zip_code":"42155","country":"US","city":"Lamb","state":"Kentucky","state_ab":"KY","county":"Kenton County","geo_location":{ "type": "Point", "coordinates": [-85.8854, 36.7998] }},
{"zip_code":"41772","country":"US","city":"Vest","state":"Kentucky","state_ab":"KY","county":"Knott","geo_location":{ "type": "Point", "coordinates": [-83.0153, 37.4073] }},
{"zip_code":"41822","country":"US","city":"Hindman","state":"Kentucky","state_ab":"KY","county":"Knott","geo_location":{ "type": "Point", "coordinates": [-82.9527, 37.3276] }},
{"zip_code":"41862","country":"US","city":"Topmost","state":"Kentucky","state_ab":"KY","county":"Knott","geo_location":{ "type": "Point", "coordinates": [-82.7926, 37.3485] }},
{"zip_code":"40935","country":"US","city":"Flat Lick","state":"Kentucky","state_ab":"KY","county":"Knox","geo_location":{ "type": "Point", "coordinates": [-83.83, 36.8713] }},
{"zip_code":"42748","country":"US","city":"Hodgenville","state":"Kentucky","state_ab":"KY","county":"Larue","geo_location":{ "type": "Point", "coordinates": [-85.7232, 37.5746] }},
{"zip_code":"40742","country":"US","city":"London","state":"Kentucky","state_ab":"KY","county":"Laurel","geo_location":{ "type": "Point", "coordinates": [-84.1156, 37.1376] }},
{"zip_code":"40755","country":"US","city":"Pittsburg","state":"Kentucky","state_ab":"KY","county":"Laurel","geo_location":{ "type": "Point", "coordinates": [-84.1166, 37.1678] }},
{"zip_code":"41358","country":"US","city":"Old Landing","state":"Kentucky","state_ab":"KY","county":"Lee County","geo_location":{ "type": "Point", "coordinates": [-83.8058, 37.6397] }},
{"zip_code":"40858","country":"US","city":"Mozelle","state":"Kentucky","state_ab":"KY","county":"Leslie","geo_location":{ "type": "Point", "coordinates": [-83.4135, 37.0037] }},
{"zip_code":"41732","country":"US","city":"Cutshin","state":"Kentucky","state_ab":"KY","county":"Leslie County","geo_location":{ "type": "Point", "coordinates": [-83.249, 37.1073] }},
{"zip_code":"41835","country":"US","city":"Mc Roberts","state":"Kentucky","state_ab":"KY","county":"Letcher","geo_location":{ "type": "Point", "coordinates": [-82.6734, 37.2137] }},
{"zip_code":"41848","country":"US","city":"Roxana","state":"Kentucky","state_ab":"KY","county":"Letcher","geo_location":{ "type": "Point", "coordinates": [-82.9407, 37.1102] }},
{"zip_code":"42078","country":"US","city":"Salem","state":"Kentucky","state_ab":"KY","county":"Livingston","geo_location":{ "type": "Point", "coordinates": [-88.2711, 37.2553] }},
{"zip_code":"42038","country":"US","city":"Eddyville","state":"Kentucky","state_ab":"KY","county":"Lyon","geo_location":{ "type": "Point", "coordinates": [-88.0494, 37.0664] }},
{"zip_code":"42322","country":"US","city":"Beech Grove","state":"Kentucky","state_ab":"KY","county":"McLean","geo_location":{ "type": "Point", "coordinates": [-87.4069, 37.6151] }},
{"zip_code":"40405","country":"US","city":"Bighill","state":"Kentucky","state_ab":"KY","county":"Madison","geo_location":{ "type": "Point", "coordinates": [-84.2997, 37.7164] }},
{"zip_code":"41422","country":"US","city":"Elsie","state":"Kentucky","state_ab":"KY","county":"Magoffin","geo_location":{ "type": "Point", "coordinates": [-83.0746, 37.6906] }},
{"zip_code":"41565","country":"US","city":"Speight","state":"Kentucky","state_ab":"KY","county":"Magoffin County","geo_location":{ "type": "Point", "coordinates": [-82.7165, 37.2625] }},
{"zip_code":"40328","country":"US","city":"Gravel Switch","state":"Kentucky","state_ab":"KY","county":"Marion","geo_location":{ "type": "Point", "coordinates": [-85.0824, 37.5758] }},
{"zip_code":"42025","country":"US","city":"Benton","state":"Kentucky","state_ab":"KY","county":"Marshall","geo_location":{ "type": "Point", "coordinates": [-88.3548, 36.8806] }},
{"zip_code":"41062","country":"US","city":"Minerva","state":"Kentucky","state_ab":"KY","county":"Mason","geo_location":{ "type": "Point", "coordinates": [-83.9103, 38.7196] }},
{"zip_code":"40108","country":"US","city":"Brandenburg","state":"Kentucky","state_ab":"KY","county":"Meade","geo_location":{ "type": "Point", "coordinates": [-86.1084, 37.9662] }},
{"zip_code":"41125","country":"US","city":"Bruin","state":"Kentucky","state_ab":"KY","county":"Morgan County","geo_location":{ "type": "Point", "coordinates": [-83.0187, 38.1877] }},
{"zip_code":"41408","country":"US","city":"Cannel City","state":"Kentucky","state_ab":"KY","county":"Morgan","geo_location":{ "type": "Point", "coordinates": [-83.2338, 37.914] }},
{"zip_code":"40032","country":"US","city":"La Grange","state":"Kentucky","state_ab":"KY","county":"Oldham","geo_location":{ "type": "Point", "coordinates": [-85.4605, 38.4046] }},
{"zip_code":"40355","country":"US","city":"New Liberty","state":"Kentucky","state_ab":"KY","county":"Owen","geo_location":{ "type": "Point", "coordinates": [-84.8756, 38.6277] }},
{"zip_code":"41745","country":"US","city":"Gays Creek","state":"Kentucky","state_ab":"KY","county":"Perry","geo_location":{ "type": "Point", "coordinates": [-83.4347, 37.3353] }},
{"zip_code":"41512","country":"US","city":"Ashcamp","state":"Kentucky","state_ab":"KY","county":"Pike","geo_location":{ "type": "Point", "coordinates": [-82.4613, 37.2589] }},
{"zip_code":"41538","country":"US","city":"Jonancy","state":"Kentucky","state_ab":"KY","county":"Pike","geo_location":{ "type": "Point", "coordinates": [-82.3488, 37.4706] }},
{"zip_code":"42502","country":"US","city":"Somerset","state":"Kentucky","state_ab":"KY","county":"Pulaski","geo_location":{ "type": "Point", "coordinates": [-84.4277, 37.0932] }},
{"zip_code":"42618","country":"US","city":"Burnside","state":"Kentucky","state_ab":"KY","county":"Pulaski County","geo_location":{ "type": "Point", "coordinates": [-84.7049, 36.9562] }},
{"zip_code":"40445","country":"US","city":"Livingston","state":"Kentucky","state_ab":"KY","county":"Rockcastle","geo_location":{ "type": "Point", "coordinates": [-84.2318, 37.3074] }},
{"zip_code":"42555","country":"US","city":"Sloans Valley","state":"Kentucky","state_ab":"KY","county":"Trigg County","geo_location":{ "type": "Point", "coordinates": [-84.3749, 36.9686] }},
{"zip_code":"40045","country":"US","city":"Milton","state":"Kentucky","state_ab":"KY","county":"Trimble","geo_location":{ "type": "Point", "coordinates": [-85.3659, 38.6925] }},
{"zip_code":"42102","country":"US","city":"Bowling Green","state":"Kentucky","state_ab":"KY","county":"Warren","geo_location":{ "type": "Point", "coordinates": [-86.387, 36.9223] }},
{"zip_code":"42128","country":"US","city":"Drake","state":"Kentucky","state_ab":"KY","county":"Warren","geo_location":{ "type": "Point", "coordinates": [-86.394, 36.9834] }},
{"zip_code":"42632","country":"US","city":"Mill Springs","state":"Kentucky","state_ab":"KY","county":"Wayne","geo_location":{ "type": "Point", "coordinates": [-84.8183, 36.8004] }},
{"zip_code":"40702","country":"US","city":"Corbin","state":"Kentucky","state_ab":"KY","county":"Whitley","geo_location":{ "type": "Point", "coordinates": [-84.1031, 36.9374] }},
{"zip_code":"41332","country":"US","city":"Hazel Green","state":"Kentucky","state_ab":"KY","county":"Wolfe","geo_location":{ "type": "Point", "coordinates": [-83.421, 37.7981] }},
{"zip_code":"70648","country":"US","city":"Kinder","state":"Louisiana","state_ab":"LA","county":"Allen","geo_location":{ "type": "Point", "coordinates": [-92.8693, 30.4607] }},
{"zip_code":"70725","country":"US","city":"Darrow","state":"Louisiana","state_ab":"LA","county":"Ascension","geo_location":{ "type": "Point", "coordinates": [-90.9651, 30.13] }},
{"zip_code":"70738","country":"US","city":"Burnside","state":"Louisiana","state_ab":"LA","county":"Ascension","geo_location":{ "type": "Point", "coordinates": [-90.8695, 30.2047] }},
{"zip_code":"70778","country":"US","city":"Sorrento","state":"Louisiana","state_ab":"LA","county":"Ascension","geo_location":{ "type": "Point", "coordinates": [-90.8631, 30.1854] }},
{"zip_code":"71355","country":"US","city":"Moreauville","state":"Louisiana","state_ab":"LA","county":"Avoyelles","geo_location":{ "type": "Point", "coordinates": [-91.8748, 31.0988] }},
{"zip_code":"70662","country":"US","city":"Sugartown","state":"Louisiana","state_ab":"LA","county":"Beauregard","geo_location":{ "type": "Point", "coordinates": [-93.017, 30.8277] }},
{"zip_code":"71045","country":"US","city":"Jamestown","state":"Louisiana","state_ab":"LA","county":"Bienville","geo_location":{ "type": "Point", "coordinates": [-93.1848, 32.3613] }},
{"zip_code":"71108","country":"US","city":"Shreveport","state":"Louisiana","state_ab":"LA","county":"Caddo","geo_location":{ "type": "Point", "coordinates": [-93.7814, 32.4486] }},
{"zip_code":"71135","country":"US","city":"Shreveport","state":"Louisiana","state_ab":"LA","county":"Caddo","geo_location":{ "type": "Point", "coordinates": [-93.7526, 32.6076] }},
{"zip_code":"71148","country":"US","city":"Shreveport","state":"Louisiana","state_ab":"LA","county":"Caddo","geo_location":{ "type": "Point", "coordinates": [-93.7526, 32.6076] }},
{"zip_code":"71162","country":"US","city":"Shreveport","state":"Louisiana","state_ab":"LA","county":"Caddo","geo_location":{ "type": "Point", "coordinates": [-93.7526, 32.6076] }},
{"zip_code":"71418","country":"US","city":"Columbia","state":"Louisiana","state_ab":"LA","county":"Caldwell","geo_location":{ "type": "Point", "coordinates": [-92.1177, 32.1022] }},
{"zip_code":"71368","country":"US","city":"Sicily Island","state":"Louisiana","state_ab":"LA","county":"Catahoula","geo_location":{ "type": "Point", "coordinates": [-91.6807, 31.8507] }},
{"zip_code":"71032","country":"US","city":"Grand Cane","state":"Louisiana","state_ab":"LA","county":"De Soto","geo_location":{ "type": "Point", "coordinates": [-93.7941, 32.105] }},
{"zip_code":"70802","country":"US","city":"Baton Rouge","state":"Louisiana","state_ab":"LA","county":"East Baton Rouge","geo_location":{ "type": "Point", "coordinates": [-91.1775, 30.4438] }},
{"zip_code":"70815","country":"US","city":"Baton Rouge","state":"Louisiana","state_ab":"LA","county":"East Baton Rouge","geo_location":{ "type": "Point", "coordinates": [-91.0596, 30.4558] }},
{"zip_code":"70895","country":"US","city":"Baton Rouge","state":"Louisiana","state_ab":"LA","county":"East Baton Rouge","geo_location":{ "type": "Point", "coordinates": [-91.0804, 30.5159] }},
{"zip_code":"70585","country":"US","city":"Turkey Creek","state":"Louisiana","state_ab":"LA","county":"Evangeline","geo_location":{ "type": "Point", "coordinates": [-92.404, 30.8707] }},
{"zip_code":"71432","country":"US","city":"Georgetown","state":"Louisiana","state_ab":"LA","county":"Grant","geo_location":{ "type": "Point", "coordinates": [-92.3952, 31.745] }},
{"zip_code":"70765","country":"US","city":"Plaquemine","state":"Louisiana","state_ab":"LA","county":"Iberville","geo_location":{ "type": "Point", "coordinates": [-91.3603, 30.2614] }},
{"zip_code":"71238","country":"US","city":"Eros","state":"Louisiana","state_ab":"LA","county":"Jackson","geo_location":{ "type": "Point", "coordinates": [-92.3479, 32.3988] }},
{"zip_code":"70002","country":"US","city":"Metairie","state":"Louisiana","state_ab":"LA","county":"Jefferson","geo_location":{ "type": "Point", "coordinates": [-90.163, 30.0098] }},
{"zip_code":"70055","country":"US","city":"Metairie","state":"Louisiana","state_ab":"LA","county":"Jefferson","geo_location":{ "type": "Point", "coordinates": [-90.0901, 29.6779] }},
{"zip_code":"70532","country":"US","city":"Elton","state":"Louisiana","state_ab":"LA","county":"Jefferson Davis","geo_location":{ "type": "Point", "coordinates": [-92.6996, 30.4715] }},
{"zip_code":"70505","country":"US","city":"Lafayette","state":"Louisiana","state_ab":"LA","county":"Lafayette","geo_location":{ "type": "Point", "coordinates": [-92.0188, 30.2023] }},
{"zip_code":"70518","country":"US","city":"Broussard","state":"Louisiana","state_ab":"LA","county":"Lafayette","geo_location":{ "type": "Point", "coordinates": [-91.9502, 30.1219] }},
{"zip_code":"70558","country":"US","city":"Milton","state":"Louisiana","state_ab":"LA","county":"Lafayette","geo_location":{ "type": "Point", "coordinates": [-92.0648, 30.0988] }},
{"zip_code":"70598","country":"US","city":"Lafayette","state":"Louisiana","state_ab":"LA","county":"Lafayette","geo_location":{ "type": "Point", "coordinates": [-92.0951, 30.2081] }},
{"zip_code":"64632","country":"US","city":"Cainsville","state":"Missouri","state_ab":"MO","county":"Harrison","geo_location":{ "type": "Point", "coordinates": [-93.759, 40.4578] }},
{"zip_code":"64735","country":"US","city":"Clinton","state":"Missouri","state_ab":"MO","county":"Henry","geo_location":{ "type": "Point", "coordinates": [-93.785, 38.4018] }},
{"zip_code":"64788","country":"US","city":"Urich","state":"Missouri","state_ab":"MO","county":"Henry","geo_location":{ "type": "Point", "coordinates": [-93.9785, 38.4449] }},
{"zip_code":"64452","country":"US","city":"Fortescue","state":"Missouri","state_ab":"MO","county":"Holt County","geo_location":{ "type": "Point", "coordinates": [-95.3316, 40.0547] }},
{"zip_code":"65248","country":"US","city":"Fayette","state":"Missouri","state_ab":"MO","county":"Howard","geo_location":{ "type": "Point", "coordinates": [-92.6583, 39.143] }},
{"zip_code":"65688","country":"US","city":"Brandsville","state":"Missouri","state_ab":"MO","county":"Howell","geo_location":{ "type": "Point", "coordinates": [-91.6976, 36.6488] }},
{"zip_code":"64052","country":"US","city":"Independence","state":"Missouri","state_ab":"MO","county":"Jackson","geo_location":{ "type": "Point", "coordinates": [-94.4499, 39.075] }},
{"zip_code":"64065","country":"US","city":"Lees Summit","state":"Missouri","state_ab":"MO","county":"Jackson","geo_location":{ "type": "Point", "coordinates": [-94.4058, 38.9529] }},
{"zip_code":"64102","country":"US","city":"Kansas City","state":"Missouri","state_ab":"MO","county":"Jackson","geo_location":{ "type": "Point", "coordinates": [-94.6066, 39.0861] }},
{"zip_code":"64128","country":"US","city":"Kansas City","state":"Missouri","state_ab":"MO","county":"Jackson","geo_location":{ "type": "Point", "coordinates": [-94.5386, 39.0659] }},
{"zip_code":"64142","country":"US","city":"Kansas City","state":"Missouri","state_ab":"MO","county":"Jackson","geo_location":{ "type": "Point", "coordinates": [-94.3567, 39.035] }},
{"zip_code":"63048","country":"US","city":"Herculaneum","state":"Missouri","state_ab":"MO","county":"Jefferson","geo_location":{ "type": "Point", "coordinates": [-90.3896, 38.2625] }},
{"zip_code":"65712","country":"US","city":"Mount Vernon","state":"Missouri","state_ab":"MO","county":"Lawrence","geo_location":{ "type": "Point", "coordinates": [-93.7976, 37.1045] }},
{"zip_code":"63435","country":"US","city":"Canton","state":"Missouri","state_ab":"MO","county":"Lewis","geo_location":{ "type": "Point", "coordinates": [-91.548, 40.1437] }},
{"zip_code":"63448","country":"US","city":"La Grange","state":"Missouri","state_ab":"MO","county":"Lewis","geo_location":{ "type": "Point", "coordinates": [-91.5182, 40.0391] }},
{"zip_code":"64658","country":"US","city":"Marceline","state":"Missouri","state_ab":"MO","county":"Linn","geo_location":{ "type": "Point", "coordinates": [-92.9455, 39.7125] }},
{"zip_code":"63538","country":"US","city":"Elmer","state":"Missouri","state_ab":"MO","county":"Macon","geo_location":{ "type": "Point", "coordinates": [-92.6424, 39.9415] }},
{"zip_code":"63552","country":"US","city":"Macon","state":"Missouri","state_ab":"MO","county":"Macon","geo_location":{ "type": "Point", "coordinates": [-92.4622, 39.7481] }},
{"zip_code":"63655","country":"US","city":"Marquand","state":"Missouri","state_ab":"MO","county":"Madison","geo_location":{ "type": "Point", "coordinates": [-90.1741, 37.4274] }},
{"zip_code":"65082","country":"US","city":"Tuscumbia","state":"Missouri","state_ab":"MO","county":"Miller","geo_location":{ "type": "Point", "coordinates": [-92.4461, 38.2181] }},
{"zip_code":"65042","country":"US","city":"High Point","state":"Missouri","state_ab":"MO","county":"Moniteau","geo_location":{ "type": "Point", "coordinates": [-92.6109, 38.6749] }},
{"zip_code":"65055","country":"US","city":"Mc Girk","state":"Missouri","state_ab":"MO","county":"Moniteau","geo_location":{ "type": "Point", "coordinates": [-92.6109, 38.6749] }},
{"zip_code":"65275","country":"US","city":"Paris","state":"Missouri","state_ab":"MO","county":"Monroe","geo_location":{ "type": "Point", "coordinates": [-92.0113, 39.4932] }},
{"zip_code":"63848","country":"US","city":"Gideon","state":"Missouri","state_ab":"MO","county":"New Madrid","geo_location":{ "type": "Point", "coordinates": [-89.9135, 36.4538] }},
{"zip_code":"63862","country":"US","city":"Lilbourn","state":"Missouri","state_ab":"MO","county":"New Madrid","geo_location":{ "type": "Point", "coordinates": [-89.6112, 36.5853] }},
{"zip_code":"64865","country":"US","city":"Seneca","state":"Missouri","state_ab":"MO","county":"Newton","geo_location":{ "type": "Point", "coordinates": [-94.5781, 36.8408] }},
{"zip_code":"64478","country":"US","city":"Quitman","state":"Missouri","state_ab":"MO","county":"Nodaway","geo_location":{ "type": "Point", "coordinates": [-95.0822, 40.288] }},
{"zip_code":"65778","country":"US","city":"Myrtle","state":"Missouri","state_ab":"MO","county":"Oregon","geo_location":{ "type": "Point", "coordinates": [-91.2706, 36.5217] }},
{"zip_code":"63732","country":"US","city":"Altenburg","state":"Missouri","state_ab":"MO","county":"Perry","geo_location":{ "type": "Point", "coordinates": [-89.5745, 37.6279] }},
{"zip_code":"65402","country":"US","city":"Rolla","state":"Missouri","state_ab":"MO","county":"Phelps","geo_location":{ "type": "Point", "coordinates": [-91.8179, 37.9632] }},
{"zip_code":"64092","country":"US","city":"Waldron","state":"Missouri","state_ab":"MO","county":"Platte","geo_location":{ "type": "Point", "coordinates": [-94.8057, 39.2289] }},
{"zip_code":"64168","country":"US","city":"Kansas City","state":"Missouri","state_ab":"MO","county":"Platte","geo_location":{ "type": "Point", "coordinates": [-94.8516, 39.3432] }},
{"zip_code":"64195","country":"US","city":"Kansas City","state":"Missouri","state_ab":"MO","county":"Platte","geo_location":{ "type": "Point", "coordinates": [-94.8516, 39.3432] }},
{"zip_code":"65725","country":"US","city":"Pleasant Hope","state":"Missouri","state_ab":"MO","county":"Polk","geo_location":{ "type": "Point", "coordinates": [-93.2617, 37.4615] }},
{"zip_code":"65572","country":"US","city":"Swedeborg","state":"Missouri","state_ab":"MO","county":"Pulaski","geo_location":{ "type": "Point", "coordinates": [-92.2174, 37.8119] }},
{"zip_code":"63565","country":"US","city":"Unionville","state":"Missouri","state_ab":"MO","county":"Putnam","geo_location":{ "type": "Point", "coordinates": [-92.9951, 40.4815] }},
{"zip_code":"64672","country":"US","city":"Powersville","state":"Missouri","state_ab":"MO","county":"Putnam","geo_location":{ "type": "Point", "coordinates": [-93.2844, 40.5272] }},
{"zip_code":"63462","country":"US","city":"Perry","state":"Missouri","state_ab":"MO","county":"Ralls","geo_location":{ "type": "Point", "coordinates": [-91.6641, 39.4207] }},
{"zip_code":"63332","country":"US","city":"Augusta","state":"Missouri","state_ab":"MO","county":"St. Charles","geo_location":{ "type": "Point", "coordinates": [-90.8815, 38.5728] }},
{"zip_code":"63385","country":"US","city":"Wentzville","state":"Missouri","state_ab":"MO","county":"St. Charles","geo_location":{ "type": "Point", "coordinates": [-90.8534, 38.802] }},
{"zip_code":"63628","country":"US","city":"Bonne Terre","state":"Missouri","state_ab":"MO","county":"St. Francois","geo_location":{ "type": "Point", "coordinates": [-90.5251, 37.9314] }},
{"zip_code":"63022","country":"US","city":"Ballwin","state":"Missouri","state_ab":"MO","county":"St. Louis","geo_location":{ "type": "Point", "coordinates": [-90.4271, 38.6383] }},
{"zip_code":"63088","country":"US","city":"Valley Park","state":"Missouri","state_ab":"MO","county":"St. Louis","geo_location":{ "type": "Point", "coordinates": [-90.4924, 38.5576] }},
{"zip_code":"63125","country":"US","city":"Saint Louis","state":"Missouri","state_ab":"MO","county":"St. Louis","geo_location":{ "type": "Point", "coordinates": [-90.3021, 38.5222] }},
{"zip_code":"63138","country":"US","city":"Saint Louis","state":"Missouri","state_ab":"MO","county":"St. Louis","geo_location":{ "type": "Point", "coordinates": [-90.2065, 38.8033] }},
{"zip_code":"63758","country":"US","city":"Kelso","state":"Missouri","state_ab":"MO","county":"Scott","geo_location":{ "type": "Point", "coordinates": [-89.5575, 37.1858] }},
{"zip_code":"63772","country":"US","city":"Painton","state":"Missouri","state_ab":"MO","county":"Stoddard","geo_location":{ "type": "Point", "coordinates": [-89.7792, 37.0461] }},
{"zip_code":"63822","country":"US","city":"Bernie","state":"Missouri","state_ab":"MO","county":"Stoddard","geo_location":{ "type": "Point", "coordinates": [-89.9878, 36.6727] }},
{"zip_code":"65675","country":"US","city":"Hurley","state":"Missouri","state_ab":"MO","county":"Stone","geo_location":{ "type": "Point", "coordinates": [-93.4965, 36.9305] }},
{"zip_code":"64645","country":"US","city":"Harris","state":"Missouri","state_ab":"MO","county":"Sullivan","geo_location":{ "type": "Point", "coordinates": [-93.3501, 40.3075] }},
{"zip_code":"65468","country":"US","city":"Eunice","state":"Missouri","state_ab":"MO","county":"Texas","geo_location":{ "type": "Point", "coordinates": [-91.7834, 37.248] }},
{"zip_code":"63952","country":"US","city":"Mill Spring","state":"Missouri","state_ab":"MO","county":"Wayne","geo_location":{ "type": "Point", "coordinates": [-90.6746, 37.0675] }},
{"zip_code":"65662","country":"US","city":"Grovespring","state":"Missouri","state_ab":"MO","county":"Wright","geo_location":{ "type": "Point", "coordinates": [-92.6001, 37.4947] }},
{"zip_code":"63112","country":"US","city":"Saint Louis","state":"Missouri","state_ab":"MO","county":"St. Louis (city)","geo_location":{ "type": "Point", "coordinates": [-90.2819, 38.6616] }},
{"zip_code":"63178","country":"US","city":"Saint Louis","state":"Missouri","state_ab":"MO","county":"St. Louis (city)","geo_location":{ "type": "Point", "coordinates": [-90.2435, 38.6531] }},
{"zip_code":"39122","country":"US","city":"Natchez","state":"Mississippi","state_ab":"MS","county":"Adams","geo_location":{ "type": "Point", "coordinates": [-91.4044, 31.4706] }},
{"zip_code":"39638","country":"US","city":"Gloster","state":"Mississippi","state_ab":"MS","county":"Amite","geo_location":{ "type": "Point", "coordinates": [-90.924, 31.1903] }},
{"zip_code":"39108","country":"US","city":"Mc Cool","state":"Mississippi","state_ab":"MS","county":"Attala","geo_location":{ "type": "Point", "coordinates": [-89.3268, 33.1632] }},
{"zip_code":"38725","country":"US","city":"Benoit","state":"Mississippi","state_ab":"MS","county":"Bolivar","geo_location":{ "type": "Point", "coordinates": [-91.0338, 33.6448] }},
{"zip_code":"39355","country":"US","city":"Quitman","state":"Mississippi","state_ab":"MS","county":"Clarke","geo_location":{ "type": "Point", "coordinates": [-88.6788, 32.0668] }},
{"zip_code":"39755","country":"US","city":"Pheba","state":"Mississippi","state_ab":"MS","county":"Clay","geo_location":{ "type": "Point", "coordinates": [-88.9518, 33.5961] }},
{"zip_code":"38662","country":"US","city":"Rich","state":"Mississippi","state_ab":"MS","county":"Coahoma County","geo_location":{ "type": "Point", "coordinates": [-90.4893, 34.3929] }},
{"zip_code":"39522","country":"US","city":"Stennis Space Center","state":"Mississippi","state_ab":"MS","county":"Hancock","geo_location":{ "type": "Point", "coordinates": [-89.4982, 30.4032] }},
{"zip_code":"39535","country":"US","city":"Biloxi","state":"Mississippi","state_ab":"MS","county":"Harrison","geo_location":{ "type": "Point", "coordinates": [-89.0684, 30.4158] }},
{"zip_code":"39058","country":"US","city":"Clinton","state":"Mississippi","state_ab":"MS","county":"Hinds","geo_location":{ "type": "Point", "coordinates": [-90.3972, 32.3113] }},
{"zip_code":"39072","country":"US","city":"Pocahontas","state":"Mississippi","state_ab":"MS","county":"Hinds","geo_location":{ "type": "Point", "coordinates": [-90.3972, 32.3113] }},
{"zip_code":"39175","country":"US","city":"Utica","state":"Mississippi","state_ab":"MS","county":"Hinds","geo_location":{ "type": "Point", "coordinates": [-90.6047, 32.1229] }},
{"zip_code":"73102","country":"US","city":"Oklahoma City","state":"Oklahoma","state_ab":"OK","county":"Oklahoma","geo_location":{ "type": "Point", "coordinates": [-97.5199, 35.4726] }},
{"zip_code":"73115","country":"US","city":"Oklahoma City","state":"Oklahoma","state_ab":"OK","county":"Oklahoma","geo_location":{ "type": "Point", "coordinates": [-97.446, 35.4449] }},
{"zip_code":"73128","country":"US","city":"Oklahoma City","state":"Oklahoma","state_ab":"OK","county":"Oklahoma","geo_location":{ "type": "Point", "coordinates": [-97.6164, 35.4444] }},
{"zip_code":"73142","country":"US","city":"Oklahoma City","state":"Oklahoma","state_ab":"OK","county":"Oklahoma","geo_location":{ "type": "Point", "coordinates": [-97.6251, 35.599] }},
{"zip_code":"73155","country":"US","city":"Oklahoma City","state":"Oklahoma","state_ab":"OK","county":"Oklahoma","geo_location":{ "type": "Point", "coordinates": [-97.4075, 35.5514] }},
{"zip_code":"73195","country":"US","city":"Oklahoma City","state":"Oklahoma","state_ab":"OK","county":"Oklahoma County","geo_location":{ "type": "Point", "coordinates": [-97.5227, 35.474] }},
{"zip_code":"74002","country":"US","city":"Barnsdall","state":"Oklahoma","state_ab":"OK","county":"Osage","geo_location":{ "type": "Point", "coordinates": [-96.1318, 36.5429] }},
{"zip_code":"74442","country":"US","city":"Indianola","state":"Oklahoma","state_ab":"OK","county":"Pittsburg","geo_location":{ "type": "Point", "coordinates": [-95.8158, 35.1314] }},
{"zip_code":"74842","country":"US","city":"Fittstown","state":"Oklahoma","state_ab":"OK","county":"Pontotoc","geo_location":{ "type": "Point", "coordinates": [-96.636, 34.5969] }},
{"zip_code":"74802","country":"US","city":"Shawnee","state":"Oklahoma","state_ab":"OK","county":"Pottawatomie","geo_location":{ "type": "Point", "coordinates": [-96.9596, 35.3656] }},
{"zip_code":"74558","country":"US","city":"Nashoba","state":"Oklahoma","state_ab":"OK","county":"Pushmataha","geo_location":{ "type": "Point", "coordinates": [-95.2075, 34.5072] }},
{"zip_code":"74015","country":"US","city":"Catoosa","state":"Oklahoma","state_ab":"OK","county":"Rogers","geo_location":{ "type": "Point", "coordinates": [-95.7273, 36.1721] }},
{"zip_code":"74868","country":"US","city":"Seminole","state":"Oklahoma","state_ab":"OK","county":"Seminole","geo_location":{ "type": "Point", "coordinates": [-96.6683, 35.2521] }},
{"zip_code":"74945","country":"US","city":"Marble City","state":"Oklahoma","state_ab":"OK","county":"Sequoyah","geo_location":{ "type": "Point", "coordinates": [-94.8094, 35.5972] }},
{"zip_code":"73425","country":"US","city":"Countyline","state":"Oklahoma","state_ab":"OK","county":"Stephens","geo_location":{ "type": "Point", "coordinates": [-97.5668, 34.4541] }},
{"zip_code":"73942","country":"US","city":"Guymon","state":"Oklahoma","state_ab":"OK","county":"Texas","geo_location":{ "type": "Point", "coordinates": [-101.4778, 36.6961] }},
{"zip_code":"73542","country":"US","city":"Frederick","state":"Oklahoma","state_ab":"OK","county":"Tillman","geo_location":{ "type": "Point", "coordinates": [-99.0119, 34.4012] }},
{"zip_code":"73555","country":"US","city":"Manitou","state":"Oklahoma","state_ab":"OK","county":"Tillman","geo_location":{ "type": "Point", "coordinates": [-98.9792, 34.5075] }},
{"zip_code":"74055","country":"US","city":"Owasso","state":"Oklahoma","state_ab":"OK","county":"Tulsa","geo_location":{ "type": "Point", "coordinates": [-95.8222, 36.2863] }},
{"zip_code":"74105","country":"US","city":"Tulsa","state":"Oklahoma","state_ab":"OK","county":"Tulsa","geo_location":{ "type": "Point", "coordinates": [-95.9655, 36.0948] }},
{"zip_code":"74132","country":"US","city":"Tulsa","state":"Oklahoma","state_ab":"OK","county":"Tulsa","geo_location":{ "type": "Point", "coordinates": [-96.0251, 36.064] }},
{"zip_code":"74145","country":"US","city":"Tulsa","state":"Oklahoma","state_ab":"OK","county":"Tulsa","geo_location":{ "type": "Point", "coordinates": [-95.8856, 36.0934] }},
{"zip_code":"74158","country":"US","city":"Tulsa","state":"Oklahoma","state_ab":"OK","county":"Tulsa","geo_location":{ "type": "Point", "coordinates": [-96.0297, 36.1398] }},
{"zip_code":"74172","country":"US","city":"Tulsa","state":"Oklahoma","state_ab":"OK","county":"Tulsa","geo_location":{ "type": "Point", "coordinates": [-95.9923, 36.1543] }},
{"zip_code":"74082","country":"US","city":"Vera","state":"Oklahoma","state_ab":"OK","county":"Washington","geo_location":{ "type": "Point", "coordinates": [-95.8814, 36.4501] }},
{"zip_code":"73632","country":"US","city":"Cordell","state":"Oklahoma","state_ab":"OK","county":"Washita","geo_location":{ "type": "Point", "coordinates": [-98.9511, 35.2788] }},
{"zip_code":"73852","country":"US","city":"Mooreland","state":"Oklahoma","state_ab":"OK","county":"Woodward","geo_location":{ "type": "Point", "coordinates": [-99.1832, 36.4428] }},
{"zip_code":"97045","country":"US","city":"Oregon City","state":"Oregon","state_ab":"OR","county":"Clackamas","geo_location":{ "type": "Point", "coordinates": [-122.57, 45.3377] }},
{"zip_code":"97018","country":"US","city":"Columbia City","state":"Oregon","state_ab":"OR","county":"Columbia","geo_location":{ "type": "Point", "coordinates": [-122.8122, 45.8925] }},
{"zip_code":"97458","country":"US","city":"Myrtle Point","state":"Oregon","state_ab":"OR","county":"Coos","geo_location":{ "type": "Point", "coordinates": [-124.1213, 43.0667] }},
{"zip_code":"97702","country":"US","city":"Bend","state":"Oregon","state_ab":"OR","county":"Deschutes","geo_location":{ "type": "Point", "coordinates": [-121.2985, 44.0223] }},
{"zip_code":"97432","country":"US","city":"Dillard","state":"Oregon","state_ab":"OR","county":"Douglas","geo_location":{ "type": "Point", "coordinates": [-123.4181, 43.1135] }},
{"zip_code":"97845","country":"US","city":"John Day","state":"Oregon","state_ab":"OR","county":"Grant","geo_location":{ "type": "Point", "coordinates": [-118.9148, 44.55] }},
{"zip_code":"97872","country":"US","city":"Ritter","state":"Oregon","state_ab":"OR","county":"Grant","geo_location":{ "type": "Point", "coordinates": [-118.9478, 44.4778] }},
{"zip_code":"97522","country":"US","city":"Butte Falls","state":"Oregon","state_ab":"OR","county":"Jackson","geo_location":{ "type": "Point", "coordinates": [-122.5638, 42.5492] }},
{"zip_code":"97535","country":"US","city":"Phoenix","state":"Oregon","state_ab":"OR","county":"Jackson","geo_location":{ "type": "Point", "coordinates": [-122.8227, 42.2766] }},
{"zip_code":"97625","country":"US","city":"Dairy","state":"Oregon","state_ab":"OR","county":"Klamath","geo_location":{ "type": "Point", "coordinates": [-121.5078, 42.291] }},
{"zip_code":"97638","country":"US","city":"Silver Lake","state":"Oregon","state_ab":"OR","county":"Lake","geo_location":{ "type": "Point", "coordinates": [-120.9984, 43.1395] }},
{"zip_code":"97405","country":"US","city":"Eugene","state":"Oregon","state_ab":"OR","county":"Lane","geo_location":{ "type": "Point", "coordinates": [-123.0998, 44.0185] }},
{"zip_code":"97472","country":"US","city":"Saginaw","state":"Oregon","state_ab":"OR","county":"Lane","geo_location":{ "type": "Point", "coordinates": [-122.9988, 43.8638] }},
{"zip_code":"97368","country":"US","city":"Otis","state":"Oregon","state_ab":"OR","county":"Lincoln","geo_location":{ "type": "Point", "coordinates": [-123.9332, 45.0138] }},
{"zip_code":"97498","country":"US","city":"Yachats","state":"Oregon","state_ab":"OR","county":"Lincoln","geo_location":{ "type": "Point", "coordinates": [-124.0863, 44.3256] }},
{"zip_code":"97355","country":"US","city":"Lebanon","state":"Oregon","state_ab":"OR","county":"Linn","geo_location":{ "type": "Point", "coordinates": [-122.8821, 44.5316] }},
{"zip_code":"97908","country":"US","city":"Ironside","state":"Oregon","state_ab":"OR","county":"Malheur","geo_location":{ "type": "Point", "coordinates": [-117.9444, 44.3009] }},
{"zip_code":"97032","country":"US","city":"Hubbard","state":"Oregon","state_ab":"OR","county":"Marion","geo_location":{ "type": "Point", "coordinates": [-122.7541, 45.1604] }},
{"zip_code":"97302","country":"US","city":"Salem","state":"Oregon","state_ab":"OR","county":"Marion","geo_location":{ "type": "Point", "coordinates": [-123.0445, 44.9039] }},
{"zip_code":"97342","country":"US","city":"Detroit","state":"Oregon","state_ab":"OR","county":"Marion","geo_location":{ "type": "Point", "coordinates": [-122.0669, 44.7358] }},
{"zip_code":"97818","country":"US","city":"Boardman","state":"Oregon","state_ab":"OR","county":"Morrow","geo_location":{ "type": "Point", "coordinates": [-119.7206, 45.8272] }},
{"zip_code":"97212","country":"US","city":"Portland","state":"Oregon","state_ab":"OR","county":"Multnomah","geo_location":{ "type": "Point", "coordinates": [-122.6423, 45.5441] }},
{"zip_code":"97238","country":"US","city":"Portland","state":"Oregon","state_ab":"OR","county":"Multnomah","geo_location":{ "type": "Point", "coordinates": [-122.3748, 45.5806] }},
{"zip_code":"97292","country":"US","city":"Portland","state":"Oregon","state_ab":"OR","county":"Multnomah","geo_location":{ "type": "Point", "coordinates": [-122.3748, 45.5806] }},
{"zip_code":"97108","country":"US","city":"Beaver","state":"Oregon","state_ab":"OR","county":"Tillamook","geo_location":{ "type": "Point", "coordinates": [-123.8234, 45.2767] }},
{"zip_code":"97122","country":"US","city":"Hebo","state":"Oregon","state_ab":"OR","county":"Tillamook","geo_location":{ "type": "Point", "coordinates": [-123.846, 45.1768] }},
{"zip_code":"97135","country":"US","city":"Pacific City","state":"Oregon","state_ab":"OR","county":"Tillamook","geo_location":{ "type": "Point", "coordinates": [-123.959, 45.205] }},
{"zip_code":"97885","country":"US","city":"Wallowa","state":"Oregon","state_ab":"OR","county":"Wallowa","geo_location":{ "type": "Point", "coordinates": [-117.5357, 45.5717] }},
{"zip_code":"97058","country":"US","city":"The Dalles","state":"Oregon","state_ab":"OR","county":"Wasco","geo_location":{ "type": "Point", "coordinates": [-121.1905, 45.5995] }},
{"zip_code":"97005","country":"US","city":"Beaverton","state":"Oregon","state_ab":"OR","county":"Washington","geo_location":{ "type": "Point", "coordinates": [-122.8001, 45.4963] }},
{"zip_code":"97225","country":"US","city":"Portland","state":"Oregon","state_ab":"OR","county":"Washington","geo_location":{ "type": "Point", "coordinates": [-122.7787, 45.4985] }},
{"zip_code":"97148","country":"US","city":"Yamhill","state":"Oregon","state_ab":"OR","county":"Yamhill","geo_location":{ "type": "Point", "coordinates": [-123.2036, 45.335] }},
{"zip_code":"15025","country":"US","city":"Clairton","state":"Pennsylvania","state_ab":"PA","county":"Allegheny","geo_location":{ "type": "Point", "coordinates": [-79.9317, 40.3243] }},
{"zip_code":"15065","country":"US","city":"Natrona Heights","state":"Pennsylvania","state_ab":"PA","county":"Allegheny","geo_location":{ "type": "Point", "coordinates": [-79.7273, 40.6421] }},
{"zip_code":"15102","country":"US","city":"Bethel Park","state":"Pennsylvania","state_ab":"PA","county":"Allegheny","geo_location":{ "type": "Point", "coordinates": [-80.0398, 40.321] }},
{"zip_code":"15142","country":"US","city":"Presto","state":"Pennsylvania","state_ab":"PA","county":"Allegheny","geo_location":{ "type": "Point", "coordinates": [-80.1209, 40.3847] }},
{"zip_code":"15205","country":"US","city":"Pittsburgh","state":"Pennsylvania","state_ab":"PA","county":"Allegheny","geo_location":{ "type": "Point", "coordinates": [-80.1021, 40.4322] }},
{"zip_code":"15218","country":"US","city":"Pittsburgh","state":"Pennsylvania","state_ab":"PA","county":"Allegheny","geo_location":{ "type": "Point", "coordinates": [-79.89, 40.4237] }},
{"zip_code":"15232","country":"US","city":"Pittsburgh","state":"Pennsylvania","state_ab":"PA","county":"Allegheny","geo_location":{ "type": "Point", "coordinates": [-79.9319, 40.4525] }},
{"zip_code":"15258","country":"US","city":"Pittsburgh","state":"Pennsylvania","state_ab":"PA","county":"Allegheny","geo_location":{ "type": "Point", "coordinates": [-80.0248, 40.4344] }},
{"zip_code":"15272","country":"US","city":"Pittsburgh","state":"Pennsylvania","state_ab":"PA","county":"Allegheny","geo_location":{ "type": "Point", "coordinates": [-80.0248, 40.4344] }},
{"zip_code":"15285","country":"US","city":"Pittsburgh","state":"Pennsylvania","state_ab":"PA","county":"Allegheny","geo_location":{ "type": "Point", "coordinates": [-80.0248, 40.4344] }},
{"zip_code":"16222","country":"US","city":"Dayton","state":"Pennsylvania","state_ab":"PA","county":"Armstrong","geo_location":{ "type": "Point", "coordinates": [-79.2686, 40.8741] }},
{"zip_code":"16262","country":"US","city":"Worthington","state":"Pennsylvania","state_ab":"PA","county":"Armstrong","geo_location":{ "type": "Point", "coordinates": [-79.6298, 40.8378] }},
{"zip_code":"15052","country":"US","city":"Industry","state":"Pennsylvania","state_ab":"PA","county":"Beaver","geo_location":{ "type": "Point", "coordinates": [-80.4151, 40.6671] }},
{"zip_code":"19542","country":"US","city":"Monocacy Station","state":"Pennsylvania","state_ab":"PA","county":"Berks","geo_location":{ "type": "Point", "coordinates": [-75.7684, 40.261] }},
{"zip_code":"19555","country":"US","city":"Shoemakersville","state":"Pennsylvania","state_ab":"PA","county":"Berks","geo_location":{ "type": "Point", "coordinates": [-75.9603, 40.4955] }},
{"zip_code":"19605","country":"US","city":"Reading","state":"Pennsylvania","state_ab":"PA","county":"Berks","geo_location":{ "type": "Point", "coordinates": [-75.9328, 40.3886] }},
{"zip_code":"16635","country":"US","city":"Duncansville","state":"Pennsylvania","state_ab":"PA","county":"Blair","geo_location":{ "type": "Point", "coordinates": [-78.4383, 40.4262] }},
{"zip_code":"16648","country":"US","city":"Hollidaysburg","state":"Pennsylvania","state_ab":"PA","county":"Blair","geo_location":{ "type": "Point", "coordinates": [-78.3686, 40.4387] }},
{"zip_code":"16662","country":"US","city":"Martinsburg","state":"Pennsylvania","state_ab":"PA","county":"Blair","geo_location":{ "type": "Point", "coordinates": [-78.3244, 40.2951] }},
{"zip_code":"16945","country":"US","city":"Sylvania","state":"Pennsylvania","state_ab":"PA","county":"Bradford","geo_location":{ "type": "Point", "coordinates": [-76.5213, 41.772] }},
{"zip_code":"18848","country":"US","city":"Towanda","state":"Pennsylvania","state_ab":"PA","county":"Bradford","geo_location":{ "type": "Point", "coordinates": [-76.4645, 41.7638] }},
{"zip_code":"18912","country":"US","city":"Buckingham","state":"Pennsylvania","state_ab":"PA","county":"Bucks","geo_location":{ "type": "Point", "coordinates": [-75.0743, 40.3099] }},
{"zip_code":"18925","country":"US","city":"Furlong","state":"Pennsylvania","state_ab":"PA","county":"Bucks","geo_location":{ "type": "Point", "coordinates": [-75.0649, 40.2945] }},
{"zip_code":"18938","country":"US","city":"New Hope","state":"Pennsylvania","state_ab":"PA","county":"Bucks","geo_location":{ "type": "Point", "coordinates": [-74.9839, 40.3556] }},
{"zip_code":"16002","country":"US","city":"Butler","state":"Pennsylvania","state_ab":"PA","county":"Butler","geo_location":{ "type": "Point", "coordinates": [-79.8592, 40.8409] }},
{"zip_code":"16055","country":"US","city":"Sarver","state":"Pennsylvania","state_ab":"PA","county":"Butler","geo_location":{ "type": "Point", "coordinates": [-79.7424, 40.7143] }},
{"zip_code":"15722","country":"US","city":"Carrolltown","state":"Pennsylvania","state_ab":"PA","county":"Cambria","geo_location":{ "type": "Point", "coordinates": [-78.7037, 40.5891] }},
{"zip_code":"15762","country":"US","city":"Nicktown","state":"Pennsylvania","state_ab":"PA","county":"Cambria","geo_location":{ "type": "Point", "coordinates": [-78.8114, 40.6016] }},
{"zip_code":"15775","country":"US","city":"Spangler","state":"Pennsylvania","state_ab":"PA","county":"Cambria","geo_location":{ "type": "Point", "coordinates": [-78.7692, 40.6351] }},
{"zip_code":"15902","country":"US","city":"Johnstown","state":"Pennsylvania","state_ab":"PA","county":"Cambria","geo_location":{ "type": "Point", "coordinates": [-78.8969, 40.3078] }},
{"zip_code":"15915","country":"US","city":"Johnstown","state":"Pennsylvania","state_ab":"PA","county":"Cambria","geo_location":{ "type": "Point", "coordinates": [-78.7022, 40.4845] }},
{"zip_code":"15942","country":"US","city":"Mineral Point","state":"Pennsylvania","state_ab":"PA","county":"Cambria","geo_location":{ "type": "Point", "coordinates": [-78.8352, 40.3793] }},
{"zip_code":"15955","country":"US","city":"Sidman","state":"Pennsylvania","state_ab":"PA","county":"Cambria","geo_location":{ "type": "Point", "coordinates": [-78.746, 40.3299] }},
{"zip_code":"16675","country":"US","city":"Saint Boniface","state":"Pennsylvania","state_ab":"PA","county":"Cambria","geo_location":{ "type": "Point", "coordinates": [-78.6755, 40.6712] }},
{"zip_code":"18255","country":"US","city":"Weatherly","state":"Pennsylvania","state_ab":"PA","county":"Carbon","geo_location":{ "type": "Point", "coordinates": [-75.8306, 40.9411] }},
{"zip_code":"16802","country":"US","city":"University Park","state":"Pennsylvania","state_ab":"PA","county":"Centre","geo_location":{ "type": "Point", "coordinates": [-77.8623, 40.7997] }},
{"zip_code":"16828","country":"US","city":"Centre Hall","state":"Pennsylvania","state_ab":"PA","county":"Centre","geo_location":{ "type": "Point", "coordinates": [-77.6742, 40.8254] }},
{"zip_code":"16868","country":"US","city":"Pine Grove Mills","state":"Pennsylvania","state_ab":"PA","county":"Centre","geo_location":{ "type": "Point", "coordinates": [-77.9118, 40.7264] }},
{"zip_code":"16882","country":"US","city":"Woodward","state":"Pennsylvania","state_ab":"PA","county":"Centre","geo_location":{ "type": "Point", "coordinates": [-77.3483, 40.9116] }},
{"zip_code":"19335","country":"US","city":"Downingtown","state":"Pennsylvania","state_ab":"PA","county":"Chester","geo_location":{ "type": "Point", "coordinates": [-75.7183, 40.0161] }},
{"zip_code":"19348","country":"US","city":"Kennett Square","state":"Pennsylvania","state_ab":"PA","county":"Chester","geo_location":{ "type": "Point", "coordinates": [-75.7, 39.855] }},
{"zip_code":"19362","country":"US","city":"Nottingham","state":"Pennsylvania","state_ab":"PA","county":"Chester","geo_location":{ "type": "Point", "coordinates": [-76.0356, 39.7441] }},
{"zip_code":"19375","country":"US","city":"Unionville","state":"Pennsylvania","state_ab":"PA","county":"Chester","geo_location":{ "type": "Point", "coordinates": [-75.7502, 39.9012] }},
{"zip_code":"19388","country":"US","city":"West Chester","state":"Pennsylvania","state_ab":"PA","county":"Chester County","geo_location":{ "type": "Point", "coordinates": [-75.6061, 39.9598] }},
{"zip_code":"19425","country":"US","city":"Chester Springs","state":"Pennsylvania","state_ab":"PA","county":"Chester","geo_location":{ "type": "Point", "coordinates": [-75.6398, 40.0978] }},
{"zip_code":"19465","country":"US","city":"Pottstown","state":"Pennsylvania","state_ab":"PA","county":"Chester","geo_location":{ "type": "Point", "coordinates": [-75.6653, 40.1919] }},
{"zip_code":"16028","country":"US","city":"East Brady","state":"Pennsylvania","state_ab":"PA","county":"Clarion","geo_location":{ "type": "Point", "coordinates": [-79.6302, 40.9744] }},
{"zip_code":"16235","country":"US","city":"Lucinda","state":"Pennsylvania","state_ab":"PA","county":"Clarion","geo_location":{ "type": "Point", "coordinates": [-79.3754, 41.3124] }},
{"zip_code":"16248","country":"US","city":"Rimersburg","state":"Pennsylvania","state_ab":"PA","county":"Clarion","geo_location":{ "type": "Point", "coordinates": [-79.5017, 41.0411] }},
{"zip_code":"16855","country":"US","city":"Mineral Springs","state":"Pennsylvania","state_ab":"PA","county":"Clearfield","geo_location":{ "type": "Point", "coordinates": [-78.4224, 40.9891] }},
{"zip_code":"17858","country":"US","city":"Numidia","state":"Pennsylvania","state_ab":"PA","county":"Columbia","geo_location":{ "type": "Point", "coordinates": [-76.4243, 41.0421] }},
{"zip_code":"17072","country":"US","city":"New Kingstown","state":"Pennsylvania","state_ab":"PA","county":"Cumberland","geo_location":{ "type": "Point", "coordinates": [-77.0794, 40.2306] }},
{"zip_code":"17005","country":"US","city":"Berrysburg","state":"Pennsylvania","state_ab":"PA","county":"Dauphin","geo_location":{ "type": "Point", "coordinates": [-76.8117, 40.601] }},
{"zip_code":"17018","country":"US","city":"Dauphin","state":"Pennsylvania","state_ab":"PA","county":"Dauphin","geo_location":{ "type": "Point", "coordinates": [-76.9283, 40.3846] }},
{"zip_code":"17032","country":"US","city":"Halifax","state":"Pennsylvania","state_ab":"PA","county":"Dauphin","geo_location":{ "type": "Point", "coordinates": [-76.894, 40.476] }},
{"zip_code":"17098","country":"US","city":"Williamstown","state":"Pennsylvania","state_ab":"PA","county":"Dauphin","geo_location":{ "type": "Point", "coordinates": [-76.6223, 40.5808] }},
{"zip_code":"17108","country":"US","city":"Harrisburg","state":"Pennsylvania","state_ab":"PA","county":"Dauphin","geo_location":{ "type": "Point", "coordinates": [-76.8017, 40.3086] }},
{"zip_code":"17122","country":"US","city":"Harrisburg","state":"Pennsylvania","state_ab":"PA","county":"Dauphin","geo_location":{ "type": "Point", "coordinates": [-76.8712, 40.2498] }},
{"zip_code":"19052","country":"US","city":"Lenni","state":"Pennsylvania","state_ab":"PA","county":"Delaware","geo_location":{ "type": "Point", "coordinates": [-75.4456, 39.8942] }},
{"zip_code":"19065","country":"US","city":"Media","state":"Pennsylvania","state_ab":"PA","county":"Delaware","geo_location":{ "type": "Point", "coordinates": [-75.3861, 39.9211] }},
{"zip_code":"19078","country":"US","city":"Ridley Park","state":"Pennsylvania","state_ab":"PA","county":"Delaware","geo_location":{ "type": "Point", "coordinates": [-75.3215, 39.8784] }},
{"zip_code":"16415","country":"US","city":"Fairview","state":"Pennsylvania","state_ab":"PA","county":"Erie","geo_location":{ "type": "Point", "coordinates": [-80.2395, 42.0407] }}]}