{"value": [{"zip_code":"1097","country":"US","city":"Woronoco","state":"Massachusetts","state_ab":"MA","county":"Hampden","geo_location":{ "type": "Point", "coordinates": [-72.8459, 42.1617] }},
{"zip_code":"1107","country":"US","city":"Springfield","state":"Massachusetts","state_ab":"MA","county":"Hampden","geo_location":{ "type": "Point", "coordinates": [-72.6065, 42.1179] }},
{"zip_code":"1521","country":"US","city":"Holland","state":"Massachusetts","state_ab":"MA","county":"Hampden","geo_location":{ "type": "Point", "coordinates": [-72.1544, 42.0403] }},
{"zip_code":"1004","country":"US","city":"Amherst","state":"Massachusetts","state_ab":"MA","county":"Hampshire","geo_location":{ "type": "Point", "coordinates": [-72.5132, 42.3845] }},
{"zip_code":"1084","country":"US","city":"West Chesterfield","state":"Massachusetts","state_ab":"MA","county":"Hampshire","geo_location":{ "type": "Point", "coordinates": [-72.8709, 42.3903] }},
{"zip_code":"1431","country":"US","city":"Ashby","state":"Massachusetts","state_ab":"MA","county":"Middlesex","geo_location":{ "type": "Point", "coordinates": [-71.8174, 42.6745] }},
{"zip_code":"1471","country":"US","city":"Groton","state":"Massachusetts","state_ab":"MA","county":"Middlesex","geo_location":{ "type": "Point", "coordinates": [-71.4594, 42.4464] }},
{"zip_code":"1701","country":"US","city":"Framingham","state":"Massachusetts","state_ab":"MA","county":"Middlesex","geo_location":{ "type": "Point", "coordinates": [-71.4255, 42.3007] }},
{"zip_code":"1741","country":"US","city":"Carlisle","state":"Massachusetts","state_ab":"MA","county":"Middlesex","geo_location":{ "type": "Point", "coordinates": [-71.3519, 42.5286] }},
{"zip_code":"1754","country":"US","city":"Maynard","state":"Massachusetts","state_ab":"MA","county":"Middlesex","geo_location":{ "type": "Point", "coordinates": [-71.455, 42.4321] }},
{"zip_code":"2164","country":"US","city":"Newton","state":"Massachusetts","state_ab":"MA","county":"Middlesex","geo_location":{ "type": "Point", "coordinates": [-71.4594, 42.4464] }},
{"zip_code":"2177","country":"US","city":"Melrose","state":"Massachusetts","state_ab":"MA","county":"Middlesex","geo_location":{ "type": "Point", "coordinates": [-71.4594, 42.4464] }},
{"zip_code":"2254","country":"US","city":"Waltham","state":"Massachusetts","state_ab":"MA","county":"Middlesex","geo_location":{ "type": "Point", "coordinates": [-71.4594, 42.4464] }},
{"zip_code":"2421","country":"US","city":"Lexington","state":"Massachusetts","state_ab":"MA","county":"Middlesex","geo_location":{ "type": "Point", "coordinates": [-71.2265, 42.4426] }},
{"zip_code":"2461","country":"US","city":"Newton Highlands","state":"Massachusetts","state_ab":"MA","county":"Middlesex","geo_location":{ "type": "Point", "coordinates": [-71.2084, 42.3168] }},
{"zip_code":"2474","country":"US","city":"Arlington","state":"Massachusetts","state_ab":"MA","county":"Middlesex","geo_location":{ "type": "Point", "coordinates": [-71.1565, 42.4202] }},
{"zip_code":"2564","country":"US","city":"Siasconset","state":"Massachusetts","state_ab":"MA","county":"Nantucket","geo_location":{ "type": "Point", "coordinates": [-70.0155, 41.2739] }},
{"zip_code":"2021","country":"US","city":"Canton","state":"Massachusetts","state_ab":"MA","county":"Norfolk","geo_location":{ "type": "Point", "coordinates": [-71.1355, 42.1645] }},
{"zip_code":"2191","country":"US","city":"Weymouth","state":"Massachusetts","state_ab":"MA","county":"Norfolk","geo_location":{ "type": "Point", "coordinates": [-70.9443, 42.2436] }},
{"zip_code":"2447","country":"US","city":"Brookline Village","state":"Massachusetts","state_ab":"MA","county":"Norfolk","geo_location":{ "type": "Point", "coordinates": [-71.0892, 42.18] }},
{"zip_code":"2047","country":"US","city":"Humarock","state":"Massachusetts","state_ab":"MA","county":"Plymouth","geo_location":{ "type": "Point", "coordinates": [-70.6935, 42.1428] }},
{"zip_code":"2061","country":"US","city":"Norwell","state":"Massachusetts","state_ab":"MA","county":"Plymouth","geo_location":{ "type": "Point", "coordinates": [-70.8217, 42.1596] }},
{"zip_code":"2304","country":"US","city":"Brockton","state":"Massachusetts","state_ab":"MA","county":"Plymouth","geo_location":{ "type": "Point", "coordinates": [-70.7014, 41.9705] }},
{"zip_code":"2331","country":"US","city":"Duxbury","state":"Massachusetts","state_ab":"MA","county":"Plymouth","geo_location":{ "type": "Point", "coordinates": [-70.7014, 41.9705] }},
{"zip_code":"2344","country":"US","city":"Middleboro","state":"Massachusetts","state_ab":"MA","county":"Plymouth","geo_location":{ "type": "Point", "coordinates": [-70.7014, 41.9705] }},
{"zip_code":"2111","country":"US","city":"Boston","state":"Massachusetts","state_ab":"MA","county":"Suffolk","geo_location":{ "type": "Point", "coordinates": [-71.0629, 42.3503] }},
{"zip_code":"2124","country":"US","city":"Boston","state":"Massachusetts","state_ab":"MA","county":"Suffolk","geo_location":{ "type": "Point", "coordinates": [-71.071, 42.2868] }},
{"zip_code":"2137","country":"US","city":"Readville","state":"Massachusetts","state_ab":"MA","county":"Suffolk","geo_location":{ "type": "Point", "coordinates": [-70.9196, 42.3389] }},
{"zip_code":"2151","country":"US","city":"Revere","state":"Massachusetts","state_ab":"MA","county":"Suffolk","geo_location":{ "type": "Point", "coordinates": [-71.0052, 42.4138] }},
{"zip_code":"2201","country":"US","city":"Boston","state":"Massachusetts","state_ab":"MA","county":"Suffolk","geo_location":{ "type": "Point", "coordinates": [-70.9196, 42.3389] }},
{"zip_code":"2241","country":"US","city":"Boston","state":"Massachusetts","state_ab":"MA","county":"Suffolk","geo_location":{ "type": "Point", "coordinates": [-70.9196, 42.3389] }},
{"zip_code":"1031","country":"US","city":"Gilbertville","state":"Massachusetts","state_ab":"MA","county":"Worcester","geo_location":{ "type": "Point", "coordinates": [-72.1986, 42.3322] }},
{"zip_code":"1507","country":"US","city":"Charlton","state":"Massachusetts","state_ab":"MA","county":"Worcester","geo_location":{ "type": "Point", "coordinates": [-71.9664, 42.1379] }},
{"zip_code":"1534","country":"US","city":"Northbridge","state":"Massachusetts","state_ab":"MA","county":"Worcester","geo_location":{ "type": "Point", "coordinates": [-71.6564, 42.1494] }},
{"zip_code":"1561","country":"US","city":"South Lancaster","state":"Massachusetts","state_ab":"MA","county":"Worcester","geo_location":{ "type": "Point", "coordinates": [-71.6861, 42.4435] }},
{"zip_code":"1587","country":"US","city":"Upton","state":"Massachusetts","state_ab":"MA","county":"Worcester County","geo_location":{ "type": "Point", "coordinates": [-71.6259, 42.1702] }},
{"zip_code":"1611","country":"US","city":"Cherry Valley","state":"Massachusetts","state_ab":"MA","county":"Worcester","geo_location":{ "type": "Point", "coordinates": [-71.875, 42.2373] }},
{"zip_code":"21501","country":"US","city":"Cumberland","state":"Maryland","state_ab":"MD","county":"Allegany","geo_location":{ "type": "Point", "coordinates": [-78.6906, 39.5807] }},
{"zip_code":"21037","country":"US","city":"Edgewater","state":"Maryland","state_ab":"MD","county":"Anne Arundel","geo_location":{ "type": "Point", "coordinates": [-76.5424, 38.9149] }},
{"zip_code":"21077","country":"US","city":"Harmans","state":"Maryland","state_ab":"MD","county":"Anne Arundel","geo_location":{ "type": "Point", "coordinates": [-76.6977, 39.1561] }},
{"zip_code":"21114","country":"US","city":"Crofton","state":"Maryland","state_ab":"MD","county":"Anne Arundel","geo_location":{ "type": "Point", "coordinates": [-76.6802, 39.0112] }},
{"zip_code":"21411","country":"US","city":"Annapolis","state":"Maryland","state_ab":"MD","county":"Anne Arundel","geo_location":{ "type": "Point", "coordinates": [-76.5949, 38.9742] }},
{"zip_code":"21051","country":"US","city":"Fork","state":"Maryland","state_ab":"MD","county":"Baltimore","geo_location":{ "type": "Point", "coordinates": [-76.4484, 39.4731] }},
{"zip_code":"21204","country":"US","city":"Towson","state":"Maryland","state_ab":"MD","county":"Baltimore","geo_location":{ "type": "Point", "coordinates": [-76.6038, 39.4072] }},
{"zip_code":"21244","country":"US","city":"Windsor Mill","state":"Maryland","state_ab":"MD","county":"Baltimore","geo_location":{ "type": "Point", "coordinates": [-76.7849, 39.3331] }},
{"zip_code":"21284","country":"US","city":"Baltimore","state":"Maryland","state_ab":"MD","county":"Baltimore","geo_location":{ "type": "Point", "coordinates": [-76.5921, 39.439] }},
{"zip_code":"21684","country":"US","city":"Ridgely","state":"Maryland","state_ab":"MD","county":"Caroline","geo_location":{ "type": "Point", "coordinates": [-75.8612, 38.8893] }},
{"zip_code":"21787","country":"US","city":"Taneytown","state":"Maryland","state_ab":"MD","county":"Carroll","geo_location":{ "type": "Point", "coordinates": [-77.1691, 39.6658] }},
{"zip_code":"21901","country":"US","city":"North East","state":"Maryland","state_ab":"MD","county":"Cecil","geo_location":{ "type": "Point", "coordinates": [-75.9538, 39.6045] }},
{"zip_code":"21914","country":"US","city":"Charlestown","state":"Maryland","state_ab":"MD","county":"Cecil","geo_location":{ "type": "Point", "coordinates": [-75.9795, 39.5729] }},
{"zip_code":"20601","country":"US","city":"Waldorf","state":"Maryland","state_ab":"MD","county":"Charles","geo_location":{ "type": "Point", "coordinates": [-76.8778, 38.6371] }},
{"zip_code":"21631","country":"US","city":"East New Market","state":"Maryland","state_ab":"MD","county":"Dorchester","geo_location":{ "type": "Point", "coordinates": [-75.9568, 38.5921] }},
{"zip_code":"21774","country":"US","city":"New Market","state":"Maryland","state_ab":"MD","county":"Frederick","geo_location":{ "type": "Point", "coordinates": [-77.2759, 39.4096] }},
{"zip_code":"21541","country":"US","city":"Mc Henry","state":"Maryland","state_ab":"MD","county":"Garrett","geo_location":{ "type": "Point", "coordinates": [-79.3823, 39.5656] }},
{"zip_code":"21024","country":"US","city":"Cardiff","state":"Maryland","state_ab":"MD","county":"Harford County","geo_location":{ "type": "Point", "coordinates": [-76.3378, 39.7172] }},
{"zip_code":"21101","country":"US","city":"Magnolia","state":"Maryland","state_ab":"MD","county":"Harford County","geo_location":{ "type": "Point", "coordinates": [-76.3248, 39.4047] }},
{"zip_code":"21154","country":"US","city":"Street","state":"Maryland","state_ab":"MD","county":"Harford","geo_location":{ "type": "Point", "coordinates": [-76.3713, 39.6574] }},
{"zip_code":"20847","country":"US","city":"Rockville","state":"Maryland","state_ab":"MD","county":"Montgomery","geo_location":{ "type": "Point", "coordinates": [-77.2076, 39.144] }},
{"zip_code":"20861","country":"US","city":"Ashton","state":"Maryland","state_ab":"MD","county":"Montgomery","geo_location":{ "type": "Point", "coordinates": [-76.9924, 39.151] }},
{"zip_code":"20874","country":"US","city":"Germantown","state":"Maryland","state_ab":"MD","county":"Montgomery","geo_location":{ "type": "Point", "coordinates": [-77.2822, 39.1355] }},
{"zip_code":"20911","country":"US","city":"Silver Spring","state":"Maryland","state_ab":"MD","county":"Montgomery","geo_location":{ "type": "Point", "coordinates": [-77.2076, 39.144] }},
{"zip_code":"20704","country":"US","city":"Beltsville","state":"Maryland","state_ab":"MD","county":"Prince George's","geo_location":{ "type": "Point", "coordinates": [-76.8777, 38.8336] }},
{"zip_code":"20717","country":"US","city":"Bowie","state":"Maryland","state_ab":"MD","county":"Prince George's","geo_location":{ "type": "Point", "coordinates": [-76.8777, 38.8336] }},
{"zip_code":"20731","country":"US","city":"Capitol Heights","state":"Maryland","state_ab":"MD","county":"Prince George's","geo_location":{ "type": "Point", "coordinates": [-76.8777, 38.8336] }},
{"zip_code":"20744","country":"US","city":"Fort Washington","state":"Maryland","state_ab":"MD","county":"Prince George's","geo_location":{ "type": "Point", "coordinates": [-76.9835, 38.7587] }},
{"zip_code":"20757","country":"US","city":"Temple Hills","state":"Maryland","state_ab":"MD","county":"Prince George's","geo_location":{ "type": "Point", "coordinates": [-76.8777, 38.8336] }},
{"zip_code":"20771","country":"US","city":"Greenbelt","state":"Maryland","state_ab":"MD","county":"Prince George's","geo_location":{ "type": "Point", "coordinates": [-76.8777, 38.8336] }},
{"zip_code":"20784","country":"US","city":"Hyattsville","state":"Maryland","state_ab":"MD","county":"Prince George's","geo_location":{ "type": "Point", "coordinates": [-76.8958, 38.9513] }},
{"zip_code":"20797","country":"US","city":"Southern Md Facility","state":"Maryland","state_ab":"MD","county":"Prince George's","geo_location":{ "type": "Point", "coordinates": [-76.8777, 38.8336] }},
{"zip_code":"21617","country":"US","city":"Centreville","state":"Maryland","state_ab":"MD","county":"Queen Anne's","geo_location":{ "type": "Point", "coordinates": [-76.045, 39.0564] }},
{"zip_code":"21644","country":"US","city":"Ingleside","state":"Maryland","state_ab":"MD","county":"Queen Anne's","geo_location":{ "type": "Point", "coordinates": [-75.8769, 39.1182] }},
{"zip_code":"21657","country":"US","city":"Queen Anne","state":"Maryland","state_ab":"MD","county":"Queen Anne's","geo_location":{ "type": "Point", "coordinates": [-75.9777, 38.9456] }},
{"zip_code":"20627","country":"US","city":"Compton","state":"Maryland","state_ab":"MD","county":"St. Mary's","geo_location":{ "type": "Point", "coordinates": [-76.704, 38.2768] }},
{"zip_code":"20667","country":"US","city":"Park Hall","state":"Maryland","state_ab":"MD","county":"St. Mary's","geo_location":{ "type": "Point", "coordinates": [-76.4429, 38.2177] }},
{"zip_code":"21824","country":"US","city":"Ewell","state":"Maryland","state_ab":"MD","county":"Somerset","geo_location":{ "type": "Point", "coordinates": [-76.0351, 37.9938] }},
{"zip_code":"21671","country":"US","city":"Tilghman","state":"Maryland","state_ab":"MD","county":"Talbot","geo_location":{ "type": "Point", "coordinates": [-76.3377, 38.7063] }},
{"zip_code":"21721","country":"US","city":"Chewsville","state":"Maryland","state_ab":"MD","county":"Washington","geo_location":{ "type": "Point", "coordinates": [-77.6372, 39.6425] }},
{"zip_code":"21734","country":"US","city":"Funkstown","state":"Maryland","state_ab":"MD","county":"Washington","geo_location":{ "type": "Point", "coordinates": [-77.7072, 39.606] }},
{"zip_code":"21747","country":"US","city":"Hagerstown","state":"Maryland","state_ab":"MD","county":"Washington","geo_location":{ "type": "Point", "coordinates": [-77.9162, 39.5207] }},
{"zip_code":"21837","country":"US","city":"Mardela Springs","state":"Maryland","state_ab":"MD","county":"Wicomico","geo_location":{ "type": "Point", "coordinates": [-75.7414, 38.4864] }},
{"zip_code":"21811","country":"US","city":"Berlin","state":"Maryland","state_ab":"MD","county":"Worcester","geo_location":{ "type": "Point", "coordinates": [-75.1866, 38.3475] }},
{"zip_code":"21851","country":"US","city":"Pocomoke City","state":"Maryland","state_ab":"MD","county":"Worcester","geo_location":{ "type": "Point", "coordinates": [-75.555, 38.0714] }},
{"zip_code":"21864","country":"US","city":"Stockton","state":"Maryland","state_ab":"MD","county":"Worcester","geo_location":{ "type": "Point", "coordinates": [-75.4108, 38.0452] }},
{"zip_code":"21217","country":"US","city":"Baltimore","state":"Maryland","state_ab":"MD","county":"Baltimore (city)","geo_location":{ "type": "Point", "coordinates": [-76.6393, 39.3064] }},
{"zip_code":"21231","country":"US","city":"Baltimore","state":"Maryland","state_ab":"MD","county":"Baltimore (city)","geo_location":{ "type": "Point", "coordinates": [-76.59, 39.2892] }},
{"zip_code":"21297","country":"US","city":"Baltimore","state":"Maryland","state_ab":"MD","county":"Baltimore (city)","geo_location":{ "type": "Point", "coordinates": [-76.6205, 39.2847] }},
{"zip_code":"4274","country":"US","city":"Poland","state":"Maine","state_ab":"ME","county":"Androscoggin","geo_location":{ "type": "Point", "coordinates": [-70.3899, 44.0474] }},
{"zip_code":"4737","country":"US","city":"Clayton Lake","state":"Maine","state_ab":"ME","county":"Aroostook","geo_location":{ "type": "Point", "coordinates": [-68.8868, 46.5162] }},
{"zip_code":"4751","country":"US","city":"Limestone","state":"Maine","state_ab":"ME","county":"Aroostook","geo_location":{ "type": "Point", "coordinates": [-67.9643, 46.8929] }},
{"zip_code":"4764","country":"US","city":"Oxbow","state":"Maine","state_ab":"ME","county":"Aroostook","geo_location":{ "type": "Point", "coordinates": [-68.5218, 46.402] }},
{"zip_code":"4067","country":"US","city":"Pejepscot","state":"Maine","state_ab":"ME","county":"Cumberland County","geo_location":{ "type": "Point", "coordinates": [-69.9731, 43.9627] }},
{"zip_code":"4104","country":"US","city":"Portland","state":"Maine","state_ab":"ME","county":"Cumberland","geo_location":{ "type": "Point", "coordinates": [-70.4648, 43.8465] }},
{"zip_code":"4234","country":"US","city":"East Wilton","state":"Maine","state_ab":"ME","county":"Franklin","geo_location":{ "type": "Point", "coordinates": [-70.182, 44.6175] }},
{"zip_code":"4984","country":"US","city":"Temple","state":"Maine","state_ab":"ME","county":"Franklin","geo_location":{ "type": "Point", "coordinates": [-70.2426, 44.6954] }},
{"zip_code":"4607","country":"US","city":"Gouldsboro","state":"Maine","state_ab":"ME","county":"Hancock","geo_location":{ "type": "Point", "coordinates": [-68.0899, 44.4731] }},
{"zip_code":"4634","country":"US","city":"Franklin","state":"Maine","state_ab":"ME","county":"Hancock","geo_location":{ "type": "Point", "coordinates": [-68.2417, 44.6087] }},
{"zip_code":"4661","country":"US","city":"North Brooklin","state":"Maine","state_ab":"ME","county":"Hancock County","geo_location":{ "type": "Point", "coordinates": [-68.5727, 44.3032] }},
{"zip_code":"4674","country":"US","city":"Seal Cove","state":"Maine","state_ab":"ME","county":"Hancock","geo_location":{ "type": "Point", "coordinates": [-68.3915, 44.6419] }},
{"zip_code":"14844","country":"US","city":"Horseheads","state":"New York","state_ab":"NY","county":"Chemung","geo_location":{ "type": "Point", "coordinates": [-76.8785, 42.1607] }},
{"zip_code":"14871","country":"US","city":"Pine City","state":"New York","state_ab":"NY","county":"Chemung","geo_location":{ "type": "Point", "coordinates": [-76.8815, 42.0419] }},
{"zip_code":"13801","country":"US","city":"Mc Donough","state":"New York","state_ab":"NY","county":"Chenango","geo_location":{ "type": "Point", "coordinates": [-75.7623, 42.5068] }},
{"zip_code":"13814","country":"US","city":"North Norwich","state":"New York","state_ab":"NY","county":"Chenango","geo_location":{ "type": "Point", "coordinates": [-75.5282, 42.6036] }},
{"zip_code":"13841","country":"US","city":"Smithville Flats","state":"New York","state_ab":"NY","county":"Chenango","geo_location":{ "type": "Point", "coordinates": [-75.8237, 42.3989] }},
{"zip_code":"12901","country":"US","city":"Plattsburgh","state":"New York","state_ab":"NY","county":"Clinton","geo_location":{ "type": "Point", "coordinates": [-73.466, 44.6927] }},
{"zip_code":"12981","country":"US","city":"Saranac","state":"New York","state_ab":"NY","county":"Clinton","geo_location":{ "type": "Point", "coordinates": [-73.7481, 44.7032] }},
{"zip_code":"12037","country":"US","city":"Chatham","state":"New York","state_ab":"NY","county":"Columbia","geo_location":{ "type": "Point", "coordinates": [-73.5873, 42.3496] }},
{"zip_code":"12541","country":"US","city":"Livingston","state":"New York","state_ab":"NY","county":"Columbia","geo_location":{ "type": "Point", "coordinates": [-73.7574, 42.1421] }},
{"zip_code":"12167","country":"US","city":"Stamford","state":"New York","state_ab":"NY","county":"Delaware","geo_location":{ "type": "Point", "coordinates": [-74.6098, 42.4174] }},
{"zip_code":"13751","country":"US","city":"Davenport Center","state":"New York","state_ab":"NY","county":"Delaware","geo_location":{ "type": "Point", "coordinates": [-74.9013, 42.4508] }},
{"zip_code":"12501","country":"US","city":"Amenia","state":"New York","state_ab":"NY","county":"Dutchess","geo_location":{ "type": "Point", "coordinates": [-73.5542, 41.8447] }},
{"zip_code":"12514","country":"US","city":"Clinton Corners","state":"New York","state_ab":"NY","county":"Dutchess","geo_location":{ "type": "Point", "coordinates": [-73.7659, 41.8693] }},
{"zip_code":"12527","country":"US","city":"Glenham","state":"New York","state_ab":"NY","county":"Dutchess","geo_location":{ "type": "Point", "coordinates": [-73.9333, 41.5202] }},
{"zip_code":"12567","country":"US","city":"Pine Plains","state":"New York","state_ab":"NY","county":"Dutchess","geo_location":{ "type": "Point", "coordinates": [-73.6602, 41.9896] }},
{"zip_code":"12581","country":"US","city":"Stanfordville","state":"New York","state_ab":"NY","county":"Dutchess","geo_location":{ "type": "Point", "coordinates": [-73.6945, 41.8877] }},
{"zip_code":"12594","country":"US","city":"Wingdale","state":"New York","state_ab":"NY","county":"Dutchess","geo_location":{ "type": "Point", "coordinates": [-73.5556, 41.6538] }},
{"zip_code":"12604","country":"US","city":"Poughkeepsie","state":"New York","state_ab":"NY","county":"Dutchess","geo_location":{ "type": "Point", "coordinates": [-73.7437, 41.7599] }},
{"zip_code":"14004","country":"US","city":"Alden","state":"New York","state_ab":"NY","county":"Erie","geo_location":{ "type": "Point", "coordinates": [-78.5257, 42.8984] }},
{"zip_code":"14031","country":"US","city":"Clarence","state":"New York","state_ab":"NY","county":"Erie","geo_location":{ "type": "Point", "coordinates": [-78.6162, 42.981] }},
{"zip_code":"14057","country":"US","city":"Eden","state":"New York","state_ab":"NY","county":"Erie","geo_location":{ "type": "Point", "coordinates": [-78.8781, 42.6506] }},
{"zip_code":"14134","country":"US","city":"Sardinia","state":"New York","state_ab":"NY","county":"Erie","geo_location":{ "type": "Point", "coordinates": [-78.5172, 42.5323] }},
{"zip_code":"14211","country":"US","city":"Buffalo","state":"New York","state_ab":"NY","county":"Erie","geo_location":{ "type": "Point", "coordinates": [-78.8225, 42.9082] }},
{"zip_code":"14224","country":"US","city":"Buffalo","state":"New York","state_ab":"NY","county":"Erie","geo_location":{ "type": "Point", "coordinates": [-78.7484, 42.8371] }},
{"zip_code":"14264","country":"US","city":"Buffalo","state":"New York","state_ab":"NY","county":"Erie","geo_location":{ "type": "Point", "coordinates": [-78.8735, 42.8856] }},
{"zip_code":"12851","country":"US","city":"Minerva","state":"New York","state_ab":"NY","county":"Essex","geo_location":{ "type": "Point", "coordinates": [-73.9835, 43.7811] }},
{"zip_code":"12941","country":"US","city":"Jay","state":"New York","state_ab":"NY","county":"Essex","geo_location":{ "type": "Point", "coordinates": [-73.7247, 44.3734] }},
{"zip_code":"12994","country":"US","city":"Whallonsburg","state":"New York","state_ab":"NY","county":"Essex County","geo_location":{ "type": "Point", "coordinates": [-73.4338, 44.2942] }},
{"zip_code":"12914","country":"US","city":"Bombay","state":"New York","state_ab":"NY","county":"Franklin","geo_location":{ "type": "Point", "coordinates": [-74.5947, 44.9479] }},
{"zip_code":"12051","country":"US","city":"Coxsackie","state":"New York","state_ab":"NY","county":"Greene","geo_location":{ "type": "Point", "coordinates": [-73.8199, 42.3501] }},
{"zip_code":"12424","country":"US","city":"East Jewett","state":"New York","state_ab":"NY","county":"Greene","geo_location":{ "type": "Point", "coordinates": [-74.1353, 42.2469] }},
{"zip_code":"12451","country":"US","city":"Leeds","state":"New York","state_ab":"NY","county":"Greene","geo_location":{ "type": "Point", "coordinates": [-73.9457, 42.3045] }},
{"zip_code":"12864","country":"US","city":"Sabael","state":"New York","state_ab":"NY","county":"Hamilton","geo_location":{ "type": "Point", "coordinates": [-74.4569, 43.6676] }},
{"zip_code":"13324","country":"US","city":"Cold Brook","state":"New York","state_ab":"NY","county":"Herkimer","geo_location":{ "type": "Point", "coordinates": [-74.9977, 43.3024] }},
{"zip_code":"13454","country":"US","city":"Salisbury Center","state":"New York","state_ab":"NY","county":"Herkimer","geo_location":{ "type": "Point", "coordinates": [-74.7809, 43.1625] }},
{"zip_code":"13607","country":"US","city":"Alexandria Bay","state":"New York","state_ab":"NY","county":"Jefferson","geo_location":{ "type": "Point", "coordinates": [-75.8407, 44.0746] }},
{"zip_code":"13634","country":"US","city":"Dexter","state":"New York","state_ab":"NY","county":"Jefferson","geo_location":{ "type": "Point", "coordinates": [-76.065, 44.0069] }},
{"zip_code":"13661","country":"US","city":"Mannsville","state":"New York","state_ab":"NY","county":"Jefferson","geo_location":{ "type": "Point", "coordinates": [-76.082, 43.7179] }},
{"zip_code":"13674","country":"US","city":"Pierrepont Manor","state":"New York","state_ab":"NY","county":"Jefferson","geo_location":{ "type": "Point", "coordinates": [-76.0543, 43.7334] }},
{"zip_code":"11201","country":"US","city":"Brooklyn","state":"New York","state_ab":"NY","county":"Kings","geo_location":{ "type": "Point", "coordinates": [-73.9903, 40.694] }},
{"zip_code":"11214","country":"US","city":"Brooklyn","state":"New York","state_ab":"NY","county":"Kings","geo_location":{ "type": "Point", "coordinates": [-73.9968, 40.6016] }},
{"zip_code":"11241","country":"US","city":"Brooklyn","state":"New York","state_ab":"NY","county":"Kings","geo_location":{ "type": "Point", "coordinates": [-73.945, 40.6451] }},
{"zip_code":"11254","country":"US","city":"Brooklyn","state":"New York","state_ab":"NY","county":"Kings","geo_location":{ "type": "Point", "coordinates": [-73.945, 40.6451] }},
{"zip_code":"13364","country":"US","city":"Leonardsville","state":"New York","state_ab":"NY","county":"Madison","geo_location":{ "type": "Point", "coordinates": [-75.6168, 42.9545] }},
{"zip_code":"14534","country":"US","city":"Pittsford","state":"New York","state_ab":"NY","county":"Monroe","geo_location":{ "type": "Point", "coordinates": [-77.5141, 43.0695] }},
{"zip_code":"14611","country":"US","city":"Rochester","state":"New York","state_ab":"NY","county":"Monroe","geo_location":{ "type": "Point", "coordinates": [-77.6394, 43.1484] }},
{"zip_code":"14624","country":"US","city":"Rochester","state":"New York","state_ab":"NY","county":"Monroe","geo_location":{ "type": "Point", "coordinates": [-77.7311, 43.1216] }},
{"zip_code":"14651","country":"US","city":"Rochester","state":"New York","state_ab":"NY","county":"Monroe","geo_location":{ "type": "Point", "coordinates": [-77.6843, 43.286] }},
{"zip_code":"14664","country":"US","city":"Rochester","state":"New York","state_ab":"NY","county":"Monroe","geo_location":{ "type": "Point", "coordinates": [-77.6843, 43.286] }},
{"zip_code":"11021","country":"US","city":"Great Neck","state":"New York","state_ab":"NY","county":"Nassau","geo_location":{ "type": "Point", "coordinates": [-73.727, 40.7867] }},
{"zip_code":"11551","country":"US","city":"Hempstead","state":"New York","state_ab":"NY","county":"Nassau","geo_location":{ "type": "Point", "coordinates": [-73.6018, 40.7548] }},
{"zip_code":"11564","country":"US","city":"Lynbrook","state":"New York","state_ab":"NY","county":"Nassau","geo_location":{ "type": "Point", "coordinates": [-73.6018, 40.7548] }},
{"zip_code":"11577","country":"US","city":"Roslyn Heights","state":"New York","state_ab":"NY","county":"Nassau","geo_location":{ "type": "Point", "coordinates": [-73.6403, 40.7845] }},
{"zip_code":"11771","country":"US","city":"Oyster Bay","state":"New York","state_ab":"NY","county":"Nassau","geo_location":{ "type": "Point", "coordinates": [-73.5272, 40.866] }},
{"zip_code":"11797","country":"US","city":"Woodbury","state":"New York","state_ab":"NY","county":"Nassau","geo_location":{ "type": "Point", "coordinates": [-73.4716, 40.8154] }},
{"zip_code":"10004","country":"US","city":"New York City","state":"New York","state_ab":"NY","county":"New York","geo_location":{ "type": "Point", "coordinates": [-74.0253, 40.6964] }},
{"zip_code":"10017","country":"US","city":"New York City","state":"New York","state_ab":"NY","county":"New York","geo_location":{ "type": "Point", "coordinates": [-73.9707, 40.7517] }},
{"zip_code":"10031","country":"US","city":"New York City","state":"New York","state_ab":"NY","county":"New York","geo_location":{ "type": "Point", "coordinates": [-73.9507, 40.8246] }},
{"zip_code":"10044","country":"US","city":"New York City","state":"New York","state_ab":"NY","county":"New York","geo_location":{ "type": "Point", "coordinates": [-73.9505, 40.7618] }},
{"zip_code":"10107","country":"US","city":"New York City","state":"New York","state_ab":"NY","county":"New York","geo_location":{ "type": "Point", "coordinates": [-73.9827, 40.7664] }},
{"zip_code":"10121","country":"US","city":"New York City","state":"New York","state_ab":"NY","county":"New York","geo_location":{ "type": "Point", "coordinates": [-73.9919, 40.7496] }},
{"zip_code":"10161","country":"US","city":"New York City","state":"New York","state_ab":"NY","county":"New York","geo_location":{ "type": "Point", "coordinates": [-73.9772, 40.7808] }},
{"zip_code":"10174","country":"US","city":"New York City","state":"New York","state_ab":"NY","county":"New York","geo_location":{ "type": "Point", "coordinates": [-73.9752, 40.7517] }},
{"zip_code":"10211","country":"US","city":"New York City","state":"New York","state_ab":"NY","county":"New York","geo_location":{ "type": "Point", "coordinates": [-73.9772, 40.7808] }},
{"zip_code":"10277","country":"US","city":"New York City","state":"New York","state_ab":"NY","county":"New York","geo_location":{ "type": "Point", "coordinates": [-73.9772, 40.7808] }},
{"zip_code":"14107","country":"US","city":"Model City","state":"New York","state_ab":"NY","county":"Niagara","geo_location":{ "type": "Point", "coordinates": [-78.8307, 43.3268] }},
{"zip_code":"14174","country":"US","city":"Youngstown","state":"New York","state_ab":"NY","county":"Niagara","geo_location":{ "type": "Point", "coordinates": [-79.0245, 43.2461] }},
{"zip_code":"14301","country":"US","city":"Niagara Falls","state":"New York","state_ab":"NY","county":"Niagara","geo_location":{ "type": "Point", "coordinates": [-79.0414, 43.0955] }},
{"zip_code":"13054","country":"US","city":"Durhamville","state":"New York","state_ab":"NY","county":"Oneida","geo_location":{ "type": "Point", "coordinates": [-75.6714, 43.1579] }},
{"zip_code":"13157","country":"US","city":"Sylvan Beach","state":"New York","state_ab":"NY","county":"Oneida","geo_location":{ "type": "Point", "coordinates": [-75.7231, 43.2091] }},
{"zip_code":"13401","country":"US","city":"Mc Connellsville","state":"New York","state_ab":"NY","county":"Oneida","geo_location":{ "type": "Point", "coordinates": [-75.6882, 43.2672] }},
{"zip_code":"13441","country":"US","city":"Rome","state":"New York","state_ab":"NY","county":"Oneida","geo_location":{ "type": "Point", "coordinates": [-75.4083, 43.2264] }},
{"zip_code":"13494","country":"US","city":"Woodgate","state":"New York","state_ab":"NY","county":"Oneida","geo_location":{ "type": "Point", "coordinates": [-75.1428, 43.5249] }},
{"zip_code":"13504","country":"US","city":"Utica","state":"New York","state_ab":"NY","county":"Oneida","geo_location":{ "type": "Point", "coordinates": [-75.4325, 43.136] }},
{"zip_code":"13027","country":"US","city":"Baldwinsville","state":"New York","state_ab":"NY","county":"Onondaga","geo_location":{ "type": "Point", "coordinates": [-76.3237, 43.162] }},
{"zip_code":"13041","country":"US","city":"Clay","state":"New York","state_ab":"NY","county":"Onondaga","geo_location":{ "type": "Point", "coordinates": [-76.1707, 43.1737] }},
{"zip_code":"13104","country":"US","city":"Manlius","state":"New York","state_ab":"NY","county":"Onondaga","geo_location":{ "type": "Point", "coordinates": [-75.9703, 42.9904] }},
{"zip_code":"13207","country":"US","city":"Syracuse","state":"New York","state_ab":"NY","county":"Onondaga","geo_location":{ "type": "Point", "coordinates": [-76.165, 43.0195] }},
{"zip_code":"13221","country":"US","city":"Syracuse","state":"New York","state_ab":"NY","county":"Onondaga","geo_location":{ "type": "Point", "coordinates": [-76.1977, 43.0214] }},
{"zip_code":"13261","country":"US","city":"Syracuse","state":"New York","state_ab":"NY","county":"Onondaga","geo_location":{ "type": "Point", "coordinates": [-76.1977, 43.0214] }},
{"zip_code":"14471","country":"US","city":"Honeoye","state":"New York","state_ab":"NY","county":"Ontario","geo_location":{ "type": "Point", "coordinates": [-77.5054, 42.7686] }},
{"zip_code":"14547","country":"US","city":"Seneca Castle","state":"New York","state_ab":"NY","county":"Ontario","geo_location":{ "type": "Point", "coordinates": [-77.2876, 42.8081] }},
{"zip_code":"14561","country":"US","city":"Stanley","state":"New York","state_ab":"NY","county":"Ontario","geo_location":{ "type": "Point", "coordinates": [-77.1207, 42.8303] }},
{"zip_code":"10921","country":"US","city":"Florida","state":"New York","state_ab":"NY","county":"Orange","geo_location":{ "type": "Point", "coordinates": [-74.3528, 41.3295] }},
{"zip_code":"10987","country":"US","city":"Tuxedo Park","state":"New York","state_ab":"NY","county":"Orange","geo_location":{ "type": "Point", "coordinates": [-74.2159, 41.1925] }},
{"zip_code":"13094","country":"US","city":"Lysander","state":"New York","state_ab":"NY","county":"Oswego County","geo_location":{ "type": "Point", "coordinates": [-76.4593, 43.2063] }},
{"zip_code":"13131","country":"US","city":"Parish","state":"New York","state_ab":"NY","county":"Oswego","geo_location":{ "type": "Point", "coordinates": [-76.1, 43.4153] }},
{"zip_code":"13144","country":"US","city":"Richland","state":"New York","state_ab":"NY","county":"Oswego","geo_location":{ "type": "Point", "coordinates": [-76.0029, 43.5776] }},
{"zip_code":"12064","country":"US","city":"East Worcester","state":"New York","state_ab":"NY","county":"Otsego","geo_location":{ "type": "Point", "coordinates": [-74.6674, 42.6321] }},
{"zip_code":"13337","country":"US","city":"Fly Creek","state":"New York","state_ab":"NY","county":"Otsego","geo_location":{ "type": "Point", "coordinates": [-74.9869, 42.7252] }},
{"zip_code":"11357","country":"US","city":"Whitestone","state":"New York","state_ab":"NY","county":"Queens","geo_location":{ "type": "Point", "coordinates": [-73.8096, 40.7851] }},
{"zip_code":"11371","country":"US","city":"Flushing","state":"New York","state_ab":"NY","county":"Queens","geo_location":{ "type": "Point", "coordinates": [-73.8735, 40.7721] }},
{"zip_code":"11407","country":"US","city":"Jamaica","state":"New York","state_ab":"NY","county":"Queens County","geo_location":{ "type": "Point", "coordinates": [-73.8059, 40.6913] }},
{"zip_code":"11421","country":"US","city":"Woodhaven","state":"New York","state_ab":"NY","county":"Queens","geo_location":{ "type": "Point", "coordinates": [-73.8585, 40.6913] }},
{"zip_code":"11434","country":"US","city":"Jamaica","state":"New York","state_ab":"NY","county":"Queens","geo_location":{ "type": "Point", "coordinates": [-73.7758, 40.6775] }},
{"zip_code":"11447","country":"US","city":"Jamaica","state":"New York","state_ab":"NY","county":"Queens County","geo_location":{ "type": "Point", "coordinates": [-73.8061, 40.6914] }},
{"zip_code":"11474","country":"US","city":"Jamaica","state":"New York","state_ab":"NY","county":"Queens County","geo_location":{ "type": "Point", "coordinates": [-73.8061, 40.6914] }},
{"zip_code":"11694","country":"US","city":"Rockaway Park","state":"New York","state_ab":"NY","county":"Queens","geo_location":{ "type": "Point", "coordinates": [-73.8428, 40.5766] }},
{"zip_code":"12024","country":"US","city":"Brainard","state":"New York","state_ab":"NY","county":"Rensselaer","geo_location":{ "type": "Point", "coordinates": [-73.5107, 42.495] }},
{"zip_code":"12154","country":"US","city":"Schaghticoke","state":"New York","state_ab":"NY","county":"Rensselaer","geo_location":{ "type": "Point", "coordinates": [-73.6154, 42.9144] }},
{"zip_code":"12181","country":"US","city":"Troy","state":"New York","state_ab":"NY","county":"Rensselaer","geo_location":{ "type": "Point", "coordinates": [-73.6739, 42.7387] }},
{"zip_code":"10301","country":"US","city":"Staten Island","state":"New York","state_ab":"NY","county":"Richmond","geo_location":{ "type": "Point", "coordinates": [-74.0927, 40.6316] }},
{"zip_code":"10314","country":"US","city":"Staten Island","state":"New York","state_ab":"NY","county":"Richmond","geo_location":{ "type": "Point", "coordinates": [-74.1472, 40.6039] }},
{"zip_code":"10974","country":"US","city":"Sloatsburg","state":"New York","state_ab":"NY","county":"Rockland","geo_location":{ "type": "Point", "coordinates": [-74.2008, 41.1575] }},
{"zip_code":"12927","country":"US","city":"Cranberry Lake","state":"New York","state_ab":"NY","county":"St. Lawrence","geo_location":{ "type": "Point", "coordinates": [-74.8581, 44.229] }},
{"zip_code":"12967","country":"US","city":"North Lawrence","state":"New York","state_ab":"NY","county":"St. Lawrence","geo_location":{ "type": "Point", "coordinates": [-74.6653, 44.775] }},
{"zip_code":"13621","country":"US","city":"Chase Mills","state":"New York","state_ab":"NY","county":"St. Lawrence","geo_location":{ "type": "Point", "coordinates": [-75.073, 44.8672] }},
{"zip_code":"13647","country":"US","city":"Hannawa Falls","state":"New York","state_ab":"NY","county":"St. Lawrence","geo_location":{ "type": "Point", "coordinates": [-74.9732, 44.6087] }},
{"zip_code":"13687","country":"US","city":"South Colton","state":"New York","state_ab":"NY","county":"St. Lawrence","geo_location":{ "type": "Point", "coordinates": [-74.8607, 44.5041] }},
{"zip_code":"12141","country":"US","city":"Quaker Street","state":"New York","state_ab":"NY","county":"Schenectady","geo_location":{ "type": "Point", "coordinates": [-74.1854, 42.7318] }},
{"zip_code":"12307","country":"US","city":"Schenectady","state":"New York","state_ab":"NY","county":"Schenectady","geo_location":{ "type": "Point", "coordinates": [-73.9363, 42.8047] }},
{"zip_code":"12194","country":"US","city":"West Fulton","state":"New York","state_ab":"NY","county":"Schoharie","geo_location":{ "type": "Point", "coordinates": [-74.4631, 42.5506] }},
{"zip_code":"14521","country":"US","city":"Ovid","state":"New York","state_ab":"NY","county":"Seneca","geo_location":{ "type": "Point", "coordinates": [-76.7941, 42.6898] }},
{"zip_code":"14831","country":"US","city":"Corning","state":"New York","state_ab":"NY","county":"Steuben","geo_location":{ "type": "Point", "coordinates": [-77.5668, 42.1453] }},
{"zip_code":"11704","country":"US","city":"West Babylon","state":"New York","state_ab":"NY","county":"Suffolk","geo_location":{ "type": "Point", "coordinates": [-73.3546, 40.7135] }},
{"zip_code":"11717","country":"US","city":"Brentwood","state":"New York","state_ab":"NY","county":"Suffolk","geo_location":{ "type": "Point", "coordinates": [-73.2503, 40.7809] }},
{"zip_code":"11731","country":"US","city":"East Northport","state":"New York","state_ab":"NY","county":"Suffolk","geo_location":{ "type": "Point", "coordinates": [-73.3146, 40.857] }},
{"zip_code":"11757","country":"US","city":"Lindenhurst","state":"New York","state_ab":"NY","county":"Suffolk","geo_location":{ "type": "Point", "coordinates": [-73.3745, 40.6884] }},
{"zip_code":"11784","country":"US","city":"Selden","state":"New York","state_ab":"NY","county":"Suffolk","geo_location":{ "type": "Point", "coordinates": [-73.0448, 40.8699] }},
{"zip_code":"11937","country":"US","city":"East Hampton","state":"New York","state_ab":"NY","county":"Suffolk","geo_location":{ "type": "Point", "coordinates": [-72.179, 40.993] }},
{"zip_code":"11951","country":"US","city":"Mastic Beach","state":"New York","state_ab":"NY","county":"Suffolk","geo_location":{ "type": "Point", "coordinates": [-72.8537, 40.7657] }},
{"zip_code":"11964","country":"US","city":"Shelter Island","state":"New York","state_ab":"NY","county":"Suffolk","geo_location":{ "type": "Point", "coordinates": [-72.3366, 41.064] }},
{"zip_code":"11977","country":"US","city":"Westhampton","state":"New York","state_ab":"NY","county":"Suffolk","geo_location":{ "type": "Point", "coordinates": [-72.6699, 40.818] }},
{"zip_code":"12721","country":"US","city":"Bloomingburg","state":"New York","state_ab":"NY","county":"Sullivan","geo_location":{ "type": "Point", "coordinates": [-74.4304, 41.5644] }},
{"zip_code":"12734","country":"US","city":"Ferndale","state":"New York","state_ab":"NY","county":"Sullivan","geo_location":{ "type": "Point", "coordinates": [-74.7345, 41.7349] }},
{"zip_code":"12747","country":"US","city":"Hurleyville","state":"New York","state_ab":"NY","county":"Sullivan","geo_location":{ "type": "Point", "coordinates": [-74.7261, 41.7703] }},
{"zip_code":"12787","country":"US","city":"White Sulphur Springs","state":"New York","state_ab":"NY","county":"Sullivan","geo_location":{ "type": "Point", "coordinates": [-74.8286, 41.8002] }},
{"zip_code":"13827","country":"US","city":"Owego","state":"New York","state_ab":"NY","county":"Tioga","geo_location":{ "type": "Point", "coordinates": [-76.2528, 42.1138] }},
{"zip_code":"14817","country":"US","city":"Brooktondale","state":"New York","state_ab":"NY","county":"Tompkins","geo_location":{ "type": "Point", "coordinates": [-76.3668, 42.3765] }},
{"zip_code":"12411","country":"US","city":"Bloomington","state":"New York","state_ab":"NY","county":"Ulster","geo_location":{ "type": "Point", "coordinates": [-74.0436, 41.8752] }},
{"zip_code":"12464","country":"US","city":"Phoenicia","state":"New York","state_ab":"NY","county":"Ulster","geo_location":{ "type": "Point", "coordinates": [-74.3393, 42.0544] }},
{"zip_code":"12477","country":"US","city":"Saugerties","state":"New York","state_ab":"NY","county":"Ulster","geo_location":{ "type": "Point", "coordinates": [-73.9797, 42.0738] }},
{"zip_code":"12491","country":"US","city":"West Hurley","state":"New York","state_ab":"NY","county":"Ulster","geo_location":{ "type": "Point", "coordinates": [-74.1244, 41.9838] }},
{"zip_code":"12811","country":"US","city":"Bakers Mills","state":"New York","state_ab":"NY","county":"Warren","geo_location":{ "type": "Point", "coordinates": [-74.0612, 43.6242] }},
{"zip_code":"12824","country":"US","city":"Diamond Point","state":"New York","state_ab":"NY","county":"Warren","geo_location":{ "type": "Point", "coordinates": [-73.7001, 43.5156] }},
{"zip_code":"12837","country":"US","city":"Hampton","state":"New York","state_ab":"NY","county":"Washington","geo_location":{ "type": "Point", "coordinates": [-73.2731, 43.4621] }},
{"zip_code":"14444","country":"US","city":"East Palmyra","state":"New York","state_ab":"NY","county":"Wayne County","geo_location":{ "type": "Point", "coordinates": [-77.1571, 43.085] }},
{"zip_code":"10507","country":"US","city":"Bedford Hills","state":"New York","state_ab":"NY","county":"Westchester","geo_location":{ "type": "Point", "coordinates": [-73.6915, 41.2344] }},
{"zip_code":"10521","country":"US","city":"Croton On Hudson","state":"New York","state_ab":"NY","county":"Westchester","geo_location":{ "type": "Point", "coordinates": [-73.9262, 41.2343] }},
{"zip_code":"10547","country":"US","city":"Mohegan Lake","state":"New York","state_ab":"NY","county":"Westchester","geo_location":{ "type": "Point", "coordinates": [-73.8508, 41.3143] }},
{"zip_code":"10587","country":"US","city":"Shenorock","state":"New York","state_ab":"NY","county":"Westchester","geo_location":{ "type": "Point", "coordinates": [-73.7423, 41.3287] }},
{"zip_code":"10701","country":"US","city":"Yonkers","state":"New York","state_ab":"NY","county":"Westchester","geo_location":{ "type": "Point", "coordinates": [-73.8669, 40.9461] }},
{"zip_code":"56734","country":"US","city":"Lake Bronson","state":"Minnesota","state_ab":"MN","county":"Kittson","geo_location":{ "type": "Point", "coordinates": [-96.6431, 48.7787] }},
{"zip_code":"56257","country":"US","city":"Marietta","state":"Minnesota","state_ab":"MN","county":"Lac qui Parle","geo_location":{ "type": "Point", "coordinates": [-96.4094, 44.9636] }},
{"zip_code":"55601","country":"US","city":"Beaver Bay","state":"Minnesota","state_ab":"MN","county":"Lake","geo_location":{ "type": "Point", "coordinates": [-91.3566, 47.256] }},
{"zip_code":"55614","country":"US","city":"Silver Bay","state":"Minnesota","state_ab":"MN","county":"Lake","geo_location":{ "type": "Point", "coordinates": [-91.2205, 47.3585] }},
{"zip_code":"56127","country":"US","city":"Dunnell","state":"Minnesota","state_ab":"MN","county":"Martin","geo_location":{ "type": "Point", "coordinates": [-94.7876, 43.5531] }},
{"zip_code":"56181","country":"US","city":"Welcome","state":"Minnesota","state_ab":"MN","county":"Martin","geo_location":{ "type": "Point", "coordinates": [-94.5886, 43.6705] }},
{"zip_code":"55371","country":"US","city":"Princeton","state":"Minnesota","state_ab":"MN","county":"Mille Lacs","geo_location":{ "type": "Point", "coordinates": [-93.5961, 45.5851] }},
{"zip_code":"55951","country":"US","city":"Le Roy","state":"Minnesota","state_ab":"MN","county":"Mower","geo_location":{ "type": "Point", "coordinates": [-92.5065, 43.5315] }},
{"zip_code":"55977","country":"US","city":"Taopi","state":"Minnesota","state_ab":"MN","county":"Mower","geo_location":{ "type": "Point", "coordinates": [-92.6335, 43.5458] }},
{"zip_code":"56114","country":"US","city":"Avoca","state":"Minnesota","state_ab":"MN","county":"Murray","geo_location":{ "type": "Point", "coordinates": [-95.6002, 43.9706] }},
{"zip_code":"56141","country":"US","city":"Iona","state":"Minnesota","state_ab":"MN","county":"Murray","geo_location":{ "type": "Point", "coordinates": [-95.7718, 43.9026] }},
{"zip_code":"56167","country":"US","city":"Round Lake","state":"Minnesota","state_ab":"MN","county":"Nobles","geo_location":{ "type": "Point", "coordinates": [-95.4502, 43.562] }},
{"zip_code":"56541","country":"US","city":"Flom","state":"Minnesota","state_ab":"MN","county":"Norman","geo_location":{ "type": "Point", "coordinates": [-96.1309, 47.1588] }},
{"zip_code":"56581","country":"US","city":"Shelly","state":"Minnesota","state_ab":"MN","county":"Norman","geo_location":{ "type": "Point", "coordinates": [-96.7838, 47.4554] }},
{"zip_code":"56361","country":"US","city":"Parkers Prairie","state":"Minnesota","state_ab":"MN","county":"Otter Tail","geo_location":{ "type": "Point", "coordinates": [-95.3608, 46.1769] }},
{"zip_code":"56527","country":"US","city":"Deer Creek","state":"Minnesota","state_ab":"MN","county":"Otter Tail","geo_location":{ "type": "Point", "coordinates": [-95.2673, 46.4112] }},
{"zip_code":"56567","country":"US","city":"New York Mills","state":"Minnesota","state_ab":"MN","county":"Otter Tail","geo_location":{ "type": "Point", "coordinates": [-95.4047, 46.5559] }},
{"zip_code":"55007","country":"US","city":"Brook Park","state":"Minnesota","state_ab":"MN","county":"Pine","geo_location":{ "type": "Point", "coordinates": [-93.0736, 45.9474] }},
{"zip_code":"55704","country":"US","city":"Askov","state":"Minnesota","state_ab":"MN","county":"Pine","geo_location":{ "type": "Point", "coordinates": [-92.7528, 46.1964] }},
{"zip_code":"56684","country":"US","city":"Trail","state":"Minnesota","state_ab":"MN","county":"Polk","geo_location":{ "type": "Point", "coordinates": [-95.7607, 47.7478] }},
{"zip_code":"56721","country":"US","city":"East Grand Forks","state":"Minnesota","state_ab":"MN","county":"Polk","geo_location":{ "type": "Point", "coordinates": [-97.0213, 47.9318] }},
{"zip_code":"56334","country":"US","city":"Glenwood","state":"Minnesota","state_ab":"MN","county":"Pope","geo_location":{ "type": "Point", "coordinates": [-95.3868, 45.6429] }},
{"zip_code":"55164","country":"US","city":"Saint Paul","state":"Minnesota","state_ab":"MN","county":"Ramsey","geo_location":{ "type": "Point", "coordinates": [-93.1066, 44.9909] }},
{"zip_code":"55177","country":"US","city":"Saint Paul","state":"Minnesota","state_ab":"MN","county":"Ramsey","geo_location":{ "type": "Point", "coordinates": [-93.1059, 45.0059] }},
{"zip_code":"55191","country":"US","city":"Saint Paul","state":"Minnesota","state_ab":"MN","county":"Ramsey","geo_location":{ "type": "Point", "coordinates": [-93.1059, 45.0059] }},
{"zip_code":"56284","country":"US","city":"Renville","state":"Minnesota","state_ab":"MN","county":"Renville","geo_location":{ "type": "Point", "coordinates": [-95.1989, 44.7776] }},
{"zip_code":"55021","country":"US","city":"Faribault","state":"Minnesota","state_ab":"MN","county":"Rice","geo_location":{ "type": "Point", "coordinates": [-93.2818, 44.2945] }},
{"zip_code":"55087","country":"US","city":"Warsaw","state":"Minnesota","state_ab":"MN","county":"Rice","geo_location":{ "type": "Point", "coordinates": [-93.3949, 44.2485] }},
{"zip_code":"56761","country":"US","city":"Wannaska","state":"Minnesota","state_ab":"MN","county":"Roseau","geo_location":{ "type": "Point", "coordinates": [-95.7072, 48.6452] }},
{"zip_code":"55717","country":"US","city":"Canyon","state":"Minnesota","state_ab":"MN","county":"St. Louis","geo_location":{ "type": "Point", "coordinates": [-92.4594, 47.0785] }},
{"zip_code":"55731","country":"US","city":"Ely","state":"Minnesota","state_ab":"MN","county":"St. Louis","geo_location":{ "type": "Point", "coordinates": [-91.857, 47.9034] }},
{"zip_code":"55771","country":"US","city":"Orr","state":"Minnesota","state_ab":"MN","county":"St. Louis","geo_location":{ "type": "Point", "coordinates": [-92.8561, 48.1439] }},
{"zip_code":"55807","country":"US","city":"Duluth","state":"Minnesota","state_ab":"MN","county":"St. Louis","geo_location":{ "type": "Point", "coordinates": [-92.1698, 46.7408] }},
{"zip_code":"56011","country":"US","city":"Belle Plaine","state":"Minnesota","state_ab":"MN","county":"Scott","geo_location":{ "type": "Point", "coordinates": [-93.7604, 44.6139] }},
{"zip_code":"56307","country":"US","city":"Albany","state":"Minnesota","state_ab":"MN","county":"Stearns","geo_location":{ "type": "Point", "coordinates": [-94.574, 45.6151] }},
{"zip_code":"56321","country":"US","city":"Collegeville","state":"Minnesota","state_ab":"MN","county":"Stearns","geo_location":{ "type": "Point", "coordinates": [-94.4199, 45.5783] }},
{"zip_code":"56374","country":"US","city":"Saint Joseph","state":"Minnesota","state_ab":"MN","county":"Stearns","geo_location":{ "type": "Point", "coordinates": [-94.3367, 45.5651] }},
{"zip_code":"56387","country":"US","city":"Waite Park","state":"Minnesota","state_ab":"MN","county":"Stearns","geo_location":{ "type": "Point", "coordinates": [-94.2245, 45.5497] }},
{"zip_code":"56244","country":"US","city":"Hancock","state":"Minnesota","state_ab":"MN","county":"Stevens","geo_location":{ "type": "Point", "coordinates": [-95.8008, 45.4985] }},
{"zip_code":"56231","country":"US","city":"Danvers","state":"Minnesota","state_ab":"MN","county":"Swift","geo_location":{ "type": "Point", "coordinates": [-95.7219, 45.2818] }},
{"zip_code":"56271","country":"US","city":"Murdock","state":"Minnesota","state_ab":"MN","county":"Swift","geo_location":{ "type": "Point", "coordinates": [-95.4049, 45.2161] }},
{"zip_code":"56347","country":"US","city":"Long Prairie","state":"Minnesota","state_ab":"MN","county":"Todd","geo_location":{ "type": "Point", "coordinates": [-94.8151, 45.9041] }},
{"zip_code":"56437","country":"US","city":"Bertha","state":"Minnesota","state_ab":"MN","county":"Todd","geo_location":{ "type": "Point", "coordinates": [-95.0357, 46.2515] }},
{"zip_code":"55964","country":"US","city":"Plainview","state":"Minnesota","state_ab":"MN","county":"Wabasha","geo_location":{ "type": "Point", "coordinates": [-92.1621, 44.1637] }},
{"zip_code":"55991","country":"US","city":"Zumbro Falls","state":"Minnesota","state_ab":"MN","county":"Wabasha","geo_location":{ "type": "Point", "coordinates": [-92.4256, 44.2427] }},
{"zip_code":"56464","country":"US","city":"Menahga","state":"Minnesota","state_ab":"MN","county":"Wadena","geo_location":{ "type": "Point", "coordinates": [-95.0714, 46.7572] }},
{"zip_code":"56477","country":"US","city":"Sebeka","state":"Minnesota","state_ab":"MN","county":"Wadena","geo_location":{ "type": "Point", "coordinates": [-95.0681, 46.6306] }},
{"zip_code":"56077","country":"US","city":"Otisco","state":"Minnesota","state_ab":"MN","county":"Waseca County","geo_location":{ "type": "Point", "coordinates": [-93.4667, 43.9858] }},
{"zip_code":"56091","country":"US","city":"Waldorf","state":"Minnesota","state_ab":"MN","county":"Waseca","geo_location":{ "type": "Point", "coordinates": [-93.7043, 43.9399] }},
{"zip_code":"55047","country":"US","city":"Marine On Saint Croix","state":"Minnesota","state_ab":"MN","county":"Washington","geo_location":{ "type": "Point", "coordinates": [-92.8258, 45.1988] }},
{"zip_code":"56594","country":"US","city":"Wolverton","state":"Minnesota","state_ab":"MN","county":"Wilkin","geo_location":{ "type": "Point", "coordinates": [-96.6149, 46.555] }},
{"zip_code":"55591","country":"US","city":"Monticello","state":"Minnesota","state_ab":"MN","county":"Wright","geo_location":{ "type": "Point", "coordinates": [-93.8881, 45.2009] }},
{"zip_code":"56297","country":"US","city":"Wood Lake","state":"Minnesota","state_ab":"MN","county":"Yellow Medicine","geo_location":{ "type": "Point", "coordinates": [-95.5409, 44.6379] }},
{"zip_code":"64421","country":"US","city":"Amazonia","state":"Missouri","state_ab":"MO","county":"Andrew","geo_location":{ "type": "Point", "coordinates": [-94.9113, 39.9092] }},
{"zip_code":"64874","country":"US","city":"Wheaton","state":"Missouri","state_ab":"MO","county":"Barry","geo_location":{ "type": "Point", "coordinates": [-94.0492, 36.7651] }},
{"zip_code":"65734","country":"US","city":"Purdy","state":"Missouri","state_ab":"MO","county":"Barry","geo_location":{ "type": "Point", "coordinates": [-93.9164, 36.8069] }},
{"zip_code":"65747","country":"US","city":"Shell Knob","state":"Missouri","state_ab":"MO","county":"Barry","geo_location":{ "type": "Point", "coordinates": [-93.6249, 36.6167] }},
{"zip_code":"63781","country":"US","city":"Sedgewickville","state":"Missouri","state_ab":"MO","county":"Bollinger","geo_location":{ "type": "Point", "coordinates": [-89.9272, 37.537] }},
{"zip_code":"65217","country":"US","city":"Columbia","state":"Missouri","state_ab":"MO","county":"Boone","geo_location":{ "type": "Point", "coordinates": [-92.1022, 38.9033] }},
{"zip_code":"65284","country":"US","city":"Sturgeon","state":"Missouri","state_ab":"MO","county":"Boone","geo_location":{ "type": "Point", "coordinates": [-92.2953, 39.2057] }},
{"zip_code":"63961","country":"US","city":"Qulin","state":"Missouri","state_ab":"MO","county":"Butler","geo_location":{ "type": "Point", "coordinates": [-90.2617, 36.5818] }},
{"zip_code":"65077","country":"US","city":"Steedman","state":"Missouri","state_ab":"MO","county":"Callaway","geo_location":{ "type": "Point", "coordinates": [-91.7888, 38.7566] }},
{"zip_code":"65231","country":"US","city":"Auxvasse","state":"Missouri","state_ab":"MO","county":"Callaway","geo_location":{ "type": "Point", "coordinates": [-91.8858, 39.0122] }},
{"zip_code":"65567","country":"US","city":"Stoutland","state":"Missouri","state_ab":"MO","county":"Camden","geo_location":{ "type": "Point", "coordinates": [-92.5114, 37.8693] }},
{"zip_code":"65787","country":"US","city":"Roach","state":"Missouri","state_ab":"MO","county":"Camden","geo_location":{ "type": "Point", "coordinates": [-92.9148, 38.1025] }},
{"zip_code":"63701","country":"US","city":"Cape Girardeau","state":"Missouri","state_ab":"MO","county":"Cape Girardeau","geo_location":{ "type": "Point", "coordinates": [-89.5459, 37.3169] }},
{"zip_code":"64744","country":"US","city":"El Dorado Springs","state":"Missouri","state_ab":"MO","county":"Cedar","geo_location":{ "type": "Point", "coordinates": [-94.0124, 37.8652] }},
{"zip_code":"64681","country":"US","city":"Sumner","state":"Missouri","state_ab":"MO","county":"Chariton","geo_location":{ "type": "Point", "coordinates": [-93.2241, 39.655] }},
{"zip_code":"65631","country":"US","city":"Clever","state":"Missouri","state_ab":"MO","county":"Christian","geo_location":{ "type": "Point", "coordinates": [-93.4383, 37.0447] }},
{"zip_code":"65657","country":"US","city":"Garrison","state":"Missouri","state_ab":"MO","county":"Christian","geo_location":{ "type": "Point", "coordinates": [-93.0, 36.863] }},
{"zip_code":"65721","country":"US","city":"Ozark","state":"Missouri","state_ab":"MO","county":"Christian","geo_location":{ "type": "Point", "coordinates": [-93.2022, 37.0169] }},
{"zip_code":"64087","country":"US","city":"Liberty","state":"Missouri","state_ab":"MO","county":"Clay","geo_location":{ "type": "Point", "coordinates": [-94.409, 39.2829] }},
{"zip_code":"65101","country":"US","city":"Jefferson City","state":"Missouri","state_ab":"MO","county":"Cole","geo_location":{ "type": "Point", "coordinates": [-92.1525, 38.5462] }},
{"zip_code":"64654","country":"US","city":"Lock Springs","state":"Missouri","state_ab":"MO","county":"Daviess","geo_location":{ "type": "Point", "coordinates": [-93.9889, 39.9605] }},
{"zip_code":"64447","country":"US","city":"Fairport","state":"Missouri","state_ab":"MO","county":"DeKalb","geo_location":{ "type": "Point", "coordinates": [-94.4044, 39.8926] }},
{"zip_code":"64474","country":"US","city":"Osborn","state":"Missouri","state_ab":"MO","county":"DeKalb","geo_location":{ "type": "Point", "coordinates": [-94.3974, 39.7912] }},
{"zip_code":"65501","country":"US","city":"Jadwin","state":"Missouri","state_ab":"MO","county":"Dent","geo_location":{ "type": "Point", "coordinates": [-91.5159, 37.4736] }},
{"zip_code":"65541","country":"US","city":"Lenox","state":"Missouri","state_ab":"MO","county":"Dent","geo_location":{ "type": "Point", "coordinates": [-91.4812, 37.6033] }},
{"zip_code":"63857","country":"US","city":"Kennett","state":"Missouri","state_ab":"MO","county":"Dunklin","geo_location":{ "type": "Point", "coordinates": [-90.0491, 36.2407] }},
{"zip_code":"63084","country":"US","city":"Union","state":"Missouri","state_ab":"MO","county":"Franklin","geo_location":{ "type": "Point", "coordinates": [-91.0206, 38.4456] }},
{"zip_code":"65604","country":"US","city":"Ash Grove","state":"Missouri","state_ab":"MO","county":"Greene","geo_location":{ "type": "Point", "coordinates": [-93.5781, 37.316] }},
{"zip_code":"64641","country":"US","city":"Galt","state":"Missouri","state_ab":"MO","county":"Grundy","geo_location":{ "type": "Point", "coordinates": [-93.3953, 40.144] }},
{"zip_code":"18444","country":"US","city":"Moscow","state":"Pennsylvania","state_ab":"PA","county":"Lackawanna","geo_location":{ "type": "Point", "coordinates": [-75.5301, 41.3432] }},
{"zip_code":"18471","country":"US","city":"Waverly","state":"Pennsylvania","state_ab":"PA","county":"Lackawanna","geo_location":{ "type": "Point", "coordinates": [-75.6906, 41.5238] }},
{"zip_code":"18507","country":"US","city":"Moosic","state":"Pennsylvania","state_ab":"PA","county":"Lackawanna","geo_location":{ "type": "Point", "coordinates": [-75.6805, 41.3554] }},
{"zip_code":"17504","country":"US","city":"Bausman","state":"Pennsylvania","state_ab":"PA","county":"Lancaster","geo_location":{ "type": "Point", "coordinates": [-76.3281, 40.024] }},
{"zip_code":"17517","country":"US","city":"Denver","state":"Pennsylvania","state_ab":"PA","county":"Lancaster","geo_location":{ "type": "Point", "coordinates": [-76.1157, 40.2297] }},
{"zip_code":"17557","country":"US","city":"New Holland","state":"Pennsylvania","state_ab":"PA","county":"Lancaster","geo_location":{ "type": "Point", "coordinates": [-76.0801, 40.1005] }},
{"zip_code":"17584","country":"US","city":"Willow Street","state":"Pennsylvania","state_ab":"PA","county":"Lancaster","geo_location":{ "type": "Point", "coordinates": [-76.2752, 39.967] }},
{"zip_code":"17607","country":"US","city":"Lancaster","state":"Pennsylvania","state_ab":"PA","county":"Lancaster","geo_location":{ "type": "Point", "coordinates": [-76.2976, 40.0185] }},
{"zip_code":"16101","country":"US","city":"New Castle","state":"Pennsylvania","state_ab":"PA","county":"Lawrence","geo_location":{ "type": "Point", "coordinates": [-80.3284, 40.9922] }},
{"zip_code":"17041","country":"US","city":"Lawn","state":"Pennsylvania","state_ab":"PA","county":"Lebanon","geo_location":{ "type": "Point", "coordinates": [-76.538, 40.2236] }},
{"zip_code":"17067","country":"US","city":"Myerstown","state":"Pennsylvania","state_ab":"PA","county":"Lebanon","geo_location":{ "type": "Point", "coordinates": [-76.3143, 40.3789] }},
{"zip_code":"18031","country":"US","city":"Breinigsville","state":"Pennsylvania","state_ab":"PA","county":"Lehigh","geo_location":{ "type": "Point", "coordinates": [-75.6553, 40.5526] }},
{"zip_code":"18224","country":"US","city":"Freeland","state":"Pennsylvania","state_ab":"PA","county":"Luzerne","geo_location":{ "type": "Point", "coordinates": [-75.888, 41.0196] }},
{"zip_code":"18251","country":"US","city":"Sybertsville","state":"Pennsylvania","state_ab":"PA","county":"Luzerne","geo_location":{ "type": "Point", "coordinates": [-75.8801, 41.2722] }},
{"zip_code":"18611","country":"US","city":"Cambra","state":"Pennsylvania","state_ab":"PA","county":"Luzerne","geo_location":{ "type": "Point", "coordinates": [-75.7755, 41.1103] }},
{"zip_code":"18637","country":"US","city":"Nuangola","state":"Pennsylvania","state_ab":"PA","county":"Luzerne County","geo_location":{ "type": "Point", "coordinates": [-75.8912, 41.2401] }},
{"zip_code":"18651","country":"US","city":"Plymouth","state":"Pennsylvania","state_ab":"PA","county":"Luzerne","geo_location":{ "type": "Point", "coordinates": [-75.9481, 41.2458] }},
{"zip_code":"18701","country":"US","city":"Wilkes Barre","state":"Pennsylvania","state_ab":"PA","county":"Luzerne","geo_location":{ "type": "Point", "coordinates": [-75.885, 41.2436] }},
{"zip_code":"18767","country":"US","city":"Wilkes Barre","state":"Pennsylvania","state_ab":"PA","county":"Luzerne","geo_location":{ "type": "Point", "coordinates": [-75.8801, 41.2722] }},
{"zip_code":"17737","country":"US","city":"Hughesville","state":"Pennsylvania","state_ab":"PA","county":"Lycoming","geo_location":{ "type": "Point", "coordinates": [-76.7141, 41.256] }},
{"zip_code":"16114","country":"US","city":"Clarks Mills","state":"Pennsylvania","state_ab":"PA","county":"Mercer","geo_location":{ "type": "Point", "coordinates": [-80.1752, 41.3851] }},
{"zip_code":"16127","country":"US","city":"Grove City","state":"Pennsylvania","state_ab":"PA","county":"Mercer","geo_location":{ "type": "Point", "coordinates": [-80.0841, 41.1607] }},
{"zip_code":"16154","country":"US","city":"Transfer","state":"Pennsylvania","state_ab":"PA","county":"Mercer","geo_location":{ "type": "Point", "coordinates": [-80.4197, 41.3244] }},
{"zip_code":"17054","country":"US","city":"Mattawana","state":"Pennsylvania","state_ab":"PA","county":"Mifflin","geo_location":{ "type": "Point", "coordinates": [-77.7237, 40.496] }},
{"zip_code":"18301","country":"US","city":"East Stroudsburg","state":"Pennsylvania","state_ab":"PA","county":"Monroe","geo_location":{ "type": "Point", "coordinates": [-75.1735, 41.0367] }},
{"zip_code":"18327","country":"US","city":"Delaware Water Gap","state":"Pennsylvania","state_ab":"PA","county":"Monroe","geo_location":{ "type": "Point", "coordinates": [-75.1512, 40.9886] }},
{"zip_code":"18341","country":"US","city":"Minisink Hills","state":"Pennsylvania","state_ab":"PA","county":"Monroe","geo_location":{ "type": "Point", "coordinates": [-75.2993, 40.9911] }},
{"zip_code":"18354","country":"US","city":"Sciota","state":"Pennsylvania","state_ab":"PA","county":"Monroe","geo_location":{ "type": "Point", "coordinates": [-75.325, 40.9257] }},
{"zip_code":"18084","country":"US","city":"Sumneytown","state":"Pennsylvania","state_ab":"PA","county":"Montgomery","geo_location":{ "type": "Point", "coordinates": [-75.454, 40.3278] }},
{"zip_code":"19034","country":"US","city":"Fort Washington","state":"Pennsylvania","state_ab":"PA","county":"Montgomery","geo_location":{ "type": "Point", "coordinates": [-75.2022, 40.1386] }},
{"zip_code":"19407","country":"US","city":"Audubon","state":"Pennsylvania","state_ab":"PA","county":"Montgomery","geo_location":{ "type": "Point", "coordinates": [-75.3559, 40.2119] }},
{"zip_code":"19474","country":"US","city":"Skippack","state":"Pennsylvania","state_ab":"PA","county":"Montgomery","geo_location":{ "type": "Point", "coordinates": [-75.4031, 40.2251] }},
{"zip_code":"18017","country":"US","city":"Bethlehem","state":"Pennsylvania","state_ab":"PA","county":"Northampton","geo_location":{ "type": "Point", "coordinates": [-75.3903, 40.6622] }},
{"zip_code":"18044","country":"US","city":"Easton","state":"Pennsylvania","state_ab":"PA","county":"Northampton","geo_location":{ "type": "Point", "coordinates": [-75.4712, 40.6934] }},
{"zip_code":"17777","country":"US","city":"Watsontown","state":"Pennsylvania","state_ab":"PA","county":"Northumberland","geo_location":{ "type": "Point", "coordinates": [-76.8532, 41.102] }},
{"zip_code":"17801","country":"US","city":"Sunbury","state":"Pennsylvania","state_ab":"PA","county":"Northumberland","geo_location":{ "type": "Point", "coordinates": [-76.7776, 40.8551] }},
{"zip_code":"17867","country":"US","city":"Rebuck","state":"Pennsylvania","state_ab":"PA","county":"Northumberland","geo_location":{ "type": "Point", "coordinates": [-76.6886, 40.7141] }},
{"zip_code":"17881","country":"US","city":"Trevorton","state":"Pennsylvania","state_ab":"PA","county":"Northumberland","geo_location":{ "type": "Point", "coordinates": [-76.6702, 40.7819] }},
{"zip_code":"19111","country":"US","city":"Philadelphia","state":"Pennsylvania","state_ab":"PA","county":"Philadelphia","geo_location":{ "type": "Point", "coordinates": [-75.0818, 40.0596] }},
{"zip_code":"19124","country":"US","city":"Philadelphia","state":"Pennsylvania","state_ab":"PA","county":"Philadelphia","geo_location":{ "type": "Point", "coordinates": [-75.0895, 40.0178] }},
{"zip_code":"19137","country":"US","city":"Philadelphia","state":"Pennsylvania","state_ab":"PA","county":"Philadelphia","geo_location":{ "type": "Point", "coordinates": [-75.0727, 40.0008] }},
{"zip_code":"19151","country":"US","city":"Philadelphia","state":"Pennsylvania","state_ab":"PA","county":"Philadelphia","geo_location":{ "type": "Point", "coordinates": [-75.2545, 39.9772] }},
{"zip_code":"19177","country":"US","city":"Philadelphia","state":"Pennsylvania","state_ab":"PA","county":"Philadelphia","geo_location":{ "type": "Point", "coordinates": [-75.1179, 40.0018] }},
{"zip_code":"19191","country":"US","city":"Philadelphia","state":"Pennsylvania","state_ab":"PA","county":"Philadelphia","geo_location":{ "type": "Point", "coordinates": [-75.1179, 40.0018] }},
{"zip_code":"18457","country":"US","city":"Rowland","state":"Pennsylvania","state_ab":"PA","county":"Pike","geo_location":{ "type": "Point", "coordinates": [-75.0485, 41.4719] }},
{"zip_code":"16927","country":"US","city":"Harrison Valley","state":"Pennsylvania","state_ab":"PA","county":"Potter","geo_location":{ "type": "Point", "coordinates": [-77.6587, 41.9587] }},
{"zip_code":"16941","country":"US","city":"Genesee","state":"Pennsylvania","state_ab":"PA","county":"Potter","geo_location":{ "type": "Point", "coordinates": [-77.758, 41.9883] }},
{"zip_code":"17931","country":"US","city":"Frackville","state":"Pennsylvania","state_ab":"PA","county":"Schuylkill","geo_location":{ "type": "Point", "coordinates": [-76.2311, 40.7825] }},
{"zip_code":"17944","country":"US","city":"Llewellyn","state":"Pennsylvania","state_ab":"PA","county":"Schuylkill","geo_location":{ "type": "Point", "coordinates": [-76.2819, 40.6758] }},
{"zip_code":"17957","country":"US","city":"Muir","state":"Pennsylvania","state_ab":"PA","county":"Schuylkill","geo_location":{ "type": "Point", "coordinates": [-76.5161, 40.5926] }},
{"zip_code":"18211","country":"US","city":"Andreas","state":"Pennsylvania","state_ab":"PA","county":"Schuylkill","geo_location":{ "type": "Point", "coordinates": [-75.8342, 40.7465] }},
{"zip_code":"18237","country":"US","city":"Mcadoo","state":"Pennsylvania","state_ab":"PA","county":"Schuylkill","geo_location":{ "type": "Point", "coordinates": [-75.9971, 40.8979] }},
{"zip_code":"17827","country":"US","city":"Freeburg","state":"Pennsylvania","state_ab":"PA","county":"Snyder","geo_location":{ "type": "Point", "coordinates": [-76.9395, 40.765] }},
{"zip_code":"17841","country":"US","city":"Mc Clure","state":"Pennsylvania","state_ab":"PA","county":"Snyder","geo_location":{ "type": "Point", "coordinates": [-77.3758, 40.6991] }},
{"zip_code":"15551","country":"US","city":"Markleton","state":"Pennsylvania","state_ab":"PA","county":"Somerset","geo_location":{ "type": "Point", "coordinates": [-79.2879, 39.8691] }},
{"zip_code":"15564","country":"US","city":"Wellersburg","state":"Pennsylvania","state_ab":"PA","county":"Somerset","geo_location":{ "type": "Point", "coordinates": [-78.8441, 39.7299] }},
{"zip_code":"15924","country":"US","city":"Cairnbrook","state":"Pennsylvania","state_ab":"PA","county":"Somerset","geo_location":{ "type": "Point", "coordinates": [-78.7851, 40.1149] }},
{"zip_code":"15937","country":"US","city":"Jerome","state":"Pennsylvania","state_ab":"PA","county":"Somerset","geo_location":{ "type": "Point", "coordinates": [-78.9873, 40.2084] }},
{"zip_code":"18844","country":"US","city":"Springville","state":"Pennsylvania","state_ab":"PA","county":"Susquehanna","geo_location":{ "type": "Point", "coordinates": [-75.9025, 41.7147] }},
{"zip_code":"16901","country":"US","city":"Wellsboro","state":"Pennsylvania","state_ab":"PA","county":"Tioga","geo_location":{ "type": "Point", "coordinates": [-77.308, 41.7373] }},
{"zip_code":"16374","country":"US","city":"Kennerdell","state":"Pennsylvania","state_ab":"PA","county":"Venango","geo_location":{ "type": "Point", "coordinates": [-79.7393, 41.2848] }},
{"zip_code":"16347","country":"US","city":"Sheffield","state":"Pennsylvania","state_ab":"PA","county":"Warren","geo_location":{ "type": "Point", "coordinates": [-79.0348, 41.7005] }},
{"zip_code":"15021","country":"US","city":"Burgettstown","state":"Pennsylvania","state_ab":"PA","county":"Washington","geo_location":{ "type": "Point", "coordinates": [-80.4044, 40.3821] }},
{"zip_code":"15317","country":"US","city":"Canonsburg","state":"Pennsylvania","state_ab":"PA","county":"Washington","geo_location":{ "type": "Point", "coordinates": [-80.1668, 40.2706] }},
{"zip_code":"15331","country":"US","city":"Ellsworth","state":"Pennsylvania","state_ab":"PA","county":"Washington","geo_location":{ "type": "Point", "coordinates": [-80.0204, 40.1073] }},
{"zip_code":"15434","country":"US","city":"Elco","state":"Pennsylvania","state_ab":"PA","county":"Washington","geo_location":{ "type": "Point", "coordinates": [-79.8758, 40.0797] }},
{"zip_code":"18417","country":"US","city":"Equinunk","state":"Pennsylvania","state_ab":"PA","county":"Wayne","geo_location":{ "type": "Point", "coordinates": [-75.1891, 41.8117] }},
{"zip_code":"18431","country":"US","city":"Honesdale","state":"Pennsylvania","state_ab":"PA","county":"Wayne","geo_location":{ "type": "Point", "coordinates": [-75.2528, 41.5792] }},
{"zip_code":"15087","country":"US","city":"Webster","state":"Pennsylvania","state_ab":"PA","county":"Westmoreland","geo_location":{ "type": "Point", "coordinates": [-79.4398, 40.3602] }},
{"zip_code":"15601","country":"US","city":"Greensburg","state":"Pennsylvania","state_ab":"PA","county":"Westmoreland","geo_location":{ "type": "Point", "coordinates": [-79.5424, 40.3074] }},
{"zip_code":"15627","country":"US","city":"Derry","state":"Pennsylvania","state_ab":"PA","county":"Westmoreland","geo_location":{ "type": "Point", "coordinates": [-79.3326, 40.3349] }},
{"zip_code":"15641","country":"US","city":"Hyde Park","state":"Pennsylvania","state_ab":"PA","county":"Westmoreland","geo_location":{ "type": "Point", "coordinates": [-79.5899, 40.6311] }},
{"zip_code":"17311","country":"US","city":"Codorus","state":"Pennsylvania","state_ab":"PA","county":"York","geo_location":{ "type": "Point", "coordinates": [-76.7599, 39.8718] }},
{"zip_code":"17364","country":"US","city":"Thomasville","state":"Pennsylvania","state_ab":"PA","county":"York","geo_location":{ "type": "Point", "coordinates": [-76.8822, 39.9346] }},
{"zip_code":"17401","country":"US","city":"York","state":"Pennsylvania","state_ab":"PA","county":"York","geo_location":{ "type": "Point", "coordinates": [-76.7269, 39.9635] }},
{"zip_code":"2887","country":"US","city":"Warwick","state":"Rhode Island","state_ab":"RI","county":"Kent","geo_location":{ "type": "Point", "coordinates": [-71.5577, 41.6825] }},
{"zip_code":"2861","country":"US","city":"Pawtucket","state":"Rhode Island","state_ab":"RI","county":"Providence","geo_location":{ "type": "Point", "coordinates": [-71.356, 41.8814] }},
{"zip_code":"2911","country":"US","city":"North Providence","state":"Rhode Island","state_ab":"RI","county":"Providence","geo_location":{ "type": "Point", "coordinates": [-71.4735, 41.8547] }},
{"zip_code":"2807","country":"US","city":"Block Island","state":"Rhode Island","state_ab":"RI","county":"Washington","geo_location":{ "type": "Point", "coordinates": [-71.5748, 41.1715] }},
{"zip_code":"2874","country":"US","city":"Saunderstown","state":"Rhode Island","state_ab":"RI","county":"Washington","geo_location":{ "type": "Point", "coordinates": [-71.4427, 41.5105] }},
{"zip_code":"29851","country":"US","city":"Warrenville","state":"South Carolina","state_ab":"SC","county":"Aiken","geo_location":{ "type": "Point", "coordinates": [-81.7956, 33.526] }},
{"zip_code":"29684","country":"US","city":"Starr","state":"South Carolina","state_ab":"SC","county":"Anderson","geo_location":{ "type": "Point", "coordinates": [-82.6897, 34.3962] }},
{"zip_code":"29697","country":"US","city":"Williamston","state":"South Carolina","state_ab":"SC","county":"Anderson","geo_location":{ "type": "Point", "coordinates": [-82.511, 34.6206] }},
{"zip_code":"29901","country":"US","city":"Beaufort","state":"South Carolina","state_ab":"SC","county":"Beaufort","geo_location":{ "type": "Point", "coordinates": [-80.5653, 32.4244] }},
{"zip_code":"29914","country":"US","city":"Dale","state":"South Carolina","state_ab":"SC","county":"Beaufort","geo_location":{ "type": "Point", "coordinates": [-80.677, 32.5527] }},
{"zip_code":"29941","country":"US","city":"Sheldon","state":"South Carolina","state_ab":"SC","county":"Beaufort","geo_location":{ "type": "Point", "coordinates": [-80.8126, 32.5431] }},
{"zip_code":"29077","country":"US","city":"Lone Star","state":"South Carolina","state_ab":"SC","county":"Calhoun County","geo_location":{ "type": "Point", "coordinates": [-80.6413, 33.6799] }},
{"zip_code":"29411","country":"US","city":"Charleston","state":"South Carolina","state_ab":"SC","county":"Charleston County","geo_location":{ "type": "Point", "coordinates": [-79.9947, 32.8715] }},
{"zip_code":"29424","country":"US","city":"Charleston","state":"South Carolina","state_ab":"SC","county":"Charleston","geo_location":{ "type": "Point", "coordinates": [-79.937, 32.7831] }},
{"zip_code":"29451","country":"US","city":"Isle Of Palms","state":"South Carolina","state_ab":"SC","county":"Charleston","geo_location":{ "type": "Point", "coordinates": [-79.7729, 32.7943] }},
{"zip_code":"29464","country":"US","city":"Mount Pleasant","state":"South Carolina","state_ab":"SC","county":"Charleston","geo_location":{ "type": "Point", "coordinates": [-79.8206, 32.8473] }},
{"zip_code":"29101","country":"US","city":"Mc Bee","state":"South Carolina","state_ab":"SC","county":"Chesterfield","geo_location":{ "type": "Point", "coordinates": [-80.2544, 34.4606] }},
{"zip_code":"29051","country":"US","city":"Gable","state":"South Carolina","state_ab":"SC","county":"Clarendon","geo_location":{ "type": "Point", "coordinates": [-80.1276, 33.8644] }},
{"zip_code":"29567","country":"US","city":"Little Rock","state":"South Carolina","state_ab":"SC","county":"Dillon","geo_location":{ "type": "Point", "coordinates": [-79.4335, 34.5613] }},
{"zip_code":"29437","country":"US","city":"Dorchester","state":"South Carolina","state_ab":"SC","county":"Dorchester","geo_location":{ "type": "Point", "coordinates": [-80.4034, 33.1247] }},
{"zip_code":"29477","country":"US","city":"Saint George","state":"South Carolina","state_ab":"SC","county":"Dorchester","geo_location":{ "type": "Point", "coordinates": [-80.5732, 33.1845] }},
{"zip_code":"29824","country":"US","city":"Edgefield","state":"South Carolina","state_ab":"SC","county":"Edgefield","geo_location":{ "type": "Point", "coordinates": [-81.966, 33.8056] }},
{"zip_code":"29114","country":"US","city":"Olanta","state":"South Carolina","state_ab":"SC","county":"Florence","geo_location":{ "type": "Point", "coordinates": [-79.9153, 33.9285] }},
{"zip_code":"29501","country":"US","city":"Florence","state":"South Carolina","state_ab":"SC","county":"Florence","geo_location":{ "type": "Point", "coordinates": [-79.7728, 34.1838] }},
{"zip_code":"29541","country":"US","city":"Effingham","state":"South Carolina","state_ab":"SC","county":"Florence","geo_location":{ "type": "Point", "coordinates": [-79.7918, 34.0946] }},
{"zip_code":"29604","country":"US","city":"Greenville","state":"South Carolina","state_ab":"SC","county":"Greenville","geo_location":{ "type": "Point", "coordinates": [-82.4538, 34.8497] }},
{"zip_code":"29617","country":"US","city":"Greenville","state":"South Carolina","state_ab":"SC","county":"Greenville","geo_location":{ "type": "Point", "coordinates": [-82.4666, 34.912] }},
{"zip_code":"29644","country":"US","city":"Fountain Inn","state":"South Carolina","state_ab":"SC","county":"Greenville","geo_location":{ "type": "Point", "coordinates": [-82.2441, 34.6578] }},
{"zip_code":"29527","country":"US","city":"Conway","state":"South Carolina","state_ab":"SC","county":"Horry","geo_location":{ "type": "Point", "coordinates": [-79.1473, 33.7827] }},
{"zip_code":"29581","country":"US","city":"Nichols","state":"South Carolina","state_ab":"SC","county":"Horry","geo_location":{ "type": "Point", "coordinates": [-79.1625, 34.2426] }},
{"zip_code":"29927","country":"US","city":"Hardeeville","state":"South Carolina","state_ab":"SC","county":"Jasper","geo_location":{ "type": "Point", "coordinates": [-81.0669, 32.2635] }},
{"zip_code":"29707","country":"US","city":"Fort Mill","state":"South Carolina","state_ab":"SC","county":"Lancaster County","geo_location":{ "type": "Point", "coordinates": [-80.8584, 34.9773] }},
{"zip_code":"29721","country":"US","city":"Lancaster","state":"South Carolina","state_ab":"SC","county":"Lancaster","geo_location":{ "type": "Point", "coordinates": [-80.7817, 34.6994] }},
{"zip_code":"29594","country":"US","city":"Tatum","state":"South Carolina","state_ab":"SC","county":"Marlboro","geo_location":{ "type": "Point", "coordinates": [-79.5869, 34.6405] }},
{"zip_code":"29037","country":"US","city":"Chappells","state":"South Carolina","state_ab":"SC","county":"Newberry","geo_location":{ "type": "Point", "coordinates": [-81.8644, 34.1856] }},
{"zip_code":"29127","country":"US","city":"Prosperity","state":"South Carolina","state_ab":"SC","county":"Newberry","geo_location":{ "type": "Point", "coordinates": [-81.5324, 34.1832] }},
{"zip_code":"29631","country":"US","city":"Clemson","state":"South Carolina","state_ab":"SC","county":"Pickens","geo_location":{ "type": "Point", "coordinates": [-82.825, 34.6831] }},
{"zip_code":"29657","country":"US","city":"Liberty","state":"South Carolina","state_ab":"SC","county":"Pickens","geo_location":{ "type": "Point", "coordinates": [-82.6974, 34.7872] }},
{"zip_code":"29671","country":"US","city":"Pickens","state":"South Carolina","state_ab":"SC","county":"Pickens","geo_location":{ "type": "Point", "coordinates": [-82.7058, 34.9024] }},
{"zip_code":"29204","country":"US","city":"Columbia","state":"South Carolina","state_ab":"SC","county":"Richland","geo_location":{ "type": "Point", "coordinates": [-81.0046, 34.026] }},
{"zip_code":"29217","country":"US","city":"Columbia","state":"South Carolina","state_ab":"SC","county":"Richland","geo_location":{ "type": "Point", "coordinates": [-80.9708, 34.006] }},
{"zip_code":"29307","country":"US","city":"Spartanburg","state":"South Carolina","state_ab":"SC","county":"Spartanburg","geo_location":{ "type": "Point", "coordinates": [-81.8313, 34.9839] }},
{"zip_code":"29334","country":"US","city":"Duncan","state":"South Carolina","state_ab":"SC","county":"Spartanburg","geo_location":{ "type": "Point", "coordinates": [-82.1258, 34.9176] }},
{"zip_code":"29374","country":"US","city":"Pauline","state":"South Carolina","state_ab":"SC","county":"Spartanburg","geo_location":{ "type": "Point", "coordinates": [-81.8492, 34.7855] }},
{"zip_code":"29154","country":"US","city":"Sumter","state":"South Carolina","state_ab":"SC","county":"Sumter","geo_location":{ "type": "Point", "coordinates": [-80.4028, 33.8821] }},
{"zip_code":"29321","country":"US","city":"Buffalo","state":"South Carolina","state_ab":"SC","county":"Union","geo_location":{ "type": "Point", "coordinates": [-81.6826, 34.7247] }},
{"zip_code":"29554","country":"US","city":"Hemingway","state":"South Carolina","state_ab":"SC","county":"Williamsburg","geo_location":{ "type": "Point", "coordinates": [-79.4489, 33.7419] }},
{"zip_code":"29734","country":"US","city":"Rock Hill","state":"South Carolina","state_ab":"SC","county":"York","geo_location":{ "type": "Point", "coordinates": [-81.1787, 34.9926] }},
{"zip_code":"57324","country":"US","city":"Cavour","state":"South Dakota","state_ab":"SD","county":"Beadle","geo_location":{ "type": "Point", "coordinates": [-98.0208, 44.365] }},
{"zip_code":"57401","country":"US","city":"Aberdeen","state":"South Dakota","state_ab":"SD","county":"Brown","geo_location":{ "type": "Point", "coordinates": [-98.4856, 45.4661] }},
{"zip_code":"57427","country":"US","city":"Bath","state":"South Dakota","state_ab":"SD","county":"Brown","geo_location":{ "type": "Point", "coordinates": [-98.3552, 45.4564] }},
{"zip_code":"57441","country":"US","city":"Frederick","state":"South Dakota","state_ab":"SD","county":"Brown","geo_location":{ "type": "Point", "coordinates": [-98.5176, 45.8493] }},
{"zip_code":"57481","country":"US","city":"Westport","state":"South Dakota","state_ab":"SD","county":"Brown","geo_location":{ "type": "Point", "coordinates": [-98.5802, 45.6705] }},
{"zip_code":"57621","country":"US","city":"Bullhead","state":"South Dakota","state_ab":"SD","county":"Corson","geo_location":{ "type": "Point", "coordinates": [-101.0997, 45.8476] }},
{"zip_code":"57634","country":"US","city":"Keldron","state":"South Dakota","state_ab":"SD","county":"Corson","geo_location":{ "type": "Point", "coordinates": [-101.8843, 45.7528] }},
{"zip_code":"57261","country":"US","city":"Roslyn","state":"South Dakota","state_ab":"SD","county":"Day","geo_location":{ "type": "Point", "coordinates": [-97.5401, 45.5006] }},
{"zip_code":"57274","country":"US","city":"Webster","state":"South Dakota","state_ab":"SD","county":"Day","geo_location":{ "type": "Point", "coordinates": [-97.5254, 45.3151] }},
{"zip_code":"57647","country":"US","city":"Parade","state":"South Dakota","state_ab":"SD","county":"Dewey","geo_location":{ "type": "Point", "coordinates": [-100.8792, 45.0987] }},
{"zip_code":"57661","country":"US","city":"Whitehorse","state":"South Dakota","state_ab":"SD","county":"Dewey","geo_location":{ "type": "Point", "coordinates": [-100.8792, 45.0987] }},
{"zip_code":"57364","country":"US","city":"New Holland","state":"South Dakota","state_ab":"SD","county":"Douglas","geo_location":{ "type": "Point", "coordinates": [-98.6069, 43.4291] }},
{"zip_code":"57467","country":"US","city":"Orient","state":"South Dakota","state_ab":"SD","county":"Faulk","geo_location":{ "type": "Point", "coordinates": [-99.1058, 44.8343] }},
{"zip_code":"57571","country":"US","city":"Saint Charles","state":"South Dakota","state_ab":"SD","county":"Gregory","geo_location":{ "type": "Point", "coordinates": [-99.0925, 43.0852] }},
{"zip_code":"57221","country":"US","city":"Bryant","state":"South Dakota","state_ab":"SD","county":"Hamlin","geo_location":{ "type": "Point", "coordinates": [-97.4537, 44.5987] }},
{"zip_code":"57234","country":"US","city":"Estelline","state":"South Dakota","state_ab":"SD","county":"Hamlin","geo_location":{ "type": "Point", "coordinates": [-96.8928, 44.6029] }},
{"zip_code":"57311","country":"US","city":"Alexandria","state":"South Dakota","state_ab":"SD","county":"Hanson","geo_location":{ "type": "Point", "coordinates": [-97.7563, 43.6684] }},
{"zip_code":"57724","country":"US","city":"Camp Crook","state":"South Dakota","state_ab":"SD","county":"Harding","geo_location":{ "type": "Point", "coordinates": [-104.0278, 45.6402] }},
{"zip_code":"57531","country":"US","city":"Draper","state":"South Dakota","state_ab":"SD","county":"Jones","geo_location":{ "type": "Point", "coordinates": [-100.5085, 43.926] }},
{"zip_code":"57054","country":"US","city":"Ramona","state":"South Dakota","state_ab":"SD","county":"Lake","geo_location":{ "type": "Point", "coordinates": [-97.2349, 44.1229] }},
{"zip_code":"57027","country":"US","city":"Fairview","state":"South Dakota","state_ab":"SD","county":"Lincoln","geo_location":{ "type": "Point", "coordinates": [-96.5135, 43.197] }},
{"zip_code":"57544","country":"US","city":"Kennebec","state":"South Dakota","state_ab":"SD","county":"Lyman","geo_location":{ "type": "Point", "coordinates": [-99.8502, 43.8921] }},
{"zip_code":"57247","country":"US","city":"Lake City","state":"South Dakota","state_ab":"SD","county":"Marshall","geo_location":{ "type": "Point", "coordinates": [-97.3481, 45.6899] }},
{"zip_code":"57454","country":"US","city":"Langford","state":"South Dakota","state_ab":"SD","county":"Marshall","geo_location":{ "type": "Point", "coordinates": [-97.7925, 45.6174] }},
{"zip_code":"57737","country":"US","city":"Enning","state":"South Dakota","state_ab":"SD","county":"Meade","geo_location":{ "type": "Point", "coordinates": [-102.7872, 44.5898] }},
{"zip_code":"57777","country":"US","city":"Red Owl","state":"South Dakota","state_ab":"SD","county":"Meade","geo_location":{ "type": "Point", "coordinates": [-102.587, 44.691] }},
{"zip_code":"57337","country":"US","city":"Fedora","state":"South Dakota","state_ab":"SD","county":"Miner","geo_location":{ "type": "Point", "coordinates": [-97.789, 43.9841] }},
{"zip_code":"57041","country":"US","city":"Lyons","state":"South Dakota","state_ab":"SD","county":"Minnehaha","geo_location":{ "type": "Point", "coordinates": [-96.8709, 43.7285] }},
{"zip_code":"57104","country":"US","city":"Sioux Falls","state":"South Dakota","state_ab":"SD","county":"Minnehaha","geo_location":{ "type": "Point", "coordinates": [-96.7375, 43.5514] }},
{"zip_code":"57117","country":"US","city":"Sioux Falls","state":"South Dakota","state_ab":"SD","county":"Minnehaha","geo_location":{ "type": "Point", "coordinates": [-96.7913, 43.6746] }},
{"zip_code":"57197","country":"US","city":"Sioux Falls","state":"South Dakota","state_ab":"SD","county":"Minnehaha","geo_location":{ "type": "Point", "coordinates": [-96.7913, 43.6746] }},
{"zip_code":"57751","country":"US","city":"Keystone","state":"South Dakota","state_ab":"SD","county":"Pennington","geo_location":{ "type": "Point", "coordinates": [-103.3995, 43.8848] }},
{"zip_code":"57791","country":"US","city":"Wasta","state":"South Dakota","state_ab":"SD","county":"Pennington","geo_location":{ "type": "Point", "coordinates": [-102.4311, 44.225] }},
{"zip_code":"57764","country":"US","city":"Oglala","state":"South Dakota","state_ab":"SD","county":"Shannon","geo_location":{ "type": "Point", "coordinates": [-102.5411, 43.3526] }},
{"zip_code":"57557","country":"US","city":"Mission Ridge","state":"South Dakota","state_ab":"SD","county":"Stanley","geo_location":{ "type": "Point", "coordinates": [-100.5295, 44.4758] }},
{"zip_code":"57584","country":"US","city":"Witten","state":"South Dakota","state_ab":"SD","county":"Tripp","geo_location":{ "type": "Point", "coordinates": [-100.0783, 43.4498] }},
{"zip_code":"57014","country":"US","city":"Centerville","state":"South Dakota","state_ab":"SD","county":"Turner","geo_location":{ "type": "Point", "coordinates": [-96.9636, 43.1176] }},
{"zip_code":"57001","country":"US","city":"Alcester","state":"South Dakota","state_ab":"SD","county":"Union","geo_location":{ "type": "Point", "coordinates": [-96.6332, 43.0047] }},
{"zip_code":"57067","country":"US","city":"Utica","state":"South Dakota","state_ab":"SD","county":"Yankton","geo_location":{ "type": "Point", "coordinates": [-97.3694, 43.0164] }},
{"zip_code":"37717","country":"US","city":"Clinton","state":"Tennessee","state_ab":"TN","county":"Anderson","geo_location":{ "type": "Point", "coordinates": [-84.1672, 36.11] }},
{"zip_code":"37757","country":"US","city":"Jacksboro","state":"Tennessee","state_ab":"TN","county":"Campbell","geo_location":{ "type": "Point", "coordinates": [-84.1928, 36.3266] }},
{"zip_code":"37847","country":"US","city":"Pioneer","state":"Tennessee","state_ab":"TN","county":"Campbell","geo_location":{ "type": "Point", "coordinates": [-84.2907, 36.4695] }},
{"zip_code":"38321","country":"US","city":"Cedar Grove","state":"Tennessee","state_ab":"TN","county":"Carroll","geo_location":{ "type": "Point", "coordinates": [-88.5517, 35.8613] }},
{"zip_code":"38387","country":"US","city":"Westport","state":"Tennessee","state_ab":"TN","county":"Carroll","geo_location":{ "type": "Point", "coordinates": [-88.2892, 35.8845] }},
{"zip_code":"37694","country":"US","city":"Watauga","state":"Tennessee","state_ab":"TN","county":"Carter","geo_location":{ "type": "Point", "coordinates": [-82.2683, 36.3702] }},
{"zip_code":"38347","country":"US","city":"Jacks Creek","state":"Tennessee","state_ab":"TN","county":"Chester","geo_location":{ "type": "Point", "coordinates": [-88.5019, 35.4782] }},
{"zip_code":"37821","country":"US","city":"Newport","state":"Tennessee","state_ab":"TN","county":"Cocke","geo_location":{ "type": "Point", "coordinates": [-83.2027, 35.9544] }},
{"zip_code":"37201","country":"US","city":"Nashville","state":"Tennessee","state_ab":"TN","county":"Davidson","geo_location":{ "type": "Point", "coordinates": [-86.7781, 36.1657] }},
{"zip_code":"37214","country":"US","city":"Nashville","state":"Tennessee","state_ab":"TN","county":"Davidson","geo_location":{ "type": "Point", "coordinates": [-86.6609, 36.1633] }},
{"zip_code":"37227","country":"US","city":"Nashville","state":"Tennessee","state_ab":"TN","county":"Davidson","geo_location":{ "type": "Point", "coordinates": [-86.7852, 36.1866] }},
{"zip_code":"37241","country":"US","city":"Nashville","state":"Tennessee","state_ab":"TN","county":"Davidson","geo_location":{ "type": "Point", "coordinates": [-86.7852, 36.1866] }},
{"zip_code":"38374","country":"US","city":"Scotts Hill","state":"Tennessee","state_ab":"TN","county":"Decatur","geo_location":{ "type": "Point", "coordinates": [-88.2405, 35.505] }},
{"zip_code":"38024","country":"US","city":"Dyersburg","state":"Tennessee","state_ab":"TN","county":"Dyer","geo_location":{ "type": "Point", "coordinates": [-89.3836, 36.0444] }},
{"zip_code":"38477","country":"US","city":"Prospect","state":"Tennessee","state_ab":"TN","county":"Giles","geo_location":{ "type": "Point", "coordinates": [-87.0174, 35.0666] }},
{"zip_code":"37861","country":"US","city":"Rutledge","state":"Tennessee","state_ab":"TN","county":"Grainger","geo_location":{ "type": "Point", "coordinates": [-83.5125, 36.2501] }}]}