{"value": [{"zip_code":"54915","country":"US","city":"Appleton","state":"Wisconsin","state_ab":"WI","county":"Outagamie","geo_location":{ "type": "Point", "coordinates": [-88.3564, 44.2425] }},
{"zip_code":"54942","country":"US","city":"Greenville","state":"Wisconsin","state_ab":"WI","county":"Outagamie","geo_location":{ "type": "Point", "coordinates": [-88.5696, 44.2997] }},
{"zip_code":"54492","country":"US","city":"Stevens Point","state":"Wisconsin","state_ab":"WI","county":"Portage","geo_location":{ "type": "Point", "coordinates": [-89.5286, 44.5094] }},
{"zip_code":"54515","country":"US","city":"Catawba","state":"Wisconsin","state_ab":"WI","county":"Price","geo_location":{ "type": "Point", "coordinates": [-90.5146, 45.5081] }},
{"zip_code":"54555","country":"US","city":"Phillips","state":"Wisconsin","state_ab":"WI","county":"Price","geo_location":{ "type": "Point", "coordinates": [-90.4041, 45.6975] }},
{"zip_code":"53408","country":"US","city":"Racine","state":"Wisconsin","state_ab":"WI","county":"Racine","geo_location":{ "type": "Point", "coordinates": [-87.676, 42.7272] }},
{"zip_code":"53512","country":"US","city":"Beloit","state":"Wisconsin","state_ab":"WI","county":"Rock","geo_location":{ "type": "Point", "coordinates": [-89.0728, 42.6698] }},
{"zip_code":"53525","country":"US","city":"Clinton","state":"Wisconsin","state_ab":"WI","county":"Rock","geo_location":{ "type": "Point", "coordinates": [-88.8705, 42.5535] }},
{"zip_code":"54012","country":"US","city":"Emerald","state":"Wisconsin","state_ab":"WI","county":"St. Croix","geo_location":{ "type": "Point", "coordinates": [-92.3128, 45.0786] }},
{"zip_code":"54025","country":"US","city":"Somerset","state":"Wisconsin","state_ab":"WI","county":"St. Croix","geo_location":{ "type": "Point", "coordinates": [-92.6865, 45.1331] }},
{"zip_code":"53578","country":"US","city":"Prairie Du Sac","state":"Wisconsin","state_ab":"WI","county":"Sauk","geo_location":{ "type": "Point", "coordinates": [-89.7452, 43.2956] }},
{"zip_code":"54128","country":"US","city":"Gresham","state":"Wisconsin","state_ab":"WI","county":"Shawano","geo_location":{ "type": "Point", "coordinates": [-88.7887, 44.853] }},
{"zip_code":"54182","country":"US","city":"Zachow","state":"Wisconsin","state_ab":"WI","county":"Shawano","geo_location":{ "type": "Point", "coordinates": [-88.3698, 44.7315] }},
{"zip_code":"54928","country":"US","city":"Caroline","state":"Wisconsin","state_ab":"WI","county":"Shawano","geo_location":{ "type": "Point", "coordinates": [-88.8887, 44.7276] }},
{"zip_code":"53075","country":"US","city":"Random Lake","state":"Wisconsin","state_ab":"WI","county":"Sheboygan","geo_location":{ "type": "Point", "coordinates": [-87.9816, 43.5672] }},
{"zip_code":"54632","country":"US","city":"Genoa","state":"Wisconsin","state_ab":"WI","county":"Vernon","geo_location":{ "type": "Point", "coordinates": [-91.1461, 43.5641] }},
{"zip_code":"54658","country":"US","city":"Stoddard","state":"Wisconsin","state_ab":"WI","county":"Vernon","geo_location":{ "type": "Point", "coordinates": [-91.1919, 43.6912] }},
{"zip_code":"53125","country":"US","city":"Fontana","state":"Wisconsin","state_ab":"WI","county":"Walworth","geo_location":{ "type": "Point", "coordinates": [-88.5684, 42.5429] }},
{"zip_code":"53138","country":"US","city":"Honey Creek","state":"Wisconsin","state_ab":"WI","county":"Walworth","geo_location":{ "type": "Point", "coordinates": [-88.5417, 42.6675] }},
{"zip_code":"53022","country":"US","city":"Germantown","state":"Wisconsin","state_ab":"WI","county":"Washington","geo_location":{ "type": "Point", "coordinates": [-88.1165, 43.2189] }},
{"zip_code":"53008","country":"US","city":"Brookfield","state":"Wisconsin","state_ab":"WI","county":"Waukesha","geo_location":{ "type": "Point", "coordinates": [-88.303, 43.0187] }},
{"zip_code":"54982","country":"US","city":"Wautoma","state":"Wisconsin","state_ab":"WI","county":"Waushara","geo_location":{ "type": "Point", "coordinates": [-89.2666, 44.0656] }},
{"zip_code":"54902","country":"US","city":"Oshkosh","state":"Wisconsin","state_ab":"WI","county":"Winnebago","geo_location":{ "type": "Point", "coordinates": [-88.526, 43.9946] }},
{"zip_code":"54412","country":"US","city":"Auburndale","state":"Wisconsin","state_ab":"WI","county":"Wood","geo_location":{ "type": "Point", "coordinates": [-90.0136, 44.6378] }},
{"zip_code":"25405","country":"US","city":"Martinsburg","state":"West Virginia","state_ab":"WV","county":"Berkeley County","geo_location":{ "type": "Point", "coordinates": [-77.9615, 39.4092] }},
{"zip_code":"25108","country":"US","city":"Hewett","state":"West Virginia","state_ab":"WV","county":"Boone","geo_location":{ "type": "Point", "coordinates": [-81.8509, 37.9581] }},
{"zip_code":"25148","country":"US","city":"Orgas","state":"West Virginia","state_ab":"WV","county":"Boone","geo_location":{ "type": "Point", "coordinates": [-81.5688, 38.0492] }},
{"zip_code":"26615","country":"US","city":"Copen","state":"West Virginia","state_ab":"WV","county":"Braxton","geo_location":{ "type": "Point", "coordinates": [-80.7369, 38.706] }},
{"zip_code":"26035","country":"US","city":"Colliers","state":"West Virginia","state_ab":"WV","county":"Brooke","geo_location":{ "type": "Point", "coordinates": [-80.5493, 40.3484] }},
{"zip_code":"26075","country":"US","city":"Windsor Heights","state":"West Virginia","state_ab":"WV","county":"Brooke","geo_location":{ "type": "Point", "coordinates": [-80.6659, 40.1927] }},
{"zip_code":"25702","country":"US","city":"Huntington","state":"West Virginia","state_ab":"WV","county":"Cabell","geo_location":{ "type": "Point", "coordinates": [-82.3911, 38.4286] }},
{"zip_code":"25715","country":"US","city":"Huntington","state":"West Virginia","state_ab":"WV","county":"Cabell","geo_location":{ "type": "Point", "coordinates": [-82.2774, 38.4134] }},
{"zip_code":"25728","country":"US","city":"Huntington","state":"West Virginia","state_ab":"WV","county":"Cabell","geo_location":{ "type": "Point", "coordinates": [-82.2774, 38.4134] }},
{"zip_code":"25755","country":"US","city":"Huntington","state":"West Virginia","state_ab":"WV","county":"Cabell","geo_location":{ "type": "Point", "coordinates": [-82.4317, 38.4221] }},
{"zip_code":"25018","country":"US","city":"Bentree","state":"West Virginia","state_ab":"WV","county":"Clay","geo_location":{ "type": "Point", "coordinates": [-81.0507, 38.4658] }},
{"zip_code":"25085","country":"US","city":"Gauley Bridge","state":"West Virginia","state_ab":"WV","county":"Fayette","geo_location":{ "type": "Point", "coordinates": [-81.196, 38.1689] }},
{"zip_code":"24958","country":"US","city":"Meadow Bluff","state":"West Virginia","state_ab":"WV","county":"Greenbrier","geo_location":{ "type": "Point", "coordinates": [-80.4269, 37.9756] }},
{"zip_code":"25962","country":"US","city":"Rainelle","state":"West Virginia","state_ab":"WV","county":"Greenbrier","geo_location":{ "type": "Point", "coordinates": [-80.7821, 37.9661] }},
{"zip_code":"26808","country":"US","city":"High View","state":"West Virginia","state_ab":"WV","county":"Hampshire","geo_location":{ "type": "Point", "coordinates": [-78.4425, 39.2225] }},
{"zip_code":"26062","country":"US","city":"Weirton","state":"West Virginia","state_ab":"WV","county":"Hancock","geo_location":{ "type": "Point", "coordinates": [-80.5683, 40.4137] }},
{"zip_code":"26332","country":"US","city":"Bristol","state":"West Virginia","state_ab":"WV","county":"Harrison","geo_location":{ "type": "Point", "coordinates": [-80.5105, 39.2904] }},
{"zip_code":"26385","country":"US","city":"Lost Creek","state":"West Virginia","state_ab":"WV","county":"Harrison","geo_location":{ "type": "Point", "coordinates": [-80.3777, 39.1725] }},
{"zip_code":"26408","country":"US","city":"Mount Clare","state":"West Virginia","state_ab":"WV","county":"Harrison","geo_location":{ "type": "Point", "coordinates": [-80.2899, 39.2107] }},
{"zip_code":"26422","country":"US","city":"Reynoldsville","state":"West Virginia","state_ab":"WV","county":"Harrison","geo_location":{ "type": "Point", "coordinates": [-80.3853, 39.2852] }},
{"zip_code":"26448","country":"US","city":"Wallace","state":"West Virginia","state_ab":"WV","county":"Harrison","geo_location":{ "type": "Point", "coordinates": [-80.4865, 39.4117] }},
{"zip_code":"26462","country":"US","city":"Wolf Summit","state":"West Virginia","state_ab":"WV","county":"Harrison County","geo_location":{ "type": "Point", "coordinates": [-80.4439, 39.2364] }},
{"zip_code":"25252","country":"US","city":"Le Roy","state":"West Virginia","state_ab":"WV","county":"Jackson","geo_location":{ "type": "Point", "coordinates": [-81.5326, 38.8888] }},
{"zip_code":"25432","country":"US","city":"Millville","state":"West Virginia","state_ab":"WV","county":"Jefferson","geo_location":{ "type": "Point", "coordinates": [-77.8772, 39.3159] }},
{"zip_code":"25045","country":"US","city":"Clendenin","state":"West Virginia","state_ab":"WV","county":"Kanawha","geo_location":{ "type": "Point", "coordinates": [-81.3572, 38.4539] }},
{"zip_code":"25122","country":"US","city":"Leewood","state":"West Virginia","state_ab":"WV","county":"Kanawha","geo_location":{ "type": "Point", "coordinates": [-81.5547, 38.2968] }},
{"zip_code":"25162","country":"US","city":"Pratt","state":"West Virginia","state_ab":"WV","county":"Kanawha","geo_location":{ "type": "Point", "coordinates": [-81.3851, 38.2101] }},
{"zip_code":"25302","country":"US","city":"Charleston","state":"West Virginia","state_ab":"WV","county":"Kanawha","geo_location":{ "type": "Point", "coordinates": [-81.5841, 38.4015] }},
{"zip_code":"25315","country":"US","city":"Charleston","state":"West Virginia","state_ab":"WV","county":"Kanawha","geo_location":{ "type": "Point", "coordinates": [-81.5536, 38.2351] }},
{"zip_code":"25328","country":"US","city":"Charleston","state":"West Virginia","state_ab":"WV","county":"Kanawha","geo_location":{ "type": "Point", "coordinates": [-81.5547, 38.2968] }},
{"zip_code":"26372","country":"US","city":"Horner","state":"West Virginia","state_ab":"WV","county":"Lewis","geo_location":{ "type": "Point", "coordinates": [-80.3656, 38.9726] }},
{"zip_code":"25508","country":"US","city":"Chapmanville","state":"West Virginia","state_ab":"WV","county":"Logan","geo_location":{ "type": "Point", "coordinates": [-82.0512, 37.9385] }},
{"zip_code":"25612","country":"US","city":"Chauncey","state":"West Virginia","state_ab":"WV","county":"Logan","geo_location":{ "type": "Point", "coordinates": [-81.9024, 37.8332] }},
{"zip_code":"25625","country":"US","city":"Holden","state":"West Virginia","state_ab":"WV","county":"Logan","geo_location":{ "type": "Point", "coordinates": [-82.0585, 37.83] }},
{"zip_code":"25638","country":"US","city":"Omar","state":"West Virginia","state_ab":"WV","county":"Logan","geo_location":{ "type": "Point", "coordinates": [-82.0031, 37.7416] }},
{"zip_code":"25652","country":"US","city":"Whitman","state":"West Virginia","state_ab":"WV","county":"Logan","geo_location":{ "type": "Point", "coordinates": [-82.0466, 37.8035] }},
{"zip_code":"24815","country":"US","city":"Berwind","state":"West Virginia","state_ab":"WV","county":"McDowell","geo_location":{ "type": "Point", "coordinates": [-81.6539, 37.3752] }},
{"zip_code":"24828","country":"US","city":"Davy","state":"West Virginia","state_ab":"WV","county":"McDowell","geo_location":{ "type": "Point", "coordinates": [-81.6811, 37.4678] }},
{"zip_code":"24842","country":"US","city":"Hemphill","state":"West Virginia","state_ab":"WV","county":"McDowell","geo_location":{ "type": "Point", "coordinates": [-81.6539, 37.3752] }},
{"zip_code":"24855","country":"US","city":"Kyle","state":"West Virginia","state_ab":"WV","county":"McDowell","geo_location":{ "type": "Point", "coordinates": [-81.6539, 37.3752] }},
{"zip_code":"24868","country":"US","city":"Northfork","state":"West Virginia","state_ab":"WV","county":"McDowell","geo_location":{ "type": "Point", "coordinates": [-81.4058, 37.4194] }},
{"zip_code":"24895","country":"US","city":"Wilcoe","state":"West Virginia","state_ab":"WV","county":"McDowell","geo_location":{ "type": "Point", "coordinates": [-81.6539, 37.3752] }},
{"zip_code":"26578","country":"US","city":"Kingmont","state":"West Virginia","state_ab":"WV","county":"Marion","geo_location":{ "type": "Point", "coordinates": [-80.1762, 39.4466] }},
{"zip_code":"25265","country":"US","city":"New Haven","state":"West Virginia","state_ab":"WV","county":"Mason","geo_location":{ "type": "Point", "coordinates": [-81.9652, 38.9863] }},
{"zip_code":"24712","country":"US","city":"Athens","state":"West Virginia","state_ab":"WV","county":"Mercer","geo_location":{ "type": "Point", "coordinates": [-80.9974, 37.4323] }},
{"zip_code":"24738","country":"US","city":"Nemours","state":"West Virginia","state_ab":"WV","county":"Mercer","geo_location":{ "type": "Point", "coordinates": [-81.1058, 37.4164] }},
{"zip_code":"25922","country":"US","city":"Spanishburg","state":"West Virginia","state_ab":"WV","county":"Mercer","geo_location":{ "type": "Point", "coordinates": [-81.1128, 37.4605] }},
{"zip_code":"25665","country":"US","city":"Borderland","state":"West Virginia","state_ab":"WV","county":"Mingo","geo_location":{ "type": "Point", "coordinates": [-82.3084, 37.7214] }},
{"zip_code":"25678","country":"US","city":"Matewan","state":"West Virginia","state_ab":"WV","county":"Mingo","geo_location":{ "type": "Point", "coordinates": [-82.0652, 37.5903] }},
{"zip_code":"25692","country":"US","city":"Red Jacket","state":"West Virginia","state_ab":"WV","county":"Mingo","geo_location":{ "type": "Point", "coordinates": [-82.108, 37.7431] }},
{"zip_code":"24918","country":"US","city":"Ballard","state":"West Virginia","state_ab":"WV","county":"Monroe","geo_location":{ "type": "Point", "coordinates": [-80.7614, 37.498] }},
{"zip_code":"24945","country":"US","city":"Greenville","state":"West Virginia","state_ab":"WV","county":"Monroe","geo_location":{ "type": "Point", "coordinates": [-80.5397, 37.552] }},
{"zip_code":"24985","country":"US","city":"Wayside","state":"West Virginia","state_ab":"WV","county":"Monroe","geo_location":{ "type": "Point", "coordinates": [-80.7458, 37.5937] }},
{"zip_code":"26202","country":"US","city":"Fenwick","state":"West Virginia","state_ab":"WV","county":"Nicholas","geo_location":{ "type": "Point", "coordinates": [-80.635, 38.2447] }},
{"zip_code":"26525","country":"US","city":"Bruceton Mills","state":"West Virginia","state_ab":"WV","county":"Preston","geo_location":{ "type": "Point", "coordinates": [-79.6159, 39.6454] }},
{"zip_code":"26705","country":"US","city":"Aurora","state":"West Virginia","state_ab":"WV","county":"Preston","geo_location":{ "type": "Point", "coordinates": [-79.5764, 39.3181] }},
{"zip_code":"25135","country":"US","city":"Montcoal","state":"West Virginia","state_ab":"WV","county":"Raleigh County","geo_location":{ "type": "Point", "coordinates": [-81.5357, 37.9138] }},
{"zip_code":"25818","country":"US","city":"Bradley","state":"West Virginia","state_ab":"WV","county":"Raleigh","geo_location":{ "type": "Point", "coordinates": [-81.201, 37.8626] }},
{"zip_code":"25832","country":"US","city":"Daniels","state":"West Virginia","state_ab":"WV","county":"Raleigh","geo_location":{ "type": "Point", "coordinates": [-81.1087, 37.7256] }},
{"zip_code":"25908","country":"US","city":"Princewick","state":"West Virginia","state_ab":"WV","county":"Raleigh","geo_location":{ "type": "Point", "coordinates": [-81.2561, 37.6724] }},
{"zip_code":"26268","country":"US","city":"Glady","state":"West Virginia","state_ab":"WV","county":"Randolph","geo_location":{ "type": "Point", "coordinates": [-79.8147, 38.7534] }},
{"zip_code":"26282","country":"US","city":"Monterville","state":"West Virginia","state_ab":"WV","county":"Randolph","geo_location":{ "type": "Point", "coordinates": [-80.1224, 38.5517] }},
{"zip_code":"26178","country":"US","city":"Smithville","state":"West Virginia","state_ab":"WV","county":"Ritchie","geo_location":{ "type": "Point", "coordinates": [-81.062, 39.0671] }},
{"zip_code":"25005","country":"US","city":"Amma","state":"West Virginia","state_ab":"WV","county":"Roane","geo_location":{ "type": "Point", "coordinates": [-81.2532, 38.5455] }},
{"zip_code":"25988","country":"US","city":"TRUE","state":"West Virginia","state_ab":"WV","county":"Summers","geo_location":{ "type": "Point", "coordinates": [-80.8774, 37.6485] }},
{"zip_code":"26435","country":"US","city":"Simpson","state":"West Virginia","state_ab":"WV","county":"Taylor","geo_location":{ "type": "Point", "coordinates": [-80.0498, 39.3454] }},
{"zip_code":"26215","country":"US","city":"Cleveland","state":"West Virginia","state_ab":"WV","county":"Upshur","geo_location":{ "type": "Point", "coordinates": [-80.388, 38.7133] }},
{"zip_code":"26228","country":"US","city":"Kanawha Head","state":"West Virginia","state_ab":"WV","county":"Upshur","geo_location":{ "type": "Point", "coordinates": [-80.3727, 38.7618] }},
{"zip_code":"25535","country":"US","city":"Lavalette","state":"West Virginia","state_ab":"WV","county":"Wayne","geo_location":{ "type": "Point", "coordinates": [-82.4287, 38.3305] }},
{"zip_code":"25562","country":"US","city":"Shoals","state":"West Virginia","state_ab":"WV","county":"Wayne","geo_location":{ "type": "Point", "coordinates": [-82.4905, 38.3432] }},
{"zip_code":"26138","country":"US","city":"Brohard","state":"West Virginia","state_ab":"WV","county":"Wirt","geo_location":{ "type": "Point", "coordinates": [-81.1775, 39.0338] }},
{"zip_code":"26152","country":"US","city":"Munday","state":"West Virginia","state_ab":"WV","county":"Wirt","geo_location":{ "type": "Point", "coordinates": [-81.372, 39.0405] }},
{"zip_code":"24882","country":"US","city":"Simon","state":"West Virginia","state_ab":"WV","county":"Wyoming","geo_location":{ "type": "Point", "coordinates": [-81.7586, 37.6197] }},
{"zip_code":"25845","country":"US","city":"Glen Fork","state":"West Virginia","state_ab":"WV","county":"Wyoming","geo_location":{ "type": "Point", "coordinates": [-81.54, 37.6033] }},
{"zip_code":"82055","country":"US","city":"Centennial","state":"Wyoming","state_ab":"WY","county":"Albany","geo_location":{ "type": "Point", "coordinates": [-105.9945, 41.3391] }},
{"zip_code":"82428","country":"US","city":"Hyattville","state":"Wyoming","state_ab":"WY","county":"Big Horn","geo_location":{ "type": "Point", "coordinates": [-107.6053, 44.2507] }},
{"zip_code":"82725","country":"US","city":"Recluse","state":"Wyoming","state_ab":"WY","county":"Campbell","geo_location":{ "type": "Point", "coordinates": [-105.776, 44.7861] }},
{"zip_code":"82325","country":"US","city":"Encampment","state":"Wyoming","state_ab":"WY","county":"Carbon","geo_location":{ "type": "Point", "coordinates": [-106.7803, 41.2054] }},
{"zip_code":"82712","country":"US","city":"Beulah","state":"Wyoming","state_ab":"WY","county":"Crook","geo_location":{ "type": "Point", "coordinates": [-104.0745, 44.5436] }},
{"zip_code":"82002","country":"US","city":"Cheyenne","state":"Wyoming","state_ab":"WY","county":"Laramie","geo_location":{ "type": "Point", "coordinates": [-104.6664, 41.3274] }},
{"zip_code":"82082","country":"US","city":"Pine Bluffs","state":"Wyoming","state_ab":"WY","county":"Laramie","geo_location":{ "type": "Point", "coordinates": [-104.0666, 41.1788] }},
{"zip_code":"83122","country":"US","city":"Grover","state":"Wyoming","state_ab":"WY","county":"Lincoln","geo_location":{ "type": "Point", "coordinates": [-110.9244, 42.7965] }},
{"zip_code":"82635","country":"US","city":"Edgerton","state":"Wyoming","state_ab":"WY","county":"Natrona","geo_location":{ "type": "Point", "coordinates": [-106.2638, 43.4074] }},
{"zip_code":"82648","country":"US","city":"Powder River","state":"Wyoming","state_ab":"WY","county":"Natrona","geo_location":{ "type": "Point", "coordinates": [-106.807, 42.9662] }},
{"zip_code":"82222","country":"US","city":"Lance Creek","state":"Wyoming","state_ab":"WY","county":"Niobrara","geo_location":{ "type": "Point", "coordinates": [-104.545, 43.2316] }},
{"zip_code":"82842","country":"US","city":"Story","state":"Wyoming","state_ab":"WY","county":"Sheridan","geo_location":{ "type": "Point", "coordinates": [-106.8978, 44.58] }},
{"zip_code":"82932","country":"US","city":"Farson","state":"Wyoming","state_ab":"WY","county":"Sweetwater","geo_location":{ "type": "Point", "coordinates": [-109.4184, 42.0834] }},
{"zip_code":"82945","country":"US","city":"Superior","state":"Wyoming","state_ab":"WY","county":"Sweetwater","geo_location":{ "type": "Point", "coordinates": [-108.9681, 41.7643] }},
{"zip_code":"82442","country":"US","city":"Ten Sleep","state":"Wyoming","state_ab":"WY","county":"Washakie","geo_location":{ "type": "Point", "coordinates": [-107.4153, 43.9978] }},
{"zip_code":"47136","country":"US","city":"Lanesville","state":"Indiana","state_ab":"IN","county":"Harrison","geo_location":{ "type": "Point", "coordinates": [-85.9593, 38.2448] }},
{"zip_code":"47356","country":"US","city":"Middletown","state":"Indiana","state_ab":"IN","county":"Henry","geo_location":{ "type": "Point", "coordinates": [-85.5368, 40.0475] }},
{"zip_code":"46713","country":"US","city":"Bippus","state":"Indiana","state_ab":"IN","county":"Huntington","geo_location":{ "type": "Point", "coordinates": [-85.4892, 40.8292] }},
{"zip_code":"46380","country":"US","city":"Tefft","state":"Indiana","state_ab":"IN","county":"Jasper","geo_location":{ "type": "Point", "coordinates": [-86.9686, 41.1948] }},
{"zip_code":"47369","country":"US","city":"Pennville","state":"Indiana","state_ab":"IN","county":"Jay","geo_location":{ "type": "Point", "coordinates": [-85.1492, 40.5082] }},
{"zip_code":"46106","country":"US","city":"Bargersville","state":"Indiana","state_ab":"IN","county":"Johnson","geo_location":{ "type": "Point", "coordinates": [-86.1797, 39.5] }},
{"zip_code":"46403","country":"US","city":"Gary","state":"Indiana","state_ab":"IN","county":"Lake","geo_location":{ "type": "Point", "coordinates": [-87.259, 41.6036] }},
{"zip_code":"46340","country":"US","city":"Hanna","state":"Indiana","state_ab":"IN","county":"LaPorte","geo_location":{ "type": "Point", "coordinates": [-86.7759, 41.4088] }},
{"zip_code":"47420","country":"US","city":"Avoca","state":"Indiana","state_ab":"IN","county":"Lawrence","geo_location":{ "type": "Point", "coordinates": [-86.5489, 38.9132] }},
{"zip_code":"47446","country":"US","city":"Mitchell","state":"Indiana","state_ab":"IN","county":"Lawrence","geo_location":{ "type": "Point", "coordinates": [-86.4761, 38.7426] }},
{"zip_code":"46016","country":"US","city":"Anderson","state":"Indiana","state_ab":"IN","county":"Madison","geo_location":{ "type": "Point", "coordinates": [-85.6846, 40.0988] }},
{"zip_code":"46056","country":"US","city":"Markleville","state":"Indiana","state_ab":"IN","county":"Madison","geo_location":{ "type": "Point", "coordinates": [-85.6227, 39.9944] }},
{"zip_code":"46070","country":"US","city":"Summitville","state":"Indiana","state_ab":"IN","county":"Madison","geo_location":{ "type": "Point", "coordinates": [-85.6403, 40.3398] }},
{"zip_code":"46209","country":"US","city":"Indianapolis","state":"Indiana","state_ab":"IN","county":"Marion","geo_location":{ "type": "Point", "coordinates": [-86.1328, 39.7795] }},
{"zip_code":"46223","country":"US","city":"Indianapolis","state":"Indiana","state_ab":"IN","county":"Marion","geo_location":{ "type": "Point", "coordinates": [-86.1328, 39.7795] }},
{"zip_code":"46236","country":"US","city":"Indianapolis","state":"Indiana","state_ab":"IN","county":"Marion","geo_location":{ "type": "Point", "coordinates": [-85.9765, 39.8689] }},
{"zip_code":"46249","country":"US","city":"Indianapolis","state":"Indiana","state_ab":"IN","county":"Marion","geo_location":{ "type": "Point", "coordinates": [-86.0061, 39.859] }},
{"zip_code":"46250","country":"US","city":"Indianapolis","state":"Indiana","state_ab":"IN","county":"Marion","geo_location":{ "type": "Point", "coordinates": [-86.0673, 39.9048] }},
{"zip_code":"46506","country":"US","city":"Bremen","state":"Indiana","state_ab":"IN","county":"Marshall","geo_location":{ "type": "Point", "coordinates": [-86.1932, 41.4467] }},
{"zip_code":"46919","country":"US","city":"Converse","state":"Indiana","state_ab":"IN","county":"Miami","geo_location":{ "type": "Point", "coordinates": [-85.8763, 40.577] }},
{"zip_code":"46959","country":"US","city":"Miami","state":"Indiana","state_ab":"IN","county":"Miami","geo_location":{ "type": "Point", "coordinates": [-86.1064, 40.6147] }},
{"zip_code":"47406","country":"US","city":"Bloomington","state":"Indiana","state_ab":"IN","county":"Monroe","geo_location":{ "type": "Point", "coordinates": [-86.5183, 39.1745] }},
{"zip_code":"47936","country":"US","city":"Crawfordsville","state":"Indiana","state_ab":"IN","county":"Montgomery","geo_location":{ "type": "Point", "coordinates": [-86.8936, 40.04] }},
{"zip_code":"47989","country":"US","city":"Waveland","state":"Indiana","state_ab":"IN","county":"Montgomery","geo_location":{ "type": "Point", "coordinates": [-87.0178, 39.902] }},
{"zip_code":"47990","country":"US","city":"Waynetown","state":"Indiana","state_ab":"IN","county":"Montgomery","geo_location":{ "type": "Point", "coordinates": [-87.0512, 40.0858] }},
{"zip_code":"46379","country":"US","city":"Sumava Resorts","state":"Indiana","state_ab":"IN","county":"Newton","geo_location":{ "type": "Point", "coordinates": [-87.4335, 41.1671] }},
{"zip_code":"47963","country":"US","city":"Morocco","state":"Indiana","state_ab":"IN","county":"Newton","geo_location":{ "type": "Point", "coordinates": [-87.4187, 40.9645] }},
{"zip_code":"47433","country":"US","city":"Gosport","state":"Indiana","state_ab":"IN","county":"Owen","geo_location":{ "type": "Point", "coordinates": [-86.6583, 39.345] }},
{"zip_code":"47460","country":"US","city":"Spencer","state":"Indiana","state_ab":"IN","county":"Owen","geo_location":{ "type": "Point", "coordinates": [-86.7789, 39.2891] }},
{"zip_code":"47859","country":"US","city":"Marshall","state":"Indiana","state_ab":"IN","county":"Parke","geo_location":{ "type": "Point", "coordinates": [-87.178, 39.9062] }},
{"zip_code":"47860","country":"US","city":"Mecca","state":"Indiana","state_ab":"IN","county":"Parke","geo_location":{ "type": "Point", "coordinates": [-87.3303, 39.7219] }},
{"zip_code":"47576","country":"US","city":"Saint Croix","state":"Indiana","state_ab":"IN","county":"Perry","geo_location":{ "type": "Point", "coordinates": [-86.6058, 38.1834] }},
{"zip_code":"47590","country":"US","city":"Velpen","state":"Indiana","state_ab":"IN","county":"Pike","geo_location":{ "type": "Point", "coordinates": [-87.099, 38.368] }},
{"zip_code":"46393","country":"US","city":"Wheeler","state":"Indiana","state_ab":"IN","county":"Porter","geo_location":{ "type": "Point", "coordinates": [-87.1792, 41.5116] }},
{"zip_code":"46960","country":"US","city":"Monterey","state":"Indiana","state_ab":"IN","county":"Pulaski","geo_location":{ "type": "Point", "coordinates": [-86.5179, 41.1383] }},
{"zip_code":"46120","country":"US","city":"Cloverdale","state":"Indiana","state_ab":"IN","county":"Putnam","geo_location":{ "type": "Point", "coordinates": [-86.814, 39.5434] }},
{"zip_code":"47006","country":"US","city":"Batesville","state":"Indiana","state_ab":"IN","county":"Ripley","geo_location":{ "type": "Point", "coordinates": [-85.2221, 39.3001] }},
{"zip_code":"47033","country":"US","city":"Morris","state":"Indiana","state_ab":"IN","county":"Ripley","geo_location":{ "type": "Point", "coordinates": [-85.1739, 39.2814] }},
{"zip_code":"46146","country":"US","city":"Homer","state":"Indiana","state_ab":"IN","county":"Rush","geo_location":{ "type": "Point", "coordinates": [-85.4655, 39.6199] }},
{"zip_code":"46173","country":"US","city":"Rushville","state":"Indiana","state_ab":"IN","county":"Rush","geo_location":{ "type": "Point", "coordinates": [-85.4321, 39.6192] }},
{"zip_code":"46546","country":"US","city":"Mishawaka","state":"Indiana","state_ab":"IN","county":"St. Joseph","geo_location":{ "type": "Point", "coordinates": [-86.1965, 41.6884] }},
{"zip_code":"47523","country":"US","city":"Dale","state":"Indiana","state_ab":"IN","county":"Spencer","geo_location":{ "type": "Point", "coordinates": [-87.007, 38.1706] }},
{"zip_code":"47536","country":"US","city":"Fulda","state":"Indiana","state_ab":"IN","county":"Spencer","geo_location":{ "type": "Point", "coordinates": [-87.017, 37.9938] }},
{"zip_code":"47550","country":"US","city":"Lamar","state":"Indiana","state_ab":"IN","county":"Spencer","geo_location":{ "type": "Point", "coordinates": [-86.9497, 38.0429] }},
{"zip_code":"46366","country":"US","city":"North Judson","state":"Indiana","state_ab":"IN","county":"Starke","geo_location":{ "type": "Point", "coordinates": [-86.6966, 41.2244] }},
{"zip_code":"46779","country":"US","city":"Pleasant Lake","state":"Indiana","state_ab":"IN","county":"Steuben","geo_location":{ "type": "Point", "coordinates": [-85.0213, 41.5843] }},
{"zip_code":"47019","country":"US","city":"East Enterprise","state":"Indiana","state_ab":"IN","county":"Switzerland","geo_location":{ "type": "Point", "coordinates": [-84.926, 38.8686] }},
{"zip_code":"47020","country":"US","city":"Florence","state":"Indiana","state_ab":"IN","county":"Switzerland","geo_location":{ "type": "Point", "coordinates": [-84.9399, 38.8224] }},
{"zip_code":"47909","country":"US","city":"Lafayette","state":"Indiana","state_ab":"IN","county":"Tippecanoe","geo_location":{ "type": "Point", "coordinates": [-86.8881, 40.3228] }},
{"zip_code":"47703","country":"US","city":"Evansville","state":"Indiana","state_ab":"IN","county":"Vanderburgh","geo_location":{ "type": "Point", "coordinates": [-87.575, 37.9971] }},
{"zip_code":"47716","country":"US","city":"Evansville","state":"Indiana","state_ab":"IN","county":"Vanderburgh","geo_location":{ "type": "Point", "coordinates": [-87.575, 37.9971] }},
{"zip_code":"47730","country":"US","city":"Evansville","state":"Indiana","state_ab":"IN","county":"Vanderburgh","geo_location":{ "type": "Point", "coordinates": [-87.575, 37.9971] }},
{"zip_code":"46946","country":"US","city":"Liberty Mills","state":"Indiana","state_ab":"IN","county":"Wabash","geo_location":{ "type": "Point", "coordinates": [-85.7358, 41.0356] }},
{"zip_code":"47613","country":"US","city":"Elberfeld","state":"Indiana","state_ab":"IN","county":"Warrick","geo_location":{ "type": "Point", "coordinates": [-87.4179, 38.2053] }},
{"zip_code":"47330","country":"US","city":"Centerville","state":"Indiana","state_ab":"IN","county":"Wayne","geo_location":{ "type": "Point", "coordinates": [-85.0032, 39.8081] }},
{"zip_code":"47370","country":"US","city":"Pershing","state":"Indiana","state_ab":"IN","county":"Wayne","geo_location":{ "type": "Point", "coordinates": [-85.1474, 39.8613] }},
{"zip_code":"46766","country":"US","city":"Liberty Center","state":"Indiana","state_ab":"IN","county":"Wells","geo_location":{ "type": "Point", "coordinates": [-85.2774, 40.7002] }},
{"zip_code":"47923","country":"US","city":"Brookston","state":"Indiana","state_ab":"IN","county":"White","geo_location":{ "type": "Point", "coordinates": [-86.8753, 40.6011] }},
{"zip_code":"47950","country":"US","city":"Idaville","state":"Indiana","state_ab":"IN","county":"White","geo_location":{ "type": "Point", "coordinates": [-86.6556, 40.7674] }},
{"zip_code":"66023","country":"US","city":"Effingham","state":"Kansas","state_ab":"KS","county":"Atchison","geo_location":{ "type": "Point", "coordinates": [-95.4198, 39.5023] }},
{"zip_code":"67143","country":"US","city":"Sun City","state":"Kansas","state_ab":"KS","county":"Barber","geo_location":{ "type": "Point", "coordinates": [-98.9127, 37.3574] }},
{"zip_code":"67530","country":"US","city":"Great Bend","state":"Kansas","state_ab":"KS","county":"Barton","geo_location":{ "type": "Point", "coordinates": [-98.7751, 38.3936] }},
{"zip_code":"67039","country":"US","city":"Douglass","state":"Kansas","state_ab":"KS","county":"Butler","geo_location":{ "type": "Point", "coordinates": [-96.9948, 37.5195] }},
{"zip_code":"66850","country":"US","city":"Elmdale","state":"Kansas","state_ab":"KS","county":"Chase","geo_location":{ "type": "Point", "coordinates": [-96.6675, 38.3779] }},
{"zip_code":"66773","country":"US","city":"Scammon","state":"Kansas","state_ab":"KS","county":"Cherokee","geo_location":{ "type": "Point", "coordinates": [-94.8092, 37.2809] }},
{"zip_code":"67840","country":"US","city":"Englewood","state":"Kansas","state_ab":"KS","county":"Clark","geo_location":{ "type": "Point", "coordinates": [-99.9878, 37.0658] }},
{"zip_code":"67466","country":"US","city":"Miltonvale","state":"Kansas","state_ab":"KS","county":"Cloud","geo_location":{ "type": "Point", "coordinates": [-97.4579, 39.3481] }},
{"zip_code":"67156","country":"US","city":"Winfield","state":"Kansas","state_ab":"KS","county":"Cowley","geo_location":{ "type": "Point", "coordinates": [-96.98, 37.2416] }},
{"zip_code":"66746","country":"US","city":"Hepler","state":"Kansas","state_ab":"KS","county":"Crawford","geo_location":{ "type": "Point", "coordinates": [-94.9892, 37.6576] }},
{"zip_code":"66760","country":"US","city":"Opolis","state":"Kansas","state_ab":"KS","county":"Crawford","geo_location":{ "type": "Point", "coordinates": [-94.6199, 37.342] }},
{"zip_code":"67749","country":"US","city":"Oberlin","state":"Kansas","state_ab":"KS","county":"Decatur","geo_location":{ "type": "Point", "coordinates": [-100.5314, 39.8275] }},
{"zip_code":"67480","country":"US","city":"Solomon","state":"Kansas","state_ab":"KS","county":"Dickinson","geo_location":{ "type": "Point", "coordinates": [-97.3518, 38.9194] }},
{"zip_code":"66090","country":"US","city":"Wathena","state":"Kansas","state_ab":"KS","county":"Doniphan","geo_location":{ "type": "Point", "coordinates": [-94.9255, 39.7625] }},
{"zip_code":"66049","country":"US","city":"Lawrence","state":"Kansas","state_ab":"KS","county":"Douglas","geo_location":{ "type": "Point", "coordinates": [-95.2769, 38.9704] }},
{"zip_code":"66050","country":"US","city":"Lecompton","state":"Kansas","state_ab":"KS","county":"Douglas","geo_location":{ "type": "Point", "coordinates": [-95.4392, 39.0154] }},
{"zip_code":"67349","country":"US","city":"Howard","state":"Kansas","state_ab":"KS","county":"Elk","geo_location":{ "type": "Point", "coordinates": [-96.2563, 37.4809] }},
{"zip_code":"67660","country":"US","city":"Pfeifer","state":"Kansas","state_ab":"KS","county":"Ellis","geo_location":{ "type": "Point", "coordinates": [-99.1718, 38.7153] }},
{"zip_code":"67439","country":"US","city":"Ellsworth","state":"Kansas","state_ab":"KS","county":"Ellsworth","geo_location":{ "type": "Point", "coordinates": [-98.2057, 38.7312] }},
{"zip_code":"66076","country":"US","city":"Pomona","state":"Kansas","state_ab":"KS","county":"Franklin","geo_location":{ "type": "Point", "coordinates": [-95.4489, 38.6153] }},
{"zip_code":"67736","country":"US","city":"Gove","state":"Kansas","state_ab":"KS","county":"Gove","geo_location":{ "type": "Point", "coordinates": [-100.4867, 38.887] }},
{"zip_code":"67659","country":"US","city":"Penokee","state":"Kansas","state_ab":"KS","county":"Graham","geo_location":{ "type": "Point", "coordinates": [-99.9719, 39.3482] }},
{"zip_code":"67880","country":"US","city":"Ulysses","state":"Kansas","state_ab":"KS","county":"Grant","geo_location":{ "type": "Point", "coordinates": [-101.3488, 37.5792] }},
{"zip_code":"67853","country":"US","city":"Ingalls","state":"Kansas","state_ab":"KS","county":"Gray","geo_location":{ "type": "Point", "coordinates": [-100.5143, 37.8293] }},
{"zip_code":"67879","country":"US","city":"Tribune","state":"Kansas","state_ab":"KS","county":"Greeley","geo_location":{ "type": "Point", "coordinates": [-101.7656, 38.4962] }},
{"zip_code":"66863","country":"US","city":"Neal","state":"Kansas","state_ab":"KS","county":"Greenwood","geo_location":{ "type": "Point", "coordinates": [-96.0818, 37.8329] }},
{"zip_code":"66436","country":"US","city":"Holton","state":"Kansas","state_ab":"KS","county":"Jackson","geo_location":{ "type": "Point", "coordinates": [-95.7525, 39.4436] }},
{"zip_code":"66540","country":"US","city":"Soldier","state":"Kansas","state_ab":"KS","county":"Jackson","geo_location":{ "type": "Point", "coordinates": [-95.9652, 39.5013] }},
{"zip_code":"66063","country":"US","city":"Olathe","state":"Kansas","state_ab":"KS","county":"Johnson","geo_location":{ "type": "Point", "coordinates": [-94.832, 38.8999] }},
{"zip_code":"66203","country":"US","city":"Shawnee Mission","state":"Kansas","state_ab":"KS","county":"Johnson","geo_location":{ "type": "Point", "coordinates": [-94.7055, 39.0215] }},
{"zip_code":"66216","country":"US","city":"Shawnee Mission","state":"Kansas","state_ab":"KS","county":"Johnson","geo_location":{ "type": "Point", "coordinates": [-94.7414, 39.0147] }},
{"zip_code":"66283","country":"US","city":"Shawnee Mission","state":"Kansas","state_ab":"KS","county":"Johnson","geo_location":{ "type": "Point", "coordinates": [-94.832, 38.8999] }},
{"zip_code":"67336","country":"US","city":"Chetopa","state":"Kansas","state_ab":"KS","county":"Labette","geo_location":{ "type": "Point", "coordinates": [-95.0796, 37.0418] }},
{"zip_code":"67839","country":"US","city":"Dighton","state":"Kansas","state_ab":"KS","county":"Lane","geo_location":{ "type": "Point", "coordinates": [-100.4647, 38.4742] }},
{"zip_code":"66010","country":"US","city":"Blue Mound","state":"Kansas","state_ab":"KS","county":"Linn","geo_location":{ "type": "Point", "coordinates": [-95.0053, 38.0908] }},
{"zip_code":"67053","country":"US","city":"Goessel","state":"Kansas","state_ab":"KS","county":"Marion","geo_location":{ "type": "Point", "coordinates": [-97.3463, 38.2468] }},
{"zip_code":"66036","country":"US","city":"Hillsdale","state":"Kansas","state_ab":"KS","county":"Miami","geo_location":{ "type": "Point", "coordinates": [-94.8521, 38.6581] }},
{"zip_code":"67363","country":"US","city":"Sycamore","state":"Kansas","state_ab":"KS","county":"Montgomery","geo_location":{ "type": "Point", "coordinates": [-95.717, 37.3281] }},
{"zip_code":"66849","country":"US","city":"Dwight","state":"Kansas","state_ab":"KS","county":"Morris","geo_location":{ "type": "Point", "coordinates": [-96.5802, 38.8389] }},
{"zip_code":"66720","country":"US","city":"Chanute","state":"Kansas","state_ab":"KS","county":"Neosho","geo_location":{ "type": "Point", "coordinates": [-95.457, 37.6749] }},
{"zip_code":"66733","country":"US","city":"Erie","state":"Kansas","state_ab":"KS","county":"Neosho","geo_location":{ "type": "Point", "coordinates": [-95.2514, 37.6044] }},
{"zip_code":"67516","country":"US","city":"Bazine","state":"Kansas","state_ab":"KS","county":"Ness","geo_location":{ "type": "Point", "coordinates": [-99.7016, 38.4565] }},
{"zip_code":"67529","country":"US","city":"Garfield","state":"Kansas","state_ab":"KS","county":"Pawnee","geo_location":{ "type": "Point", "coordinates": [-99.2374, 38.0649] }},
{"zip_code":"67646","country":"US","city":"Logan","state":"Kansas","state_ab":"KS","county":"Phillips","geo_location":{ "type": "Point", "coordinates": [-99.5687, 39.6611] }},
{"zip_code":"66450","country":"US","city":"Louisville","state":"Kansas","state_ab":"KS","county":"Pottawatomie","geo_location":{ "type": "Point", "coordinates": [-96.3332, 39.2618] }},
{"zip_code":"67066","country":"US","city":"Iuka","state":"Kansas","state_ab":"KS","county":"Pratt","geo_location":{ "type": "Point", "coordinates": [-98.7361, 37.7397] }},
{"zip_code":"67569","country":"US","city":"Preston","state":"Kansas","state_ab":"KS","county":"Pratt County","geo_location":{ "type": "Point", "coordinates": [-98.4289, 37.805] }},
{"zip_code":"67543","country":"US","city":"Haven","state":"Kansas","state_ab":"KS","county":"Reno","geo_location":{ "type": "Point", "coordinates": [-97.7772, 37.8686] }},
{"zip_code":"67570","country":"US","city":"Pretty Prairie","state":"Kansas","state_ab":"KS","county":"Reno","geo_location":{ "type": "Point", "coordinates": [-97.9886, 37.7783] }},
{"zip_code":"67583","country":"US","city":"Turon","state":"Kansas","state_ab":"KS","county":"Reno","geo_location":{ "type": "Point", "coordinates": [-98.3591, 37.8224] }},
{"zip_code":"66939","country":"US","city":"Courtland","state":"Kansas","state_ab":"KS","county":"Republic","geo_location":{ "type": "Point", "coordinates": [-97.89, 39.7851] }},
{"zip_code":"66940","country":"US","city":"Cuba","state":"Kansas","state_ab":"KS","county":"Republic","geo_location":{ "type": "Point", "coordinates": [-97.4496, 39.7975] }},
{"zip_code":"66966","country":"US","city":"Scandia","state":"Kansas","state_ab":"KS","county":"Republic","geo_location":{ "type": "Point", "coordinates": [-97.7786, 39.7939] }},
{"zip_code":"66449","country":"US","city":"Leonardville","state":"Kansas","state_ab":"KS","county":"Riley","geo_location":{ "type": "Point", "coordinates": [-96.8312, 39.3652] }},
{"zip_code":"67556","country":"US","city":"Mc Cracken","state":"Kansas","state_ab":"KS","county":"Rush","geo_location":{ "type": "Point", "coordinates": [-99.554, 38.5957] }},
{"zip_code":"67673","country":"US","city":"Waldo","state":"Kansas","state_ab":"KS","county":"Russell","geo_location":{ "type": "Point", "coordinates": [-98.7785, 39.0877] }},
{"zip_code":"67479","country":"US","city":"Smolan","state":"Kansas","state_ab":"KS","county":"Saline County","geo_location":{ "type": "Point", "coordinates": [-97.6869, 38.7179] }},
{"zip_code":"67026","country":"US","city":"Clearwater","state":"Kansas","state_ab":"KS","county":"Sedgwick","geo_location":{ "type": "Point", "coordinates": [-97.5082, 37.5076] }},
{"zip_code":"67206","country":"US","city":"Wichita","state":"Kansas","state_ab":"KS","county":"Sedgwick","geo_location":{ "type": "Point", "coordinates": [-97.2253, 37.7038] }},
{"zip_code":"67219","country":"US","city":"Wichita","state":"Kansas","state_ab":"KS","county":"Sedgwick","geo_location":{ "type": "Point", "coordinates": [-97.3175, 37.7719] }},
{"zip_code":"67220","country":"US","city":"Wichita","state":"Kansas","state_ab":"KS","county":"Sedgwick","geo_location":{ "type": "Point", "coordinates": [-97.2805, 37.7667] }},
{"zip_code":"67233","country":"US","city":"Wichita","state":"Kansas","state_ab":"KS","county":"Sedgwick","geo_location":{ "type": "Point", "coordinates": [-97.352, 37.5425] }},
{"zip_code":"67259","country":"US","city":"Wichita","state":"Kansas","state_ab":"KS","county":"Sedgwick","geo_location":{ "type": "Point", "coordinates": [-97.4804, 37.6936] }},
{"zip_code":"67260","country":"US","city":"Wichita","state":"Kansas","state_ab":"KS","county":"Sedgwick","geo_location":{ "type": "Point", "coordinates": [-97.2936, 37.7194] }},
{"zip_code":"66409","country":"US","city":"Berryton","state":"Kansas","state_ab":"KS","county":"Shawnee","geo_location":{ "type": "Point", "coordinates": [-95.5825, 38.9442] }},
{"zip_code":"66539","country":"US","city":"Silver Lake","state":"Kansas","state_ab":"KS","county":"Shawnee","geo_location":{ "type": "Point", "coordinates": [-95.8552, 39.1102] }},
{"zip_code":"66603","country":"US","city":"Topeka","state":"Kansas","state_ab":"KS","county":"Shawnee","geo_location":{ "type": "Point", "coordinates": [-95.6802, 39.0553] }},
{"zip_code":"66616","country":"US","city":"Topeka","state":"Kansas","state_ab":"KS","county":"Shawnee","geo_location":{ "type": "Point", "coordinates": [-95.6413, 39.0645] }},
{"zip_code":"66629","country":"US","city":"Topeka","state":"Kansas","state_ab":"KS","county":"Shawnee","geo_location":{ "type": "Point", "coordinates": [-95.7697, 39.0429] }},
{"zip_code":"66683","country":"US","city":"Topeka","state":"Kansas","state_ab":"KS","county":"Shawnee","geo_location":{ "type": "Point", "coordinates": [-95.7697, 39.0429] }},
{"zip_code":"67013","country":"US","city":"Belle Plaine","state":"Kansas","state_ab":"KS","county":"Sumner","geo_location":{ "type": "Point", "coordinates": [-97.2852, 37.4052] }},
{"zip_code":"67103","country":"US","city":"Mayfield","state":"Kansas","state_ab":"KS","county":"Sumner","geo_location":{ "type": "Point", "coordinates": [-97.5416, 37.2518] }},
{"zip_code":"66423","country":"US","city":"Eskridge","state":"Kansas","state_ab":"KS","county":"Wabaunsee","geo_location":{ "type": "Point", "coordinates": [-96.1016, 38.8514] }},
{"zip_code":"66526","country":"US","city":"Paxico","state":"Kansas","state_ab":"KS","county":"Wabaunsee","geo_location":{ "type": "Point", "coordinates": [-96.1818, 39.0803] }},
{"zip_code":"66953","country":"US","city":"Linn","state":"Kansas","state_ab":"KS","county":"Washington","geo_location":{ "type": "Point", "coordinates": [-97.0854, 39.6847] }},
{"zip_code":"66759","country":"US","city":"New Albany","state":"Kansas","state_ab":"KS","county":"Wilson","geo_location":{ "type": "Point", "coordinates": [-95.9379, 37.569] }},
{"zip_code":"66113","country":"US","city":"Edwardsville","state":"Kansas","state_ab":"KS","county":"Wyandotte","geo_location":{ "type": "Point", "coordinates": [-94.7233, 39.0735] }},
{"zip_code":"42753","country":"US","city":"Knifley","state":"Kentucky","state_ab":"KY","county":"Adair","geo_location":{ "type": "Point", "coordinates": [-85.172, 37.2313] }},
{"zip_code":"42120","country":"US","city":"Adolphus","state":"Kentucky","state_ab":"KY","county":"Allen","geo_location":{ "type": "Point", "coordinates": [-86.2636, 36.6775] }},
{"zip_code":"42056","country":"US","city":"La Center","state":"Kentucky","state_ab":"KY","county":"Ballard","geo_location":{ "type": "Point", "coordinates": [-88.973, 37.083] }},
{"zip_code":"42160","country":"US","city":"Park City","state":"Kentucky","state_ab":"KY","county":"Barren","geo_location":{ "type": "Point", "coordinates": [-86.0748, 37.0785] }},
{"zip_code":"40360","country":"US","city":"Owingsville","state":"Kentucky","state_ab":"KY","county":"Bath","geo_location":{ "type": "Point", "coordinates": [-83.7564, 38.1532] }},
{"zip_code":"40913","country":"US","city":"Beverly","state":"Kentucky","state_ab":"KY","county":"Bell","geo_location":{ "type": "Point", "coordinates": [-83.556, 36.9442] }},
{"zip_code":"40940","country":"US","city":"Frakes","state":"Kentucky","state_ab":"KY","county":"Bell","geo_location":{ "type": "Point", "coordinates": [-83.9484, 36.607] }},
{"zip_code":"41080","country":"US","city":"Petersburg","state":"Kentucky","state_ab":"KY","county":"Boone","geo_location":{ "type": "Point", "coordinates": [-84.8371, 39.0416] }},
{"zip_code":"41129","country":"US","city":"Catlettsburg","state":"Kentucky","state_ab":"KY","county":"Boyd","geo_location":{ "type": "Point", "coordinates": [-82.6321, 38.3799] }},
{"zip_code":"40423","country":"US","city":"Danville","state":"Kentucky","state_ab":"KY","county":"Boyle","geo_location":{ "type": "Point", "coordinates": [-84.8458, 37.6247] }},
{"zip_code":"41310","country":"US","city":"Bays","state":"Kentucky","state_ab":"KY","county":"Breathitt","geo_location":{ "type": "Point", "coordinates": [-83.2441, 37.6405] }},
{"zip_code":"41363","country":"US","city":"Quicksand","state":"Kentucky","state_ab":"KY","county":"Breathitt County","geo_location":{ "type": "Point", "coordinates": [-83.3652, 37.5331] }},
{"zip_code":"41390","country":"US","city":"Whick","state":"Kentucky","state_ab":"KY","county":"Breathitt","geo_location":{ "type": "Point", "coordinates": [-83.3747, 37.4102] }},
{"zip_code":"40140","country":"US","city":"Garfield","state":"Kentucky","state_ab":"KY","county":"Breckinridge","geo_location":{ "type": "Point", "coordinates": [-86.4148, 37.8023] }},
{"zip_code":"40153","country":"US","city":"Mc Quady","state":"Kentucky","state_ab":"KY","county":"Breckinridge","geo_location":{ "type": "Point", "coordinates": [-86.4148, 37.8023] }},
{"zip_code":"42209","country":"US","city":"Brooklyn","state":"Kentucky","state_ab":"KY","county":"Butler","geo_location":{ "type": "Point", "coordinates": [-86.6722, 37.1975] }},
{"zip_code":"42070","country":"US","city":"Milburn","state":"Kentucky","state_ab":"KY","county":"Carlisle","geo_location":{ "type": "Point", "coordinates": [-88.996, 36.8631] }},
{"zip_code":"41143","country":"US","city":"Grayson","state":"Kentucky","state_ab":"KY","county":"Carter","geo_location":{ "type": "Point", "coordinates": [-83.0007, 38.3249] }},
{"zip_code":"42223","country":"US","city":"Fort Campbell","state":"Kentucky","state_ab":"KY","county":"Christian","geo_location":{ "type": "Point", "coordinates": [-87.5585, 36.5995] }},
{"zip_code":"42236","country":"US","city":"Herndon","state":"Kentucky","state_ab":"KY","county":"Christian","geo_location":{ "type": "Point", "coordinates": [-87.6082, 36.7085] }},
{"zip_code":"40320","country":"US","city":"Ford","state":"Kentucky","state_ab":"KY","county":"Clark","geo_location":{ "type": "Point", "coordinates": [-84.1578, 37.9685] }},
{"zip_code":"42366","country":"US","city":"Philpot","state":"Kentucky","state_ab":"KY","county":"Daviess","geo_location":{ "type": "Point", "coordinates": [-86.9372, 37.7183] }},
{"zip_code":"42210","country":"US","city":"Brownsville","state":"Kentucky","state_ab":"KY","county":"Edmonson","geo_location":{ "type": "Point", "coordinates": [-86.2923, 37.2229] }},
{"zip_code":"40513","country":"US","city":"Lexington","state":"Kentucky","state_ab":"KY","county":"Fayette","geo_location":{ "type": "Point", "coordinates": [-84.5815, 38.0139] }},
{"zip_code":"40526","country":"US","city":"Lexington","state":"Kentucky","state_ab":"KY","county":"Fayette","geo_location":{ "type": "Point", "coordinates": [-84.4715, 38.0283] }},
{"zip_code":"40579","country":"US","city":"Lexington","state":"Kentucky","state_ab":"KY","county":"Fayette","geo_location":{ "type": "Point", "coordinates": [-84.4715, 38.0283] }},
{"zip_code":"40580","country":"US","city":"Lexington","state":"Kentucky","state_ab":"KY","county":"Fayette","geo_location":{ "type": "Point", "coordinates": [-84.4715, 38.0283] }},
{"zip_code":"40593","country":"US","city":"Lexington","state":"Kentucky","state_ab":"KY","county":"Fayette","geo_location":{ "type": "Point", "coordinates": [-84.4715, 38.0283] }},
{"zip_code":"41039","country":"US","city":"Ewing","state":"Kentucky","state_ab":"KY","county":"Fleming","geo_location":{ "type": "Point", "coordinates": [-83.8733, 38.4157] }},
{"zip_code":"41093","country":"US","city":"Wallingford","state":"Kentucky","state_ab":"KY","county":"Fleming","geo_location":{ "type": "Point", "coordinates": [-83.5625, 38.3374] }},
{"zip_code":"41606","country":"US","city":"Bevinsville","state":"Kentucky","state_ab":"KY","county":"Floyd","geo_location":{ "type": "Point", "coordinates": [-82.7403, 37.3465] }},
{"zip_code":"41619","country":"US","city":"Drift","state":"Kentucky","state_ab":"KY","county":"Floyd","geo_location":{ "type": "Point", "coordinates": [-82.7575, 37.4933] }},
{"zip_code":"41633","country":"US","city":"Halo","state":"Kentucky","state_ab":"KY","county":"Floyd County","geo_location":{ "type": "Point", "coordinates": [-82.7306, 37.3076] }},
{"zip_code":"41659","country":"US","city":"Stanville","state":"Kentucky","state_ab":"KY","county":"Floyd","geo_location":{ "type": "Point", "coordinates": [-82.6271, 37.5741] }},
{"zip_code":"41660","country":"US","city":"Teaberry","state":"Kentucky","state_ab":"KY","county":"Floyd","geo_location":{ "type": "Point", "coordinates": [-82.6405, 37.422] }},
{"zip_code":"40603","country":"US","city":"Frankfort","state":"Kentucky","state_ab":"KY","county":"Franklin","geo_location":{ "type": "Point", "coordinates": [-84.8748, 38.2341] }},
{"zip_code":"40410","country":"US","city":"Bryantsville","state":"Kentucky","state_ab":"KY","county":"Garrard","geo_location":{ "type": "Point", "coordinates": [-84.5467, 37.6514] }},
{"zip_code":"42069","country":"US","city":"Melber","state":"Kentucky","state_ab":"KY","county":"Graves","geo_location":{ "type": "Point", "coordinates": [-88.752, 36.9197] }},
{"zip_code":"42726","country":"US","city":"Clarkson","state":"Kentucky","state_ab":"KY","county":"Grayson","geo_location":{ "type": "Point", "coordinates": [-86.2083, 37.4336] }},
{"zip_code":"42779","country":"US","city":"Spring Lick","state":"Kentucky","state_ab":"KY","county":"Grayson County","geo_location":{ "type": "Point", "coordinates": [-86.5565, 37.4446] }},
{"zip_code":"42780","country":"US","city":"Steff","state":"Kentucky","state_ab":"KY","county":"Grayson County","geo_location":{ "type": "Point", "coordinates": [-86.6054, 37.4296] }},
{"zip_code":"41156","country":"US","city":"Lloyd","state":"Kentucky","state_ab":"KY","county":"Greenup","geo_location":{ "type": "Point", "coordinates": [-82.9166, 38.5652] }},
{"zip_code":"41169","country":"US","city":"Russell","state":"Kentucky","state_ab":"KY","county":"Greenup","geo_location":{ "type": "Point", "coordinates": [-82.8271, 38.6074] }},
{"zip_code":"41183","country":"US","city":"Worthington","state":"Kentucky","state_ab":"KY","county":"Greenup","geo_location":{ "type": "Point", "coordinates": [-82.7396, 38.5511] }},
{"zip_code":"42740","country":"US","city":"Glendale","state":"Kentucky","state_ab":"KY","county":"Hardin","geo_location":{ "type": "Point", "coordinates": [-85.8921, 37.6034] }},
{"zip_code":"40810","country":"US","city":"Bledsoe","state":"Kentucky","state_ab":"KY","county":"Harlan","geo_location":{ "type": "Point", "coordinates": [-83.3242, 36.934] }},
{"zip_code":"40823","country":"US","city":"Cumberland","state":"Kentucky","state_ab":"KY","county":"Harlan","geo_location":{ "type": "Point", "coordinates": [-82.9771, 36.9711] }},
{"zip_code":"40849","country":"US","city":"Lejunior","state":"Kentucky","state_ab":"KY","county":"Harlan","geo_location":{ "type": "Point", "coordinates": [-83.1433, 36.8899] }},
{"zip_code":"40863","country":"US","city":"Pathfork","state":"Kentucky","state_ab":"KY","county":"Harlan","geo_location":{ "type": "Point", "coordinates": [-83.4629, 36.7521] }},
{"zip_code":"42713","country":"US","city":"Bonnieville","state":"Kentucky","state_ab":"KY","county":"Hart","geo_location":{ "type": "Point", "coordinates": [-85.896, 37.3741] }},
{"zip_code":"40036","country":"US","city":"Lockport","state":"Kentucky","state_ab":"KY","county":"Henry","geo_location":{ "type": "Point", "coordinates": [-84.9586, 38.4219] }},
{"zip_code":"40050","country":"US","city":"New Castle","state":"Kentucky","state_ab":"KY","county":"Henry","geo_location":{ "type": "Point", "coordinates": [-85.1756, 38.4374] }},
{"zip_code":"42250","country":"US","city":"Huff","state":"Kentucky","state_ab":"KY","county":"Jackson County","geo_location":{ "type": "Point", "coordinates": [-86.3894, 37.2836] }},
{"zip_code":"40023","country":"US","city":"Fisherville","state":"Kentucky","state_ab":"KY","county":"Jefferson","geo_location":{ "type": "Point", "coordinates": [-85.4282, 38.1652] }},
{"zip_code":"40203","country":"US","city":"Louisville","state":"Kentucky","state_ab":"KY","county":"Jefferson","geo_location":{ "type": "Point", "coordinates": [-85.7694, 38.2493] }},
{"zip_code":"40216","country":"US","city":"Louisville","state":"Kentucky","state_ab":"KY","county":"Jefferson","geo_location":{ "type": "Point", "coordinates": [-85.8335, 38.1865] }},
{"zip_code":"40229","country":"US","city":"Louisville","state":"Kentucky","state_ab":"KY","county":"Jefferson","geo_location":{ "type": "Point", "coordinates": [-85.6548, 38.0891] }},
{"zip_code":"40243","country":"US","city":"Louisville","state":"Kentucky","state_ab":"KY","county":"Jefferson","geo_location":{ "type": "Point", "coordinates": [-85.5353, 38.2422] }},
{"zip_code":"40256","country":"US","city":"Louisville","state":"Kentucky","state_ab":"KY","county":"Jefferson","geo_location":{ "type": "Point", "coordinates": [-85.6768, 38.189] }},
{"zip_code":"40269","country":"US","city":"Louisville","state":"Kentucky","state_ab":"KY","county":"Jefferson","geo_location":{ "type": "Point", "coordinates": [-85.6768, 38.189] }},
{"zip_code":"40270","country":"US","city":"Louisville","state":"Kentucky","state_ab":"KY","county":"Jefferson","geo_location":{ "type": "Point", "coordinates": [-85.6768, 38.189] }},
{"zip_code":"40283","country":"US","city":"Louisville","state":"Kentucky","state_ab":"KY","county":"Jefferson","geo_location":{ "type": "Point", "coordinates": [-85.6768, 38.189] }},
{"zip_code":"40296","country":"US","city":"Louisville","state":"Kentucky","state_ab":"KY","county":"Jefferson","geo_location":{ "type": "Point", "coordinates": [-85.6768, 38.189] }},
{"zip_code":"41219","country":"US","city":"Flatgap","state":"Kentucky","state_ab":"KY","county":"Johnson","geo_location":{ "type": "Point", "coordinates": [-82.9221, 37.9231] }},
{"zip_code":"41220","country":"US","city":"Fuget","state":"Kentucky","state_ab":"KY","county":"Johnson County","geo_location":{ "type": "Point", "coordinates": [-82.9114, 37.9022] }},
{"zip_code":"41260","country":"US","city":"Thelma","state":"Kentucky","state_ab":"KY","county":"Johnson","geo_location":{ "type": "Point", "coordinates": [-82.7526, 37.822] }},
{"zip_code":"41053","country":"US","city":"Kenton","state":"Kentucky","state_ab":"KY","county":"Kenton","geo_location":{ "type": "Point", "coordinates": [-84.5205, 38.9447] }},
{"zip_code":"41839","country":"US","city":"Mousie","state":"Kentucky","state_ab":"KY","county":"Knott","geo_location":{ "type": "Point", "coordinates": [-82.9018, 37.4331] }},
{"zip_code":"40939","country":"US","city":"Fourmile","state":"Kentucky","state_ab":"KY","county":"Knox","geo_location":{ "type": "Point", "coordinates": [-83.83, 36.8713] }},
{"zip_code":"40953","country":"US","city":"Hinkle","state":"Kentucky","state_ab":"KY","county":"Knox","geo_location":{ "type": "Point", "coordinates": [-83.8045, 36.9362] }},
{"zip_code":"42766","country":"US","city":"Neafus","state":"Kentucky","state_ab":"KY","county":"Larue County","geo_location":{ "type": "Point", "coordinates": [-86.6119, 37.395] }},
{"zip_code":"40746","country":"US","city":"London","state":"Kentucky","state_ab":"KY","county":"Laurel","geo_location":{ "type": "Point", "coordinates": [-84.1156, 37.1376] }},
{"zip_code":"41323","country":"US","city":"Beattyville","state":"Kentucky","state_ab":"KY","county":"Lee County","geo_location":{ "type": "Point", "coordinates": [-83.5496, 37.6043] }},
{"zip_code":"40979","country":"US","city":"Roark","state":"Kentucky","state_ab":"KY","county":"Leslie","geo_location":{ "type": "Point", "coordinates": [-83.4949, 37.0438] }},
{"zip_code":"41749","country":"US","city":"Hyden","state":"Kentucky","state_ab":"KY","county":"Leslie","geo_location":{ "type": "Point", "coordinates": [-83.4169, 37.1877] }},
{"zip_code":"41776","country":"US","city":"Wooton","state":"Kentucky","state_ab":"KY","county":"Leslie","geo_location":{ "type": "Point", "coordinates": [-83.2913, 37.1671] }},
{"zip_code":"41826","country":"US","city":"Jeremiah","state":"Kentucky","state_ab":"KY","county":"Letcher","geo_location":{ "type": "Point", "coordinates": [-82.9258, 37.1699] }},
{"zip_code":"41840","country":"US","city":"Neon","state":"Kentucky","state_ab":"KY","county":"Letcher","geo_location":{ "type": "Point", "coordinates": [-82.711, 37.1876] }},
{"zip_code":"41170","country":"US","city":"Saint Paul","state":"Kentucky","state_ab":"KY","county":"Lewis","geo_location":{ "type": "Point", "coordinates": [-83.0679, 38.6654] }},
{"zip_code":"40489","country":"US","city":"Waynesburg","state":"Kentucky","state_ab":"KY","county":"Lincoln","geo_location":{ "type": "Point", "coordinates": [-84.6655, 37.3499] }},
{"zip_code":"42083","country":"US","city":"Tiline","state":"Kentucky","state_ab":"KY","county":"Livingston","geo_location":{ "type": "Point", "coordinates": [-88.285, 37.1457] }},
{"zip_code":"42263","country":"US","city":"Oakville","state":"Kentucky","state_ab":"KY","county":"Logan County","geo_location":{ "type": "Point", "coordinates": [-86.8777, 36.7483] }},
{"zip_code":"42276","country":"US","city":"Russellville","state":"Kentucky","state_ab":"KY","county":"Logan","geo_location":{ "type": "Point", "coordinates": [-86.8823, 36.8453] }},
{"zip_code":"42003","country":"US","city":"Paducah","state":"Kentucky","state_ab":"KY","county":"McCracken","geo_location":{ "type": "Point", "coordinates": [-88.5934, 37.0368] }},
{"zip_code":"42649","country":"US","city":"Strunk","state":"Kentucky","state_ab":"KY","county":"McCreary","geo_location":{ "type": "Point", "coordinates": [-84.4308, 36.6191] }},
{"zip_code":"40476","country":"US","city":"Richmond","state":"Kentucky","state_ab":"KY","county":"Madison","geo_location":{ "type": "Point", "coordinates": [-84.2997, 37.7164] }},
{"zip_code":"41426","country":"US","city":"Falcon","state":"Kentucky","state_ab":"KY","county":"Magoffin","geo_location":{ "type": "Point", "coordinates": [-83.0109, 37.7843] }},
{"zip_code":"41466","country":"US","city":"Seitz","state":"Kentucky","state_ab":"KY","county":"Magoffin County","geo_location":{ "type": "Point", "coordinates": [-83.1871, 37.6754] }},
{"zip_code":"41903","country":"US","city":"Migrate","state":"Kentucky","state_ab":"KY","county":"Magoffin County","geo_location":{ "type": "Point", "coordinates": [-84.5027, 38.0638] }},
{"zip_code":"40009","country":"US","city":"Bradfordsville","state":"Kentucky","state_ab":"KY","county":"Marion","geo_location":{ "type": "Point", "coordinates": [-85.1436, 37.4662] }},
{"zip_code":"40049","country":"US","city":"Nerinx","state":"Kentucky","state_ab":"KY","county":"Marion","geo_location":{ "type": "Point", "coordinates": [-85.3932, 37.6603] }},
{"zip_code":"40063","country":"US","city":"Saint Mary","state":"Kentucky","state_ab":"KY","county":"Marion","geo_location":{ "type": "Point", "coordinates": [-85.3551, 37.5795] }},
{"zip_code":"42029","country":"US","city":"Calvert City","state":"Kentucky","state_ab":"KY","county":"Marshall","geo_location":{ "type": "Point", "coordinates": [-88.3811, 37.0147] }},
{"zip_code":"40346","country":"US","city":"Means","state":"Kentucky","state_ab":"KY","county":"Menifee","geo_location":{ "type": "Point", "coordinates": [-83.7447, 37.9807] }},
{"zip_code":"42133","country":"US","city":"Fountain Run","state":"Kentucky","state_ab":"KY","county":"Monroe","geo_location":{ "type": "Point", "coordinates": [-85.952, 36.72] }},
{"zip_code":"41413","country":"US","city":"Crockett","state":"Kentucky","state_ab":"KY","county":"Morgan","geo_location":{ "type": "Point", "coordinates": [-83.1252, 37.9705] }},
{"zip_code":"42326","country":"US","city":"Browder","state":"Kentucky","state_ab":"KY","county":"Muhlenberg","geo_location":{ "type": "Point", "coordinates": [-87.0001, 37.1999] }},
{"zip_code":"42339","country":"US","city":"Dunmor","state":"Kentucky","state_ab":"KY","county":"Muhlenberg","geo_location":{ "type": "Point", "coordinates": [-87.0079, 37.084] }},
{"zip_code":"40010","country":"US","city":"Buckner","state":"Kentucky","state_ab":"KY","county":"Oldham","geo_location":{ "type": "Point", "coordinates": [-85.4507, 38.3735] }},
{"zip_code":"40359","country":"US","city":"Owenton","state":"Kentucky","state_ab":"KY","county":"Owen","geo_location":{ "type": "Point", "coordinates": [-84.8086, 38.4986] }},
{"zip_code":"41040","country":"US","city":"Falmouth","state":"Kentucky","state_ab":"KY","county":"Pendleton","geo_location":{ "type": "Point", "coordinates": [-84.3451, 38.6643] }},
{"zip_code":"41710","country":"US","city":"Vicco","state":"Kentucky","state_ab":"KY","county":"Perry County","geo_location":{ "type": "Point", "coordinates": [-83.0732, 37.2287] }},
{"zip_code":"41723","country":"US","city":"Busy","state":"Kentucky","state_ab":"KY","county":"Perry","geo_location":{ "type": "Point", "coordinates": [-83.3007, 37.2632] }},
{"zip_code":"41736","country":"US","city":"Dice","state":"Kentucky","state_ab":"KY","county":"Perry","geo_location":{ "type": "Point", "coordinates": [-83.2419, 37.3758] }},
{"zip_code":"41763","country":"US","city":"Slemp","state":"Kentucky","state_ab":"KY","county":"Perry","geo_location":{ "type": "Point", "coordinates": [-83.1136, 37.0705] }},
{"zip_code":"41503","country":"US","city":"South Williamson","state":"Kentucky","state_ab":"KY","county":"Pike","geo_location":{ "type": "Point", "coordinates": [-82.2886, 37.667] }},
{"zip_code":"41529","country":"US","city":"Goody","state":"Kentucky","state_ab":"KY","county":"Pike County","geo_location":{ "type": "Point", "coordinates": [-82.313, 37.6818] }},
{"zip_code":"41543","country":"US","city":"Mc Andrews","state":"Kentucky","state_ab":"KY","county":"Pike","geo_location":{ "type": "Point", "coordinates": [-82.2803, 37.5624] }},
{"zip_code":"41569","country":"US","city":"Toler","state":"Kentucky","state_ab":"KY","county":"Pike","geo_location":{ "type": "Point", "coordinates": [-82.2867, 37.6083] }},
{"zip_code":"41570","country":"US","city":"Turkey Creek","state":"Kentucky","state_ab":"KY","county":"Pike County","geo_location":{ "type": "Point", "coordinates": [-82.3209, 37.6522] }},
{"zip_code":"42519","country":"US","city":"Burnside","state":"Kentucky","state_ab":"KY","county":"Pulaski","geo_location":{ "type": "Point", "coordinates": [-84.5357, 36.9393] }},
{"zip_code":"42533","country":"US","city":"Ferguson","state":"Kentucky","state_ab":"KY","county":"Pulaski","geo_location":{ "type": "Point", "coordinates": [-84.5927, 37.0677] }},
{"zip_code":"40409","country":"US","city":"Brodhead","state":"Kentucky","state_ab":"KY","county":"Rockcastle","geo_location":{ "type": "Point", "coordinates": [-84.4336, 37.3815] }},
{"zip_code":"40319","country":"US","city":"Farmers","state":"Kentucky","state_ab":"KY","county":"Rowan","geo_location":{ "type": "Point", "coordinates": [-83.5337, 38.1403] }},
{"zip_code":"40076","country":"US","city":"Waddy","state":"Kentucky","state_ab":"KY","county":"Shelby","geo_location":{ "type": "Point", "coordinates": [-85.1288, 38.1054] }},
{"zip_code":"42159","country":"US","city":"Oakland","state":"Kentucky","state_ab":"KY","county":"Warren","geo_location":{ "type": "Point", "coordinates": [-86.2501, 36.9985] }},
{"zip_code":"42403","country":"US","city":"Blackford","state":"Kentucky","state_ab":"KY","county":"Webster","geo_location":{ "type": "Point", "coordinates": [-87.9334, 37.446] }},
{"zip_code":"42456","country":"US","city":"Slaughters","state":"Kentucky","state_ab":"KY","county":"Webster","geo_location":{ "type": "Point", "coordinates": [-87.5053, 37.5054] }},
{"zip_code":"40759","country":"US","city":"Rockholds","state":"Kentucky","state_ab":"KY","county":"Whitley","geo_location":{ "type": "Point", "coordinates": [-84.104, 36.8242] }},
{"zip_code":"40386","country":"US","city":"Versailles","state":"Kentucky","state_ab":"KY","county":"Woodford","geo_location":{ "type": "Point", "coordinates": [-84.7455, 38.0213] }},
{"zip_code":"71463","country":"US","city":"Oakdale","state":"Louisiana","state_ab":"LA","county":"Allen","geo_location":{ "type": "Point", "coordinates": [-92.664, 30.8172] }},
{"zip_code":"70769","country":"US","city":"Prairieville","state":"Louisiana","state_ab":"LA","county":"Ascension","geo_location":{ "type": "Point", "coordinates": [-90.9405, 30.3073] }},
{"zip_code":"71320","country":"US","city":"Bordelonville","state":"Louisiana","state_ab":"LA","county":"Avoyelles","geo_location":{ "type": "Point", "coordinates": [-91.7718, 31.1806] }},
{"zip_code":"71333","country":"US","city":"Evergreen","state":"Louisiana","state_ab":"LA","county":"Avoyelles","geo_location":{ "type": "Point", "coordinates": [-92.067, 30.9161] }},
{"zip_code":"70653","country":"US","city":"Merryville","state":"Louisiana","state_ab":"LA","county":"Beauregard","geo_location":{ "type": "Point", "coordinates": [-93.5613, 30.6716] }},
{"zip_code":"71113","country":"US","city":"Bossier City","state":"Louisiana","state_ab":"LA","county":"Bossier","geo_location":{ "type": "Point", "coordinates": [-93.609, 32.6276] }},
{"zip_code":"71009","country":"US","city":"Blanchard","state":"Louisiana","state_ab":"LA","county":"Caddo","geo_location":{ "type": "Point", "coordinates": [-93.8871, 32.5719] }},
{"zip_code":"71153","country":"US","city":"Shreveport","state":"Louisiana","state_ab":"LA","county":"Caddo","geo_location":{ "type": "Point", "coordinates": [-93.7526, 32.6076] }},
{"zip_code":"71166","country":"US","city":"Shreveport","state":"Louisiana","state_ab":"LA","county":"Caddo","geo_location":{ "type": "Point", "coordinates": [-93.7526, 32.6076] }},
{"zip_code":"71436","country":"US","city":"Hebert","state":"Louisiana","state_ab":"LA","county":"Caldwell Parish","geo_location":{ "type": "Point", "coordinates": [-91.9881, 32.188] }},
{"zip_code":"71373","country":"US","city":"Vidalia","state":"Louisiana","state_ab":"LA","county":"Concordia","geo_location":{ "type": "Point", "coordinates": [-91.4695, 31.5782] }},
{"zip_code":"71049","country":"US","city":"Logansport","state":"Louisiana","state_ab":"LA","county":"De Soto","geo_location":{ "type": "Point", "coordinates": [-93.9627, 31.9943] }},
{"zip_code":"71050","country":"US","city":"Longstreet","state":"Louisiana","state_ab":"LA","county":"De Soto","geo_location":{ "type": "Point", "coordinates": [-93.9138, 32.1175] }},
{"zip_code":"71063","country":"US","city":"Pelican","state":"Louisiana","state_ab":"LA","county":"De Soto","geo_location":{ "type": "Point", "coordinates": [-93.5634, 31.8966] }},
{"zip_code":"70770","country":"US","city":"Pride","state":"Louisiana","state_ab":"LA","county":"East Baton Rouge","geo_location":{ "type": "Point", "coordinates": [-90.9943, 30.6133] }},
{"zip_code":"70806","country":"US","city":"Baton Rouge","state":"Louisiana","state_ab":"LA","county":"East Baton Rouge","geo_location":{ "type": "Point", "coordinates": [-91.13, 30.4485] }},
{"zip_code":"70819","country":"US","city":"Baton Rouge","state":"Louisiana","state_ab":"LA","county":"East Baton Rouge","geo_location":{ "type": "Point", "coordinates": [-91.0156, 30.4668] }},
{"zip_code":"70820","country":"US","city":"Baton Rouge","state":"Louisiana","state_ab":"LA","county":"East Baton Rouge","geo_location":{ "type": "Point", "coordinates": [-91.1671, 30.3795] }},
{"zip_code":"70833","country":"US","city":"Baton Rouge","state":"Louisiana","state_ab":"LA","county":"East Baton Rouge","geo_location":{ "type": "Point", "coordinates": [-91.0804, 30.5159] }},
{"zip_code":"70873","country":"US","city":"Baton Rouge","state":"Louisiana","state_ab":"LA","county":"East Baton Rouge Parish","geo_location":{ "type": "Point", "coordinates": [-91.1163, 30.5305] }},
{"zip_code":"70730","country":"US","city":"Ethel","state":"Louisiana","state_ab":"LA","county":"East Feliciana","geo_location":{ "type": "Point", "coordinates": [-91.11, 30.8131] }},
{"zip_code":"70576","country":"US","city":"Pine Prairie","state":"Louisiana","state_ab":"LA","county":"Evangeline","geo_location":{ "type": "Point", "coordinates": [-92.4163, 30.7831] }},
{"zip_code":"71230","country":"US","city":"Crowville","state":"Louisiana","state_ab":"LA","county":"Franklin","geo_location":{ "type": "Point", "coordinates": [-91.6919, 32.1389] }},
{"zip_code":"71243","country":"US","city":"Fort Necessity","state":"Louisiana","state_ab":"LA","county":"Franklin","geo_location":{ "type": "Point", "coordinates": [-91.8257, 32.0434] }},
{"zip_code":"71423","country":"US","city":"Dry Prong","state":"Louisiana","state_ab":"LA","county":"Grant","geo_location":{ "type": "Point", "coordinates": [-92.5665, 31.5979] }},
{"zip_code":"70563","country":"US","city":"New Iberia","state":"Louisiana","state_ab":"LA","county":"Iberia","geo_location":{ "type": "Point", "coordinates": [-91.7496, 30.0245] }},
{"zip_code":"70716","country":"US","city":"Bayou Goula","state":"Louisiana","state_ab":"LA","county":"Iberville","geo_location":{ "type": "Point", "coordinates": [-91.3603, 30.2614] }},
{"zip_code":"70006","country":"US","city":"Metairie","state":"Louisiana","state_ab":"LA","county":"Jefferson","geo_location":{ "type": "Point", "coordinates": [-90.1915, 30.0129] }},
{"zip_code":"70033","country":"US","city":"Metairie","state":"Louisiana","state_ab":"LA","county":"Jefferson","geo_location":{ "type": "Point", "coordinates": [-90.0901, 29.6779] }},
{"zip_code":"70059","country":"US","city":"Harvey","state":"Louisiana","state_ab":"LA","county":"Jefferson","geo_location":{ "type": "Point", "coordinates": [-90.0901, 29.6779] }},
{"zip_code":"70060","country":"US","city":"Metairie","state":"Louisiana","state_ab":"LA","county":"Jefferson","geo_location":{ "type": "Point", "coordinates": [-90.0901, 29.6779] }},
{"zip_code":"70073","country":"US","city":"Marrero","state":"Louisiana","state_ab":"LA","county":"Jefferson","geo_location":{ "type": "Point", "coordinates": [-90.0901, 29.6779] }},
{"zip_code":"70123","country":"US","city":"New Orleans","state":"Louisiana","state_ab":"LA","county":"Jefferson","geo_location":{ "type": "Point", "coordinates": [-90.206, 29.9511] }},
{"zip_code":"70549","country":"US","city":"Lake Arthur","state":"Louisiana","state_ab":"LA","county":"Jefferson Davis","geo_location":{ "type": "Point", "coordinates": [-92.6825, 30.091] }},
{"zip_code":"70640","country":"US","city":"Fenton","state":"Louisiana","state_ab":"LA","county":"Jefferson Davis","geo_location":{ "type": "Point", "coordinates": [-92.9122, 30.3655] }},
{"zip_code":"70509","country":"US","city":"Lafayette","state":"Louisiana","state_ab":"LA","county":"Lafayette","geo_location":{ "type": "Point", "coordinates": [-92.0, 30.1565] }},
{"zip_code":"30176","country":"US","city":"Tallapoosa","state":"Georgia","state_ab":"GA","county":"Haralson","geo_location":{ "type": "Point", "coordinates": [-85.3, 33.7602] }},
{"zip_code":"31823","country":"US","city":"Pine Mountain Valley","state":"Georgia","state_ab":"GA","county":"Harris","geo_location":{ "type": "Point", "coordinates": [-84.8204, 32.8226] }},
{"zip_code":"30253","country":"US","city":"Mcdonough","state":"Georgia","state_ab":"GA","county":"Henry","geo_location":{ "type": "Point", "coordinates": [-84.1544, 33.451] }},
{"zip_code":"31760","country":"US","city":"Irwinville","state":"Georgia","state_ab":"GA","county":"Irwin","geo_location":{ "type": "Point", "coordinates": [-83.4086, 31.7063] }},
{"zip_code":"30549","country":"US","city":"Jefferson","state":"Georgia","state_ab":"GA","county":"Jackson","geo_location":{ "type": "Point", "coordinates": [-83.5708, 34.1062] }},
{"zip_code":"31539","country":"US","city":"Hazlehurst","state":"Georgia","state_ab":"GA","county":"Jeff Davis","geo_location":{ "type": "Point", "coordinates": [-82.5909, 31.8606] }},
{"zip_code":"30833","country":"US","city":"Wrens","state":"Georgia","state_ab":"GA","county":"Jefferson","geo_location":{ "type": "Point", "coordinates": [-82.381, 33.2104] }},
{"zip_code":"31049","country":"US","city":"Kite","state":"Georgia","state_ab":"GA","county":"Johnson","geo_location":{ "type": "Point", "coordinates": [-82.5274, 32.7078] }},
{"zip_code":"31009","country":"US","city":"Cadwell","state":"Georgia","state_ab":"GA","county":"Laurens","geo_location":{ "type": "Point", "coordinates": [-83.0268, 32.3174] }},
{"zip_code":"31320","country":"US","city":"Midway","state":"Georgia","state_ab":"GA","county":"Liberty","geo_location":{ "type": "Point", "coordinates": [-81.3909, 31.8018] }},
{"zip_code":"31333","country":"US","city":"Walthourville","state":"Georgia","state_ab":"GA","county":"Liberty","geo_location":{ "type": "Point", "coordinates": [-81.6208, 31.7705] }},
{"zip_code":"31603","country":"US","city":"Valdosta","state":"Georgia","state_ab":"GA","county":"Lowndes","geo_location":{ "type": "Point", "coordinates": [-83.2522, 30.828] }},
{"zip_code":"30806","country":"US","city":"Boneville","state":"Georgia","state_ab":"GA","county":"McDuffie","geo_location":{ "type": "Point", "coordinates": [-82.5104, 33.528] }},
{"zip_code":"31319","country":"US","city":"Meridian","state":"Georgia","state_ab":"GA","county":"McIntosh","geo_location":{ "type": "Point", "coordinates": [-81.3689, 31.459] }},
{"zip_code":"30293","country":"US","city":"Woodbury","state":"Georgia","state_ab":"GA","county":"Meriwether","geo_location":{ "type": "Point", "coordinates": [-84.5986, 32.9813] }},
{"zip_code":"30473","country":"US","city":"Uvalda","state":"Georgia","state_ab":"GA","county":"Montgomery","geo_location":{ "type": "Point", "coordinates": [-82.5089, 32.0483] }},
{"zip_code":"31900","country":"US","city":"Columbus","state":"Georgia","state_ab":"GA","county":"Muscogee County","geo_location":{ "type": "Point", "coordinates": [-84.9431, 32.4841] }},
{"zip_code":"31993","country":"US","city":"Columbus","state":"Georgia","state_ab":"GA","county":"Muscogee","geo_location":{ "type": "Point", "coordinates": [-84.9771, 32.4821] }},
{"zip_code":"31036","country":"US","city":"Hawkinsville","state":"Georgia","state_ab":"GA","county":"Pulaski","geo_location":{ "type": "Point", "coordinates": [-83.4948, 32.2778] }},
{"zip_code":"30576","country":"US","city":"Tiger","state":"Georgia","state_ab":"GA","county":"Rabun","geo_location":{ "type": "Point", "coordinates": [-83.4333, 34.8174] }},
{"zip_code":"31786","country":"US","city":"Shellman","state":"Georgia","state_ab":"GA","county":"Randolph","geo_location":{ "type": "Point", "coordinates": [-84.6166, 31.7434] }},
{"zip_code":"30909","country":"US","city":"Augusta","state":"Georgia","state_ab":"GA","county":"Richmond","geo_location":{ "type": "Point", "coordinates": [-82.0834, 33.4717] }},
{"zip_code":"30910","country":"US","city":"Augusta","state":"Georgia","state_ab":"GA","county":"Richmond","geo_location":{ "type": "Point", "coordinates": [-82.091, 33.386] }},
{"zip_code":"30446","country":"US","city":"Newington","state":"Georgia","state_ab":"GA","county":"Screven","geo_location":{ "type": "Point", "coordinates": [-81.4826, 32.581] }},
{"zip_code":"31759","country":"US","city":"Iron City","state":"Georgia","state_ab":"GA","county":"Seminole","geo_location":{ "type": "Point", "coordinates": [-84.7966, 30.9947] }},
{"zip_code":"30266","country":"US","city":"Orchard Hill","state":"Georgia","state_ab":"GA","county":"Spalding","geo_location":{ "type": "Point", "coordinates": [-84.299, 33.2657] }},
{"zip_code":"31719","country":"US","city":"Americus","state":"Georgia","state_ab":"GA","county":"Sumter County","geo_location":{ "type": "Point", "coordinates": [-84.2975, 32.0833] }},
{"zip_code":"31810","country":"US","city":"Geneva","state":"Georgia","state_ab":"GA","county":"Talbot","geo_location":{ "type": "Point", "coordinates": [-84.4949, 32.7011] }},
{"zip_code":"31836","country":"US","city":"Woodland","state":"Georgia","state_ab":"GA","county":"Talbot","geo_location":{ "type": "Point", "coordinates": [-84.5654, 32.79] }},
{"zip_code":"30420","country":"US","city":"Cobbtown","state":"Georgia","state_ab":"GA","county":"Tattnall","geo_location":{ "type": "Point", "coordinates": [-82.1333, 32.2642] }},
{"zip_code":"30499","country":"US","city":"Reidsville","state":"Georgia","state_ab":"GA","county":"Tattnall","geo_location":{ "type": "Point", "coordinates": [-81.9983, 32.0507] }},
{"zip_code":"31076","country":"US","city":"Reynolds","state":"Georgia","state_ab":"GA","county":"Taylor","geo_location":{ "type": "Point", "coordinates": [-84.1011, 32.5541] }},
{"zip_code":"31773","country":"US","city":"Ochlocknee","state":"Georgia","state_ab":"GA","county":"Thomas","geo_location":{ "type": "Point", "coordinates": [-84.0326, 30.9594] }},
{"zip_code":"31799","country":"US","city":"Thomasville","state":"Georgia","state_ab":"GA","county":"Thomas","geo_location":{ "type": "Point", "coordinates": [-83.8859, 30.881] }},
{"zip_code":"31733","country":"US","city":"Chula","state":"Georgia","state_ab":"GA","county":"Tift","geo_location":{ "type": "Point", "coordinates": [-83.5509, 31.5439] }},
{"zip_code":"30240","country":"US","city":"Lagrange","state":"Georgia","state_ab":"GA","county":"Troup","geo_location":{ "type": "Point", "coordinates": [-85.0739, 33.0243] }},
{"zip_code":"30279","country":"US","city":"Social Circle","state":"Georgia","state_ab":"GA","county":"Walton County","geo_location":{ "type": "Point", "coordinates": [-83.7058, 33.6539] }},
{"zip_code":"30819","country":"US","city":"Mesena","state":"Georgia","state_ab":"GA","county":"Warren","geo_location":{ "type": "Point", "coordinates": [-82.6252, 33.4324] }},
{"zip_code":"31089","country":"US","city":"Tennille","state":"Georgia","state_ab":"GA","county":"Washington","geo_location":{ "type": "Point", "coordinates": [-82.84, 32.9063] }},
{"zip_code":"30756","country":"US","city":"Varnell","state":"Georgia","state_ab":"GA","county":"Whitfield","geo_location":{ "type": "Point", "coordinates": [-84.9885, 34.9298] }},
{"zip_code":"31090","country":"US","city":"Toomsboro","state":"Georgia","state_ab":"GA","county":"Wilkinson","geo_location":{ "type": "Point", "coordinates": [-83.0844, 32.8219] }},
{"zip_code":"96743","country":"US","city":"Kamuela","state":"Hawaii","state_ab":"HI","county":"Hawaii","geo_location":{ "type": "Point", "coordinates": [-155.7052, 20.0081] }},
{"zip_code":"96783","country":"US","city":"Pepeekeo","state":"Hawaii","state_ab":"HI","county":"Hawaii","geo_location":{ "type": "Point", "coordinates": [-155.113, 19.8353] }},
{"zip_code":"96730","country":"US","city":"Kaaawa","state":"Hawaii","state_ab":"HI","county":"Honolulu","geo_location":{ "type": "Point", "coordinates": [-157.8495, 21.5481] }},
{"zip_code":"96806","country":"US","city":"Honolulu","state":"Hawaii","state_ab":"HI","county":"Honolulu","geo_location":{ "type": "Point", "coordinates": [-157.8585, 21.3062] }},
{"zip_code":"96819","country":"US","city":"Honolulu","state":"Hawaii","state_ab":"HI","county":"Honolulu","geo_location":{ "type": "Point", "coordinates": [-157.8759, 21.3488] }},
{"zip_code":"96820","country":"US","city":"Honolulu","state":"Hawaii","state_ab":"HI","county":"Honolulu","geo_location":{ "type": "Point", "coordinates": [-157.8795, 21.351] }},
{"zip_code":"96846","country":"US","city":"Honolulu","state":"Hawaii","state_ab":"HI","county":"Honolulu","geo_location":{ "type": "Point", "coordinates": [-157.8699, 21.3206] }},
{"zip_code":"96859","country":"US","city":"Tripler Army Medical Ctr","state":"Hawaii","state_ab":"HI","county":"Honolulu","geo_location":{ "type": "Point", "coordinates": [-157.875, 21.349] }},
{"zip_code":"96860","country":"US","city":"Pearl Harbor","state":"Hawaii","state_ab":"HI","county":"Honolulu","geo_location":{ "type": "Point", "coordinates": [-157.9394, 21.3538] }},
{"zip_code":"96703","country":"US","city":"Anahola","state":"Hawaii","state_ab":"HI","county":"Kauai","geo_location":{ "type": "Point", "coordinates": [-159.3478, 22.1533] }},
{"zip_code":"96716","country":"US","city":"Hanapepe","state":"Hawaii","state_ab":"HI","county":"Kauai","geo_location":{ "type": "Point", "coordinates": [-159.592, 21.9156] }},
{"zip_code":"96756","country":"US","city":"Koloa","state":"Hawaii","state_ab":"HI","county":"Kauai","geo_location":{ "type": "Point", "coordinates": [-159.4749, 21.9083] }},
{"zip_code":"96769","country":"US","city":"Makaweli","state":"Hawaii","state_ab":"HI","county":"Kauai","geo_location":{ "type": "Point", "coordinates": [-159.9214, 21.9454] }},
{"zip_code":"96796","country":"US","city":"Waimea","state":"Hawaii","state_ab":"HI","county":"Kauai","geo_location":{ "type": "Point", "coordinates": [-159.6694, 21.9685] }},
{"zip_code":"96729","country":"US","city":"Hoolehua","state":"Hawaii","state_ab":"HI","county":"Maui","geo_location":{ "type": "Point", "coordinates": [-157.0791, 21.173] }},
{"zip_code":"96770","country":"US","city":"Maunaloa","state":"Hawaii","state_ab":"HI","county":"Maui","geo_location":{ "type": "Point", "coordinates": [-157.2193, 21.1422] }},
{"zip_code":"50839","country":"US","city":"Carbon","state":"Iowa","state_ab":"IA","county":"Adams","geo_location":{ "type": "Point", "coordinates": [-94.8231, 41.0487] }},
{"zip_code":"52549","country":"US","city":"Cincinnati","state":"Iowa","state_ab":"IA","county":"Appanoose","geo_location":{ "type": "Point", "coordinates": [-92.9219, 40.6344] }},
{"zip_code":"50040","country":"US","city":"Boxholm","state":"Iowa","state_ab":"IA","county":"Boone","geo_location":{ "type": "Point", "coordinates": [-94.1052, 42.1706] }},
{"zip_code":"50156","country":"US","city":"Madrid","state":"Iowa","state_ab":"IA","county":"Boone","geo_location":{ "type": "Point", "coordinates": [-93.8448, 41.8841] }},
{"zip_code":"52329","country":"US","city":"Rowley","state":"Iowa","state_ab":"IA","county":"Buchanan","geo_location":{ "type": "Point", "coordinates": [-91.7875, 42.3434] }},
{"zip_code":"50619","country":"US","city":"Clarksville","state":"Iowa","state_ab":"IA","county":"Butler","geo_location":{ "type": "Point", "coordinates": [-92.6588, 42.8041] }},
{"zip_code":"50660","country":"US","city":"New Hartford","state":"Iowa","state_ab":"IA","county":"Butler","geo_location":{ "type": "Point", "coordinates": [-92.6164, 42.5831] }},
{"zip_code":"51430","country":"US","city":"Arcadia","state":"Iowa","state_ab":"IA","county":"Carroll","geo_location":{ "type": "Point", "coordinates": [-95.0371, 42.0573] }},
{"zip_code":"51443","country":"US","city":"Glidden","state":"Iowa","state_ab":"IA","county":"Carroll","geo_location":{ "type": "Point", "coordinates": [-94.7148, 42.0618] }},
{"zip_code":"50853","country":"US","city":"Massena","state":"Iowa","state_ab":"IA","county":"Cass","geo_location":{ "type": "Point", "coordinates": [-94.7649, 41.2499] }},
{"zip_code":"50479","country":"US","city":"Thornton","state":"Iowa","state_ab":"IA","county":"Cerro Gordo","geo_location":{ "type": "Point", "coordinates": [-93.4088, 42.9684] }},
{"zip_code":"51029","country":"US","city":"Larrabee","state":"Iowa","state_ab":"IA","county":"Cherokee","geo_location":{ "type": "Point", "coordinates": [-95.5651, 42.8734] }},
{"zip_code":"50659","country":"US","city":"New Hampton","state":"Iowa","state_ab":"IA","county":"Chickasaw","geo_location":{ "type": "Point", "coordinates": [-92.3131, 43.056] }},
{"zip_code":"51340","country":"US","city":"Fostoria","state":"Iowa","state_ab":"IA","county":"Clay","geo_location":{ "type": "Point", "coordinates": [-95.1511, 43.0824] }},
{"zip_code":"51366","country":"US","city":"Webb","state":"Iowa","state_ab":"IA","county":"Clay","geo_location":{ "type": "Point", "coordinates": [-94.9951, 42.9502] }},
{"zip_code":"52226","country":"US","city":"Elwood","state":"Iowa","state_ab":"IA","county":"Clinton","geo_location":{ "type": "Point", "coordinates": [-90.736, 41.989] }},
{"zip_code":"52343","country":"US","city":"Toronto","state":"Iowa","state_ab":"IA","county":"Clinton County","geo_location":{ "type": "Point", "coordinates": [-90.7842, 41.9046] }},
{"zip_code":"52729","country":"US","city":"Calamus","state":"Iowa","state_ab":"IA","county":"Clinton","geo_location":{ "type": "Point", "coordinates": [-90.7416, 41.8111] }},
{"zip_code":"52730","country":"US","city":"Camanche","state":"Iowa","state_ab":"IA","county":"Clinton","geo_location":{ "type": "Point", "coordinates": [-90.2709, 41.7886] }},
{"zip_code":"51520","country":"US","city":"Arion","state":"Iowa","state_ab":"IA","county":"Crawford","geo_location":{ "type": "Point", "coordinates": [-95.4623, 41.9504] }},
{"zip_code":"50039","country":"US","city":"Bouton","state":"Iowa","state_ab":"IA","county":"Dallas","geo_location":{ "type": "Point", "coordinates": [-93.9963, 41.8284] }},
{"zip_code":"50066","country":"US","city":"Dawson","state":"Iowa","state_ab":"IA","county":"Dallas","geo_location":{ "type": "Point", "coordinates": [-94.2171, 41.8324] }},
{"zip_code":"50220","country":"US","city":"Perry","state":"Iowa","state_ab":"IA","county":"Dallas","geo_location":{ "type": "Point", "coordinates": [-94.1022, 41.8397] }},
{"zip_code":"50233","country":"US","city":"Redfield","state":"Iowa","state_ab":"IA","county":"Dallas","geo_location":{ "type": "Point", "coordinates": [-94.1897, 41.5873] }},
{"zip_code":"50103","country":"US","city":"Garden Grove","state":"Iowa","state_ab":"IA","county":"Decatur","geo_location":{ "type": "Point", "coordinates": [-93.6117, 40.7711] }},
{"zip_code":"52330","country":"US","city":"Ryan","state":"Iowa","state_ab":"IA","county":"Delaware","geo_location":{ "type": "Point", "coordinates": [-91.4848, 42.3436] }},
{"zip_code":"52033","country":"US","city":"Cascade","state":"Iowa","state_ab":"IA","county":"Dubuque","geo_location":{ "type": "Point", "coordinates": [-91.0144, 42.287] }},
{"zip_code":"52046","country":"US","city":"Farley","state":"Iowa","state_ab":"IA","county":"Dubuque","geo_location":{ "type": "Point", "coordinates": [-91.0083, 42.4451] }},
{"zip_code":"52073","country":"US","city":"Sherrill","state":"Iowa","state_ab":"IA","county":"Dubuque","geo_location":{ "type": "Point", "coordinates": [-90.8115, 42.6171] }},
{"zip_code":"52099","country":"US","city":"Dubuque","state":"Iowa","state_ab":"IA","county":"Dubuque","geo_location":{ "type": "Point", "coordinates": [-90.8041, 42.4849] }},
{"zip_code":"50606","country":"US","city":"Arlington","state":"Iowa","state_ab":"IA","county":"Fayette","geo_location":{ "type": "Point", "coordinates": [-91.6668, 42.7338] }},
{"zip_code":"50620","country":"US","city":"Colwell","state":"Iowa","state_ab":"IA","county":"Floyd","geo_location":{ "type": "Point", "coordinates": [-92.5905, 43.1584] }},
{"zip_code":"50633","country":"US","city":"Geneva","state":"Iowa","state_ab":"IA","county":"Franklin","geo_location":{ "type": "Point", "coordinates": [-93.1038, 42.6804] }},
{"zip_code":"51649","country":"US","city":"Randolph","state":"Iowa","state_ab":"IA","county":"Fremont","geo_location":{ "type": "Point", "coordinates": [-95.5624, 40.8704] }},
{"zip_code":"51650","country":"US","city":"Riverton","state":"Iowa","state_ab":"IA","county":"Fremont","geo_location":{ "type": "Point", "coordinates": [-95.5773, 40.6629] }},
{"zip_code":"50129","country":"US","city":"Jefferson","state":"Iowa","state_ab":"IA","county":"Greene","geo_location":{ "type": "Point", "coordinates": [-94.3888, 42.0093] }},
{"zip_code":"50673","country":"US","city":"Stout","state":"Iowa","state_ab":"IA","county":"Grundy","geo_location":{ "type": "Point", "coordinates": [-92.7029, 42.5255] }},
{"zip_code":"50026","country":"US","city":"Bagley","state":"Iowa","state_ab":"IA","county":"Guthrie","geo_location":{ "type": "Point", "coordinates": [-94.4415, 41.8341] }}]}