{"value": [{"zip_code":"97133","country":"US","city":"North Plains","state":"Oregon","state_ab":"OR","county":"Washington","geo_location":{ "type": "Point", "coordinates": [-123.0281, 45.6686] }},
{"zip_code":"97223","country":"US","city":"Portland","state":"Oregon","state_ab":"OR","county":"Washington","geo_location":{ "type": "Point", "coordinates": [-122.7793, 45.4403] }},
{"zip_code":"97830","country":"US","city":"Fossil","state":"Oregon","state_ab":"OR","county":"Wheeler","geo_location":{ "type": "Point", "coordinates": [-120.1309, 44.9286] }},
{"zip_code":"17326","country":"US","city":"Gettysburg","state":"Pennsylvania","state_ab":"PA","county":"Adams","geo_location":{ "type": "Point", "coordinates": [-77.2135, 39.8948] }},
{"zip_code":"17340","country":"US","city":"Littlestown","state":"Pennsylvania","state_ab":"PA","county":"Adams","geo_location":{ "type": "Point", "coordinates": [-77.1003, 39.7495] }},
{"zip_code":"17353","country":"US","city":"Orrtanna","state":"Pennsylvania","state_ab":"PA","county":"Adams","geo_location":{ "type": "Point", "coordinates": [-77.3806, 39.881] }},
{"zip_code":"15049","country":"US","city":"Harwick","state":"Pennsylvania","state_ab":"PA","county":"Allegheny","geo_location":{ "type": "Point", "coordinates": [-79.8051, 40.5574] }},
{"zip_code":"15076","country":"US","city":"Russellton","state":"Pennsylvania","state_ab":"PA","county":"Allegheny","geo_location":{ "type": "Point", "coordinates": [-79.8347, 40.6073] }},
{"zip_code":"15090","country":"US","city":"Wexford","state":"Pennsylvania","state_ab":"PA","county":"Allegheny","geo_location":{ "type": "Point", "coordinates": [-80.0649, 40.612] }},
{"zip_code":"15126","country":"US","city":"Imperial","state":"Pennsylvania","state_ab":"PA","county":"Allegheny","geo_location":{ "type": "Point", "coordinates": [-80.2649, 40.4584] }},
{"zip_code":"15139","country":"US","city":"Oakmont","state":"Pennsylvania","state_ab":"PA","county":"Allegheny","geo_location":{ "type": "Point", "coordinates": [-79.8369, 40.5196] }},
{"zip_code":"15140","country":"US","city":"Pitcairn","state":"Pennsylvania","state_ab":"PA","county":"Allegheny","geo_location":{ "type": "Point", "coordinates": [-79.777, 40.4048] }},
{"zip_code":"15203","country":"US","city":"Pittsburgh","state":"Pennsylvania","state_ab":"PA","county":"Allegheny","geo_location":{ "type": "Point", "coordinates": [-79.9799, 40.4254] }},
{"zip_code":"15216","country":"US","city":"Pittsburgh","state":"Pennsylvania","state_ab":"PA","county":"Allegheny","geo_location":{ "type": "Point", "coordinates": [-80.0462, 40.4001] }},
{"zip_code":"15229","country":"US","city":"Pittsburgh","state":"Pennsylvania","state_ab":"PA","county":"Allegheny","geo_location":{ "type": "Point", "coordinates": [-80.037, 40.5203] }},
{"zip_code":"15230","country":"US","city":"Pittsburgh","state":"Pennsylvania","state_ab":"PA","county":"Allegheny","geo_location":{ "type": "Point", "coordinates": [-80.0248, 40.4344] }},
{"zip_code":"15243","country":"US","city":"Pittsburgh","state":"Pennsylvania","state_ab":"PA","county":"Allegheny","geo_location":{ "type": "Point", "coordinates": [-80.0731, 40.3748] }},
{"zip_code":"15270","country":"US","city":"Pittsburgh","state":"Pennsylvania","state_ab":"PA","county":"Allegheny","geo_location":{ "type": "Point", "coordinates": [-80.0248, 40.4344] }},
{"zip_code":"15283","country":"US","city":"Pittsburgh","state":"Pennsylvania","state_ab":"PA","county":"Allegheny","geo_location":{ "type": "Point", "coordinates": [-80.0248, 40.4344] }},
{"zip_code":"15630","country":"US","city":"Edmon","state":"Pennsylvania","state_ab":"PA","county":"Armstrong","geo_location":{ "type": "Point", "coordinates": [-79.4516, 40.8478] }},
{"zip_code":"15656","country":"US","city":"Leechburg","state":"Pennsylvania","state_ab":"PA","county":"Armstrong","geo_location":{ "type": "Point", "coordinates": [-79.6201, 40.6344] }},
{"zip_code":"16259","country":"US","city":"Templeton","state":"Pennsylvania","state_ab":"PA","county":"Armstrong","geo_location":{ "type": "Point", "coordinates": [-79.4499, 40.9419] }},
{"zip_code":"15009","country":"US","city":"Beaver","state":"Pennsylvania","state_ab":"PA","county":"Beaver","geo_location":{ "type": "Point", "coordinates": [-80.3365, 40.6972] }},
{"zip_code":"15010","country":"US","city":"Beaver Falls","state":"Pennsylvania","state_ab":"PA","county":"Beaver","geo_location":{ "type": "Point", "coordinates": [-80.3592, 40.7687] }},
{"zip_code":"15050","country":"US","city":"Hookstown","state":"Pennsylvania","state_ab":"PA","county":"Beaver","geo_location":{ "type": "Point", "coordinates": [-80.4388, 40.5622] }},
{"zip_code":"15539","country":"US","city":"Fishertown","state":"Pennsylvania","state_ab":"PA","county":"Bedford","geo_location":{ "type": "Point", "coordinates": [-78.5915, 40.1302] }},
{"zip_code":"16633","country":"US","city":"Defiance","state":"Pennsylvania","state_ab":"PA","county":"Bedford","geo_location":{ "type": "Point", "coordinates": [-78.2346, 40.1601] }},
{"zip_code":"16659","country":"US","city":"Loysburg","state":"Pennsylvania","state_ab":"PA","county":"Bedford","geo_location":{ "type": "Point", "coordinates": [-78.3853, 40.1703] }},
{"zip_code":"19526","country":"US","city":"Hamburg","state":"Pennsylvania","state_ab":"PA","county":"Berks","geo_location":{ "type": "Point", "coordinates": [-75.9874, 40.5488] }},
{"zip_code":"19539","country":"US","city":"Mertztown","state":"Pennsylvania","state_ab":"PA","county":"Berks","geo_location":{ "type": "Point", "coordinates": [-75.6872, 40.4992] }},
{"zip_code":"19540","country":"US","city":"Mohnton","state":"Pennsylvania","state_ab":"PA","county":"Berks","geo_location":{ "type": "Point", "coordinates": [-75.9833, 40.2584] }},
{"zip_code":"19603","country":"US","city":"Reading","state":"Pennsylvania","state_ab":"PA","county":"Berks","geo_location":{ "type": "Point", "coordinates": [-75.9631, 40.3884] }},
{"zip_code":"16673","country":"US","city":"Roaring Spring","state":"Pennsylvania","state_ab":"PA","county":"Blair","geo_location":{ "type": "Point", "coordinates": [-78.3928, 40.3277] }},
{"zip_code":"16686","country":"US","city":"Tyrone","state":"Pennsylvania","state_ab":"PA","county":"Blair","geo_location":{ "type": "Point", "coordinates": [-78.2419, 40.6619] }},
{"zip_code":"18833","country":"US","city":"New Albany","state":"Pennsylvania","state_ab":"PA","county":"Bradford","geo_location":{ "type": "Point", "coordinates": [-76.4398, 41.5987] }},
{"zip_code":"18846","country":"US","city":"Sugar Run","state":"Pennsylvania","state_ab":"PA","county":"Bradford","geo_location":{ "type": "Point", "coordinates": [-76.2598, 41.6041] }},
{"zip_code":"18910","country":"US","city":"Bedminster","state":"Pennsylvania","state_ab":"PA","county":"Bucks","geo_location":{ "type": "Point", "coordinates": [-75.1028, 40.3286] }},
{"zip_code":"18923","country":"US","city":"Fountainville","state":"Pennsylvania","state_ab":"PA","county":"Bucks","geo_location":{ "type": "Point", "coordinates": [-75.1711, 40.3578] }},
{"zip_code":"18949","country":"US","city":"Plumsteadville","state":"Pennsylvania","state_ab":"PA","county":"Bucks","geo_location":{ "type": "Point", "coordinates": [-75.1425, 40.388] }},
{"zip_code":"18950","country":"US","city":"Point Pleasant","state":"Pennsylvania","state_ab":"PA","county":"Bucks","geo_location":{ "type": "Point", "coordinates": [-75.0748, 40.4165] }},
{"zip_code":"18963","country":"US","city":"Solebury","state":"Pennsylvania","state_ab":"PA","county":"Bucks","geo_location":{ "type": "Point", "coordinates": [-75.1028, 40.3286] }},
{"zip_code":"18976","country":"US","city":"Warrington","state":"Pennsylvania","state_ab":"PA","county":"Bucks","geo_location":{ "type": "Point", "coordinates": [-75.1354, 40.2464] }},
{"zip_code":"19049","country":"US","city":"Langhorne","state":"Pennsylvania","state_ab":"PA","county":"Bucks","geo_location":{ "type": "Point", "coordinates": [-75.1028, 40.3286] }},
{"zip_code":"16039","country":"US","city":"Herman","state":"Pennsylvania","state_ab":"PA","county":"Butler","geo_location":{ "type": "Point", "coordinates": [-79.9276, 40.9211] }},
{"zip_code":"16040","country":"US","city":"Hilliards","state":"Pennsylvania","state_ab":"PA","county":"Butler","geo_location":{ "type": "Point", "coordinates": [-79.8215, 41.1009] }},
{"zip_code":"16053","country":"US","city":"Renfrew","state":"Pennsylvania","state_ab":"PA","county":"Butler","geo_location":{ "type": "Point", "coordinates": [-79.977, 40.81] }},
{"zip_code":"16066","country":"US","city":"Cranberry Twp","state":"Pennsylvania","state_ab":"PA","county":"Butler","geo_location":{ "type": "Point", "coordinates": [-80.1046, 40.7097] }},
{"zip_code":"15760","country":"US","city":"Marsteller","state":"Pennsylvania","state_ab":"PA","county":"Cambria","geo_location":{ "type": "Point", "coordinates": [-78.8054, 40.6522] }},
{"zip_code":"15773","country":"US","city":"Saint Benedict","state":"Pennsylvania","state_ab":"PA","county":"Cambria","geo_location":{ "type": "Point", "coordinates": [-78.7329, 40.6298] }},
{"zip_code":"15940","country":"US","city":"Loretto","state":"Pennsylvania","state_ab":"PA","county":"Cambria","geo_location":{ "type": "Point", "coordinates": [-78.6294, 40.5105] }},
{"zip_code":"16619","country":"US","city":"Blandburg","state":"Pennsylvania","state_ab":"PA","county":"Cambria","geo_location":{ "type": "Point", "coordinates": [-78.4137, 40.6847] }},
{"zip_code":"16646","country":"US","city":"Hastings","state":"Pennsylvania","state_ab":"PA","county":"Cambria","geo_location":{ "type": "Point", "coordinates": [-78.7029, 40.6659] }},
{"zip_code":"16699","country":"US","city":"Cresson","state":"Pennsylvania","state_ab":"PA","county":"Cambria","geo_location":{ "type": "Point", "coordinates": [-78.7022, 40.4845] }},
{"zip_code":"18240","country":"US","city":"Nesquehoning","state":"Pennsylvania","state_ab":"PA","county":"Carbon","geo_location":{ "type": "Point", "coordinates": [-75.8239, 40.8626] }},
{"zip_code":"16826","country":"US","city":"Blanchard","state":"Pennsylvania","state_ab":"PA","county":"Centre","geo_location":{ "type": "Point", "coordinates": [-77.595, 41.0642] }},
{"zip_code":"16853","country":"US","city":"Milesburg","state":"Pennsylvania","state_ab":"PA","county":"Centre","geo_location":{ "type": "Point", "coordinates": [-77.7815, 40.9541] }},
{"zip_code":"16866","country":"US","city":"Philipsburg","state":"Pennsylvania","state_ab":"PA","county":"Centre","geo_location":{ "type": "Point", "coordinates": [-78.219, 40.8863] }},
{"zip_code":"19320","country":"US","city":"Coatesville","state":"Pennsylvania","state_ab":"PA","county":"Chester","geo_location":{ "type": "Point", "coordinates": [-75.8253, 39.9843] }},
{"zip_code":"19333","country":"US","city":"Devon","state":"Pennsylvania","state_ab":"PA","county":"Chester","geo_location":{ "type": "Point", "coordinates": [-75.4227, 40.0452] }},
{"zip_code":"19346","country":"US","city":"Kelton","state":"Pennsylvania","state_ab":"PA","county":"Chester","geo_location":{ "type": "Point", "coordinates": [-75.7481, 39.9832] }},
{"zip_code":"19360","country":"US","city":"New London","state":"Pennsylvania","state_ab":"PA","county":"Chester","geo_location":{ "type": "Point", "coordinates": [-75.7857, 39.7261] }},
{"zip_code":"19399","country":"US","city":"Southeastern","state":"Pennsylvania","state_ab":"PA","county":"Chester","geo_location":{ "type": "Point", "coordinates": [-75.7481, 39.9832] }},
{"zip_code":"19489","country":"US","city":"Norristown","state":"Pennsylvania","state_ab":"PA","county":"Chester","geo_location":{ "type": "Point", "coordinates": [-75.7481, 39.9832] }},
{"zip_code":"16220","country":"US","city":"Crown","state":"Pennsylvania","state_ab":"PA","county":"Clarion","geo_location":{ "type": "Point", "coordinates": [-79.4538, 41.2023] }},
{"zip_code":"16233","country":"US","city":"Leeper","state":"Pennsylvania","state_ab":"PA","county":"Clarion","geo_location":{ "type": "Point", "coordinates": [-79.3022, 41.3671] }},
{"zip_code":"16260","country":"US","city":"Vowinckel","state":"Pennsylvania","state_ab":"PA","county":"Clarion","geo_location":{ "type": "Point", "coordinates": [-79.2266, 41.3957] }},
{"zip_code":"15849","country":"US","city":"Penfield","state":"Pennsylvania","state_ab":"PA","county":"Clearfield","geo_location":{ "type": "Point", "coordinates": [-78.5791, 41.2085] }},
{"zip_code":"16620","country":"US","city":"Brisbin","state":"Pennsylvania","state_ab":"PA","county":"Clearfield","geo_location":{ "type": "Point", "coordinates": [-78.3526, 40.8387] }},
{"zip_code":"16839","country":"US","city":"Grassflat","state":"Pennsylvania","state_ab":"PA","county":"Clearfield","geo_location":{ "type": "Point", "coordinates": [-78.1104, 41.0036] }},
{"zip_code":"16840","country":"US","city":"Hawk Run","state":"Pennsylvania","state_ab":"PA","county":"Clearfield","geo_location":{ "type": "Point", "coordinates": [-78.2037, 40.923] }},
{"zip_code":"16879","country":"US","city":"Winburne","state":"Pennsylvania","state_ab":"PA","county":"Clearfield","geo_location":{ "type": "Point", "coordinates": [-78.1508, 40.9696] }},
{"zip_code":"17726","country":"US","city":"Castanea","state":"Pennsylvania","state_ab":"PA","county":"Clinton","geo_location":{ "type": "Point", "coordinates": [-77.4317, 41.1227] }},
{"zip_code":"17779","country":"US","city":"Woolrich","state":"Pennsylvania","state_ab":"PA","county":"Clinton","geo_location":{ "type": "Point", "coordinates": [-77.3728, 41.1874] }},
{"zip_code":"17920","country":"US","city":"Aristes","state":"Pennsylvania","state_ab":"PA","county":"Columbia","geo_location":{ "type": "Point", "coordinates": [-76.3503, 40.8167] }},
{"zip_code":"16440","country":"US","city":"Venango","state":"Pennsylvania","state_ab":"PA","county":"Crawford","geo_location":{ "type": "Point", "coordinates": [-80.0982, 41.764] }},
{"zip_code":"17043","country":"US","city":"Lemoyne","state":"Pennsylvania","state_ab":"PA","county":"Cumberland","geo_location":{ "type": "Point", "coordinates": [-76.9001, 40.2469] }},
{"zip_code":"17070","country":"US","city":"New Cumberland","state":"Pennsylvania","state_ab":"PA","county":"Cumberland","geo_location":{ "type": "Point", "coordinates": [-76.8689, 40.2151] }},
{"zip_code":"17030","country":"US","city":"Gratz","state":"Pennsylvania","state_ab":"PA","county":"Dauphin","geo_location":{ "type": "Point", "coordinates": [-76.7375, 40.6082] }},
{"zip_code":"17106","country":"US","city":"Harrisburg","state":"Pennsylvania","state_ab":"PA","county":"Dauphin","geo_location":{ "type": "Point", "coordinates": [-76.8501, 40.2927] }},
{"zip_code":"17120","country":"US","city":"Harrisburg","state":"Pennsylvania","state_ab":"PA","county":"Dauphin","geo_location":{ "type": "Point", "coordinates": [-76.8827, 40.2657] }},
{"zip_code":"19010","country":"US","city":"Bryn Mawr","state":"Pennsylvania","state_ab":"PA","county":"Delaware","geo_location":{ "type": "Point", "coordinates": [-75.3295, 40.0236] }},
{"zip_code":"19023","country":"US","city":"Darby","state":"Pennsylvania","state_ab":"PA","county":"Delaware","geo_location":{ "type": "Point", "coordinates": [-75.2696, 39.9176] }},
{"zip_code":"19036","country":"US","city":"Glenolden","state":"Pennsylvania","state_ab":"PA","county":"Delaware","geo_location":{ "type": "Point", "coordinates": [-75.2946, 39.9048] }},
{"zip_code":"19050","country":"US","city":"Lansdowne","state":"Pennsylvania","state_ab":"PA","county":"Delaware","geo_location":{ "type": "Point", "coordinates": [-75.2637, 39.9375] }},
{"zip_code":"19063","country":"US","city":"Media","state":"Pennsylvania","state_ab":"PA","county":"Delaware","geo_location":{ "type": "Point", "coordinates": [-75.3991, 39.9188] }},
{"zip_code":"19076","country":"US","city":"Prospect Park","state":"Pennsylvania","state_ab":"PA","county":"Delaware","geo_location":{ "type": "Point", "coordinates": [-75.3082, 39.8857] }},
{"zip_code":"19089","country":"US","city":"Wayne","state":"Pennsylvania","state_ab":"PA","county":"Delaware","geo_location":{ "type": "Point", "coordinates": [-75.3573, 40.0434] }},
{"zip_code":"19113","country":"US","city":"Philadelphia","state":"Pennsylvania","state_ab":"PA","county":"Delaware","geo_location":{ "type": "Point", "coordinates": [-75.2752, 39.865] }},
{"zip_code":"19319","country":"US","city":"Cheyney","state":"Pennsylvania","state_ab":"PA","county":"Delaware","geo_location":{ "type": "Point", "coordinates": [-75.5222, 39.9209] }},
{"zip_code":"19373","country":"US","city":"Thornton","state":"Pennsylvania","state_ab":"PA","county":"Delaware","geo_location":{ "type": "Point", "coordinates": [-75.5313, 39.9041] }},
{"zip_code":"15823","country":"US","city":"Brockport","state":"Pennsylvania","state_ab":"PA","county":"Elk","geo_location":{ "type": "Point", "coordinates": [-78.7128, 41.2822] }},
{"zip_code":"16413","country":"US","city":"Elgin","state":"Pennsylvania","state_ab":"PA","county":"Erie","geo_location":{ "type": "Point", "coordinates": [-80.0649, 42.1827] }},
{"zip_code":"16426","country":"US","city":"Mc Kean","state":"Pennsylvania","state_ab":"PA","county":"Erie","geo_location":{ "type": "Point", "coordinates": [-80.1473, 41.999] }},
{"zip_code":"16503","country":"US","city":"Erie","state":"Pennsylvania","state_ab":"PA","county":"Erie","geo_location":{ "type": "Point", "coordinates": [-80.064, 42.1265] }},
{"zip_code":"16530","country":"US","city":"Erie","state":"Pennsylvania","state_ab":"PA","county":"Erie","geo_location":{ "type": "Point", "coordinates": [-80.0649, 42.1827] }},
{"zip_code":"15410","country":"US","city":"Adah","state":"Pennsylvania","state_ab":"PA","county":"Fayette","geo_location":{ "type": "Point", "coordinates": [-79.8908, 39.8831] }},
{"zip_code":"15436","country":"US","city":"Fairchance","state":"Pennsylvania","state_ab":"PA","county":"Fayette","geo_location":{ "type": "Point", "coordinates": [-79.7551, 39.8229] }},
{"zip_code":"15449","country":"US","city":"Keisterville","state":"Pennsylvania","state_ab":"PA","county":"Fayette","geo_location":{ "type": "Point", "coordinates": [-79.7853, 39.9636] }},
{"zip_code":"15450","country":"US","city":"La Belle","state":"Pennsylvania","state_ab":"PA","county":"Fayette","geo_location":{ "type": "Point", "coordinates": [-79.9754, 39.9983] }},
{"zip_code":"15463","country":"US","city":"Merrittstown","state":"Pennsylvania","state_ab":"PA","county":"Fayette","geo_location":{ "type": "Point", "coordinates": [-79.8336, 39.8825] }},
{"zip_code":"15476","country":"US","city":"Ronco","state":"Pennsylvania","state_ab":"PA","county":"Fayette","geo_location":{ "type": "Point", "coordinates": [-79.9206, 39.8697] }},
{"zip_code":"15489","country":"US","city":"West Leisenring","state":"Pennsylvania","state_ab":"PA","county":"Fayette","geo_location":{ "type": "Point", "coordinates": [-79.7007, 39.9561] }},
{"zip_code":"15490","country":"US","city":"White","state":"Pennsylvania","state_ab":"PA","county":"Fayette","geo_location":{ "type": "Point", "coordinates": [-79.4251, 40.0726] }},
{"zip_code":"17210","country":"US","city":"Amberson","state":"Pennsylvania","state_ab":"PA","county":"Franklin","geo_location":{ "type": "Point", "coordinates": [-77.6614, 40.1717] }},
{"zip_code":"17236","country":"US","city":"Mercersburg","state":"Pennsylvania","state_ab":"PA","county":"Franklin","geo_location":{ "type": "Point", "coordinates": [-77.9073, 39.8195] }},
{"zip_code":"17250","country":"US","city":"Rouzerville","state":"Pennsylvania","state_ab":"PA","county":"Franklin","geo_location":{ "type": "Point", "coordinates": [-77.5247, 39.7364] }},
{"zip_code":"17263","country":"US","city":"State Line","state":"Pennsylvania","state_ab":"PA","county":"Franklin","geo_location":{ "type": "Point", "coordinates": [-77.7186, 39.7248] }},
{"zip_code":"17223","country":"US","city":"Fort Littleton","state":"Pennsylvania","state_ab":"PA","county":"Fulton","geo_location":{ "type": "Point", "coordinates": [-77.9532, 40.078] }},
{"zip_code":"15320","country":"US","city":"Carmichaels","state":"Pennsylvania","state_ab":"PA","county":"Greene","geo_location":{ "type": "Point", "coordinates": [-79.971, 39.8825] }},
{"zip_code":"15346","country":"US","city":"Mather","state":"Pennsylvania","state_ab":"PA","county":"Greene","geo_location":{ "type": "Point", "coordinates": [-80.0753, 39.9354] }},
{"zip_code":"15359","country":"US","city":"Rogersville","state":"Pennsylvania","state_ab":"PA","county":"Greene","geo_location":{ "type": "Point", "coordinates": [-80.2758, 39.8765] }},
{"zip_code":"16660","country":"US","city":"Mc Connellstown","state":"Pennsylvania","state_ab":"PA","county":"Huntingdon","geo_location":{ "type": "Point", "coordinates": [-77.967, 40.4025] }},
{"zip_code":"17249","country":"US","city":"Rockhill Furnace","state":"Pennsylvania","state_ab":"PA","county":"Huntingdon","geo_location":{ "type": "Point", "coordinates": [-77.8995, 40.2414] }},
{"zip_code":"15720","country":"US","city":"Brush Valley","state":"Pennsylvania","state_ab":"PA","county":"Indiana","geo_location":{ "type": "Point", "coordinates": [-79.0846, 40.5292] }},
{"zip_code":"15746","country":"US","city":"Hillsdale","state":"Pennsylvania","state_ab":"PA","county":"Indiana","geo_location":{ "type": "Point", "coordinates": [-78.8773, 40.7679] }},
{"zip_code":"15759","country":"US","city":"Marion Center","state":"Pennsylvania","state_ab":"PA","county":"Indiana","geo_location":{ "type": "Point", "coordinates": [-79.0252, 40.7814] }},
{"zip_code":"16246","country":"US","city":"Plumville","state":"Pennsylvania","state_ab":"PA","county":"Indiana","geo_location":{ "type": "Point", "coordinates": [-79.1294, 40.64] }},
{"zip_code":"15733","country":"US","city":"De Lancey","state":"Pennsylvania","state_ab":"PA","county":"Jefferson","geo_location":{ "type": "Point", "coordinates": [-78.9629, 41.1411] }},
{"zip_code":"15863","country":"US","city":"Stump Creek","state":"Pennsylvania","state_ab":"PA","county":"Jefferson","geo_location":{ "type": "Point", "coordinates": [-78.9629, 41.1411] }},
{"zip_code":"17056","country":"US","city":"Mexico","state":"Pennsylvania","state_ab":"PA","county":"Juniata","geo_location":{ "type": "Point", "coordinates": [-77.3543, 40.5373] }},
{"zip_code":"18420","country":"US","city":"Fleetville","state":"Pennsylvania","state_ab":"PA","county":"Lackawanna","geo_location":{ "type": "Point", "coordinates": [-75.6376, 41.4019] }},
{"zip_code":"18433","country":"US","city":"Jermyn","state":"Pennsylvania","state_ab":"PA","county":"Lackawanna","geo_location":{ "type": "Point", "coordinates": [-75.5881, 41.5744] }},
{"zip_code":"18509","country":"US","city":"Scranton","state":"Pennsylvania","state_ab":"PA","county":"Lackawanna","geo_location":{ "type": "Point", "coordinates": [-75.6465, 41.4274] }},
{"zip_code":"18510","country":"US","city":"Scranton","state":"Pennsylvania","state_ab":"PA","county":"Lackawanna","geo_location":{ "type": "Point", "coordinates": [-75.6484, 41.408] }},
{"zip_code":"18653","country":"US","city":"Ransom","state":"Pennsylvania","state_ab":"PA","county":"Lackawanna","geo_location":{ "type": "Point", "coordinates": [-75.8242, 41.3945] }},
{"zip_code":"17506","country":"US","city":"Blue Ball","state":"Pennsylvania","state_ab":"PA","county":"Lancaster","geo_location":{ "type": "Point", "coordinates": [-76.0524, 40.1173] }},
{"zip_code":"17519","country":"US","city":"East Earl","state":"Pennsylvania","state_ab":"PA","county":"Lancaster","geo_location":{ "type": "Point", "coordinates": [-76.0276, 40.1395] }},
{"zip_code":"17520","country":"US","city":"East Petersburg","state":"Pennsylvania","state_ab":"PA","county":"Lancaster","geo_location":{ "type": "Point", "coordinates": [-76.3512, 40.1008] }},
{"zip_code":"17533","country":"US","city":"Hopeland","state":"Pennsylvania","state_ab":"PA","county":"Lancaster","geo_location":{ "type": "Point", "coordinates": [-76.2607, 40.2339] }},
{"zip_code":"17560","country":"US","city":"New Providence","state":"Pennsylvania","state_ab":"PA","county":"Lancaster","geo_location":{ "type": "Point", "coordinates": [-76.2243, 39.9098] }},
{"zip_code":"17573","country":"US","city":"Ronks","state":"Pennsylvania","state_ab":"PA","county":"Lancaster","geo_location":{ "type": "Point", "coordinates": [-76.2976, 40.0185] }},
{"zip_code":"16103","country":"US","city":"New Castle","state":"Pennsylvania","state_ab":"PA","county":"Lawrence","geo_location":{ "type": "Point", "coordinates": [-80.3084, 40.9897] }},
{"zip_code":"16116","country":"US","city":"Edinburg","state":"Pennsylvania","state_ab":"PA","county":"Lawrence","geo_location":{ "type": "Point", "coordinates": [-80.4632, 41.0276] }},
{"zip_code":"16143","country":"US","city":"Pulaski","state":"Pennsylvania","state_ab":"PA","county":"Lawrence","geo_location":{ "type": "Point", "coordinates": [-80.4685, 41.0942] }},
{"zip_code":"16156","country":"US","city":"Volant","state":"Pennsylvania","state_ab":"PA","county":"Lawrence","geo_location":{ "type": "Point", "coordinates": [-80.2441, 41.0938] }},
{"zip_code":"17003","country":"US","city":"Annville","state":"Pennsylvania","state_ab":"PA","county":"Lebanon","geo_location":{ "type": "Point", "coordinates": [-76.5447, 40.3456] }},
{"zip_code":"17016","country":"US","city":"Cornwall","state":"Pennsylvania","state_ab":"PA","county":"Lebanon","geo_location":{ "type": "Point", "coordinates": [-76.4053, 40.2755] }},
{"zip_code":"17083","country":"US","city":"Quentin","state":"Pennsylvania","state_ab":"PA","county":"Lebanon","geo_location":{ "type": "Point", "coordinates": [-76.4112, 40.2764] }},
{"zip_code":"18046","country":"US","city":"East Texas","state":"Pennsylvania","state_ab":"PA","county":"Lehigh","geo_location":{ "type": "Point", "coordinates": [-75.5685, 40.5388] }},
{"zip_code":"18059","country":"US","city":"Laurys Station","state":"Pennsylvania","state_ab":"PA","county":"Lehigh","geo_location":{ "type": "Point", "coordinates": [-75.5335, 40.7177] }},
{"zip_code":"18060","country":"US","city":"Limeport","state":"Pennsylvania","state_ab":"PA","county":"Lehigh","geo_location":{ "type": "Point", "coordinates": [-75.5786, 40.5348] }},
{"zip_code":"18099","country":"US","city":"Emmaus","state":"Pennsylvania","state_ab":"PA","county":"Lehigh","geo_location":{ "type": "Point", "coordinates": [-75.4712, 40.6934] }},
{"zip_code":"18109","country":"US","city":"Allentown","state":"Pennsylvania","state_ab":"PA","county":"Lehigh","geo_location":{ "type": "Point", "coordinates": [-75.4405, 40.6366] }},
{"zip_code":"18239","country":"US","city":"Milnesville","state":"Pennsylvania","state_ab":"PA","county":"Luzerne","geo_location":{ "type": "Point", "coordinates": [-75.9815, 40.9961] }},
{"zip_code":"18640","country":"US","city":"Pittston","state":"Pennsylvania","state_ab":"PA","county":"Luzerne","geo_location":{ "type": "Point", "coordinates": [-75.7885, 41.3175] }},
{"zip_code":"18703","country":"US","city":"Wilkes Barre","state":"Pennsylvania","state_ab":"PA","county":"Luzerne","geo_location":{ "type": "Point", "coordinates": [-75.8857, 41.2421] }},
{"zip_code":"18769","country":"US","city":"Wilkes Barre","state":"Pennsylvania","state_ab":"PA","county":"Luzerne","geo_location":{ "type": "Point", "coordinates": [-75.8801, 41.2722] }},
{"zip_code":"17739","country":"US","city":"Jersey Mills","state":"Pennsylvania","state_ab":"PA","county":"Lycoming","geo_location":{ "type": "Point", "coordinates": [-77.0236, 41.3327] }},
{"zip_code":"17740","country":"US","city":"Jersey Shore","state":"Pennsylvania","state_ab":"PA","county":"Lycoming","geo_location":{ "type": "Point", "coordinates": [-77.2706, 41.247] }},
{"zip_code":"16749","country":"US","city":"Smethport","state":"Pennsylvania","state_ab":"PA","county":"McKean","geo_location":{ "type": "Point", "coordinates": [-78.4702, 41.8021] }},
{"zip_code":"16750","country":"US","city":"Turtlepoint","state":"Pennsylvania","state_ab":"PA","county":"McKean","geo_location":{ "type": "Point", "coordinates": [-78.3308, 41.8847] }},
{"zip_code":"16130","country":"US","city":"Hadley","state":"Pennsylvania","state_ab":"PA","county":"Mercer","geo_location":{ "type": "Point", "coordinates": [-80.2153, 41.4432] }},
{"zip_code":"17029","country":"US","city":"Granville","state":"Pennsylvania","state_ab":"PA","county":"Mifflin","geo_location":{ "type": "Point", "coordinates": [-77.6261, 40.5509] }},
{"zip_code":"18330","country":"US","city":"Effort","state":"Pennsylvania","state_ab":"PA","county":"Monroe","geo_location":{ "type": "Point", "coordinates": [-75.4523, 40.9669] }},
{"zip_code":"18356","country":"US","city":"Shawnee On Delaware","state":"Pennsylvania","state_ab":"PA","county":"Monroe","geo_location":{ "type": "Point", "coordinates": [-75.0974, 41.0312] }},
{"zip_code":"18370","country":"US","city":"Swiftwater","state":"Pennsylvania","state_ab":"PA","county":"Monroe","geo_location":{ "type": "Point", "coordinates": [-75.3483, 41.0879] }},
{"zip_code":"18073","country":"US","city":"Pennsburg","state":"Pennsylvania","state_ab":"PA","county":"Montgomery","geo_location":{ "type": "Point", "coordinates": [-75.4866, 40.3911] }},
{"zip_code":"18936","country":"US","city":"Montgomeryville","state":"Pennsylvania","state_ab":"PA","county":"Montgomery","geo_location":{ "type": "Point", "coordinates": [-75.231, 40.2241] }},
{"zip_code":"19009","country":"US","city":"Bryn Athyn","state":"Pennsylvania","state_ab":"PA","county":"Montgomery","geo_location":{ "type": "Point", "coordinates": [-75.0623, 40.135] }},
{"zip_code":"19090","country":"US","city":"Willow Grove","state":"Pennsylvania","state_ab":"PA","county":"Montgomery","geo_location":{ "type": "Point", "coordinates": [-75.1269, 40.1567] }},
{"zip_code":"19126","country":"US","city":"Philadelphia","state":"Pennsylvania","state_ab":"PA","county":"Montgomery","geo_location":{ "type": "Point", "coordinates": [-75.1379, 40.0568] }},
{"zip_code":"19409","country":"US","city":"Fairview Village","state":"Pennsylvania","state_ab":"PA","county":"Montgomery","geo_location":{ "type": "Point", "coordinates": [-75.3559, 40.2119] }},
{"zip_code":"19423","country":"US","city":"Cedars","state":"Pennsylvania","state_ab":"PA","county":"Montgomery","geo_location":{ "type": "Point", "coordinates": [-75.365, 40.2174] }},
{"zip_code":"19436","country":"US","city":"Gwynedd","state":"Pennsylvania","state_ab":"PA","county":"Montgomery","geo_location":{ "type": "Point", "coordinates": [-75.2507, 40.2021] }},
{"zip_code":"19450","country":"US","city":"Lederach","state":"Pennsylvania","state_ab":"PA","county":"Montgomery","geo_location":{ "type": "Point", "coordinates": [-75.3559, 40.2119] }},
{"zip_code":"19490","country":"US","city":"Worcester","state":"Pennsylvania","state_ab":"PA","county":"Montgomery","geo_location":{ "type": "Point", "coordinates": [-75.3576, 40.1929] }},
{"zip_code":"18020","country":"US","city":"Bethlehem","state":"Pennsylvania","state_ab":"PA","county":"Northampton","geo_location":{ "type": "Point", "coordinates": [-75.3349, 40.6693] }},
{"zip_code":"18086","country":"US","city":"Treichlers","state":"Pennsylvania","state_ab":"PA","county":"Northampton","geo_location":{ "type": "Point", "coordinates": [-75.5449, 40.7361] }},
{"zip_code":"18343","country":"US","city":"Mount Bethel","state":"Pennsylvania","state_ab":"PA","county":"Northampton","geo_location":{ "type": "Point", "coordinates": [-75.1115, 40.9008] }},
{"zip_code":"17830","country":"US","city":"Herndon","state":"Pennsylvania","state_ab":"PA","county":"Northumberland","geo_location":{ "type": "Point", "coordinates": [-76.8008, 40.6918] }},
{"zip_code":"17069","country":"US","city":"New Buffalo","state":"Pennsylvania","state_ab":"PA","county":"Perry","geo_location":{ "type": "Point", "coordinates": [-76.9709, 40.4553] }},
{"zip_code":"19139","country":"US","city":"Philadelphia","state":"Pennsylvania","state_ab":"PA","county":"Philadelphia","geo_location":{ "type": "Point", "coordinates": [-75.2303, 39.9612] }},
{"zip_code":"19140","country":"US","city":"Philadelphia","state":"Pennsylvania","state_ab":"PA","county":"Philadelphia","geo_location":{ "type": "Point", "coordinates": [-75.1456, 40.0118] }},
{"zip_code":"19153","country":"US","city":"Philadelphia","state":"Pennsylvania","state_ab":"PA","county":"Philadelphia","geo_location":{ "type": "Point", "coordinates": [-75.2444, 39.9055] }},
{"zip_code":"19179","country":"US","city":"Philadelphia","state":"Pennsylvania","state_ab":"PA","county":"Philadelphia","geo_location":{ "type": "Point", "coordinates": [-75.1179, 40.0018] }},
{"zip_code":"19193","country":"US","city":"Philadelphia","state":"Pennsylvania","state_ab":"PA","county":"Philadelphia","geo_location":{ "type": "Point", "coordinates": [-75.1179, 40.0018] }},
{"zip_code":"17933","country":"US","city":"Friedensburg","state":"Pennsylvania","state_ab":"PA","county":"Schuylkill","geo_location":{ "type": "Point", "coordinates": [-76.2464, 40.5955] }},
{"zip_code":"17946","country":"US","city":"Lost Creek","state":"Pennsylvania","state_ab":"PA","county":"Schuylkill","geo_location":{ "type": "Point", "coordinates": [-76.2407, 40.8081] }},
{"zip_code":"17959","country":"US","city":"New Philadelphia","state":"Pennsylvania","state_ab":"PA","county":"Schuylkill","geo_location":{ "type": "Point", "coordinates": [-76.1558, 40.6754] }},
{"zip_code":"17960","country":"US","city":"New Ringgold","state":"Pennsylvania","state_ab":"PA","county":"Schuylkill","geo_location":{ "type": "Point", "coordinates": [-75.9484, 40.7149] }},
{"zip_code":"17843","country":"US","city":"Beaver Springs","state":"Pennsylvania","state_ab":"PA","county":"Snyder","geo_location":{ "type": "Point", "coordinates": [-77.0775, 40.7627] }},
{"zip_code":"17870","country":"US","city":"Selinsgrove","state":"Pennsylvania","state_ab":"PA","county":"Snyder","geo_location":{ "type": "Point", "coordinates": [-76.8683, 40.8224] }},
{"zip_code":"15540","country":"US","city":"Fort Hill","state":"Pennsylvania","state_ab":"PA","county":"Somerset","geo_location":{ "type": "Point", "coordinates": [-79.2472, 39.7961] }},
{"zip_code":"15553","country":"US","city":"New Baltimore","state":"Pennsylvania","state_ab":"PA","county":"Somerset","geo_location":{ "type": "Point", "coordinates": [-78.7719, 39.9828] }},
{"zip_code":"15926","country":"US","city":"Central City","state":"Pennsylvania","state_ab":"PA","county":"Somerset","geo_location":{ "type": "Point", "coordinates": [-78.8448, 40.0913] }},
{"zip_code":"15953","country":"US","city":"Seanor","state":"Pennsylvania","state_ab":"PA","county":"Somerset","geo_location":{ "type": "Point", "coordinates": [-78.9005, 40.2064] }},
{"zip_code":"18626","country":"US","city":"Laporte","state":"Pennsylvania","state_ab":"PA","county":"Sullivan","geo_location":{ "type": "Point", "coordinates": [-76.5169, 41.4329] }},
{"zip_code":"18820","country":"US","city":"Gibson","state":"Pennsylvania","state_ab":"PA","county":"Susquehanna","geo_location":{ "type": "Point", "coordinates": [-75.8046, 41.8203] }},
{"zip_code":"16929","country":"US","city":"Lawrenceville","state":"Pennsylvania","state_ab":"PA","county":"Tioga","geo_location":{ "type": "Point", "coordinates": [-77.1136, 41.9783] }},
{"zip_code":"16930","country":"US","city":"Liberty","state":"Pennsylvania","state_ab":"PA","county":"Tioga","geo_location":{ "type": "Point", "coordinates": [-77.1195, 41.5656] }},
{"zip_code":"16943","country":"US","city":"Sabinsville","state":"Pennsylvania","state_ab":"PA","county":"Tioga","geo_location":{ "type": "Point", "coordinates": [-77.6155, 41.8408] }},
{"zip_code":"17829","country":"US","city":"Hartleton","state":"Pennsylvania","state_ab":"PA","county":"Union","geo_location":{ "type": "Point", "coordinates": [-77.1558, 40.9005] }},
{"zip_code":"17856","country":"US","city":"New Columbia","state":"Pennsylvania","state_ab":"PA","county":"Union","geo_location":{ "type": "Point", "coordinates": [-76.9019, 41.0541] }},
{"zip_code":"17883","country":"US","city":"Vicksburg","state":"Pennsylvania","state_ab":"PA","county":"Union","geo_location":{ "type": "Point", "coordinates": [-77.0818, 40.9781] }},
{"zip_code":"16323","country":"US","city":"Franklin","state":"Pennsylvania","state_ab":"PA","county":"Venango","geo_location":{ "type": "Point", "coordinates": [-79.8309, 41.4048] }},
{"zip_code":"16350","country":"US","city":"Sugar Grove","state":"Pennsylvania","state_ab":"PA","county":"Warren","geo_location":{ "type": "Point", "coordinates": [-79.3186, 41.9475] }},
{"zip_code":"15036","country":"US","city":"Eldersville","state":"Pennsylvania","state_ab":"PA","county":"Washington","geo_location":{ "type": "Point", "coordinates": [-80.1791, 40.2149] }},
{"zip_code":"15063","country":"US","city":"Monongahela","state":"Pennsylvania","state_ab":"PA","county":"Washington","geo_location":{ "type": "Point", "coordinates": [-79.9241, 40.1937] }},
{"zip_code":"15333","country":"US","city":"Fredericktown","state":"Pennsylvania","state_ab":"PA","county":"Washington","geo_location":{ "type": "Point", "coordinates": [-80.0309, 40.0237] }},
{"zip_code":"15360","country":"US","city":"Scenery Hill","state":"Pennsylvania","state_ab":"PA","county":"Washington","geo_location":{ "type": "Point", "coordinates": [-80.0995, 40.0923] }},
{"zip_code":"15423","country":"US","city":"Coal Center","state":"Pennsylvania","state_ab":"PA","county":"Washington","geo_location":{ "type": "Point", "coordinates": [-79.8839, 40.0973] }},
{"zip_code":"18459","country":"US","city":"South Canaan","state":"Pennsylvania","state_ab":"PA","county":"Wayne","geo_location":{ "type": "Point", "coordinates": [-75.2747, 41.616] }},
{"zip_code":"18460","country":"US","city":"South Sterling","state":"Pennsylvania","state_ab":"PA","county":"Wayne","geo_location":{ "type": "Point", "coordinates": [-75.3731, 41.2592] }},
{"zip_code":"18473","country":"US","city":"White Mills","state":"Pennsylvania","state_ab":"PA","county":"Wayne","geo_location":{ "type": "Point", "coordinates": [-75.2229, 41.5406] }},
{"zip_code":"15089","country":"US","city":"West Newton","state":"Pennsylvania","state_ab":"PA","county":"Westmoreland","geo_location":{ "type": "Point", "coordinates": [-79.758, 40.2075] }},
{"zip_code":"15616","country":"US","city":"Armbrust","state":"Pennsylvania","state_ab":"PA","county":"Westmoreland","geo_location":{ "type": "Point", "coordinates": [-79.4398, 40.3602] }},
{"zip_code":"15629","country":"US","city":"East Vandergrift","state":"Pennsylvania","state_ab":"PA","county":"Westmoreland","geo_location":{ "type": "Point", "coordinates": [-79.5624, 40.598] }},
{"zip_code":"15670","country":"US","city":"New Alexandria","state":"Pennsylvania","state_ab":"PA","county":"Westmoreland","geo_location":{ "type": "Point", "coordinates": [-79.3966, 40.3981] }},
{"zip_code":"15683","country":"US","city":"Scottdale","state":"Pennsylvania","state_ab":"PA","county":"Westmoreland","geo_location":{ "type": "Point", "coordinates": [-79.593, 40.1029] }},
{"zip_code":"15696","country":"US","city":"Youngstown","state":"Pennsylvania","state_ab":"PA","county":"Westmoreland","geo_location":{ "type": "Point", "coordinates": [-79.3661, 40.2793] }},
{"zip_code":"18419","country":"US","city":"Factoryville","state":"Pennsylvania","state_ab":"PA","county":"Wyoming","geo_location":{ "type": "Point", "coordinates": [-75.7652, 41.5762] }},
{"zip_code":"18446","country":"US","city":"Nicholson","state":"Pennsylvania","state_ab":"PA","county":"Wyoming","geo_location":{ "type": "Point", "coordinates": [-75.7641, 41.6412] }},
{"zip_code":"17313","country":"US","city":"Dallastown","state":"Pennsylvania","state_ab":"PA","county":"York","geo_location":{ "type": "Point", "coordinates": [-76.6535, 39.9124] }},
{"zip_code":"17339","country":"US","city":"Lewisberry","state":"Pennsylvania","state_ab":"PA","county":"York","geo_location":{ "type": "Point", "coordinates": [-76.87, 40.1463] }},
{"zip_code":"17366","country":"US","city":"Windsor","state":"Pennsylvania","state_ab":"PA","county":"York","geo_location":{ "type": "Point", "coordinates": [-76.5591, 39.9233] }},
{"zip_code":"17403","country":"US","city":"York","state":"Pennsylvania","state_ab":"PA","county":"York","geo_location":{ "type": "Point", "coordinates": [-76.713, 39.9494] }},
{"zip_code":"2809","country":"US","city":"Bristol","state":"Rhode Island","state_ab":"RI","county":"Bristol","geo_location":{ "type": "Point", "coordinates": [-71.2676, 41.6825] }},
{"zip_code":"2889","country":"US","city":"Warwick","state":"Rhode Island","state_ab":"RI","county":"Kent","geo_location":{ "type": "Point", "coordinates": [-71.3901, 41.7141] }},
{"zip_code":"2823","country":"US","city":"Fiskeville","state":"Rhode Island","state_ab":"RI","county":"Providence","geo_location":{ "type": "Point", "coordinates": [-71.5468, 41.7312] }},
{"zip_code":"2863","country":"US","city":"Central Falls","state":"Rhode Island","state_ab":"RI","county":"Providence","geo_location":{ "type": "Point", "coordinates": [-71.3945, 41.8883] }},
{"zip_code":"2876","country":"US","city":"Slatersville","state":"Rhode Island","state_ab":"RI","county":"Providence","geo_location":{ "type": "Point", "coordinates": [-71.5763, 41.9984] }},
{"zip_code":"2940","country":"US","city":"Providence","state":"Rhode Island","state_ab":"RI","county":"Providence","geo_location":{ "type": "Point", "coordinates": [-71.5585, 41.8718] }},
{"zip_code":"2836","country":"US","city":"Kenyon","state":"Rhode Island","state_ab":"RI","county":"Washington","geo_location":{ "type": "Point", "coordinates": [-71.6204, 41.4474] }},
{"zip_code":"29620","country":"US","city":"Abbeville","state":"South Carolina","state_ab":"SC","county":"Abbeville","geo_location":{ "type": "Point", "coordinates": [-82.3785, 34.1819] }},
{"zip_code":"29659","country":"US","city":"Lowndesville","state":"South Carolina","state_ab":"SC","county":"Abbeville","geo_location":{ "type": "Point", "coordinates": [-82.6318, 34.2213] }},
{"zip_code":"29839","country":"US","city":"Montmorenci","state":"South Carolina","state_ab":"SC","county":"Aiken","geo_location":{ "type": "Point", "coordinates": [-81.5992, 33.5073] }},
{"zip_code":"29813","country":"US","city":"Hilda","state":"South Carolina","state_ab":"SC","county":"Barnwell","geo_location":{ "type": "Point", "coordinates": [-81.4827, 33.2917] }},
{"zip_code":"29826","country":"US","city":"Elko","state":"South Carolina","state_ab":"SC","county":"Barnwell","geo_location":{ "type": "Point", "coordinates": [-81.3785, 33.386] }},
{"zip_code":"29853","country":"US","city":"Williston","state":"South Carolina","state_ab":"SC","county":"Barnwell","geo_location":{ "type": "Point", "coordinates": [-81.4161, 33.3926] }},
{"zip_code":"29903","country":"US","city":"Beaufort","state":"South Carolina","state_ab":"SC","county":"Beaufort","geo_location":{ "type": "Point", "coordinates": [-80.7352, 32.444] }},
{"zip_code":"29453","country":"US","city":"Jamestown","state":"South Carolina","state_ab":"SC","county":"Berkeley","geo_location":{ "type": "Point", "coordinates": [-79.6282, 33.2221] }},
{"zip_code":"29479","country":"US","city":"Saint Stephen","state":"South Carolina","state_ab":"SC","county":"Berkeley","geo_location":{ "type": "Point", "coordinates": [-79.9236, 33.3362] }},
{"zip_code":"29413","country":"US","city":"Charleston","state":"South Carolina","state_ab":"SC","county":"Charleston","geo_location":{ "type": "Point", "coordinates": [-79.8577, 32.8488] }},
{"zip_code":"29426","country":"US","city":"Adams Run","state":"South Carolina","state_ab":"SC","county":"Charleston","geo_location":{ "type": "Point", "coordinates": [-80.3288, 32.779] }},
{"zip_code":"29439","country":"US","city":"Folly Beach","state":"South Carolina","state_ab":"SC","county":"Charleston","geo_location":{ "type": "Point", "coordinates": [-79.927, 32.663] }},
{"zip_code":"29466","country":"US","city":"Mount Pleasant","state":"South Carolina","state_ab":"SC","county":"Charleston","geo_location":{ "type": "Point", "coordinates": [-79.8049, 32.8674] }},
{"zip_code":"29709","country":"US","city":"Chesterfield","state":"South Carolina","state_ab":"SC","county":"Chesterfield","geo_location":{ "type": "Point", "coordinates": [-80.0958, 34.7278] }},
{"zip_code":"29143","country":"US","city":"Sardinia","state":"South Carolina","state_ab":"SC","county":"Clarendon","geo_location":{ "type": "Point", "coordinates": [-80.2081, 33.6884] }},
{"zip_code":"29493","country":"US","city":"Williams","state":"South Carolina","state_ab":"SC","county":"Colleton","geo_location":{ "type": "Point", "coordinates": [-80.8445, 33.0327] }},
{"zip_code":"29929","country":"US","city":"Islandton","state":"South Carolina","state_ab":"SC","county":"Colleton","geo_location":{ "type": "Point", "coordinates": [-80.8916, 32.9503] }},
{"zip_code":"29079","country":"US","city":"Lydia","state":"South Carolina","state_ab":"SC","county":"Darlington","geo_location":{ "type": "Point", "coordinates": [-80.1009, 34.2783] }},
{"zip_code":"29543","country":"US","city":"Fork","state":"South Carolina","state_ab":"SC","county":"Dillon","geo_location":{ "type": "Point", "coordinates": [-79.2501, 34.2873] }},
{"zip_code":"29130","country":"US","city":"Ridgeway","state":"South Carolina","state_ab":"SC","county":"Fairfield","geo_location":{ "type": "Point", "coordinates": [-80.9288, 34.3167] }},
{"zip_code":"29503","country":"US","city":"Florence","state":"South Carolina","state_ab":"SC","county":"Florence","geo_location":{ "type": "Point", "coordinates": [-79.6506, 34.063] }},
{"zip_code":"29530","country":"US","city":"Coward","state":"South Carolina","state_ab":"SC","county":"Florence","geo_location":{ "type": "Point", "coordinates": [-79.7515, 33.9905] }},
{"zip_code":"29583","country":"US","city":"Pamplico","state":"South Carolina","state_ab":"SC","county":"Florence","geo_location":{ "type": "Point", "coordinates": [-79.5929, 33.9922] }},
{"zip_code":"29440","country":"US","city":"Georgetown","state":"South Carolina","state_ab":"SC","county":"Georgetown","geo_location":{ "type": "Point", "coordinates": [-79.3235, 33.4308] }},
{"zip_code":"29606","country":"US","city":"Greenville","state":"South Carolina","state_ab":"SC","county":"Greenville","geo_location":{ "type": "Point", "coordinates": [-82.4538, 34.8497] }},
{"zip_code":"29673","country":"US","city":"Piedmont","state":"South Carolina","state_ab":"SC","county":"Greenville","geo_location":{ "type": "Point", "coordinates": [-82.4702, 34.7244] }},
{"zip_code":"29646","country":"US","city":"Greenwood","state":"South Carolina","state_ab":"SC","county":"Greenwood","geo_location":{ "type": "Point", "coordinates": [-82.1562, 34.1758] }},
{"zip_code":"29916","country":"US","city":"Early Branch","state":"South Carolina","state_ab":"SC","county":"Hampton","geo_location":{ "type": "Point", "coordinates": [-80.9634, 32.723] }},
{"zip_code":"29569","country":"US","city":"Loris","state":"South Carolina","state_ab":"SC","county":"Horry","geo_location":{ "type": "Point", "coordinates": [-78.9161, 34.0558] }},
{"zip_code":"29943","country":"US","city":"Tillman","state":"South Carolina","state_ab":"SC","county":"Jasper","geo_location":{ "type": "Point", "coordinates": [-81.1667, 32.468] }},
{"zip_code":"29080","country":"US","city":"Lynchburg","state":"South Carolina","state_ab":"SC","county":"Lee","geo_location":{ "type": "Point", "coordinates": [-80.0988, 34.0526] }},
{"zip_code":"29053","country":"US","city":"Gaston","state":"South Carolina","state_ab":"SC","county":"Lexington","geo_location":{ "type": "Point", "coordinates": [-81.1174, 33.8337] }},
{"zip_code":"29169","country":"US","city":"West Columbia","state":"South Carolina","state_ab":"SC","county":"Lexington","geo_location":{ "type": "Point", "coordinates": [-81.0888, 33.995] }},
{"zip_code":"29170","country":"US","city":"West Columbia","state":"South Carolina","state_ab":"SC","county":"Lexington","geo_location":{ "type": "Point", "coordinates": [-81.1405, 33.9568] }},
{"zip_code":"29840","country":"US","city":"Mount Carmel","state":"South Carolina","state_ab":"SC","county":"McCormick","geo_location":{ "type": "Point", "coordinates": [-82.5324, 34.0065] }},
{"zip_code":"29516","country":"US","city":"Blenheim","state":"South Carolina","state_ab":"SC","county":"Marlboro","geo_location":{ "type": "Point", "coordinates": [-79.6442, 34.5171] }},
{"zip_code":"29570","country":"US","city":"Mc Coll","state":"South Carolina","state_ab":"SC","county":"Marlboro","geo_location":{ "type": "Point", "coordinates": [-79.5597, 34.6704] }},
{"zip_code":"29596","country":"US","city":"Wallace","state":"South Carolina","state_ab":"SC","county":"Marlboro","geo_location":{ "type": "Point", "coordinates": [-79.8011, 34.7307] }},
{"zip_code":"29686","country":"US","city":"Tamassee","state":"South Carolina","state_ab":"SC","county":"Oconee","geo_location":{ "type": "Point", "coordinates": [-83.0375, 34.897] }},
{"zip_code":"29039","country":"US","city":"Cordova","state":"South Carolina","state_ab":"SC","county":"Orangeburg","geo_location":{ "type": "Point", "coordinates": [-80.8857, 33.4275] }},
{"zip_code":"29116","country":"US","city":"Orangeburg","state":"South Carolina","state_ab":"SC","county":"Orangeburg","geo_location":{ "type": "Point", "coordinates": [-80.8246, 33.4959] }},
{"zip_code":"29633","country":"US","city":"Clemson","state":"South Carolina","state_ab":"SC","county":"Pickens","geo_location":{ "type": "Point", "coordinates": [-82.7101, 34.8474] }},
{"zip_code":"29206","country":"US","city":"Columbia","state":"South Carolina","state_ab":"SC","county":"Richland","geo_location":{ "type": "Point", "coordinates": [-80.9532, 34.0247] }},
{"zip_code":"29219","country":"US","city":"Columbia","state":"South Carolina","state_ab":"SC","county":"Richland","geo_location":{ "type": "Point", "coordinates": [-80.9708, 34.006] }},
{"zip_code":"29220","country":"US","city":"Columbia","state":"South Carolina","state_ab":"SC","county":"Richland","geo_location":{ "type": "Point", "coordinates": [-80.9708, 34.006] }},
{"zip_code":"29260","country":"US","city":"Columbia","state":"South Carolina","state_ab":"SC","county":"Richland","geo_location":{ "type": "Point", "coordinates": [-80.9708, 34.006] }},
{"zip_code":"29129","country":"US","city":"Ridge Spring","state":"South Carolina","state_ab":"SC","county":"Saluda","geo_location":{ "type": "Point", "coordinates": [-81.6559, 33.8714] }},
{"zip_code":"29183","country":"US","city":"Ridgeville","state":"South Carolina","state_ab":"SC","county":"Saluda County","geo_location":{ "type": "Point", "coordinates": [-80.1967, 33.105] }},
{"zip_code":"29323","country":"US","city":"Chesnee","state":"South Carolina","state_ab":"SC","county":"Spartanburg","geo_location":{ "type": "Point", "coordinates": [-81.8678, 35.1154] }},
{"zip_code":"29336","country":"US","city":"Fairforest","state":"South Carolina","state_ab":"SC","county":"Spartanburg","geo_location":{ "type": "Point", "coordinates": [-81.969, 34.8882] }},
{"zip_code":"29349","country":"US","city":"Inman","state":"South Carolina","state_ab":"SC","county":"Spartanburg","geo_location":{ "type": "Point", "coordinates": [-82.054, 35.0528] }},
{"zip_code":"29376","country":"US","city":"Roebuck","state":"South Carolina","state_ab":"SC","county":"Spartanburg","geo_location":{ "type": "Point", "coordinates": [-81.9526, 34.8688] }},
{"zip_code":"29390","country":"US","city":"Duncan","state":"South Carolina","state_ab":"SC","county":"Spartanburg","geo_location":{ "type": "Point", "coordinates": [-81.969, 34.8882] }},
{"zip_code":"29040","country":"US","city":"Dalzell","state":"South Carolina","state_ab":"SC","county":"Sumter","geo_location":{ "type": "Point", "coordinates": [-80.4665, 34.0144] }},
{"zip_code":"29556","country":"US","city":"Kingstree","state":"South Carolina","state_ab":"SC","county":"Williamsburg","geo_location":{ "type": "Point", "coordinates": [-79.7832, 33.6878] }},
{"zip_code":"29710","country":"US","city":"Clover","state":"South Carolina","state_ab":"SC","county":"York","geo_location":{ "type": "Point", "coordinates": [-81.2201, 35.1065] }},
{"zip_code":"57379","country":"US","city":"Virgil","state":"South Dakota","state_ab":"SD","county":"Beadle","geo_location":{ "type": "Point", "coordinates": [-98.5027, 44.2838] }},
{"zip_code":"57276","country":"US","city":"White","state":"South Dakota","state_ab":"SD","county":"Brookings","geo_location":{ "type": "Point", "coordinates": [-96.615, 44.4132] }},
{"zip_code":"57326","country":"US","city":"Chamberlain","state":"South Dakota","state_ab":"SD","county":"Brule","geo_location":{ "type": "Point", "coordinates": [-99.1317, 43.7172] }},
{"zip_code":"57339","country":"US","city":"Fort Thompson","state":"South Dakota","state_ab":"SD","county":"Buffalo","geo_location":{ "type": "Point", "coordinates": [-99.3973, 44.0517] }},
{"zip_code":"57380","country":"US","city":"Wagner","state":"South Dakota","state_ab":"SD","county":"Charles Mix","geo_location":{ "type": "Point", "coordinates": [-98.2819, 43.0819] }},
{"zip_code":"57236","country":"US","city":"Garden City","state":"South Dakota","state_ab":"SD","county":"Clark","geo_location":{ "type": "Point", "coordinates": [-97.5814, 44.9841] }},
{"zip_code":"57069","country":"US","city":"Vermillion","state":"South Dakota","state_ab":"SD","county":"Clay","geo_location":{ "type": "Point", "coordinates": [-96.9258, 42.7951] }},
{"zip_code":"57263","country":"US","city":"South Shore","state":"South Dakota","state_ab":"SD","county":"Codington","geo_location":{ "type": "Point", "coordinates": [-96.9859, 45.1049] }},
{"zip_code":"57636","country":"US","city":"Lantry","state":"South Dakota","state_ab":"SD","county":"Dewey","geo_location":{ "type": "Point", "coordinates": [-100.8792, 45.0987] }},
{"zip_code":"57313","country":"US","city":"Armour","state":"South Dakota","state_ab":"SD","county":"Douglas","geo_location":{ "type": "Point", "coordinates": [-98.3414, 43.316] }},
{"zip_code":"57766","country":"US","city":"Oral","state":"South Dakota","state_ab":"SD","county":"Fall River","geo_location":{ "type": "Point", "coordinates": [-103.1832, 43.3876] }},
{"zip_code":"57470","country":"US","city":"Rockham","state":"South Dakota","state_ab":"SD","county":"Faulk","geo_location":{ "type": "Point", "coordinates": [-98.8669, 44.8767] }},
{"zip_code":"57483","country":"US","city":"Zell","state":"South Dakota","state_ab":"SD","county":"Faulk County","geo_location":{ "type": "Point", "coordinates": [-98.8288, 44.8537] }},
{"zip_code":"57533","country":"US","city":"Gregory","state":"South Dakota","state_ab":"SD","county":"Gregory","geo_location":{ "type": "Point", "coordinates": [-99.3622, 43.2136] }},
{"zip_code":"57223","country":"US","city":"Castlewood","state":"South Dakota","state_ab":"SD","county":"Hamlin","geo_location":{ "type": "Point", "coordinates": [-97.0204, 44.7313] }},
{"zip_code":"57340","country":"US","city":"Fulton","state":"South Dakota","state_ab":"SD","county":"Hanson","geo_location":{ "type": "Point", "coordinates": [-97.8712, 43.7588] }},
{"zip_code":"57650","country":"US","city":"Ralph","state":"South Dakota","state_ab":"SD","county":"Harding","geo_location":{ "type": "Point", "coordinates": [-103.0356, 45.8554] }},
{"zip_code":"57029","country":"US","city":"Freeman","state":"South Dakota","state_ab":"SD","county":"Hutchinson","geo_location":{ "type": "Point", "coordinates": [-97.4601, 43.3605] }},
{"zip_code":"57366","country":"US","city":"Parkston","state":"South Dakota","state_ab":"SD","county":"Hutchinson","geo_location":{ "type": "Point", "coordinates": [-97.9678, 43.3978] }},
{"zip_code":"57559","country":"US","city":"Murdo","state":"South Dakota","state_ab":"SD","county":"Jones","geo_location":{ "type": "Point", "coordinates": [-100.7121, 43.8961] }},
{"zip_code":"57249","country":"US","city":"Lake Preston","state":"South Dakota","state_ab":"SD","county":"Kingsbury","geo_location":{ "type": "Point", "coordinates": [-97.3828, 44.3692] }},
{"zip_code":"57353","country":"US","city":"Iroquois","state":"South Dakota","state_ab":"SD","county":"Kingsbury","geo_location":{ "type": "Point", "coordinates": [-97.8542, 44.3455] }},
{"zip_code":"57016","country":"US","city":"Chester","state":"South Dakota","state_ab":"SD","county":"Lake","geo_location":{ "type": "Point", "coordinates": [-96.9759, 43.8981] }},
{"zip_code":"57779","country":"US","city":"Saint Onge","state":"South Dakota","state_ab":"SD","county":"Lawrence","geo_location":{ "type": "Point", "coordinates": [-103.7232, 44.5473] }},
{"zip_code":"57793","country":"US","city":"Whitewood","state":"South Dakota","state_ab":"SD","county":"Lawrence","geo_location":{ "type": "Point", "coordinates": [-103.637, 44.4589] }},
{"zip_code":"57456","country":"US","city":"Leola","state":"South Dakota","state_ab":"SD","county":"McPherson","geo_location":{ "type": "Point", "coordinates": [-98.9015, 45.7323] }},
{"zip_code":"57430","country":"US","city":"Britton","state":"South Dakota","state_ab":"SD","county":"Marshall","geo_location":{ "type": "Point", "coordinates": [-97.7418, 45.8023] }},
{"zip_code":"57560","country":"US","city":"Norris","state":"South Dakota","state_ab":"SD","county":"Mellette","geo_location":{ "type": "Point", "coordinates": [-101.1517, 43.4662] }},
{"zip_code":"57003","country":"US","city":"Baltic","state":"South Dakota","state_ab":"SD","county":"Minnehaha","geo_location":{ "type": "Point", "coordinates": [-96.7563, 43.7309] }},
{"zip_code":"57030","country":"US","city":"Garretson","state":"South Dakota","state_ab":"SD","county":"Minnehaha","geo_location":{ "type": "Point", "coordinates": [-96.5196, 43.7162] }},
{"zip_code":"57056","country":"US","city":"Rowena","state":"South Dakota","state_ab":"SD","county":"Minnehaha","geo_location":{ "type": "Point", "coordinates": [-96.5587, 43.5216] }},
{"zip_code":"57106","country":"US","city":"Sioux Falls","state":"South Dakota","state_ab":"SD","county":"Minnehaha","geo_location":{ "type": "Point", "coordinates": [-96.7924, 43.5179] }},
{"zip_code":"57186","country":"US","city":"Sioux Falls","state":"South Dakota","state_ab":"SD","county":"Minnehaha County","geo_location":{ "type": "Point", "coordinates": [-96.7312, 43.5424] }},
{"zip_code":"57780","country":"US","city":"Scenic","state":"South Dakota","state_ab":"SD","county":"Pennington","geo_location":{ "type": "Point", "coordinates": [-102.5353, 43.7994] }},
{"zip_code":"57649","country":"US","city":"Prairie City","state":"South Dakota","state_ab":"SD","county":"Perkins","geo_location":{ "type": "Point", "coordinates": [-102.8085, 45.5813] }},
{"zip_code":"57429","country":"US","city":"Brentford","state":"South Dakota","state_ab":"SD","county":"Spink","geo_location":{ "type": "Point", "coordinates": [-98.3193, 45.1635] }},
{"zip_code":"57469","country":"US","city":"Redfield","state":"South Dakota","state_ab":"SD","county":"Spink","geo_location":{ "type": "Point", "coordinates": [-98.5112, 44.8719] }},
{"zip_code":"57520","country":"US","city":"Agar","state":"South Dakota","state_ab":"SD","county":"Sully","geo_location":{ "type": "Point", "coordinates": [-100.0712, 44.8393] }},
{"zip_code":"57043","country":"US","city":"Marion","state":"South Dakota","state_ab":"SD","county":"Turner","geo_location":{ "type": "Point", "coordinates": [-97.2771, 43.4188] }},
{"zip_code":"57070","country":"US","city":"Viborg","state":"South Dakota","state_ab":"SD","county":"Turner","geo_location":{ "type": "Point", "coordinates": [-97.114, 43.1815] }},
{"zip_code":"57623","country":"US","city":"Dupree","state":"South Dakota","state_ab":"SD","county":"Ziebach","geo_location":{ "type": "Point", "coordinates": [-101.6337, 45.0079] }},
{"zip_code":"37180","country":"US","city":"Unionville","state":"Tennessee","state_ab":"TN","county":"Bedford","geo_location":{ "type": "Point", "coordinates": [-86.5639, 35.6224] }},
{"zip_code":"37360","country":"US","city":"Normandy","state":"Tennessee","state_ab":"TN","county":"Bedford","geo_location":{ "type": "Point", "coordinates": [-86.2557, 35.4296] }},
{"zip_code":"37320","country":"US","city":"Cleveland","state":"Tennessee","state_ab":"TN","county":"Bradley","geo_location":{ "type": "Point", "coordinates": [-84.8619, 35.1727] }},
{"zip_code":"38220","country":"US","city":"Atwood","state":"Tennessee","state_ab":"TN","county":"Carroll","geo_location":{ "type": "Point", "coordinates": [-88.6247, 35.9663] }},
{"zip_code":"38390","country":"US","city":"Yuma","state":"Tennessee","state_ab":"TN","county":"Carroll","geo_location":{ "type": "Point", "coordinates": [-88.3819, 35.868] }},
{"zip_code":"37643","country":"US","city":"Elizabethton","state":"Tennessee","state_ab":"TN","county":"Carter","geo_location":{ "type": "Point", "coordinates": [-82.2015, 36.3445] }},
{"zip_code":"37773","country":"US","city":"Lone Mountain","state":"Tennessee","state_ab":"TN","county":"Claiborne","geo_location":{ "type": "Point", "coordinates": [-83.6786, 36.4664] }},
{"zip_code":"38336","country":"US","city":"Fruitvale","state":"Tennessee","state_ab":"TN","county":"Crockett","geo_location":{ "type": "Point", "coordinates": [-89.0327, 35.7484] }},
{"zip_code":"37076","country":"US","city":"Hermitage","state":"Tennessee","state_ab":"TN","county":"Davidson","geo_location":{ "type": "Point", "coordinates": [-86.6002, 36.1848] }},
{"zip_code":"37203","country":"US","city":"Nashville","state":"Tennessee","state_ab":"TN","county":"Davidson","geo_location":{ "type": "Point", "coordinates": [-86.7916, 36.1504] }},
{"zip_code":"37216","country":"US","city":"Nashville","state":"Tennessee","state_ab":"TN","county":"Davidson","geo_location":{ "type": "Point", "coordinates": [-86.7257, 36.2125] }},
{"zip_code":"37229","country":"US","city":"Nashville","state":"Tennessee","state_ab":"TN","county":"Davidson","geo_location":{ "type": "Point", "coordinates": [-86.7852, 36.1866] }},
{"zip_code":"37230","country":"US","city":"Nashville","state":"Tennessee","state_ab":"TN","county":"Davidson","geo_location":{ "type": "Point", "coordinates": [-86.7852, 36.1866] }},
{"zip_code":"37243","country":"US","city":"Nashville","state":"Tennessee","state_ab":"TN","county":"Davidson","geo_location":{ "type": "Point", "coordinates": [-86.7821, 36.165] }},
{"zip_code":"38363","country":"US","city":"Parsons","state":"Tennessee","state_ab":"TN","county":"Decatur","geo_location":{ "type": "Point", "coordinates": [-88.1195, 35.6664] }},
{"zip_code":"37166","country":"US","city":"Smithville","state":"Tennessee","state_ab":"TN","county":"DeKalb","geo_location":{ "type": "Point", "coordinates": [-85.8046, 35.9299] }},
{"zip_code":"37036","country":"US","city":"Charlotte","state":"Tennessee","state_ab":"TN","county":"Dickson","geo_location":{ "type": "Point", "coordinates": [-87.2816, 36.2326] }},
{"zip_code":"38259","country":"US","city":"Trimble","state":"Tennessee","state_ab":"TN","county":"Dyer","geo_location":{ "type": "Point", "coordinates": [-89.1863, 36.2011] }},
{"zip_code":"38066","country":"US","city":"Rossville","state":"Tennessee","state_ab":"TN","county":"Fayette","geo_location":{ "type": "Point", "coordinates": [-89.5678, 35.0768] }},
{"zip_code":"38556","country":"US","city":"Jamestown","state":"Tennessee","state_ab":"TN","county":"Fentress","geo_location":{ "type": "Point", "coordinates": [-84.9357, 36.4245] }},
{"zip_code":"37306","country":"US","city":"Belvidere","state":"Tennessee","state_ab":"TN","county":"Franklin","geo_location":{ "type": "Point", "coordinates": [-86.1728, 35.1415] }},
{"zip_code":"38233","country":"US","city":"Kenton","state":"Tennessee","state_ab":"TN","county":"Gibson","geo_location":{ "type": "Point", "coordinates": [-89.0229, 36.1906] }},
{"zip_code":"38389","country":"US","city":"Yorkville","state":"Tennessee","state_ab":"TN","county":"Gibson","geo_location":{ "type": "Point", "coordinates": [-89.1117, 36.1354] }},
{"zip_code":"37616","country":"US","city":"Afton","state":"Tennessee","state_ab":"TN","county":"Greene","geo_location":{ "type": "Point", "coordinates": [-82.7476, 36.2265] }},
{"zip_code":"37809","country":"US","city":"Midway","state":"Tennessee","state_ab":"TN","county":"Greene","geo_location":{ "type": "Point", "coordinates": [-83.0281, 36.151] }},
{"zip_code":"37810","country":"US","city":"Mohawk","state":"Tennessee","state_ab":"TN","county":"Greene","geo_location":{ "type": "Point", "coordinates": [-83.0902, 36.1869] }},
{"zip_code":"37373","country":"US","city":"Sale Creek","state":"Tennessee","state_ab":"TN","county":"Hamilton","geo_location":{ "type": "Point", "coordinates": [-85.1023, 35.3858] }},
{"zip_code":"37409","country":"US","city":"Chattanooga","state":"Tennessee","state_ab":"TN","county":"Hamilton","geo_location":{ "type": "Point", "coordinates": [-85.331, 34.9981] }},
{"zip_code":"37410","country":"US","city":"Chattanooga","state":"Tennessee","state_ab":"TN","county":"Hamilton","geo_location":{ "type": "Point", "coordinates": [-85.3138, 35.0018] }},
{"zip_code":"37450","country":"US","city":"Chattanooga","state":"Tennessee","state_ab":"TN","county":"Hamilton","geo_location":{ "type": "Point", "coordinates": [-85.2091, 35.2211] }},
{"zip_code":"38039","country":"US","city":"Grand Junction","state":"Tennessee","state_ab":"TN","county":"Hardeman","geo_location":{ "type": "Point", "coordinates": [-89.1534, 35.0659] }},
{"zip_code":"38376","country":"US","city":"Shiloh","state":"Tennessee","state_ab":"TN","county":"Hardin","geo_location":{ "type": "Point", "coordinates": [-88.3507, 35.1195] }},
{"zip_code":"37140","country":"US","city":"Only","state":"Tennessee","state_ab":"TN","county":"Hickman","geo_location":{ "type": "Point", "coordinates": [-87.6655, 35.8679] }},
{"zip_code":"37760","country":"US","city":"Jefferson City","state":"Tennessee","state_ab":"TN","county":"Jefferson","geo_location":{ "type": "Point", "coordinates": [-83.481, 36.1163] }},
{"zip_code":"37890","country":"US","city":"White Pine","state":"Tennessee","state_ab":"TN","county":"Jefferson","geo_location":{ "type": "Point", "coordinates": [-83.2998, 36.0776] }},
{"zip_code":"37683","country":"US","city":"Mountain City","state":"Tennessee","state_ab":"TN","county":"Johnson","geo_location":{ "type": "Point", "coordinates": [-81.814, 36.4657] }},
{"zip_code":"37849","country":"US","city":"Powell","state":"Tennessee","state_ab":"TN","county":"Knox","geo_location":{ "type": "Point", "coordinates": [-84.04, 36.0435] }},
{"zip_code":"37939","country":"US","city":"Knoxville","state":"Tennessee","state_ab":"TN","county":"Knox","geo_location":{ "type": "Point", "coordinates": [-83.9622, 35.9901] }},
{"zip_code":"37940","country":"US","city":"Knoxville","state":"Tennessee","state_ab":"TN","county":"Knox","geo_location":{ "type": "Point", "coordinates": [-83.9622, 35.9901] }},
{"zip_code":"38079","country":"US","city":"Tiptonville","state":"Tennessee","state_ab":"TN","county":"Lake","geo_location":{ "type": "Point", "coordinates": [-89.4649, 36.3846] }},
{"zip_code":"38080","country":"US","city":"Ridgely","state":"Tennessee","state_ab":"TN","county":"Lake","geo_location":{ "type": "Point", "coordinates": [-89.4858, 36.2638] }},
{"zip_code":"38040","country":"US","city":"Halls","state":"Tennessee","state_ab":"TN","county":"Lauderdale","geo_location":{ "type": "Point", "coordinates": [-89.4147, 35.8862] }},
{"zip_code":"37359","country":"US","city":"Mulberry","state":"Tennessee","state_ab":"TN","county":"Lincoln","geo_location":{ "type": "Point", "coordinates": [-86.4217, 35.1941] }},
{"zip_code":"38453","country":"US","city":"Dellrose","state":"Tennessee","state_ab":"TN","county":"Lincoln","geo_location":{ "type": "Point", "coordinates": [-86.8121, 35.1214] }},
{"zip_code":"38310","country":"US","city":"Adamsville","state":"Tennessee","state_ab":"TN","county":"McNairy","geo_location":{ "type": "Point", "coordinates": [-88.4134, 35.2556] }},
{"zip_code":"37719","country":"US","city":"Coalfield","state":"Tennessee","state_ab":"TN","county":"Morgan","geo_location":{ "type": "Point", "coordinates": [-84.3907, 36.0352] }},
{"zip_code":"37733","country":"US","city":"Rugby","state":"Tennessee","state_ab":"TN","county":"Morgan","geo_location":{ "type": "Point", "coordinates": [-84.7137, 36.3519] }},
{"zip_code":"38260","country":"US","city":"Troy","state":"Tennessee","state_ab":"TN","county":"Obion","geo_location":{ "type": "Point", "coordinates": [-89.1611, 36.3416] }},
{"zip_code":"38543","country":"US","city":"Alpine","state":"Tennessee","state_ab":"TN","county":"Overton","geo_location":{ "type": "Point", "coordinates": [-85.1522, 36.3803] }},
{"zip_code":"38570","country":"US","city":"Livingston","state":"Tennessee","state_ab":"TN","county":"Overton","geo_location":{ "type": "Point", "coordinates": [-85.3205, 36.389] }},
{"zip_code":"37333","country":"US","city":"Farner","state":"Tennessee","state_ab":"TN","county":"Polk","geo_location":{ "type": "Point", "coordinates": [-84.3209, 35.1449] }},
{"zip_code":"37346","country":"US","city":"Isabella","state":"Tennessee","state_ab":"TN","county":"Polk County","geo_location":{ "type": "Point", "coordinates": [-84.3551, 35.0276] }},
{"zip_code":"38503","country":"US","city":"Cookeville","state":"Tennessee","state_ab":"TN","county":"Putnam","geo_location":{ "type": "Point", "coordinates": [-85.4548, 36.1418] }},
{"zip_code":"37010","country":"US","city":"Adams","state":"Tennessee","state_ab":"TN","county":"Robertson","geo_location":{ "type": "Point", "coordinates": [-87.1226, 36.5582] }},
{"zip_code":"37049","country":"US","city":"Cross Plains","state":"Tennessee","state_ab":"TN","county":"Robertson","geo_location":{ "type": "Point", "coordinates": [-86.6761, 36.5531] }},
{"zip_code":"37063","country":"US","city":"Fosterville","state":"Tennessee","state_ab":"TN","county":"Rutherford","geo_location":{ "type": "Point", "coordinates": [-86.421, 35.8596] }},
{"zip_code":"37089","country":"US","city":"La Vergne","state":"Tennessee","state_ab":"TN","county":"Rutherford","geo_location":{ "type": "Point", "coordinates": [-86.421, 35.8596] }},
{"zip_code":"37153","country":"US","city":"Rockvale","state":"Tennessee","state_ab":"TN","county":"Rutherford","geo_location":{ "type": "Point", "coordinates": [-86.5352, 35.745] }},
{"zip_code":"37863","country":"US","city":"Pigeon Forge","state":"Tennessee","state_ab":"TN","county":"Sevier","geo_location":{ "type": "Point", "coordinates": [-83.5638, 35.7922] }},
{"zip_code":"37876","country":"US","city":"Sevierville","state":"Tennessee","state_ab":"TN","county":"Sevier","geo_location":{ "type": "Point", "coordinates": [-83.4793, 35.866] }},
{"zip_code":"38053","country":"US","city":"Millington","state":"Tennessee","state_ab":"TN","county":"Shelby","geo_location":{ "type": "Point", "coordinates": [-89.9054, 35.3185] }},
{"zip_code":"38103","country":"US","city":"Memphis","state":"Tennessee","state_ab":"TN","county":"Shelby","geo_location":{ "type": "Point", "coordinates": [-90.048, 35.144] }},
{"zip_code":"38116","country":"US","city":"Memphis","state":"Tennessee","state_ab":"TN","county":"Shelby","geo_location":{ "type": "Point", "coordinates": [-90.0123, 35.0303] }},
{"zip_code":"38129","country":"US","city":"Memphis","state":"Tennessee","state_ab":"TN","county":"Shelby County","geo_location":{ "type": "Point", "coordinates": [-90.0519, 35.1415] }},
{"zip_code":"38130","country":"US","city":"Memphis","state":"Tennessee","state_ab":"TN","county":"Shelby","geo_location":{ "type": "Point", "coordinates": [-89.9715, 35.2017] }},
{"zip_code":"38143","country":"US","city":"Memphis","state":"Tennessee","state_ab":"TN","county":"Shelby","geo_location":{ "type": "Point", "coordinates": [-89.9715, 35.2017] }},
{"zip_code":"38183","country":"US","city":"Germantown","state":"Tennessee","state_ab":"TN","county":"Shelby","geo_location":{ "type": "Point", "coordinates": [-89.9715, 35.2017] }},
{"zip_code":"38569","country":"US","city":"Lancaster","state":"Tennessee","state_ab":"TN","county":"Smith","geo_location":{ "type": "Point", "coordinates": [-85.8551, 36.0954] }},
{"zip_code":"37023","country":"US","city":"Big Rock","state":"Tennessee","state_ab":"TN","county":"Stewart","geo_location":{ "type": "Point", "coordinates": [-87.7378, 36.5716] }},
{"zip_code":"37050","country":"US","city":"Cumberland City","state":"Tennessee","state_ab":"TN","county":"Stewart","geo_location":{ "type": "Point", "coordinates": [-87.6306, 36.3729] }},
{"zip_code":"37669","country":"US","city":"Kingsport","state":"Tennessee","state_ab":"TN","county":"Sullivan","geo_location":{ "type": "Point", "coordinates": [-82.2645, 36.5042] }},
{"zip_code":"37603","country":"US","city":"Johnson City","state":"Tennessee","state_ab":"TN","county":"Washington County","geo_location":{ "type": "Point", "coordinates": [-82.3535, 36.3132] }},
{"zip_code":"37656","country":"US","city":"Fall Branch","state":"Tennessee","state_ab":"TN","county":"Washington","geo_location":{ "type": "Point", "coordinates": [-82.6256, 36.4158] }},
{"zip_code":"38583","country":"US","city":"Sparta","state":"Tennessee","state_ab":"TN","county":"White","geo_location":{ "type": "Point", "coordinates": [-85.4392, 35.9439] }},
{"zip_code":"37179","country":"US","city":"Thompsons Station","state":"Tennessee","state_ab":"TN","county":"Williamson","geo_location":{ "type": "Point", "coordinates": [-86.8913, 35.809] }},
{"zip_code":"37090","country":"US","city":"Lebanon","state":"Tennessee","state_ab":"TN","county":"Wilson","geo_location":{ "type": "Point", "coordinates": [-86.263, 36.1185] }},
{"zip_code":"75779","country":"US","city":"Neches","state":"Texas","state_ab":"TX","county":"Anderson","geo_location":{ "type": "Point", "coordinates": [-95.662, 31.7942] }},
{"zip_code":"75803","country":"US","city":"Palestine","state":"Texas","state_ab":"TX","county":"Anderson","geo_location":{ "type": "Point", "coordinates": [-95.6545, 31.7571] }},
{"zip_code":"76370","country":"US","city":"Megargel","state":"Texas","state_ab":"TX","county":"Archer","geo_location":{ "type": "Point", "coordinates": [-98.9297, 33.4533] }},
{"zip_code":"78026","country":"US","city":"Jourdanton","state":"Texas","state_ab":"TX","county":"Atascosa","geo_location":{ "type": "Point", "coordinates": [-98.544, 28.903] }},
{"zip_code":"78053","country":"US","city":"Mc Coy","state":"Texas","state_ab":"TX","county":"Atascosa","geo_location":{ "type": "Point", "coordinates": [-98.2685, 28.8518] }},
{"zip_code":"78659","country":"US","city":"Paige","state":"Texas","state_ab":"TX","county":"Bastrop","geo_location":{ "type": "Point", "coordinates": [-97.1198, 30.1858] }},
{"zip_code":"78389","country":"US","city":"Skidmore","state":"Texas","state_ab":"TX","county":"Bee","geo_location":{ "type": "Point", "coordinates": [-97.7127, 28.2121] }},
{"zip_code":"76549","country":"US","city":"Killeen","state":"Texas","state_ab":"TX","county":"Bell","geo_location":{ "type": "Point", "coordinates": [-97.841, 31.0065] }},
{"zip_code":"78206","country":"US","city":"San Antonio","state":"Texas","state_ab":"TX","county":"Bexar","geo_location":{ "type": "Point", "coordinates": [-98.4616, 29.4375] }},
{"zip_code":"78219","country":"US","city":"San Antonio","state":"Texas","state_ab":"TX","county":"Bexar","geo_location":{ "type": "Point", "coordinates": [-98.3446, 29.4492] }},
{"zip_code":"78220","country":"US","city":"San Antonio","state":"Texas","state_ab":"TX","county":"Bexar","geo_location":{ "type": "Point", "coordinates": [-98.4128, 29.4106] }},
{"zip_code":"78233","country":"US","city":"San Antonio","state":"Texas","state_ab":"TX","county":"Bexar","geo_location":{ "type": "Point", "coordinates": [-98.3643, 29.5563] }},
{"zip_code":"78246","country":"US","city":"San Antonio","state":"Texas","state_ab":"TX","county":"Bexar","geo_location":{ "type": "Point", "coordinates": [-98.4616, 29.4375] }},
{"zip_code":"78259","country":"US","city":"San Antonio","state":"Texas","state_ab":"TX","county":"Bexar","geo_location":{ "type": "Point", "coordinates": [-98.4445, 29.6283] }},
{"zip_code":"78260","country":"US","city":"San Antonio","state":"Texas","state_ab":"TX","county":"Bexar","geo_location":{ "type": "Point", "coordinates": [-98.4759, 29.7026] }},
{"zip_code":"78286","country":"US","city":"San Antonio","state":"Texas","state_ab":"TX","county":"Bexar","geo_location":{ "type": "Point", "coordinates": [-98.4616, 29.4375] }},
{"zip_code":"78299","country":"US","city":"San Antonio","state":"Texas","state_ab":"TX","county":"Bexar","geo_location":{ "type": "Point", "coordinates": [-98.4616, 29.4375] }},
{"zip_code":"78606","country":"US","city":"Blanco","state":"Texas","state_ab":"TX","county":"Blanco","geo_location":{ "type": "Point", "coordinates": [-98.4107, 30.0874] }},
{"zip_code":"75559","country":"US","city":"De Kalb","state":"Texas","state_ab":"TX","county":"Bowie","geo_location":{ "type": "Point", "coordinates": [-94.6211, 33.4727] }},
{"zip_code":"75573","country":"US","city":"Redwater","state":"Texas","state_ab":"TX","county":"Bowie","geo_location":{ "type": "Point", "coordinates": [-94.2571, 33.358] }},
{"zip_code":"75599","country":"US","city":"Texarkana","state":"Texas","state_ab":"TX","county":"Bowie","geo_location":{ "type": "Point", "coordinates": [-94.3949, 33.4766] }},
{"zip_code":"77463","country":"US","city":"Old Ocean","state":"Texas","state_ab":"TX","county":"Brazoria","geo_location":{ "type": "Point", "coordinates": [-95.7916, 29.1308] }},
{"zip_code":"77566","country":"US","city":"Lake Jackson","state":"Texas","state_ab":"TX","county":"Brazoria","geo_location":{ "type": "Point", "coordinates": [-95.4401, 29.0393] }},
{"zip_code":"79830","country":"US","city":"Alpine","state":"Texas","state_ab":"TX","county":"Brewster","geo_location":{ "type": "Point", "coordinates": [-103.6541, 30.2631] }},
{"zip_code":"77836","country":"US","city":"Caldwell","state":"Texas","state_ab":"TX","county":"Burleson","geo_location":{ "type": "Point", "coordinates": [-96.7143, 30.5298] }},
{"zip_code":"77863","country":"US","city":"Lyons","state":"Texas","state_ab":"TX","county":"Burleson","geo_location":{ "type": "Point", "coordinates": [-96.5915, 30.3592] }},
{"zip_code":"77979","country":"US","city":"Port Lavaca","state":"Texas","state_ab":"TX","county":"Calhoun","geo_location":{ "type": "Point", "coordinates": [-96.6259, 28.6011] }},
{"zip_code":"78583","country":"US","city":"Rio Hondo","state":"Texas","state_ab":"TX","county":"Cameron","geo_location":{ "type": "Point", "coordinates": [-97.5513, 26.2339] }},
{"zip_code":"75560","country":"US","city":"Douglassville","state":"Texas","state_ab":"TX","county":"Cass","geo_location":{ "type": "Point", "coordinates": [-94.3467, 33.1758] }},
{"zip_code":"79043","country":"US","city":"Hart","state":"Texas","state_ab":"TX","county":"Castro","geo_location":{ "type": "Point", "coordinates": [-102.1155, 34.3878] }},
{"zip_code":"77580","country":"US","city":"Mont Belvieu","state":"Texas","state_ab":"TX","county":"Chambers","geo_location":{ "type": "Point", "coordinates": [-94.8429, 29.8561] }},
{"zip_code":"75766","country":"US","city":"Jacksonville","state":"Texas","state_ab":"TX","county":"Cherokee","geo_location":{ "type": "Point", "coordinates": [-95.2703, 31.9618] }},
{"zip_code":"75780","country":"US","city":"New Summerfield","state":"Texas","state_ab":"TX","county":"Cherokee","geo_location":{ "type": "Point", "coordinates": [-95.164, 31.782] }},
{"zip_code":"79379","country":"US","city":"Whiteface","state":"Texas","state_ab":"TX","county":"Cochran","geo_location":{ "type": "Point", "coordinates": [-102.6199, 33.5988] }},
{"zip_code":"76949","country":"US","city":"Silver","state":"Texas","state_ab":"TX","county":"Coke","geo_location":{ "type": "Point", "coordinates": [-100.6922, 32.0484] }},
{"zip_code":"76873","country":"US","city":"Rockwood","state":"Texas","state_ab":"TX","county":"Coleman","geo_location":{ "type": "Point", "coordinates": [-99.3746, 31.5037] }},
{"zip_code":"79519","country":"US","city":"Goldsboro","state":"Texas","state_ab":"TX","county":"Coleman","geo_location":{ "type": "Point", "coordinates": [-99.6775, 32.0482] }},
{"zip_code":"75069","country":"US","city":"Mc Kinney","state":"Texas","state_ab":"TX","county":"Collin","geo_location":{ "type": "Point", "coordinates": [-96.6085, 33.1966] }},
{"zip_code":"75070","country":"US","city":"Mc Kinney","state":"Texas","state_ab":"TX","county":"Collin","geo_location":{ "type": "Point", "coordinates": [-96.6642, 33.1951] }},
{"zip_code":"75173","country":"US","city":"Nevada","state":"Texas","state_ab":"TX","county":"Collin","geo_location":{ "type": "Point", "coordinates": [-96.3877, 33.0593] }},
{"zip_code":"78943","country":"US","city":"Glidden","state":"Texas","state_ab":"TX","county":"Colorado","geo_location":{ "type": "Point", "coordinates": [-96.5942, 29.6994] }},
{"zip_code":"78130","country":"US","city":"New Braunfels","state":"Texas","state_ab":"TX","county":"Comal","geo_location":{ "type": "Point", "coordinates": [-98.0742, 29.7229] }},
{"zip_code":"76240","country":"US","city":"Gainesville","state":"Texas","state_ab":"TX","county":"Cooke","geo_location":{ "type": "Point", "coordinates": [-97.1583, 33.6547] }},
{"zip_code":"76253","country":"US","city":"Myra","state":"Texas","state_ab":"TX","county":"Cooke","geo_location":{ "type": "Point", "coordinates": [-97.309, 33.6178] }},
{"zip_code":"76576","country":"US","city":"Gatesville","state":"Texas","state_ab":"TX","county":"Coryell County","geo_location":{ "type": "Point", "coordinates": [-97.7478, 31.434] }},
{"zip_code":"79223","country":"US","city":"Cee Vee","state":"Texas","state_ab":"TX","county":"Cottle","geo_location":{ "type": "Point", "coordinates": [-100.4573, 34.2295] }},
{"zip_code":"75016","country":"US","city":"Irving","state":"Texas","state_ab":"TX","county":"Dallas","geo_location":{ "type": "Point", "coordinates": [-96.7776, 32.7673] }},
{"zip_code":"75030","country":"US","city":"Rowlett","state":"Texas","state_ab":"TX","county":"Dallas","geo_location":{ "type": "Point", "coordinates": [-96.5347, 32.9175] }},
{"zip_code":"75043","country":"US","city":"Garland","state":"Texas","state_ab":"TX","county":"Dallas","geo_location":{ "type": "Point", "coordinates": [-96.5999, 32.8565] }},
{"zip_code":"75083","country":"US","city":"Richardson","state":"Texas","state_ab":"TX","county":"Dallas","geo_location":{ "type": "Point", "coordinates": [-96.7776, 32.7673] }},
{"zip_code":"75106","country":"US","city":"Cedar Hill","state":"Texas","state_ab":"TX","county":"Dallas","geo_location":{ "type": "Point", "coordinates": [-96.7776, 32.7673] }},
{"zip_code":"75146","country":"US","city":"Lancaster","state":"Texas","state_ab":"TX","county":"Dallas","geo_location":{ "type": "Point", "coordinates": [-96.7728, 32.5914] }},
{"zip_code":"75159","country":"US","city":"Seagoville","state":"Texas","state_ab":"TX","county":"Dallas","geo_location":{ "type": "Point", "coordinates": [-96.558, 32.6525] }},
{"zip_code":"75209","country":"US","city":"Dallas","state":"Texas","state_ab":"TX","county":"Dallas","geo_location":{ "type": "Point", "coordinates": [-96.826, 32.8456] }},
{"zip_code":"75210","country":"US","city":"Dallas","state":"Texas","state_ab":"TX","county":"Dallas","geo_location":{ "type": "Point", "coordinates": [-96.743, 32.7699] }},
{"zip_code":"75223","country":"US","city":"Dallas","state":"Texas","state_ab":"TX","county":"Dallas","geo_location":{ "type": "Point", "coordinates": [-96.7475, 32.7942] }},
{"zip_code":"75236","country":"US","city":"Dallas","state":"Texas","state_ab":"TX","county":"Dallas","geo_location":{ "type": "Point", "coordinates": [-96.9177, 32.69] }},
{"zip_code":"75249","country":"US","city":"Dallas","state":"Texas","state_ab":"TX","county":"Dallas","geo_location":{ "type": "Point", "coordinates": [-96.9493, 32.636] }},
{"zip_code":"75250","country":"US","city":"Dallas","state":"Texas","state_ab":"TX","county":"Dallas","geo_location":{ "type": "Point", "coordinates": [-96.7776, 32.7673] }},
{"zip_code":"75263","country":"US","city":"Dallas","state":"Texas","state_ab":"TX","county":"Dallas","geo_location":{ "type": "Point", "coordinates": [-96.7776, 32.7673] }},
{"zip_code":"75313","country":"US","city":"Dallas","state":"Texas","state_ab":"TX","county":"Dallas","geo_location":{ "type": "Point", "coordinates": [-96.7776, 32.7673] }},
{"zip_code":"75326","country":"US","city":"Dallas","state":"Texas","state_ab":"TX","county":"Dallas","geo_location":{ "type": "Point", "coordinates": [-96.7776, 32.7673] }},
{"zip_code":"75339","country":"US","city":"Dallas","state":"Texas","state_ab":"TX","county":"Dallas","geo_location":{ "type": "Point", "coordinates": [-96.7776, 32.7673] }},
{"zip_code":"75353","country":"US","city":"Dallas","state":"Texas","state_ab":"TX","county":"Dallas","geo_location":{ "type": "Point", "coordinates": [-96.7776, 32.7673] }},
{"zip_code":"75379","country":"US","city":"Dallas","state":"Texas","state_ab":"TX","county":"Dallas","geo_location":{ "type": "Point", "coordinates": [-96.7776, 32.7673] }},
{"zip_code":"75380","country":"US","city":"Dallas","state":"Texas","state_ab":"TX","county":"Dallas","geo_location":{ "type": "Point", "coordinates": [-96.7776, 32.7673] }},
{"zip_code":"75393","country":"US","city":"Dallas","state":"Texas","state_ab":"TX","county":"Dallas","geo_location":{ "type": "Point", "coordinates": [-96.7776, 32.7673] }},
{"zip_code":"79713","country":"US","city":"Ackerly","state":"Texas","state_ab":"TX","county":"Dawson","geo_location":{ "type": "Point", "coordinates": [-101.716, 32.5273] }},
{"zip_code":"75469","country":"US","city":"Pecan Gap","state":"Texas","state_ab":"TX","county":"Delta","geo_location":{ "type": "Point", "coordinates": [-95.8262, 33.4196] }},
{"zip_code":"75029","country":"US","city":"Lewisville","state":"Texas","state_ab":"TX","county":"Denton","geo_location":{ "type": "Point", "coordinates": [-97.1163, 33.2074] }},
{"zip_code":"75056","country":"US","city":"The Colony","state":"Texas","state_ab":"TX","county":"Denton","geo_location":{ "type": "Point", "coordinates": [-96.8836, 33.094] }},
{"zip_code":"76226","country":"US","city":"Argyle","state":"Texas","state_ab":"TX","county":"Denton","geo_location":{ "type": "Point", "coordinates": [-97.16, 33.1062] }},
{"zip_code":"76266","country":"US","city":"Sanger","state":"Texas","state_ab":"TX","county":"Denton","geo_location":{ "type": "Point", "coordinates": [-97.1814, 33.3563] }},
{"zip_code":"78349","country":"US","city":"Concepcion","state":"Texas","state_ab":"TX","county":"Duval","geo_location":{ "type": "Point", "coordinates": [-98.309, 27.3849] }},
{"zip_code":"78376","country":"US","city":"Realitos","state":"Texas","state_ab":"TX","county":"Duval","geo_location":{ "type": "Point", "coordinates": [-98.514, 27.4184] }},
{"zip_code":"79766","country":"US","city":"Odessa","state":"Texas","state_ab":"TX","county":"Ector","geo_location":{ "type": "Point", "coordinates": [-102.3449, 31.7827] }},
{"zip_code":"78880","country":"US","city":"Rocksprings","state":"Texas","state_ab":"TX","county":"Edwards","geo_location":{ "type": "Point", "coordinates": [-100.231, 30.0188] }},
{"zip_code":"75119","country":"US","city":"Ennis","state":"Texas","state_ab":"TX","county":"Ellis","geo_location":{ "type": "Point", "coordinates": [-96.6224, 32.3321] }},
{"zip_code":"75120","country":"US","city":"Ennis","state":"Texas","state_ab":"TX","county":"Ellis","geo_location":{ "type": "Point", "coordinates": [-96.6335, 32.3347] }},
{"zip_code":"79906","country":"US","city":"El Paso","state":"Texas","state_ab":"TX","county":"El Paso","geo_location":{ "type": "Point", "coordinates": [-106.4247, 31.8092] }},
{"zip_code":"79920","country":"US","city":"El Paso","state":"Texas","state_ab":"TX","county":"El Paso","geo_location":{ "type": "Point", "coordinates": [-106.4614, 31.8214] }},
{"zip_code":"79946","country":"US","city":"El Paso","state":"Texas","state_ab":"TX","county":"El Paso","geo_location":{ "type": "Point", "coordinates": [-106.3, 31.6948] }},
{"zip_code":"79960","country":"US","city":"El Paso","state":"Texas","state_ab":"TX","county":"El Paso","geo_location":{ "type": "Point", "coordinates": [-106.3, 31.6948] }},
{"zip_code":"79973","country":"US","city":"El Paso","state":"Texas","state_ab":"TX","county":"El Paso","geo_location":{ "type": "Point", "coordinates": [-106.3, 31.6948] }},
{"zip_code":"79986","country":"US","city":"El Paso","state":"Texas","state_ab":"TX","county":"El Paso","geo_location":{ "type": "Point", "coordinates": [-106.3, 31.6948] }},
{"zip_code":"79999","country":"US","city":"El Paso","state":"Texas","state_ab":"TX","county":"El Paso","geo_location":{ "type": "Point", "coordinates": [-106.3, 31.6948] }},
{"zip_code":"88519","country":"US","city":"El Paso","state":"Texas","state_ab":"TX","county":"El Paso","geo_location":{ "type": "Point", "coordinates": [-106.3, 31.6948] }},
{"zip_code":"88520","country":"US","city":"El Paso","state":"Texas","state_ab":"TX","county":"El Paso","geo_location":{ "type": "Point", "coordinates": [-106.3, 31.6948] }},
{"zip_code":"88533","country":"US","city":"El Paso","state":"Texas","state_ab":"TX","county":"El Paso","geo_location":{ "type": "Point", "coordinates": [-106.3, 31.6948] }},
{"zip_code":"88546","country":"US","city":"El Paso","state":"Texas","state_ab":"TX","county":"El Paso","geo_location":{ "type": "Point", "coordinates": [-106.3, 31.6948] }},
{"zip_code":"88559","country":"US","city":"El Paso","state":"Texas","state_ab":"TX","county":"El Paso","geo_location":{ "type": "Point", "coordinates": [-106.3, 31.6948] }},
{"zip_code":"88560","country":"US","city":"El Paso","state":"Texas","state_ab":"TX","county":"El Paso","geo_location":{ "type": "Point", "coordinates": [-106.3, 31.6948] }},
{"zip_code":"88573","country":"US","city":"El Paso","state":"Texas","state_ab":"TX","county":"El Paso","geo_location":{ "type": "Point", "coordinates": [-106.3, 31.6948] }},
{"zip_code":"88586","country":"US","city":"El Paso","state":"Texas","state_ab":"TX","county":"El Paso","geo_location":{ "type": "Point", "coordinates": [-106.3, 31.6948] }},
{"zip_code":"76433","country":"US","city":"Bluff Dale","state":"Texas","state_ab":"TX","county":"Erath","geo_location":{ "type": "Point", "coordinates": [-98.0539, 32.2884] }},
{"zip_code":"76446","country":"US","city":"Dublin","state":"Texas","state_ab":"TX","county":"Erath","geo_location":{ "type": "Point", "coordinates": [-98.3455, 32.0909] }},
{"zip_code":"76680","country":"US","city":"Reagan","state":"Texas","state_ab":"TX","county":"Falls","geo_location":{ "type": "Point", "coordinates": [-96.7998, 31.1871] }},
{"zip_code":"75443","country":"US","city":"Gober","state":"Texas","state_ab":"TX","county":"Fannin","geo_location":{ "type": "Point", "coordinates": [-96.1111, 33.4697] }},
{"zip_code":"78956","country":"US","city":"Schulenburg","state":"Texas","state_ab":"TX","county":"Fayette","geo_location":{ "type": "Point", "coordinates": [-96.9106, 29.6882] }},
{"zip_code":"79546","country":"US","city":"Rotan","state":"Texas","state_ab":"TX","county":"Fisher","geo_location":{ "type": "Point", "coordinates": [-100.4705, 32.8555] }},
{"zip_code":"79560","country":"US","city":"Sylvester","state":"Texas","state_ab":"TX","county":"Fisher","geo_location":{ "type": "Point", "coordinates": [-100.1706, 32.6946] }},
{"zip_code":"77476","country":"US","city":"Simonton","state":"Texas","state_ab":"TX","county":"Fort Bend","geo_location":{ "type": "Point", "coordinates": [-95.9922, 29.6777] }},
{"zip_code":"77489","country":"US","city":"Missouri City","state":"Texas","state_ab":"TX","county":"Fort Bend","geo_location":{ "type": "Point", "coordinates": [-95.5115, 29.5962] }},
{"zip_code":"76693","country":"US","city":"Wortham","state":"Texas","state_ab":"TX","county":"Freestone","geo_location":{ "type": "Point", "coordinates": [-96.4202, 31.7865] }}]}