{"value": [{"zip_code":"75492","country":"US","city":"Windom","state":"Texas","state_ab":"TX","county":"Fannin","geo_location":{ "type": "Point", "coordinates": [-96.002, 33.5633] }},
{"zip_code":"78938","country":"US","city":"Ellinger","state":"Texas","state_ab":"TX","county":"Fayette","geo_location":{ "type": "Point", "coordinates": [-96.6966, 29.8459] }},
{"zip_code":"78952","country":"US","city":"Plum","state":"Texas","state_ab":"TX","county":"Fayette","geo_location":{ "type": "Point", "coordinates": [-96.9439, 29.8962] }},
{"zip_code":"79258","country":"US","city":"South Plains","state":"Texas","state_ab":"TX","county":"Floyd","geo_location":{ "type": "Point", "coordinates": [-101.3031, 34.0715] }},
{"zip_code":"77498","country":"US","city":"Sugar Land","state":"Texas","state_ab":"TX","county":"Fort Bend","geo_location":{ "type": "Point", "coordinates": [-95.65, 29.6396] }},
{"zip_code":"75838","country":"US","city":"Donie","state":"Texas","state_ab":"TX","county":"Freestone","geo_location":{ "type": "Point", "coordinates": [-96.2387, 31.4873] }},
{"zip_code":"79065","country":"US","city":"Pampa","state":"Texas","state_ab":"TX","county":"Gray","geo_location":{ "type": "Point", "coordinates": [-100.9579, 35.538] }},
{"zip_code":"75092","country":"US","city":"Sherman","state":"Texas","state_ab":"TX","county":"Grayson","geo_location":{ "type": "Point", "coordinates": [-96.6184, 33.6372] }},
{"zip_code":"75605","country":"US","city":"Longview","state":"Texas","state_ab":"TX","county":"Gregg","geo_location":{ "type": "Point", "coordinates": [-94.7767, 32.5547] }},
{"zip_code":"79245","country":"US","city":"Memphis","state":"Texas","state_ab":"TX","county":"Hall","geo_location":{ "type": "Point", "coordinates": [-100.5347, 34.7122] }},
{"zip_code":"77625","country":"US","city":"Kountze","state":"Texas","state_ab":"TX","county":"Hardin","geo_location":{ "type": "Point", "coordinates": [-94.3259, 30.3703] }},
{"zip_code":"77005","country":"US","city":"Houston","state":"Texas","state_ab":"TX","county":"Harris","geo_location":{ "type": "Point", "coordinates": [-95.4263, 29.7179] }},
{"zip_code":"77018","country":"US","city":"Houston","state":"Texas","state_ab":"TX","county":"Harris","geo_location":{ "type": "Point", "coordinates": [-95.4266, 29.8272] }},
{"zip_code":"77032","country":"US","city":"Houston","state":"Texas","state_ab":"TX","county":"Harris","geo_location":{ "type": "Point", "coordinates": [-95.3299, 29.9368] }},
{"zip_code":"77045","country":"US","city":"Houston","state":"Texas","state_ab":"TX","county":"Harris","geo_location":{ "type": "Point", "coordinates": [-95.4382, 29.6297] }},
{"zip_code":"77058","country":"US","city":"Houston","state":"Texas","state_ab":"TX","county":"Harris","geo_location":{ "type": "Point", "coordinates": [-95.0998, 29.5716] }},
{"zip_code":"77072","country":"US","city":"Houston","state":"Texas","state_ab":"TX","county":"Harris","geo_location":{ "type": "Point", "coordinates": [-95.5862, 29.699] }},
{"zip_code":"77085","country":"US","city":"Houston","state":"Texas","state_ab":"TX","county":"Harris","geo_location":{ "type": "Point", "coordinates": [-95.4819, 29.6218] }},
{"zip_code":"77098","country":"US","city":"Houston","state":"Texas","state_ab":"TX","county":"Harris","geo_location":{ "type": "Point", "coordinates": [-95.4118, 29.735] }},
{"zip_code":"77212","country":"US","city":"Houston","state":"Texas","state_ab":"TX","county":"Harris","geo_location":{ "type": "Point", "coordinates": [-95.4342, 29.834] }},
{"zip_code":"77225","country":"US","city":"Houston","state":"Texas","state_ab":"TX","county":"Harris","geo_location":{ "type": "Point", "coordinates": [-95.4342, 29.834] }},
{"zip_code":"77238","country":"US","city":"Houston","state":"Texas","state_ab":"TX","county":"Harris","geo_location":{ "type": "Point", "coordinates": [-95.4342, 29.834] }},
{"zip_code":"77252","country":"US","city":"Houston","state":"Texas","state_ab":"TX","county":"Harris","geo_location":{ "type": "Point", "coordinates": [-95.4342, 29.834] }},
{"zip_code":"77265","country":"US","city":"Houston","state":"Texas","state_ab":"TX","county":"Harris","geo_location":{ "type": "Point", "coordinates": [-95.4342, 29.834] }},
{"zip_code":"77278","country":"US","city":"Houston","state":"Texas","state_ab":"TX","county":"Harris County","geo_location":{ "type": "Point", "coordinates": [-95.5113, 29.7699] }},
{"zip_code":"77292","country":"US","city":"Houston","state":"Texas","state_ab":"TX","county":"Harris","geo_location":{ "type": "Point", "coordinates": [-95.3326, 29.7443] }},
{"zip_code":"77315","country":"US","city":"North Houston","state":"Texas","state_ab":"TX","county":"Harris","geo_location":{ "type": "Point", "coordinates": [-95.4342, 29.834] }},
{"zip_code":"77382","country":"US","city":"Spring","state":"Texas","state_ab":"TX","county":"Harris","geo_location":{ "type": "Point", "coordinates": [-95.5257, 30.2106] }},
{"zip_code":"77508","country":"US","city":"Pasadena","state":"Texas","state_ab":"TX","county":"Harris","geo_location":{ "type": "Point", "coordinates": [-95.1066, 29.5699] }},
{"zip_code":"77522","country":"US","city":"Baytown","state":"Texas","state_ab":"TX","county":"Harris","geo_location":{ "type": "Point", "coordinates": [-95.4342, 29.834] }},
{"zip_code":"77562","country":"US","city":"Highlands","state":"Texas","state_ab":"TX","county":"Harris","geo_location":{ "type": "Point", "coordinates": [-95.0393, 29.8296] }},
{"zip_code":"75672","country":"US","city":"Marshall","state":"Texas","state_ab":"TX","county":"Harrison","geo_location":{ "type": "Point", "coordinates": [-94.3251, 32.5165] }},
{"zip_code":"78538","country":"US","city":"Edcouch","state":"Texas","state_ab":"TX","county":"Hidalgo","geo_location":{ "type": "Point", "coordinates": [-97.9622, 26.3328] }},
{"zip_code":"78565","country":"US","city":"Los Ebanos","state":"Texas","state_ab":"TX","county":"Hidalgo","geo_location":{ "type": "Point", "coordinates": [-98.5553, 26.246] }},
{"zip_code":"79542","country":"US","city":"Peacock","state":"Texas","state_ab":"TX","county":"Hidalgo County","geo_location":{ "type": "Point", "coordinates": [-100.4222, 33.2562] }},
{"zip_code":"76055","country":"US","city":"Itasca","state":"Texas","state_ab":"TX","county":"Hill","geo_location":{ "type": "Point", "coordinates": [-97.146, 32.1636] }},
{"zip_code":"76622","country":"US","city":"Aquilla","state":"Texas","state_ab":"TX","county":"Hill","geo_location":{ "type": "Point", "coordinates": [-97.2258, 31.8589] }},
{"zip_code":"76648","country":"US","city":"Hubbard","state":"Texas","state_ab":"TX","county":"Hill","geo_location":{ "type": "Point", "coordinates": [-96.8, 31.8436] }},
{"zip_code":"75478","country":"US","city":"Saltillo","state":"Texas","state_ab":"TX","county":"Hopkins","geo_location":{ "type": "Point", "coordinates": [-95.3433, 33.1767] }},
{"zip_code":"79748","country":"US","city":"Knott","state":"Texas","state_ab":"TX","county":"Howard","geo_location":{ "type": "Point", "coordinates": [-101.6517, 32.4125] }},
{"zip_code":"79078","country":"US","city":"Sanford","state":"Texas","state_ab":"TX","county":"Hutchinson","geo_location":{ "type": "Point", "coordinates": [-101.56, 35.7011] }},
{"zip_code":"77962","country":"US","city":"Ganado","state":"Texas","state_ab":"TX","county":"Jackson","geo_location":{ "type": "Point", "coordinates": [-96.5031, 29.0308] }},
{"zip_code":"77612","country":"US","city":"Buna","state":"Texas","state_ab":"TX","county":"Jasper","geo_location":{ "type": "Point", "coordinates": [-93.9913, 30.4132] }},
{"zip_code":"77702","country":"US","city":"Beaumont","state":"Texas","state_ab":"TX","county":"Jefferson","geo_location":{ "type": "Point", "coordinates": [-94.1254, 30.0871] }},
{"zip_code":"78332","country":"US","city":"Alice","state":"Texas","state_ab":"TX","county":"Jim Wells","geo_location":{ "type": "Point", "coordinates": [-98.0836, 27.7432] }},
{"zip_code":"78372","country":"US","city":"Orange Grove","state":"Texas","state_ab":"TX","county":"Jim Wells","geo_location":{ "type": "Point", "coordinates": [-97.9838, 27.9487] }},
{"zip_code":"76028","country":"US","city":"Burleson","state":"Texas","state_ab":"TX","county":"Johnson","geo_location":{ "type": "Point", "coordinates": [-97.309, 32.5316] }},
{"zip_code":"75142","country":"US","city":"Kaufman","state":"Texas","state_ab":"TX","county":"Kaufman","geo_location":{ "type": "Point", "coordinates": [-96.2852, 32.546] }},
{"zip_code":"78385","country":"US","city":"Sarita","state":"Texas","state_ab":"TX","county":"Kenedy","geo_location":{ "type": "Point", "coordinates": [-97.8576, 27.1496] }},
{"zip_code":"79528","country":"US","city":"Jayton","state":"Texas","state_ab":"TX","county":"Kent","geo_location":{ "type": "Point", "coordinates": [-100.5825, 33.2518] }},
{"zip_code":"79232","country":"US","city":"Dumont","state":"Texas","state_ab":"TX","county":"King","geo_location":{ "type": "Point", "coordinates": [-100.6166, 33.7262] }},
{"zip_code":"75425","country":"US","city":"Chicota","state":"Texas","state_ab":"TX","county":"Lamar","geo_location":{ "type": "Point", "coordinates": [-95.5829, 33.6597] }},
{"zip_code":"77975","country":"US","city":"Moulton","state":"Texas","state_ab":"TX","county":"Lavaca","geo_location":{ "type": "Point", "coordinates": [-97.1031, 29.57] }},
{"zip_code":"77328","country":"US","city":"Cleveland","state":"Texas","state_ab":"TX","county":"Liberty","geo_location":{ "type": "Point", "coordinates": [-95.194, 30.3963] }},
{"zip_code":"77368","country":"US","city":"Romayor","state":"Texas","state_ab":"TX","county":"Liberty","geo_location":{ "type": "Point", "coordinates": [-94.8222, 30.4359] }},
{"zip_code":"77535","country":"US","city":"Dayton","state":"Texas","state_ab":"TX","county":"Liberty","geo_location":{ "type": "Point", "coordinates": [-94.8787, 30.0102] }},
{"zip_code":"77575","country":"US","city":"Liberty","state":"Texas","state_ab":"TX","county":"Liberty","geo_location":{ "type": "Point", "coordinates": [-94.7378, 30.0946] }},
{"zip_code":"76635","country":"US","city":"Coolidge","state":"Texas","state_ab":"TX","county":"Limestone","geo_location":{ "type": "Point", "coordinates": [-96.6577, 31.7438] }},
{"zip_code":"78022","country":"US","city":"George West","state":"Texas","state_ab":"TX","county":"Live Oak","geo_location":{ "type": "Point", "coordinates": [-98.1162, 28.3204] }},
{"zip_code":"78075","country":"US","city":"Whitsett","state":"Texas","state_ab":"TX","county":"Live Oak","geo_location":{ "type": "Point", "coordinates": [-98.2565, 28.6373] }},
{"zip_code":"79412","country":"US","city":"Lubbock","state":"Texas","state_ab":"TX","county":"Lubbock","geo_location":{ "type": "Point", "coordinates": [-101.8577, 33.5463] }},
{"zip_code":"79452","country":"US","city":"Lubbock","state":"Texas","state_ab":"TX","county":"Lubbock","geo_location":{ "type": "Point", "coordinates": [-101.8213, 33.61] }},
{"zip_code":"76712","country":"US","city":"Woodway","state":"Texas","state_ab":"TX","county":"McLennan","geo_location":{ "type": "Point", "coordinates": [-97.2311, 31.5051] }},
{"zip_code":"75852","country":"US","city":"Midway","state":"Texas","state_ab":"TX","county":"Madison","geo_location":{ "type": "Point", "coordinates": [-95.7089, 30.9806] }},
{"zip_code":"77872","country":"US","city":"North Zulch","state":"Texas","state_ab":"TX","county":"Madison","geo_location":{ "type": "Point", "coordinates": [-96.0925, 30.9285] }},
{"zip_code":"76842","country":"US","city":"Fredonia","state":"Texas","state_ab":"TX","county":"Mason","geo_location":{ "type": "Point", "coordinates": [-99.1216, 30.9214] }},
{"zip_code":"77458","country":"US","city":"Midfield","state":"Texas","state_ab":"TX","county":"Matagorda","geo_location":{ "type": "Point", "coordinates": [-96.2265, 28.9362] }},
{"zip_code":"79708","country":"US","city":"Midland","state":"Texas","state_ab":"TX","county":"Midland","geo_location":{ "type": "Point", "coordinates": [-102.0317, 31.8693] }},
{"zip_code":"76518","country":"US","city":"Buckholts","state":"Texas","state_ab":"TX","county":"Milam","geo_location":{ "type": "Point", "coordinates": [-97.1241, 30.8858] }},
{"zip_code":"77302","country":"US","city":"Conroe","state":"Texas","state_ab":"TX","county":"Montgomery","geo_location":{ "type": "Point", "coordinates": [-95.3577, 30.2238] }},
{"zip_code":"77355","country":"US","city":"Magnolia","state":"Texas","state_ab":"TX","county":"Montgomery","geo_location":{ "type": "Point", "coordinates": [-95.7402, 30.1598] }},
{"zip_code":"75568","country":"US","city":"Naples","state":"Texas","state_ab":"TX","county":"Morris","geo_location":{ "type": "Point", "coordinates": [-94.6891, 33.1912] }},
{"zip_code":"75788","country":"US","city":"Sacul","state":"Texas","state_ab":"TX","county":"Nacogdoches","geo_location":{ "type": "Point", "coordinates": [-94.9189, 31.8254] }},
{"zip_code":"75102","country":"US","city":"Barry","state":"Texas","state_ab":"TX","county":"Navarro","geo_location":{ "type": "Point", "coordinates": [-96.6251, 32.1014] }},
{"zip_code":"75928","country":"US","city":"Bon Wier","state":"Texas","state_ab":"TX","county":"Newton","geo_location":{ "type": "Point", "coordinates": [-93.7665, 30.6876] }},
{"zip_code":"78408","country":"US","city":"Corpus Christi","state":"Texas","state_ab":"TX","county":"Nueces","geo_location":{ "type": "Point", "coordinates": [-97.4381, 27.7945] }},
{"zip_code":"78475","country":"US","city":"Corpus Christi","state":"Texas","state_ab":"TX","county":"Nueces","geo_location":{ "type": "Point", "coordinates": [-97.4632, 27.777] }},
{"zip_code":"79092","country":"US","city":"Vega","state":"Texas","state_ab":"TX","county":"Oldham","geo_location":{ "type": "Point", "coordinates": [-102.4214, 35.2241] }},
{"zip_code":"76068","country":"US","city":"Mineral Wells","state":"Texas","state_ab":"TX","county":"Palo Pinto","geo_location":{ "type": "Point", "coordinates": [-98.3162, 32.7598] }},
{"zip_code":"75685","country":"US","city":"Panola","state":"Texas","state_ab":"TX","county":"Panola","geo_location":{ "type": "Point", "coordinates": [-94.3087, 32.1838] }},
{"zip_code":"76082","country":"US","city":"Springtown","state":"Texas","state_ab":"TX","county":"Parker","geo_location":{ "type": "Point", "coordinates": [-97.635, 32.966] }},
{"zip_code":"79735","country":"US","city":"Fort Stockton","state":"Texas","state_ab":"TX","county":"Pecos","geo_location":{ "type": "Point", "coordinates": [-102.8799, 30.8908] }},
{"zip_code":"79012","country":"US","city":"Bushland","state":"Texas","state_ab":"TX","county":"Potter","geo_location":{ "type": "Point", "coordinates": [-102.0978, 35.2664] }},
{"zip_code":"79102","country":"US","city":"Amarillo","state":"Texas","state_ab":"TX","county":"Potter","geo_location":{ "type": "Point", "coordinates": [-101.8496, 35.1999] }},
{"zip_code":"79168","country":"US","city":"Amarillo","state":"Texas","state_ab":"TX","county":"Potter","geo_location":{ "type": "Point", "coordinates": [-101.8951, 35.4015] }},
{"zip_code":"79182","country":"US","city":"Amarillo","state":"Texas","state_ab":"TX","county":"Potter","geo_location":{ "type": "Point", "coordinates": [-101.8951, 35.4015] }},
{"zip_code":"76932","country":"US","city":"Big Lake","state":"Texas","state_ab":"TX","county":"Reagan","geo_location":{ "type": "Point", "coordinates": [-101.5423, 31.417] }},
{"zip_code":"75412","country":"US","city":"Bagwell","state":"Texas","state_ab":"TX","county":"Red River","geo_location":{ "type": "Point", "coordinates": [-95.1487, 33.8361] }},
{"zip_code":"75658","country":"US","city":"Joinerville","state":"Texas","state_ab":"TX","county":"Rusk","geo_location":{ "type": "Point", "coordinates": [-94.9065, 32.1959] }},
{"zip_code":"75968","country":"US","city":"Pineland","state":"Texas","state_ab":"TX","county":"Sabine","geo_location":{ "type": "Point", "coordinates": [-93.9754, 31.2418] }},
{"zip_code":"75708","country":"US","city":"Tyler","state":"Texas","state_ab":"TX","county":"Smith","geo_location":{ "type": "Point", "coordinates": [-95.2106, 32.419] }},
{"zip_code":"75762","country":"US","city":"Flint","state":"Texas","state_ab":"TX","county":"Smith","geo_location":{ "type": "Point", "coordinates": [-95.3948, 32.2079] }},
{"zip_code":"79502","country":"US","city":"Aspermont","state":"Texas","state_ab":"TX","county":"Stonewall","geo_location":{ "type": "Point", "coordinates": [-100.2344, 33.1301] }},
{"zip_code":"79052","country":"US","city":"Kress","state":"Texas","state_ab":"TX","county":"Swisher","geo_location":{ "type": "Point", "coordinates": [-101.737, 34.3737] }},
{"zip_code":"76002","country":"US","city":"Arlington","state":"Texas","state_ab":"TX","county":"Tarrant","geo_location":{ "type": "Point", "coordinates": [-97.0784, 32.6255] }},
{"zip_code":"76015","country":"US","city":"Arlington","state":"Texas","state_ab":"TX","county":"Tarrant","geo_location":{ "type": "Point", "coordinates": [-97.1347, 32.6931] }},
{"zip_code":"76095","country":"US","city":"Bedford","state":"Texas","state_ab":"TX","county":"Tarrant","geo_location":{ "type": "Point", "coordinates": [-97.2915, 32.7714] }},
{"zip_code":"76105","country":"US","city":"Fort Worth","state":"Texas","state_ab":"TX","county":"Tarrant","geo_location":{ "type": "Point", "coordinates": [-97.269, 32.7233] }},
{"zip_code":"76118","country":"US","city":"Fort Worth","state":"Texas","state_ab":"TX","county":"Tarrant","geo_location":{ "type": "Point", "coordinates": [-97.1952, 32.8013] }},
{"zip_code":"76132","country":"US","city":"Fort Worth","state":"Texas","state_ab":"TX","county":"Tarrant","geo_location":{ "type": "Point", "coordinates": [-97.4056, 32.6711] }},
{"zip_code":"76185","country":"US","city":"Fort Worth","state":"Texas","state_ab":"TX","county":"Tarrant","geo_location":{ "type": "Point", "coordinates": [-97.2915, 32.7714] }},
{"zip_code":"76198","country":"US","city":"Fort Worth","state":"Texas","state_ab":"TX","county":"Tarrant","geo_location":{ "type": "Point", "coordinates": [-97.2915, 32.7714] }},
{"zip_code":"76248","country":"US","city":"Keller","state":"Texas","state_ab":"TX","county":"Tarrant","geo_location":{ "type": "Point", "coordinates": [-97.2489, 32.9276] }},
{"zip_code":"79605","country":"US","city":"Abilene","state":"Texas","state_ab":"TX","county":"Taylor","geo_location":{ "type": "Point", "coordinates": [-99.7724, 32.432] }},
{"zip_code":"79698","country":"US","city":"Abilene","state":"Texas","state_ab":"TX","county":"Taylor","geo_location":{ "type": "Point", "coordinates": [-99.7348, 32.4751] }},
{"zip_code":"76905","country":"US","city":"San Angelo","state":"Texas","state_ab":"TX","county":"Tom Green","geo_location":{ "type": "Point", "coordinates": [-100.39, 31.4647] }},
{"zip_code":"76958","country":"US","city":"Water Valley","state":"Texas","state_ab":"TX","county":"Tom Green","geo_location":{ "type": "Point", "coordinates": [-100.716, 31.6453] }},
{"zip_code":"78705","country":"US","city":"Austin","state":"Texas","state_ab":"TX","county":"Travis","geo_location":{ "type": "Point", "coordinates": [-97.7396, 30.2896] }},
{"zip_code":"78718","country":"US","city":"Austin","state":"Texas","state_ab":"TX","county":"Travis","geo_location":{ "type": "Point", "coordinates": [-97.7713, 30.3264] }},
{"zip_code":"78732","country":"US","city":"Austin","state":"Texas","state_ab":"TX","county":"Travis","geo_location":{ "type": "Point", "coordinates": [-97.9007, 30.3752] }},
{"zip_code":"78745","country":"US","city":"Austin","state":"Texas","state_ab":"TX","county":"Travis","geo_location":{ "type": "Point", "coordinates": [-97.7956, 30.2063] }},
{"zip_code":"78758","country":"US","city":"Austin","state":"Texas","state_ab":"TX","county":"Travis","geo_location":{ "type": "Point", "coordinates": [-97.7078, 30.3764] }},
{"zip_code":"78772","country":"US","city":"Austin","state":"Texas","state_ab":"TX","county":"Travis","geo_location":{ "type": "Point", "coordinates": [-97.7713, 30.3264] }},
{"zip_code":"78785","country":"US","city":"Austin","state":"Texas","state_ab":"TX","county":"Travis","geo_location":{ "type": "Point", "coordinates": [-97.7713, 30.3264] }},
{"zip_code":"78798","country":"US","city":"Austin","state":"Texas","state_ab":"TX","county":"Travis County","geo_location":{ "type": "Point", "coordinates": [-97.6826, 30.3718] }},
{"zip_code":"75865","country":"US","city":"Woodlake","state":"Texas","state_ab":"TX","county":"Trinity","geo_location":{ "type": "Point", "coordinates": [-95.1388, 31.1058] }},
{"zip_code":"75942","country":"US","city":"Doucette","state":"Texas","state_ab":"TX","county":"Tyler","geo_location":{ "type": "Point", "coordinates": [-94.3979, 30.8173] }},
{"zip_code":"75645","country":"US","city":"Gilmer","state":"Texas","state_ab":"TX","county":"Upshur","geo_location":{ "type": "Point", "coordinates": [-94.8491, 32.6044] }},
{"zip_code":"78835","country":"US","city":"Del Rio","state":"Texas","state_ab":"TX","county":"Val Verde County","geo_location":{ "type": "Point", "coordinates": [-100.8824, 29.8489] }},
{"zip_code":"77988","country":"US","city":"Telferner","state":"Texas","state_ab":"TX","county":"Victoria","geo_location":{ "type": "Point", "coordinates": [-96.8774, 28.8538] }},
{"zip_code":"77342","country":"US","city":"Huntsville","state":"Texas","state_ab":"TX","county":"Walker","geo_location":{ "type": "Point", "coordinates": [-95.5953, 30.7813] }},
{"zip_code":"77445","country":"US","city":"Hempstead","state":"Texas","state_ab":"TX","county":"Waller","geo_location":{ "type": "Point", "coordinates": [-96.0716, 30.092] }},
{"zip_code":"79788","country":"US","city":"Wickett","state":"Texas","state_ab":"TX","county":"Ward","geo_location":{ "type": "Point", "coordinates": [-103.0067, 31.5692] }},
{"zip_code":"77432","country":"US","city":"Danevang","state":"Texas","state_ab":"TX","county":"Wharton","geo_location":{ "type": "Point", "coordinates": [-96.1976, 29.067] }},
{"zip_code":"78615","country":"US","city":"Coupland","state":"Texas","state_ab":"TX","county":"Williamson","geo_location":{ "type": "Point", "coordinates": [-97.3676, 30.4872] }},
{"zip_code":"78628","country":"US","city":"Georgetown","state":"Texas","state_ab":"TX","county":"Williamson","geo_location":{ "type": "Point", "coordinates": [-97.7511, 30.6411] }},
{"zip_code":"78642","country":"US","city":"Liberty Hill","state":"Texas","state_ab":"TX","county":"Williamson","geo_location":{ "type": "Point", "coordinates": [-97.9316, 30.663] }},
{"zip_code":"78682","country":"US","city":"Round Rock","state":"Texas","state_ab":"TX","county":"Williamson","geo_location":{ "type": "Point", "coordinates": [-97.6026, 30.6568] }},
{"zip_code":"84308","country":"US","city":"Cornish","state":"Utah","state_ab":"UT","county":"Cache","geo_location":{ "type": "Point", "coordinates": [-111.9733, 41.9443] }},
{"zip_code":"84322","country":"US","city":"Logan","state":"Utah","state_ab":"UT","county":"Cache","geo_location":{ "type": "Point", "coordinates": [-111.8966, 41.6412] }},
{"zip_code":"84335","country":"US","city":"Smithfield","state":"Utah","state_ab":"UT","county":"Cache","geo_location":{ "type": "Point", "coordinates": [-111.8528, 41.8403] }},
{"zip_code":"84542","country":"US","city":"Wellington","state":"Utah","state_ab":"UT","county":"Carbon","geo_location":{ "type": "Point", "coordinates": [-110.735, 39.5423] }},
{"zip_code":"84025","country":"US","city":"Farmington","state":"Utah","state_ab":"UT","county":"Davis","geo_location":{ "type": "Point", "coordinates": [-111.8938, 40.9889] }},
{"zip_code":"84012","country":"US","city":"Bridgeland","state":"Utah","state_ab":"UT","county":"Duchesne County","geo_location":{ "type": "Point", "coordinates": [-110.2023, 40.2105] }},
{"zip_code":"84052","country":"US","city":"Myton","state":"Utah","state_ab":"UT","county":"Duchesne","geo_location":{ "type": "Point", "coordinates": [-110.0481, 40.194] }},
{"zip_code":"84528","country":"US","city":"Huntington","state":"Utah","state_ab":"UT","county":"Emery","geo_location":{ "type": "Point", "coordinates": [-110.9741, 39.292] }},
{"zip_code":"84735","country":"US","city":"Hatch","state":"Utah","state_ab":"UT","county":"Garfield","geo_location":{ "type": "Point", "coordinates": [-112.4777, 37.7175] }},
{"zip_code":"84515","country":"US","city":"Cisco","state":"Utah","state_ab":"UT","county":"Grand","geo_location":{ "type": "Point", "coordinates": [-109.615, 38.9999] }},
{"zip_code":"84645","country":"US","city":"Mona","state":"Utah","state_ab":"UT","county":"Juab","geo_location":{ "type": "Point", "coordinates": [-111.848, 39.8382] }},
{"zip_code":"84762","country":"US","city":"Duck Creek Village","state":"Utah","state_ab":"UT","county":"Kane","geo_location":{ "type": "Point", "coordinates": [-112.6636, 37.5169] }},
{"zip_code":"84038","country":"US","city":"Laketown","state":"Utah","state_ab":"UT","county":"Rich","geo_location":{ "type": "Point", "coordinates": [-111.2689, 41.8107] }},
{"zip_code":"84065","country":"US","city":"Riverton","state":"Utah","state_ab":"UT","county":"Salt Lake","geo_location":{ "type": "Point", "coordinates": [-111.9444, 40.4954] }},
{"zip_code":"84092","country":"US","city":"Sandy","state":"Utah","state_ab":"UT","county":"Salt Lake","geo_location":{ "type": "Point", "coordinates": [-111.7467, 40.5834] }},
{"zip_code":"84102","country":"US","city":"Salt Lake City","state":"Utah","state_ab":"UT","county":"Salt Lake","geo_location":{ "type": "Point", "coordinates": [-111.8627, 40.76] }},
{"zip_code":"84115","country":"US","city":"Salt Lake City","state":"Utah","state_ab":"UT","county":"Salt Lake","geo_location":{ "type": "Point", "coordinates": [-111.8931, 40.7145] }},
{"zip_code":"84128","country":"US","city":"Salt Lake City","state":"Utah","state_ab":"UT","county":"Salt Lake","geo_location":{ "type": "Point", "coordinates": [-112.0377, 40.6976] }},
{"zip_code":"84142","country":"US","city":"Salt Lake City","state":"Utah","state_ab":"UT","county":"Salt Lake","geo_location":{ "type": "Point", "coordinates": [-111.9083, 40.6681] }},
{"zip_code":"84195","country":"US","city":"Salt Lake City","state":"Utah","state_ab":"UT","county":"Salt Lake County","geo_location":{ "type": "Point", "coordinates": [-111.8918, 40.7439] }},
{"zip_code":"84632","country":"US","city":"Fountain Green","state":"Utah","state_ab":"UT","county":"Sanpete","geo_location":{ "type": "Point", "coordinates": [-111.7293, 39.3926] }},
{"zip_code":"84078","country":"US","city":"Vernal","state":"Utah","state_ab":"UT","county":"Uintah","geo_location":{ "type": "Point", "coordinates": [-109.5469, 40.4406] }},
{"zip_code":"84605","country":"US","city":"Provo","state":"Utah","state_ab":"UT","county":"Utah","geo_location":{ "type": "Point", "coordinates": [-111.536, 40.177] }},
{"zip_code":"84722","country":"US","city":"Central","state":"Utah","state_ab":"UT","county":"Washington","geo_location":{ "type": "Point", "coordinates": [-113.6248, 37.4669] }},
{"zip_code":"84775","country":"US","city":"Torrey","state":"Utah","state_ab":"UT","county":"Wayne","geo_location":{ "type": "Point", "coordinates": [-111.4138, 38.2969] }},
{"zip_code":"84412","country":"US","city":"Ogden","state":"Utah","state_ab":"UT","county":"Weber","geo_location":{ "type": "Point", "coordinates": [-111.9567, 41.2553] }},
{"zip_code":"23415","country":"US","city":"New Church","state":"Virginia","state_ab":"VA","county":"Accomack","geo_location":{ "type": "Point", "coordinates": [-75.5112, 37.9525] }},
{"zip_code":"23442","country":"US","city":"Temperanceville","state":"Virginia","state_ab":"VA","county":"Accomack","geo_location":{ "type": "Point", "coordinates": [-75.5528, 37.8954] }},
{"zip_code":"24562","country":"US","city":"Howardsville","state":"Virginia","state_ab":"VA","county":"Albemarle","geo_location":{ "type": "Point", "coordinates": [-78.6313, 37.7511] }},
{"zip_code":"23002","country":"US","city":"Amelia Court House","state":"Virginia","state_ab":"VA","county":"Amelia","geo_location":{ "type": "Point", "coordinates": [-77.9841, 37.3428] }},
{"zip_code":"23105","country":"US","city":"Mannboro","state":"Virginia","state_ab":"VA","county":"Amelia","geo_location":{ "type": "Point", "coordinates": [-77.9449, 37.345] }},
{"zip_code":"23958","country":"US","city":"Pamplin","state":"Virginia","state_ab":"VA","county":"Appomattox","geo_location":{ "type": "Point", "coordinates": [-78.6517, 37.2653] }},
{"zip_code":"24522","country":"US","city":"Appomattox","state":"Virginia","state_ab":"VA","county":"Appomattox","geo_location":{ "type": "Point", "coordinates": [-78.8224, 37.353] }},
{"zip_code":"22205","country":"US","city":"Arlington","state":"Virginia","state_ab":"VA","county":"Arlington","geo_location":{ "type": "Point", "coordinates": [-77.1395, 38.8836] }},
{"zip_code":"22218","country":"US","city":"Arlington","state":"Virginia","state_ab":"VA","county":"Arlington","geo_location":{ "type": "Point", "coordinates": [-77.1129, 38.8808] }},
{"zip_code":"22245","country":"US","city":"Arlington","state":"Virginia","state_ab":"VA","county":"Arlington","geo_location":{ "type": "Point", "coordinates": [-77.0523, 38.8518] }},
{"zip_code":"24432","country":"US","city":"Deerfield","state":"Virginia","state_ab":"VA","county":"Augusta","geo_location":{ "type": "Point", "coordinates": [-79.4152, 38.1842] }},
{"zip_code":"24485","country":"US","city":"West Augusta","state":"Virginia","state_ab":"VA","county":"Augusta","geo_location":{ "type": "Point", "coordinates": [-79.3201, 38.2744] }},
{"zip_code":"24445","country":"US","city":"Hot Springs","state":"Virginia","state_ab":"VA","county":"Bath","geo_location":{ "type": "Point", "coordinates": [-79.8717, 37.9638] }},
{"zip_code":"24122","country":"US","city":"Montvale","state":"Virginia","state_ab":"VA","county":"Bedford","geo_location":{ "type": "Point", "coordinates": [-79.7175, 37.407] }},
{"zip_code":"24315","country":"US","city":"Bland","state":"Virginia","state_ab":"VA","county":"Bland","geo_location":{ "type": "Point", "coordinates": [-81.0201, 37.1376] }},
{"zip_code":"24085","country":"US","city":"Eagle Rock","state":"Virginia","state_ab":"VA","county":"Botetourt","geo_location":{ "type": "Point", "coordinates": [-79.8172, 37.6667] }},
{"zip_code":"24175","country":"US","city":"Troutville","state":"Virginia","state_ab":"VA","county":"Botetourt","geo_location":{ "type": "Point", "coordinates": [-79.8786, 37.4019] }},
{"zip_code":"23868","country":"US","city":"Lawrenceville","state":"Virginia","state_ab":"VA","county":"Brunswick","geo_location":{ "type": "Point", "coordinates": [-77.8136, 36.7342] }},
{"zip_code":"24588","country":"US","city":"Rustburg","state":"Virginia","state_ab":"VA","county":"Campbell","geo_location":{ "type": "Point", "coordinates": [-79.1215, 37.2545] }},
{"zip_code":"24328","country":"US","city":"Fancy Gap","state":"Virginia","state_ab":"VA","county":"Carroll","geo_location":{ "type": "Point", "coordinates": [-80.6907, 36.664] }},
{"zip_code":"23235","country":"US","city":"Richmond","state":"Virginia","state_ab":"VA","county":"Chesterfield","geo_location":{ "type": "Point", "coordinates": [-77.5646, 37.5133] }},
{"zip_code":"22735","country":"US","city":"Reva","state":"Virginia","state_ab":"VA","county":"Culpeper","geo_location":{ "type": "Point", "coordinates": [-78.1572, 38.4604] }},
{"zip_code":"22438","country":"US","city":"Champlain","state":"Virginia","state_ab":"VA","county":"Essex","geo_location":{ "type": "Point", "coordinates": [-76.9719, 38.0214] }},
{"zip_code":"20122","country":"US","city":"Centreville","state":"Virginia","state_ab":"VA","county":"Fairfax","geo_location":{ "type": "Point", "coordinates": [-77.2888, 38.8318] }},
{"zip_code":"22092","country":"US","city":"Herndon","state":"Virginia","state_ab":"VA","county":"Fairfax","geo_location":{ "type": "Point", "coordinates": [-77.2888, 38.8318] }},
{"zip_code":"22102","country":"US","city":"Mc Lean","state":"Virginia","state_ab":"VA","county":"Fairfax","geo_location":{ "type": "Point", "coordinates": [-77.2295, 38.953] }},
{"zip_code":"22182","country":"US","city":"Vienna","state":"Virginia","state_ab":"VA","county":"Fairfax","geo_location":{ "type": "Point", "coordinates": [-77.2649, 38.928] }},
{"zip_code":"22308","country":"US","city":"Alexandria","state":"Virginia","state_ab":"VA","county":"Fairfax","geo_location":{ "type": "Point", "coordinates": [-77.0604, 38.7316] }},
{"zip_code":"20188","country":"US","city":"Warrenton","state":"Virginia","state_ab":"VA","county":"Fauquier","geo_location":{ "type": "Point", "coordinates": [-77.8203, 38.7656] }},
{"zip_code":"22115","country":"US","city":"Marshall","state":"Virginia","state_ab":"VA","county":"Fauquier County","geo_location":{ "type": "Point", "coordinates": [-77.891, 38.8288] }},
{"zip_code":"22128","country":"US","city":"Orlean","state":"Virginia","state_ab":"VA","county":"Fauquier County","geo_location":{ "type": "Point", "coordinates": [-77.9621, 38.7497] }},
{"zip_code":"24072","country":"US","city":"Check","state":"Virginia","state_ab":"VA","county":"Floyd","geo_location":{ "type": "Point", "coordinates": [-80.228, 37.0446] }},
{"zip_code":"23055","country":"US","city":"Fork Union","state":"Virginia","state_ab":"VA","county":"Fluvanna","geo_location":{ "type": "Point", "coordinates": [-78.2355, 37.7715] }},
{"zip_code":"22645","country":"US","city":"Middletown","state":"Virginia","state_ab":"VA","county":"Frederick","geo_location":{ "type": "Point", "coordinates": [-78.2815, 39.0367] }},
{"zip_code":"24292","country":"US","city":"Whitetop","state":"Virginia","state_ab":"VA","county":"Grayson","geo_location":{ "type": "Point", "coordinates": [-81.5839, 36.6106] }},
{"zip_code":"22968","country":"US","city":"Ruckersville","state":"Virginia","state_ab":"VA","county":"Greene","geo_location":{ "type": "Point", "coordinates": [-78.4074, 38.2586] }},
{"zip_code":"24535","country":"US","city":"Cluster Springs","state":"Virginia","state_ab":"VA","county":"Halifax","geo_location":{ "type": "Point", "coordinates": [-78.9455, 36.6113] }},
{"zip_code":"23015","country":"US","city":"Beaverdam","state":"Virginia","state_ab":"VA","county":"Hanover","geo_location":{ "type": "Point", "coordinates": [-77.6308, 37.9038] }},
{"zip_code":"23288","country":"US","city":"Richmond","state":"Virginia","state_ab":"VA","county":"Henrico","geo_location":{ "type": "Point", "coordinates": [-77.4161, 37.5313] }},
{"zip_code":"24148","country":"US","city":"Ridgeway","state":"Virginia","state_ab":"VA","county":"Henry","geo_location":{ "type": "Point", "coordinates": [-79.8686, 36.5874] }},
{"zip_code":"24458","country":"US","city":"Mc Dowell","state":"Virginia","state_ab":"VA","county":"Highland","geo_location":{ "type": "Point", "coordinates": [-79.4988, 38.3266] }},
{"zip_code":"23185","country":"US","city":"Williamsburg","state":"Virginia","state_ab":"VA","county":"James City","geo_location":{ "type": "Point", "coordinates": [-76.7324, 37.2732] }},
{"zip_code":"22528","country":"US","city":"Nuttsville","state":"Virginia","state_ab":"VA","county":"Lancaster","geo_location":{ "type": "Point", "coordinates": [-76.4099, 37.7132] }},
{"zip_code":"24265","country":"US","city":"Keokee","state":"Virginia","state_ab":"VA","county":"Lee","geo_location":{ "type": "Point", "coordinates": [-82.9772, 36.8239] }},
{"zip_code":"20135","country":"US","city":"Bluemont","state":"Virginia","state_ab":"VA","county":"Loudoun","geo_location":{ "type": "Point", "coordinates": [-77.8467, 39.0823] }},
{"zip_code":"20148","country":"US","city":"Ashburn","state":"Virginia","state_ab":"VA","county":"Loudoun","geo_location":{ "type": "Point", "coordinates": [-77.5285, 39.0142] }},
{"zip_code":"20175","country":"US","city":"Leesburg","state":"Virginia","state_ab":"VA","county":"Loudoun","geo_location":{ "type": "Point", "coordinates": [-77.6054, 39.042] }},
{"zip_code":"22012","country":"US","city":"Bluemont","state":"Virginia","state_ab":"VA","county":"Loudoun County","geo_location":{ "type": "Point", "coordinates": [-77.8338, 39.096] }},
{"zip_code":"22078","country":"US","city":"Lincoln","state":"Virginia","state_ab":"VA","county":"Loudoun County","geo_location":{ "type": "Point", "coordinates": [-77.7157, 39.1364] }},
{"zip_code":"23042","country":"US","city":"Dabneys","state":"Virginia","state_ab":"VA","county":"Louisa County","geo_location":{ "type": "Point", "coordinates": [-77.8152, 37.7546] }},
{"zip_code":"22722","country":"US","city":"Haywood","state":"Virginia","state_ab":"VA","county":"Madison","geo_location":{ "type": "Point", "coordinates": [-78.2678, 38.4285] }},
{"zip_code":"22748","country":"US","city":"Wolftown","state":"Virginia","state_ab":"VA","county":"Madison","geo_location":{ "type": "Point", "coordinates": [-78.3805, 38.3727] }},
{"zip_code":"23068","country":"US","city":"Hallieford","state":"Virginia","state_ab":"VA","county":"Mathews","geo_location":{ "type": "Point", "coordinates": [-76.2941, 37.4103] }},
{"zip_code":"23118","country":"US","city":"Mobjack","state":"Virginia","state_ab":"VA","county":"Mathews County","geo_location":{ "type": "Point", "coordinates": [-76.3552, 37.3776] }},
{"zip_code":"24162","country":"US","city":"Shawsville","state":"Virginia","state_ab":"VA","county":"Montgomery","geo_location":{ "type": "Point", "coordinates": [-80.2715, 37.1466] }},
{"zip_code":"23482","country":"US","city":"Wardtown","state":"Virginia","state_ab":"VA","county":"Northampton","geo_location":{ "type": "Point", "coordinates": [-75.8691, 37.274] }},
{"zip_code":"22542","country":"US","city":"Rhoadesville","state":"Virginia","state_ab":"VA","county":"Orange","geo_location":{ "type": "Point", "coordinates": [-77.923, 38.2863] }},
{"zip_code":"22568","country":"US","city":"Mine Run","state":"Virginia","state_ab":"VA","county":"Orange County","geo_location":{ "type": "Point", "coordinates": [-77.8183, 38.2664] }},
{"zip_code":"22942","country":"US","city":"Gordonsville","state":"Virginia","state_ab":"VA","county":"Orange","geo_location":{ "type": "Point", "coordinates": [-78.1815, 38.1759] }},
{"zip_code":"23842","country":"US","city":"Disputanta","state":"Virginia","state_ab":"VA","county":"Prince George","geo_location":{ "type": "Point", "coordinates": [-77.2732, 37.1483] }},
{"zip_code":"22025","country":"US","city":"Dumfries","state":"Virginia","state_ab":"VA","county":"Prince William County","geo_location":{ "type": "Point", "coordinates": [-77.3403, 38.5993] }},
{"zip_code":"22065","country":"US","city":"Gainesville","state":"Virginia","state_ab":"VA","county":"Prince William County","geo_location":{ "type": "Point", "coordinates": [-77.6202, 38.8254] }},
{"zip_code":"22195","country":"US","city":"Woodbridge","state":"Virginia","state_ab":"VA","county":"Prince William","geo_location":{ "type": "Point", "coordinates": [-77.4669, 38.7219] }},
{"zip_code":"24058","country":"US","city":"Belspring","state":"Virginia","state_ab":"VA","county":"Pulaski","geo_location":{ "type": "Point", "coordinates": [-80.6151, 37.1982] }},
{"zip_code":"24018","country":"US","city":"Roanoke","state":"Virginia","state_ab":"VA","county":"Roanoke","geo_location":{ "type": "Point", "coordinates": [-80.0525, 37.2503] }},
{"zip_code":"24472","country":"US","city":"Raphine","state":"Virginia","state_ab":"VA","county":"Rockbridge","geo_location":{ "type": "Point", "coordinates": [-79.2219, 37.9374] }},
{"zip_code":"22812","country":"US","city":"Bridgewater","state":"Virginia","state_ab":"VA","county":"Rockingham","geo_location":{ "type": "Point", "coordinates": [-78.9937, 38.3859] }},
{"zip_code":"24225","country":"US","city":"Cleveland","state":"Virginia","state_ab":"VA","county":"Russell","geo_location":{ "type": "Point", "coordinates": [-82.1318, 36.9502] }},
{"zip_code":"23828","country":"US","city":"Branchville","state":"Virginia","state_ab":"VA","county":"Southampton","geo_location":{ "type": "Point", "coordinates": [-77.2704, 36.5787] }},
{"zip_code":"22412","country":"US","city":"Fredericksburg","state":"Virginia","state_ab":"VA","county":"Spotsylvania","geo_location":{ "type": "Point", "coordinates": [-77.6626, 38.1847] }},
{"zip_code":"22555","country":"US","city":"Stafford","state":"Virginia","state_ab":"VA","county":"Stafford","geo_location":{ "type": "Point", "coordinates": [-77.4608, 38.4173] }},
{"zip_code":"23882","country":"US","city":"Stony Creek","state":"Virginia","state_ab":"VA","county":"Sussex","geo_location":{ "type": "Point", "coordinates": [-77.4443, 36.9361] }},
{"zip_code":"24612","country":"US","city":"Doran","state":"Virginia","state_ab":"VA","county":"Tazewell","geo_location":{ "type": "Point", "coordinates": [-81.818, 37.0945] }},
{"zip_code":"24212","country":"US","city":"Abingdon","state":"Virginia","state_ab":"VA","county":"Washington","geo_location":{ "type": "Point", "coordinates": [-81.9708, 36.6909] }},
{"zip_code":"24368","country":"US","city":"Rural Retreat","state":"Virginia","state_ab":"VA","county":"Wythe","geo_location":{ "type": "Point", "coordinates": [-81.2879, 36.8836] }},
{"zip_code":"24382","country":"US","city":"Wytheville","state":"Virginia","state_ab":"VA","county":"Wythe","geo_location":{ "type": "Point", "coordinates": [-81.0941, 36.9407] }},
{"zip_code":"22902","country":"US","city":"Charlottesville","state":"Virginia","state_ab":"VA","county":"Charlottesville (city)","geo_location":{ "type": "Point", "coordinates": [-78.4805, 38.0266] }},
{"zip_code":"23325","country":"US","city":"Chesapeake","state":"Virginia","state_ab":"VA","county":"Chesapeake (city)","geo_location":{ "type": "Point", "coordinates": [-76.2406, 36.814] }},
{"zip_code":"22038","country":"US","city":"Fairfax","state":"Virginia","state_ab":"VA","county":"Fairfax (city)","geo_location":{ "type": "Point", "coordinates": [-77.302, 38.8528] }},
{"zip_code":"20108","country":"US","city":"Manassas","state":"Virginia","state_ab":"VA","county":"Manassas (city)","geo_location":{ "type": "Point", "coordinates": [-77.4872, 38.7447] }},
{"zip_code":"23608","country":"US","city":"Newport News","state":"Virginia","state_ab":"VA","county":"Newport News (city)","geo_location":{ "type": "Point", "coordinates": [-76.542, 37.1526] }},
{"zip_code":"23505","country":"US","city":"Norfolk","state":"Virginia","state_ab":"VA","county":"Norfolk (city)","geo_location":{ "type": "Point", "coordinates": [-76.2875, 36.9168] }},
{"zip_code":"23518","country":"US","city":"Norfolk","state":"Virginia","state_ab":"VA","county":"Norfolk (city)","geo_location":{ "type": "Point", "coordinates": [-76.216, 36.9202] }},
{"zip_code":"23662","country":"US","city":"Poquoson","state":"Virginia","state_ab":"VA","county":"Poquoson (city)","geo_location":{ "type": "Point", "coordinates": [-76.3807, 37.1313] }},
{"zip_code":"23208","country":"US","city":"Richmond","state":"Virginia","state_ab":"VA","county":"City of Richmond","geo_location":{ "type": "Point", "coordinates": [-77.4471, 37.5593] }},
{"zip_code":"23222","country":"US","city":"Richmond","state":"Virginia","state_ab":"VA","county":"Richmond (city)","geo_location":{ "type": "Point", "coordinates": [-77.4267, 37.5748] }},
{"zip_code":"23275","country":"US","city":"Richmond","state":"Virginia","state_ab":"VA","county":"Richmond (city)","geo_location":{ "type": "Point", "coordinates": [-77.4932, 37.5242] }},
{"zip_code":"24005","country":"US","city":"Roanoke","state":"Virginia","state_ab":"VA","county":"Roanoke (city)","geo_location":{ "type": "Point", "coordinates": [-79.9579, 37.2742] }},
{"zip_code":"24032","country":"US","city":"Roanoke","state":"Virginia","state_ab":"VA","county":"Roanoke (city)","geo_location":{ "type": "Point", "coordinates": [-79.9579, 37.2742] }},
{"zip_code":"24045","country":"US","city":"Roanoke","state":"Virginia","state_ab":"VA","county":"Roanoke (city)","geo_location":{ "type": "Point", "coordinates": [-79.9407, 37.2686] }},
{"zip_code":"23455","country":"US","city":"Virginia Beach","state":"Virginia","state_ab":"VA","county":"Virginia Beach (city)","geo_location":{ "type": "Point", "coordinates": [-76.1446, 36.8881] }},
{"zip_code":"23468","country":"US","city":"Virginia Beach","state":"Virginia","state_ab":"VA","county":"Virginia Beach (city)","geo_location":{ "type": "Point", "coordinates": [-76.1424, 36.8439] }},
{"zip_code":"5778","country":"US","city":"Whiting","state":"Vermont","state_ab":"VT","county":"Addison","geo_location":{ "type": "Point", "coordinates": [-73.203, 43.894] }},
{"zip_code":"5262","country":"US","city":"Shaftsbury","state":"Vermont","state_ab":"VT","county":"Bennington","geo_location":{ "type": "Point", "coordinates": [-73.2166, 42.9614] }},
{"zip_code":"5352","country":"US","city":"Readsboro","state":"Vermont","state_ab":"VT","county":"Bennington","geo_location":{ "type": "Point", "coordinates": [-73.0675, 42.7826] }},
{"zip_code":"5042","country":"US","city":"East Ryegate","state":"Vermont","state_ab":"VT","county":"Caledonia","geo_location":{ "type": "Point", "coordinates": [-72.0996, 44.2275] }},
{"zip_code":"5828","country":"US","city":"Danville","state":"Vermont","state_ab":"VT","county":"Caledonia","geo_location":{ "type": "Point", "coordinates": [-72.1133, 44.4332] }},
{"zip_code":"5402","country":"US","city":"Burlington","state":"Vermont","state_ab":"VT","county":"Chittenden","geo_location":{ "type": "Point", "coordinates": [-73.0825, 44.4421] }},
{"zip_code":"5468","country":"US","city":"Milton","state":"Vermont","state_ab":"VT","county":"Chittenden","geo_location":{ "type": "Point", "coordinates": [-73.1317, 44.6483] }},
{"zip_code":"5482","country":"US","city":"Shelburne","state":"Vermont","state_ab":"VT","county":"Chittenden","geo_location":{ "type": "Point", "coordinates": [-73.2171, 44.39] }},
{"zip_code":"5495","country":"US","city":"Williston","state":"Vermont","state_ab":"VT","county":"Chittenden","geo_location":{ "type": "Point", "coordinates": [-73.0957, 44.4367] }},
{"zip_code":"5905","country":"US","city":"Guildhall","state":"Vermont","state_ab":"VT","county":"Essex","geo_location":{ "type": "Point", "coordinates": [-71.5991, 44.6902] }},
{"zip_code":"5455","country":"US","city":"Fairfield","state":"Vermont","state_ab":"VT","county":"Franklin","geo_location":{ "type": "Point", "coordinates": [-73.0222, 44.7841] }},
{"zip_code":"5442","country":"US","city":"Belvidere Center","state":"Vermont","state_ab":"VT","county":"Lamoille","geo_location":{ "type": "Point", "coordinates": [-72.7016, 44.7248] }},
{"zip_code":"5662","country":"US","city":"Moscow","state":"Vermont","state_ab":"VT","county":"Lamoille","geo_location":{ "type": "Point", "coordinates": [-72.7188, 44.442] }},
{"zip_code":"5675","country":"US","city":"Washington","state":"Vermont","state_ab":"VT","county":"Orange","geo_location":{ "type": "Point", "coordinates": [-72.4263, 44.0782] }},
{"zip_code":"5842","country":"US","city":"Greensboro Bend","state":"Vermont","state_ab":"VT","county":"Orleans","geo_location":{ "type": "Point", "coordinates": [-72.2264, 44.7756] }},
{"zip_code":"5855","country":"US","city":"Newport","state":"Vermont","state_ab":"VT","county":"Orleans","geo_location":{ "type": "Point", "coordinates": [-72.2065, 44.9393] }},
{"zip_code":"5868","country":"US","city":"Troy","state":"Vermont","state_ab":"VT","county":"Orleans","geo_location":{ "type": "Point", "coordinates": [-72.2264, 44.7756] }},
{"zip_code":"5738","country":"US","city":"Cuttingsville","state":"Vermont","state_ab":"VT","county":"Rutland","geo_location":{ "type": "Point", "coordinates": [-72.8691, 43.5221] }},
{"zip_code":"5765","country":"US","city":"Proctor","state":"Vermont","state_ab":"VT","county":"Rutland","geo_location":{ "type": "Point", "coordinates": [-73.0348, 43.658] }},
{"zip_code":"5648","country":"US","city":"Calais","state":"Vermont","state_ab":"VT","county":"Washington","geo_location":{ "type": "Point", "coordinates": [-72.4741, 44.3934] }},
{"zip_code":"5158","country":"US","city":"Westminster","state":"Vermont","state_ab":"VT","county":"Windham","geo_location":{ "type": "Point", "coordinates": [-72.4749, 43.0826] }},
{"zip_code":"5055","country":"US","city":"Norwich","state":"Vermont","state_ab":"VT","county":"Windsor","geo_location":{ "type": "Point", "coordinates": [-72.3016, 43.7404] }},
{"zip_code":"5068","country":"US","city":"South Royalton","state":"Vermont","state_ab":"VT","county":"Windsor","geo_location":{ "type": "Point", "coordinates": [-72.5232, 43.8089] }},
{"zip_code":"98815","country":"US","city":"Cashmere","state":"Washington","state_ab":"WA","county":"Chelan","geo_location":{ "type": "Point", "coordinates": [-120.5033, 47.5173] }},
{"zip_code":"98828","country":"US","city":"Malaga","state":"Washington","state_ab":"WA","county":"Chelan","geo_location":{ "type": "Point", "coordinates": [-120.2086, 47.3553] }},
{"zip_code":"98622","country":"US","city":"Heisson","state":"Washington","state_ab":"WA","county":"Clark","geo_location":{ "type": "Point", "coordinates": [-122.5203, 45.8016] }},
{"zip_code":"98662","country":"US","city":"Vancouver","state":"Washington","state_ab":"WA","county":"Clark","geo_location":{ "type": "Point", "coordinates": [-122.5805, 45.6914] }},
{"zip_code":"98675","country":"US","city":"Yacolt","state":"Washington","state_ab":"WA","county":"Clark","geo_location":{ "type": "Point", "coordinates": [-122.4275, 45.8622] }},
{"zip_code":"99328","country":"US","city":"Dayton","state":"Washington","state_ab":"WA","county":"Columbia","geo_location":{ "type": "Point", "coordinates": [-117.9738, 46.3075] }},
{"zip_code":"98802","country":"US","city":"East Wenatchee","state":"Washington","state_ab":"WA","county":"Douglas","geo_location":{ "type": "Point", "coordinates": [-120.2731, 47.4186] }},
{"zip_code":"99302","country":"US","city":"Pasco","state":"Washington","state_ab":"WA","county":"Franklin","geo_location":{ "type": "Point", "coordinates": [-119.0943, 46.235] }},
{"zip_code":"99135","country":"US","city":"Hartline","state":"Washington","state_ab":"WA","county":"Grant","geo_location":{ "type": "Point", "coordinates": [-119.0841, 47.6115] }},
{"zip_code":"98325","country":"US","city":"Chimacum","state":"Washington","state_ab":"WA","county":"Jefferson","geo_location":{ "type": "Point", "coordinates": [-122.7883, 47.9861] }},
{"zip_code":"98365","country":"US","city":"Port Ludlow","state":"Washington","state_ab":"WA","county":"Jefferson","geo_location":{ "type": "Point", "coordinates": [-122.6896, 47.9222] }},
{"zip_code":"98002","country":"US","city":"Auburn","state":"Washington","state_ab":"WA","county":"King","geo_location":{ "type": "Point", "coordinates": [-122.2067, 47.305] }},
{"zip_code":"98015","country":"US","city":"Bellevue","state":"Washington","state_ab":"WA","county":"King","geo_location":{ "type": "Point", "coordinates": [-121.8034, 47.4323] }},
{"zip_code":"98028","country":"US","city":"Kenmore","state":"Washington","state_ab":"WA","county":"King","geo_location":{ "type": "Point", "coordinates": [-122.2475, 47.7542] }},
{"zip_code":"98042","country":"US","city":"Kent","state":"Washington","state_ab":"WA","county":"King","geo_location":{ "type": "Point", "coordinates": [-122.1206, 47.368] }},
{"zip_code":"98055","country":"US","city":"Renton","state":"Washington","state_ab":"WA","county":"King","geo_location":{ "type": "Point", "coordinates": [-122.2075, 47.4648] }},
{"zip_code":"98068","country":"US","city":"Snoqualmie Pass","state":"Washington","state_ab":"WA","county":"King","geo_location":{ "type": "Point", "coordinates": [-121.431, 47.4452] }},
{"zip_code":"98082","country":"US","city":"Bothell","state":"Washington","state_ab":"WA","county":"King","geo_location":{ "type": "Point", "coordinates": [-121.8034, 47.4323] }},
{"zip_code":"98105","country":"US","city":"Seattle","state":"Washington","state_ab":"WA","county":"King","geo_location":{ "type": "Point", "coordinates": [-122.3022, 47.6633] }},
{"zip_code":"98118","country":"US","city":"Seattle","state":"Washington","state_ab":"WA","county":"King","geo_location":{ "type": "Point", "coordinates": [-122.275, 47.5412] }},
{"zip_code":"98132","country":"US","city":"Seattle","state":"Washington","state_ab":"WA","county":"King","geo_location":{ "type": "Point", "coordinates": [-121.8034, 47.4323] }},
{"zip_code":"98145","country":"US","city":"Seattle","state":"Washington","state_ab":"WA","county":"King","geo_location":{ "type": "Point", "coordinates": [-121.8034, 47.4323] }},
{"zip_code":"98158","country":"US","city":"Seattle","state":"Washington","state_ab":"WA","county":"King","geo_location":{ "type": "Point", "coordinates": [-122.3076, 47.4497] }},
{"zip_code":"98185","country":"US","city":"Seattle","state":"Washington","state_ab":"WA","county":"King","geo_location":{ "type": "Point", "coordinates": [-121.8034, 47.4323] }},
{"zip_code":"98198","country":"US","city":"Seattle","state":"Washington","state_ab":"WA","county":"King","geo_location":{ "type": "Point", "coordinates": [-122.3129, 47.3929] }},
{"zip_code":"98288","country":"US","city":"Skykomish","state":"Washington","state_ab":"WA","county":"King","geo_location":{ "type": "Point", "coordinates": [-121.3713, 47.6922] }},
{"zip_code":"98312","country":"US","city":"Bremerton","state":"Washington","state_ab":"WA","county":"Kitsap","geo_location":{ "type": "Point", "coordinates": [-122.6958, 47.5754] }},
{"zip_code":"98378","country":"US","city":"Retsil","state":"Washington","state_ab":"WA","county":"Kitsap","geo_location":{ "type": "Point", "coordinates": [-122.7293, 47.688] }},
{"zip_code":"98392","country":"US","city":"Suquamish","state":"Washington","state_ab":"WA","county":"Kitsap","geo_location":{ "type": "Point", "coordinates": [-122.5573, 47.7343] }},
{"zip_code":"98635","country":"US","city":"Lyle","state":"Washington","state_ab":"WA","county":"Klickitat","geo_location":{ "type": "Point", "coordinates": [-121.2501, 45.745] }},
{"zip_code":"98532","country":"US","city":"Chehalis","state":"Washington","state_ab":"WA","county":"Lewis","geo_location":{ "type": "Point", "coordinates": [-122.9658, 46.6382] }},
{"zip_code":"98572","country":"US","city":"Pe Ell","state":"Washington","state_ab":"WA","county":"Lewis","geo_location":{ "type": "Point", "coordinates": [-123.3147, 46.5829] }},
{"zip_code":"98585","country":"US","city":"Silver Creek","state":"Washington","state_ab":"WA","county":"Lewis","geo_location":{ "type": "Point", "coordinates": [-122.4757, 46.5491] }},
{"zip_code":"99032","country":"US","city":"Sprague","state":"Washington","state_ab":"WA","county":"Lincoln","geo_location":{ "type": "Point", "coordinates": [-117.9897, 47.3247] }},
{"zip_code":"99122","country":"US","city":"Davenport","state":"Washington","state_ab":"WA","county":"Lincoln","geo_location":{ "type": "Point", "coordinates": [-118.1667, 47.6809] }},
{"zip_code":"98855","country":"US","city":"Tonasket","state":"Washington","state_ab":"WA","county":"Okanogan","geo_location":{ "type": "Point", "coordinates": [-119.3943, 48.7194] }},
{"zip_code":"98338","country":"US","city":"Graham","state":"Washington","state_ab":"WA","county":"Pierce","geo_location":{ "type": "Point", "coordinates": [-122.2936, 47.0246] }},
{"zip_code":"98352","country":"US","city":"Sumner","state":"Washington","state_ab":"WA","county":"Pierce","geo_location":{ "type": "Point", "coordinates": [-122.1132, 47.0662] }},
{"zip_code":"98402","country":"US","city":"Tacoma","state":"Washington","state_ab":"WA","county":"Pierce","geo_location":{ "type": "Point", "coordinates": [-122.4405, 47.2545] }},
{"zip_code":"98415","country":"US","city":"Tacoma","state":"Washington","state_ab":"WA","county":"Pierce","geo_location":{ "type": "Point", "coordinates": [-122.1132, 47.0662] }},
{"zip_code":"98442","country":"US","city":"Tacoma","state":"Washington","state_ab":"WA","county":"Pierce","geo_location":{ "type": "Point", "coordinates": [-122.4185, 47.3081] }},
{"zip_code":"98455","country":"US","city":"Tacoma","state":"Washington","state_ab":"WA","county":"Pierce","geo_location":{ "type": "Point", "coordinates": [-122.1132, 47.0662] }},
{"zip_code":"98558","country":"US","city":"Mckenna","state":"Washington","state_ab":"WA","county":"Pierce","geo_location":{ "type": "Point", "coordinates": [-122.5559, 46.9559] }},
{"zip_code":"98222","country":"US","city":"Blakely Island","state":"Washington","state_ab":"WA","county":"San Juan","geo_location":{ "type": "Point", "coordinates": [-122.812, 48.5618] }},
{"zip_code":"98235","country":"US","city":"Clearlake","state":"Washington","state_ab":"WA","county":"Skagit","geo_location":{ "type": "Point", "coordinates": [-122.2388, 48.4701] }},
{"zip_code":"98648","country":"US","city":"Stevenson","state":"Washington","state_ab":"WA","county":"Skamania","geo_location":{ "type": "Point", "coordinates": [-121.9093, 45.6882] }},
{"zip_code":"98208","country":"US","city":"Everett","state":"Washington","state_ab":"WA","county":"Snohomish","geo_location":{ "type": "Point", "coordinates": [-122.1987, 47.8948] }},
{"zip_code":"98275","country":"US","city":"Mukilteo","state":"Washington","state_ab":"WA","county":"Snohomish","geo_location":{ "type": "Point", "coordinates": [-122.3019, 47.9199] }},
{"zip_code":"99005","country":"US","city":"Colbert","state":"Washington","state_ab":"WA","county":"Spokane","geo_location":{ "type": "Point", "coordinates": [-117.3759, 47.8411] }},
{"zip_code":"99018","country":"US","city":"Latah","state":"Washington","state_ab":"WA","county":"Spokane","geo_location":{ "type": "Point", "coordinates": [-117.1395, 47.2999] }},
{"zip_code":"99212","country":"US","city":"Spokane","state":"Washington","state_ab":"WA","county":"Spokane","geo_location":{ "type": "Point", "coordinates": [-117.3049, 47.6686] }},
{"zip_code":"99252","country":"US","city":"Spokane","state":"Washington","state_ab":"WA","county":"Spokane","geo_location":{ "type": "Point", "coordinates": [-117.4317, 47.6536] }},
{"zip_code":"99148","country":"US","city":"Loon Lake","state":"Washington","state_ab":"WA","county":"Stevens","geo_location":{ "type": "Point", "coordinates": [-117.6325, 48.0784] }},
{"zip_code":"98505","country":"US","city":"Olympia","state":"Washington","state_ab":"WA","county":"Thurston","geo_location":{ "type": "Point", "coordinates": [-122.9762, 47.0654] }},
{"zip_code":"98248","country":"US","city":"Ferndale","state":"Washington","state_ab":"WA","county":"Whatcom","geo_location":{ "type": "Point", "coordinates": [-122.5953, 48.8625] }},
{"zip_code":"98262","country":"US","city":"Lummi Island","state":"Washington","state_ab":"WA","county":"Whatcom","geo_location":{ "type": "Point", "coordinates": [-122.6823, 48.7128] }},
{"zip_code":"98932","country":"US","city":"Granger","state":"Washington","state_ab":"WA","county":"Yakima","geo_location":{ "type": "Point", "coordinates": [-120.1818, 46.348] }},
{"zip_code":"54855","country":"US","city":"Marengo","state":"Wisconsin","state_ab":"WI","county":"Ashland","geo_location":{ "type": "Point", "coordinates": [-90.84, 46.4071] }},
{"zip_code":"54868","country":"US","city":"Rice Lake","state":"Wisconsin","state_ab":"WI","county":"Barron","geo_location":{ "type": "Point", "coordinates": [-91.8266, 45.5197] }},
{"zip_code":"54208","country":"US","city":"Denmark","state":"Wisconsin","state_ab":"WI","county":"Brown","geo_location":{ "type": "Point", "coordinates": [-87.827, 44.3594] }},
{"zip_code":"54622","country":"US","city":"Cochrane","state":"Wisconsin","state_ab":"WI","county":"Buffalo","geo_location":{ "type": "Point", "coordinates": [-91.7715, 44.2672] }},
{"zip_code":"53555","country":"US","city":"Lodi","state":"Wisconsin","state_ab":"WI","county":"Columbia","geo_location":{ "type": "Point", "coordinates": [-89.5554, 43.327] }},
{"zip_code":"53928","country":"US","city":"Doylestown","state":"Wisconsin","state_ab":"WI","county":"Columbia","geo_location":{ "type": "Point", "coordinates": [-89.1491, 43.4266] }},
{"zip_code":"53955","country":"US","city":"Poynette","state":"Wisconsin","state_ab":"WI","county":"Columbia","geo_location":{ "type": "Point", "coordinates": [-89.4189, 43.4013] }},
{"zip_code":"53515","country":"US","city":"Black Earth","state":"Wisconsin","state_ab":"WI","county":"Dane","geo_location":{ "type": "Point", "coordinates": [-89.739, 43.1322] }},
{"zip_code":"53528","country":"US","city":"Cross Plains","state":"Wisconsin","state_ab":"WI","county":"Dane","geo_location":{ "type": "Point", "coordinates": [-89.6397, 43.1132] }},
{"zip_code":"53708","country":"US","city":"Madison","state":"Wisconsin","state_ab":"WI","county":"Dane","geo_location":{ "type": "Point", "coordinates": [-89.4239, 43.0696] }},
{"zip_code":"53788","country":"US","city":"Madison","state":"Wisconsin","state_ab":"WI","county":"Dane","geo_location":{ "type": "Point", "coordinates": [-89.3763, 43.0767] }},
{"zip_code":"53078","country":"US","city":"Rubicon","state":"Wisconsin","state_ab":"WI","county":"Dodge","geo_location":{ "type": "Point", "coordinates": [-88.4528, 43.3121] }},
{"zip_code":"54235","country":"US","city":"Sturgeon Bay","state":"Wisconsin","state_ab":"WI","county":"Door","geo_location":{ "type": "Point", "coordinates": [-87.3753, 44.8438] }},
{"zip_code":"54842","country":"US","city":"Hawthorne","state":"Wisconsin","state_ab":"WI","county":"Douglas","geo_location":{ "type": "Point", "coordinates": [-91.8621, 46.5142] }},
{"zip_code":"54725","country":"US","city":"Boyceville","state":"Wisconsin","state_ab":"WI","county":"Dunn","geo_location":{ "type": "Point", "coordinates": [-92.0248, 45.0642] }},
{"zip_code":"54765","country":"US","city":"Sand Creek","state":"Wisconsin","state_ab":"WI","county":"Dunn","geo_location":{ "type": "Point", "coordinates": [-91.6998, 45.1429] }},
{"zip_code":"53065","country":"US","city":"Oakfield","state":"Wisconsin","state_ab":"WI","county":"Fond du Lac","geo_location":{ "type": "Point", "coordinates": [-88.5569, 43.6864] }},
{"zip_code":"54932","country":"US","city":"Eldorado","state":"Wisconsin","state_ab":"WI","county":"Fond du Lac","geo_location":{ "type": "Point", "coordinates": [-88.6388, 43.8415] }},
{"zip_code":"53812","country":"US","city":"Kieler","state":"Wisconsin","state_ab":"WI","county":"Grant","geo_location":{ "type": "Point", "coordinates": [-90.7913, 42.8593] }},
{"zip_code":"53825","country":"US","city":"Stitzer","state":"Wisconsin","state_ab":"WI","county":"Grant","geo_location":{ "type": "Point", "coordinates": [-90.6079, 42.9214] }},
{"zip_code":"53502","country":"US","city":"Albany","state":"Wisconsin","state_ab":"WI","county":"Green","geo_location":{ "type": "Point", "coordinates": [-89.4357, 42.7155] }},
{"zip_code":"53582","country":"US","city":"Ridgeway","state":"Wisconsin","state_ab":"WI","county":"Iowa","geo_location":{ "type": "Point", "coordinates": [-89.9889, 43.0077] }},
{"zip_code":"53595","country":"US","city":"Dodgeville","state":"Wisconsin","state_ab":"WI","county":"Iowa","geo_location":{ "type": "Point", "coordinates": [-90.1413, 42.9761] }},
{"zip_code":"54635","country":"US","city":"Hixton","state":"Wisconsin","state_ab":"WI","county":"Jackson","geo_location":{ "type": "Point", "coordinates": [-91.0442, 44.4038] }},
{"zip_code":"53038","country":"US","city":"Johnson Creek","state":"Wisconsin","state_ab":"WI","county":"Jefferson","geo_location":{ "type": "Point", "coordinates": [-88.7836, 43.0751] }},
{"zip_code":"53968","country":"US","city":"Wonewoc","state":"Wisconsin","state_ab":"WI","county":"Juneau","geo_location":{ "type": "Point", "coordinates": [-90.2394, 43.6285] }},
{"zip_code":"53102","country":"US","city":"Benet Lake","state":"Wisconsin","state_ab":"WI","county":"Kenosha","geo_location":{ "type": "Point", "coordinates": [-88.08, 42.5001] }},
{"zip_code":"53142","country":"US","city":"Kenosha","state":"Wisconsin","state_ab":"WI","county":"Kenosha","geo_location":{ "type": "Point", "coordinates": [-87.8705, 42.556] }},
{"zip_code":"53168","country":"US","city":"Salem","state":"Wisconsin","state_ab":"WI","county":"Kenosha","geo_location":{ "type": "Point", "coordinates": [-88.1287, 42.5709] }},
{"zip_code":"54428","country":"US","city":"Elcho","state":"Wisconsin","state_ab":"WI","county":"Langlade","geo_location":{ "type": "Point", "coordinates": [-89.1516, 45.4409] }},
{"zip_code":"54442","country":"US","city":"Irma","state":"Wisconsin","state_ab":"WI","county":"Lincoln","geo_location":{ "type": "Point", "coordinates": [-89.6611, 45.3485] }},
{"zip_code":"54532","country":"US","city":"Heafford Junction","state":"Wisconsin","state_ab":"WI","county":"Lincoln","geo_location":{ "type": "Point", "coordinates": [-89.7355, 45.3377] }},
{"zip_code":"54402","country":"US","city":"Wausau","state":"Wisconsin","state_ab":"WI","county":"Marathon","geo_location":{ "type": "Point", "coordinates": [-89.7701, 44.9009] }},
{"zip_code":"54455","country":"US","city":"Mosinee","state":"Wisconsin","state_ab":"WI","county":"Marathon","geo_location":{ "type": "Point", "coordinates": [-89.6845, 44.7997] }},
{"zip_code":"53205","country":"US","city":"Milwaukee","state":"Wisconsin","state_ab":"WI","county":"Milwaukee","geo_location":{ "type": "Point", "coordinates": [-87.9353, 43.0528] }},
{"zip_code":"53218","country":"US","city":"Milwaukee","state":"Wisconsin","state_ab":"WI","county":"Milwaukee","geo_location":{ "type": "Point", "coordinates": [-87.9932, 43.1122] }},
{"zip_code":"53285","country":"US","city":"Milwaukee","state":"Wisconsin","state_ab":"WI","county":"Milwaukee","geo_location":{ "type": "Point", "coordinates": [-87.5697, 43.0174] }},
{"zip_code":"54648","country":"US","city":"Norwalk","state":"Wisconsin","state_ab":"WI","county":"Monroe","geo_location":{ "type": "Point", "coordinates": [-90.6801, 43.8128] }},
{"zip_code":"54662","country":"US","city":"Tunnel City","state":"Wisconsin","state_ab":"WI","county":"Monroe","geo_location":{ "type": "Point", "coordinates": [-90.562, 44.0031] }},
{"zip_code":"53012","country":"US","city":"Cedarburg","state":"Wisconsin","state_ab":"WI","county":"Ozaukee","geo_location":{ "type": "Point", "coordinates": [-88.0029, 43.3034] }},
{"zip_code":"53092","country":"US","city":"Thiensville","state":"Wisconsin","state_ab":"WI","county":"Ozaukee","geo_location":{ "type": "Point", "coordinates": [-87.9812, 43.2359] }},
{"zip_code":"54482","country":"US","city":"Stevens Point","state":"Wisconsin","state_ab":"WI","county":"Portage County","geo_location":{ "type": "Point", "coordinates": [-89.5182, 44.5563] }},
{"zip_code":"53182","country":"US","city":"Union Grove","state":"Wisconsin","state_ab":"WI","county":"Racine","geo_location":{ "type": "Point", "coordinates": [-88.039, 42.6896] }},
{"zip_code":"53542","country":"US","city":"Hanover","state":"Wisconsin","state_ab":"WI","county":"Rock","geo_location":{ "type": "Point", "coordinates": [-89.1594, 42.6323] }},
{"zip_code":"54895","country":"US","city":"Weyerhaeuser","state":"Wisconsin","state_ab":"WI","county":"Rusk","geo_location":{ "type": "Point", "coordinates": [-91.4289, 45.4263] }},
{"zip_code":"54002","country":"US","city":"Baldwin","state":"Wisconsin","state_ab":"WI","county":"St. Croix","geo_location":{ "type": "Point", "coordinates": [-92.3655, 44.9657] }},
{"zip_code":"54015","country":"US","city":"Hammond","state":"Wisconsin","state_ab":"WI","county":"St. Croix","geo_location":{ "type": "Point", "coordinates": [-92.4472, 44.967] }},
{"zip_code":"54028","country":"US","city":"Woodville","state":"Wisconsin","state_ab":"WI","county":"St. Croix","geo_location":{ "type": "Point", "coordinates": [-92.2848, 44.9408] }},
{"zip_code":"54082","country":"US","city":"Houlton","state":"Wisconsin","state_ab":"WI","county":"St. Croix","geo_location":{ "type": "Point", "coordinates": [-92.7572, 45.0655] }},
{"zip_code":"53942","country":"US","city":"Lime Ridge","state":"Wisconsin","state_ab":"WI","county":"Sauk","geo_location":{ "type": "Point", "coordinates": [-90.1615, 43.4682] }},
{"zip_code":"54828","country":"US","city":"Couderay","state":"Wisconsin","state_ab":"WI","county":"Sawyer","geo_location":{ "type": "Point", "coordinates": [-91.2918, 45.838] }},
{"zip_code":"54738","country":"US","city":"Eleva","state":"Wisconsin","state_ab":"WI","county":"Trempealeau","geo_location":{ "type": "Point", "coordinates": [-91.4804, 44.5985] }},
{"zip_code":"54545","country":"US","city":"Manitowish Waters","state":"Wisconsin","state_ab":"WI","county":"Vilas","geo_location":{ "type": "Point", "coordinates": [-89.8455, 46.1551] }},
{"zip_code":"54558","country":"US","city":"Saint Germain","state":"Wisconsin","state_ab":"WI","county":"Vilas","geo_location":{ "type": "Point", "coordinates": [-89.4866, 45.9183] }},
{"zip_code":"53115","country":"US","city":"Delavan","state":"Wisconsin","state_ab":"WI","county":"Walworth","geo_location":{ "type": "Point", "coordinates": [-88.6277, 42.6227] }},
{"zip_code":"53128","country":"US","city":"Genoa City","state":"Wisconsin","state_ab":"WI","county":"Walworth","geo_location":{ "type": "Point", "coordinates": [-88.3485, 42.5323] }},
{"zip_code":"53195","country":"US","city":"Zenda","state":"Wisconsin","state_ab":"WI","county":"Walworth","geo_location":{ "type": "Point", "coordinates": [-88.4843, 42.5136] }},
{"zip_code":"53052","country":"US","city":"Menomonee Falls","state":"Wisconsin","state_ab":"WI","county":"Waukesha","geo_location":{ "type": "Point", "coordinates": [-88.303, 43.0187] }},
{"zip_code":"54945","country":"US","city":"Iola","state":"Wisconsin","state_ab":"WI","county":"Waupaca","geo_location":{ "type": "Point", "coordinates": [-89.1373, 44.5322] }},
{"zip_code":"54985","country":"US","city":"Winnebago","state":"Wisconsin","state_ab":"WI","county":"Winnebago","geo_location":{ "type": "Point", "coordinates": [-88.5178, 44.0706] }},
{"zip_code":"54415","country":"US","city":"Blenker","state":"Wisconsin","state_ab":"WI","county":"Wood","geo_location":{ "type": "Point", "coordinates": [-89.9186, 44.6191] }},
{"zip_code":"54495","country":"US","city":"Wisconsin Rapids","state":"Wisconsin","state_ab":"WI","county":"Wood","geo_location":{ "type": "Point", "coordinates": [-89.9228, 44.3881] }},
{"zip_code":"25165","country":"US","city":"Racine","state":"West Virginia","state_ab":"WV","county":"Boone","geo_location":{ "type": "Point", "coordinates": [-81.6588, 38.141] }},
{"zip_code":"26335","country":"US","city":"Burnsville","state":"West Virginia","state_ab":"WV","county":"Braxton","geo_location":{ "type": "Point", "coordinates": [-80.657, 38.7775] }},
{"zip_code":"26618","country":"US","city":"Elmira","state":"West Virginia","state_ab":"WV","county":"Braxton","geo_location":{ "type": "Point", "coordinates": [-80.7369, 38.706] }},
{"zip_code":"25705","country":"US","city":"Huntington","state":"West Virginia","state_ab":"WV","county":"Cabell","geo_location":{ "type": "Point", "coordinates": [-82.369, 38.4096] }},
{"zip_code":"25718","country":"US","city":"Huntington","state":"West Virginia","state_ab":"WV","county":"Cabell","geo_location":{ "type": "Point", "coordinates": [-82.2774, 38.4134] }},
{"zip_code":"25772","country":"US","city":"Huntington","state":"West Virginia","state_ab":"WV","county":"Cabell","geo_location":{ "type": "Point", "coordinates": [-82.2774, 38.4134] }},
{"zip_code":"25268","country":"US","city":"Orma","state":"West Virginia","state_ab":"WV","county":"Calhoun","geo_location":{ "type": "Point", "coordinates": [-81.1322, 38.8286] }},
{"zip_code":"25088","country":"US","city":"Glen","state":"West Virginia","state_ab":"WV","county":"Clay","geo_location":{ "type": "Point", "coordinates": [-81.0507, 38.4658] }},
{"zip_code":"25125","country":"US","city":"Lizemores","state":"West Virginia","state_ab":"WV","county":"Clay","geo_location":{ "type": "Point", "coordinates": [-81.1633, 38.3366] }},
{"zip_code":"25152","country":"US","city":"Page","state":"West Virginia","state_ab":"WV","county":"Fayette","geo_location":{ "type": "Point", "coordinates": [-81.0648, 38.0413] }},
{"zip_code":"25862","country":"US","city":"Lansing","state":"West Virginia","state_ab":"WV","county":"Fayette","geo_location":{ "type": "Point", "coordinates": [-81.0588, 38.0869] }},
{"zip_code":"25912","country":"US","city":"Ramsey","state":"West Virginia","state_ab":"WV","county":"Fayette","geo_location":{ "type": "Point", "coordinates": [-81.0648, 38.0413] }},
{"zip_code":"25938","country":"US","city":"Victor","state":"West Virginia","state_ab":"WV","county":"Fayette","geo_location":{ "type": "Point", "coordinates": [-81.0322, 38.1402] }},
{"zip_code":"26722","country":"US","city":"Green Spring","state":"West Virginia","state_ab":"WV","county":"Hampshire","geo_location":{ "type": "Point", "coordinates": [-78.6272, 39.5029] }},
{"zip_code":"26852","country":"US","city":"Purgitsville","state":"West Virginia","state_ab":"WV","county":"Hampshire","geo_location":{ "type": "Point", "coordinates": [-78.906, 39.2681] }},
{"zip_code":"26865","country":"US","city":"Yellow Spring","state":"West Virginia","state_ab":"WV","county":"Hampshire","geo_location":{ "type": "Point", "coordinates": [-78.6594, 39.3141] }},
{"zip_code":"26812","country":"US","city":"Mathias","state":"West Virginia","state_ab":"WV","county":"Hardy","geo_location":{ "type": "Point", "coordinates": [-78.8814, 38.8744] }},
{"zip_code":"26838","country":"US","city":"Milam","state":"West Virginia","state_ab":"WV","county":"Hardy","geo_location":{ "type": "Point", "coordinates": [-79.0729, 38.8125] }},
{"zip_code":"26375","country":"US","city":"Industrial","state":"West Virginia","state_ab":"WV","county":"Harrison","geo_location":{ "type": "Point", "coordinates": [-80.5754, 39.2798] }},
{"zip_code":"26438","country":"US","city":"Spelter","state":"West Virginia","state_ab":"WV","county":"Harrison","geo_location":{ "type": "Point", "coordinates": [-80.3206, 39.3465] }},
{"zip_code":"26568","country":"US","city":"Enterprise","state":"West Virginia","state_ab":"WV","county":"Harrison","geo_location":{ "type": "Point", "coordinates": [-80.3853, 39.2852] }},
{"zip_code":"25035","country":"US","city":"Cabin Creek","state":"West Virginia","state_ab":"WV","county":"Kanawha","geo_location":{ "type": "Point", "coordinates": [-81.4984, 38.193] }},
{"zip_code":"25075","country":"US","city":"Eskdale","state":"West Virginia","state_ab":"WV","county":"Kanawha","geo_location":{ "type": "Point", "coordinates": [-81.4227, 38.0505] }},
{"zip_code":"25112","country":"US","city":"Institute","state":"West Virginia","state_ab":"WV","county":"Kanawha","geo_location":{ "type": "Point", "coordinates": [-81.5651, 38.2825] }},
{"zip_code":"25202","country":"US","city":"Tornado","state":"West Virginia","state_ab":"WV","county":"Kanawha","geo_location":{ "type": "Point", "coordinates": [-81.8476, 38.3357] }},
{"zip_code":"25305","country":"US","city":"Charleston","state":"West Virginia","state_ab":"WV","county":"Kanawha","geo_location":{ "type": "Point", "coordinates": [-81.6123, 38.3358] }},
{"zip_code":"25332","country":"US","city":"Charleston","state":"West Virginia","state_ab":"WV","county":"Kanawha","geo_location":{ "type": "Point", "coordinates": [-81.5547, 38.2968] }},
{"zip_code":"25358","country":"US","city":"Charleston","state":"West Virginia","state_ab":"WV","county":"Kanawha","geo_location":{ "type": "Point", "coordinates": [-81.5547, 38.2968] }},
{"zip_code":"26412","country":"US","city":"Orlando","state":"West Virginia","state_ab":"WV","county":"Lewis","geo_location":{ "type": "Point", "coordinates": [-80.5849, 38.8862] }},
{"zip_code":"26452","country":"US","city":"Weston","state":"West Virginia","state_ab":"WV","county":"Lewis","geo_location":{ "type": "Point", "coordinates": [-80.4737, 39.0411] }},
{"zip_code":"25565","country":"US","city":"Spurlockville","state":"West Virginia","state_ab":"WV","county":"Lincoln","geo_location":{ "type": "Point", "coordinates": [-82.0272, 38.1057] }},
{"zip_code":"25022","country":"US","city":"Blair","state":"West Virginia","state_ab":"WV","county":"Logan","geo_location":{ "type": "Point", "coordinates": [-81.9024, 37.8332] }},
{"zip_code":"25628","country":"US","city":"Kistler","state":"West Virginia","state_ab":"WV","county":"Logan","geo_location":{ "type": "Point", "coordinates": [-81.9024, 37.8332] }},
{"zip_code":"24832","country":"US","city":"English","state":"West Virginia","state_ab":"WV","county":"McDowell","geo_location":{ "type": "Point", "coordinates": [-81.6539, 37.3752] }},
{"zip_code":"24872","country":"US","city":"Panther","state":"West Virginia","state_ab":"WV","county":"McDowell","geo_location":{ "type": "Point", "coordinates": [-81.6539, 37.3752] }},
{"zip_code":"26555","country":"US","city":"Fairmont","state":"West Virginia","state_ab":"WV","county":"Marion","geo_location":{ "type": "Point", "coordinates": [-80.2185, 39.5143] }},
{"zip_code":"26582","country":"US","city":"Mannington","state":"West Virginia","state_ab":"WV","county":"Marion","geo_location":{ "type": "Point", "coordinates": [-80.3552, 39.522] }},
{"zip_code":"26038","country":"US","city":"Glen Dale","state":"West Virginia","state_ab":"WV","county":"Marshall","geo_location":{ "type": "Point", "coordinates": [-80.7323, 39.9597] }},
{"zip_code":"24715","country":"US","city":"Bramwell","state":"West Virginia","state_ab":"WV","county":"Mercer","geo_location":{ "type": "Point", "coordinates": [-81.3256, 37.3321] }},
{"zip_code":"25682","country":"US","city":"Meador","state":"West Virginia","state_ab":"WV","county":"Mingo","geo_location":{ "type": "Point", "coordinates": [-82.0659, 37.5924] }},
{"zip_code":"26502","country":"US","city":"Morgantown","state":"West Virginia","state_ab":"WV","county":"Monongalia","geo_location":{ "type": "Point", "coordinates": [-79.9672, 39.6253] }},
{"zip_code":"25422","country":"US","city":"Great Cacapon","state":"West Virginia","state_ab":"WV","county":"Morgan","geo_location":{ "type": "Point", "coordinates": [-78.3331, 39.5836] }},
{"zip_code":"26205","country":"US","city":"Craigsville","state":"West Virginia","state_ab":"WV","county":"Nicholas","geo_location":{ "type": "Point", "coordinates": [-80.6444, 38.3254] }},
{"zip_code":"26322","country":"US","city":"Alvy","state":"West Virginia","state_ab":"WV","county":"Preston County","geo_location":{ "type": "Point", "coordinates": [-80.6683, 39.4546] }},
{"zip_code":"26425","country":"US","city":"Rowlesburg","state":"West Virginia","state_ab":"WV","county":"Preston","geo_location":{ "type": "Point", "coordinates": [-79.7049, 39.313] }},
{"zip_code":"26542","country":"US","city":"Masontown","state":"West Virginia","state_ab":"WV","county":"Preston","geo_location":{ "type": "Point", "coordinates": [-79.7906, 39.5731] }},
{"zip_code":"25008","country":"US","city":"Artie","state":"West Virginia","state_ab":"WV","county":"Raleigh","geo_location":{ "type": "Point", "coordinates": [-81.3545, 37.94] }},
{"zip_code":"25048","country":"US","city":"Colcord","state":"West Virginia","state_ab":"WV","county":"Raleigh","geo_location":{ "type": "Point", "coordinates": [-81.4369, 37.9439] }},
{"zip_code":"25062","country":"US","city":"Dry Creek","state":"West Virginia","state_ab":"WV","county":"Raleigh","geo_location":{ "type": "Point", "coordinates": [-81.4412, 37.8749] }},
{"zip_code":"26285","country":"US","city":"Norton","state":"West Virginia","state_ab":"WV","county":"Randolph","geo_location":{ "type": "Point", "coordinates": [-79.9678, 38.9307] }},
{"zip_code":"26362","country":"US","city":"Harrisville","state":"West Virginia","state_ab":"WV","county":"Ritchie","geo_location":{ "type": "Point", "coordinates": [-81.0341, 39.1453] }},
{"zip_code":"24935","country":"US","city":"Forest Hill","state":"West Virginia","state_ab":"WV","county":"Summers","geo_location":{ "type": "Point", "coordinates": [-80.8111, 37.5608] }},
{"zip_code":"24962","country":"US","city":"Pence Springs","state":"West Virginia","state_ab":"WV","county":"Summers","geo_location":{ "type": "Point", "coordinates": [-80.7202, 37.6621] }},
{"zip_code":"25965","country":"US","city":"Elton","state":"West Virginia","state_ab":"WV","county":"Summers","geo_location":{ "type": "Point", "coordinates": [-80.8774, 37.6485] }},
{"zip_code":"25978","country":"US","city":"Nimitz","state":"West Virginia","state_ab":"WV","county":"Summers","geo_location":{ "type": "Point", "coordinates": [-80.9446, 37.6286] }},
{"zip_code":"26218","country":"US","city":"French Creek","state":"West Virginia","state_ab":"WV","county":"Upshur","geo_location":{ "type": "Point", "coordinates": [-80.2269, 38.8993] }},
{"zip_code":"25512","country":"US","city":"East Lynn","state":"West Virginia","state_ab":"WV","county":"Wayne","geo_location":{ "type": "Point", "coordinates": [-82.3279, 38.1995] }},
{"zip_code":"26298","country":"US","city":"Bergoo","state":"West Virginia","state_ab":"WV","county":"Webster","geo_location":{ "type": "Point", "coordinates": [-80.4311, 38.4825] }},
{"zip_code":"26155","country":"US","city":"New Martinsville","state":"West Virginia","state_ab":"WV","county":"Wetzel","geo_location":{ "type": "Point", "coordinates": [-80.8565, 39.6588] }},
{"zip_code":"26348","country":"US","city":"Folsom","state":"West Virginia","state_ab":"WV","county":"Wetzel","geo_location":{ "type": "Point", "coordinates": [-80.5258, 39.4693] }},
{"zip_code":"25255","country":"US","city":"Letter Gap","state":"West Virginia","state_ab":"WV","county":"Wood County","geo_location":{ "type": "Point", "coordinates": [-80.9027, 38.9079] }},
{"zip_code":"26102","country":"US","city":"Parkersburg","state":"West Virginia","state_ab":"WV","county":"Wood","geo_location":{ "type": "Point", "coordinates": [-81.4979, 39.2183] }},
{"zip_code":"26142","country":"US","city":"Davisville","state":"West Virginia","state_ab":"WV","county":"Wood","geo_location":{ "type": "Point", "coordinates": [-81.4799, 39.2126] }},
{"zip_code":"24818","country":"US","city":"Brenton","state":"West Virginia","state_ab":"WV","county":"Wyoming","geo_location":{ "type": "Point", "coordinates": [-81.6264, 37.5988] }},
{"zip_code":"24845","country":"US","city":"Ikes Fork","state":"West Virginia","state_ab":"WV","county":"Wyoming","geo_location":{ "type": "Point", "coordinates": [-81.54, 37.6033] }},
{"zip_code":"24898","country":"US","city":"Wyoming","state":"West Virginia","state_ab":"WV","county":"Wyoming","geo_location":{ "type": "Point", "coordinates": [-81.54, 37.6033] }},
{"zip_code":"25848","country":"US","city":"Glen Rogers","state":"West Virginia","state_ab":"WV","county":"Wyoming","geo_location":{ "type": "Point", "coordinates": [-81.429, 37.7217] }},
{"zip_code":"25875","country":"US","city":"Mc Graws","state":"West Virginia","state_ab":"WV","county":"Wyoming","geo_location":{ "type": "Point", "coordinates": [-81.54, 37.6033] }},
{"zip_code":"82058","country":"US","city":"Garrett","state":"Wyoming","state_ab":"WY","county":"Albany","geo_location":{ "type": "Point", "coordinates": [-105.678, 42.2035] }},
{"zip_code":"82072","country":"US","city":"Laramie","state":"Wyoming","state_ab":"WY","county":"Albany","geo_location":{ "type": "Point", "coordinates": [-105.4781, 41.4247] }},
{"zip_code":"82432","country":"US","city":"Manderson","state":"Wyoming","state_ab":"WY","county":"Big Horn","geo_location":{ "type": "Point", "coordinates": [-107.8598, 44.3033] }},
{"zip_code":"82212","country":"US","city":"Fort Laramie","state":"Wyoming","state_ab":"WY","county":"Goshen","geo_location":{ "type": "Point", "coordinates": [-104.5226, 42.2133] }},
{"zip_code":"82005","country":"US","city":"Fe Warren Afb","state":"Wyoming","state_ab":"WY","county":"Laramie","geo_location":{ "type": "Point", "coordinates": [-104.8629, 41.1391] }},
{"zip_code":"83112","country":"US","city":"Bedford","state":"Wyoming","state_ab":"WY","county":"Lincoln","geo_location":{ "type": "Point", "coordinates": [-110.9401, 42.8701] }},
{"zip_code":"82638","country":"US","city":"Hiland","state":"Wyoming","state_ab":"WY","county":"Natrona","geo_location":{ "type": "Point", "coordinates": [-107.3436, 43.1153] }},
{"zip_code":"82225","country":"US","city":"Lusk","state":"Wyoming","state_ab":"WY","county":"Niobrara","geo_location":{ "type": "Point", "coordinates": [-104.4651, 42.766] }},
{"zip_code":"82832","country":"US","city":"Banner","state":"Wyoming","state_ab":"WY","county":"Sheridan","geo_location":{ "type": "Point", "coordinates": [-106.7954, 44.6003] }},
{"zip_code":"82845","country":"US","city":"Wyarno","state":"Wyoming","state_ab":"WY","county":"Sheridan","geo_location":{ "type": "Point", "coordinates": [-106.6949, 44.7534] }},
{"zip_code":"82922","country":"US","city":"Bondurant","state":"Wyoming","state_ab":"WY","county":"Sublette","geo_location":{ "type": "Point", "coordinates": [-110.3353, 43.2238] }},
{"zip_code":"82935","country":"US","city":"Green River","state":"Wyoming","state_ab":"WY","county":"Sweetwater","geo_location":{ "type": "Point", "coordinates": [-109.4714, 41.5196] }},
{"zip_code":"82715","country":"US","city":"Four Corners","state":"Wyoming","state_ab":"WY","county":"Weston","geo_location":{ "type": "Point", "coordinates": [-104.5681, 43.84] }},
{"zip_code":"30113","country":"US","city":"Buchanan","state":"Georgia","state_ab":"GA","county":"Haralson","geo_location":{ "type": "Point", "coordinates": [-85.1506, 33.8283] }},
{"zip_code":"30140","country":"US","city":"Felton","state":"Georgia","state_ab":"GA","county":"Haralson","geo_location":{ "type": "Point", "coordinates": [-85.2349, 33.8823] }},
{"zip_code":"31826","country":"US","city":"Shiloh","state":"Georgia","state_ab":"GA","county":"Harris","geo_location":{ "type": "Point", "coordinates": [-84.7412, 32.8067] }},
{"zip_code":"30643","country":"US","city":"Hartwell","state":"Georgia","state_ab":"GA","county":"Hart","geo_location":{ "type": "Point", "coordinates": [-82.9296, 34.3571] }},
{"zip_code":"31013","country":"US","city":"Clinchfield","state":"Georgia","state_ab":"GA","county":"Houston","geo_location":{ "type": "Point", "coordinates": [-83.6926, 32.3386] }},
{"zip_code":"31093","country":"US","city":"Warner Robins","state":"Georgia","state_ab":"GA","county":"Houston","geo_location":{ "type": "Point", "coordinates": [-83.6395, 32.6368] }},
{"zip_code":"30823","country":"US","city":"Stapleton","state":"Georgia","state_ab":"GA","county":"Jefferson","geo_location":{ "type": "Point", "coordinates": [-82.4597, 33.1894] }},
{"zip_code":"30203","country":"US","city":"Auburn","state":"Georgia","state_ab":"GA","county":"Lamar County","geo_location":{ "type": "Point", "coordinates": [-83.825, 34.009] }},
{"zip_code":"31040","country":"US","city":"Dublin","state":"Georgia","state_ab":"GA","county":"Laurens","geo_location":{ "type": "Point", "coordinates": [-82.915, 32.5401] }},
{"zip_code":"31763","country":"US","city":"Leesburg","state":"Georgia","state_ab":"GA","county":"Lee","geo_location":{ "type": "Point", "coordinates": [-84.1593, 31.6812] }},
{"zip_code":"31309","country":"US","city":"Fleming","state":"Georgia","state_ab":"GA","county":"Liberty","geo_location":{ "type": "Point", "coordinates": [-81.4232, 31.8645] }},
{"zip_code":"31310","country":"US","city":"Hinesville","state":"Georgia","state_ab":"GA","county":"Liberty","geo_location":{ "type": "Point", "coordinates": [-81.4371, 31.8068] }},
{"zip_code":"31323","country":"US","city":"Riceboro","state":"Georgia","state_ab":"GA","county":"Liberty","geo_location":{ "type": "Point", "coordinates": [-81.4671, 31.7357] }},
{"zip_code":"31606","country":"US","city":"Valdosta","state":"Georgia","state_ab":"GA","county":"Lowndes","geo_location":{ "type": "Point", "coordinates": [-83.1891, 30.7989] }},
{"zip_code":"31699","country":"US","city":"Valdosta","state":"Georgia","state_ab":"GA","county":"Lowndes","geo_location":{ "type": "Point", "coordinates": [-83.2072, 30.9751] }},
{"zip_code":"30629","country":"US","city":"Comer","state":"Georgia","state_ab":"GA","county":"Madison","geo_location":{ "type": "Point", "coordinates": [-83.122, 34.0888] }},
{"zip_code":"30410","country":"US","city":"Ailey","state":"Georgia","state_ab":"GA","county":"Montgomery","geo_location":{ "type": "Point", "coordinates": [-82.4762, 32.2143] }},
{"zip_code":"31903","country":"US","city":"Columbus","state":"Georgia","state_ab":"GA","county":"Muscogee","geo_location":{ "type": "Point", "coordinates": [-84.9481, 32.4245] }},
{"zip_code":"30630","country":"US","city":"Crawford","state":"Georgia","state_ab":"GA","county":"Oglethorpe","geo_location":{ "type": "Point", "coordinates": [-83.1646, 33.9076] }},
{"zip_code":"31516","country":"US","city":"Blackshear","state":"Georgia","state_ab":"GA","county":"Pierce","geo_location":{ "type": "Point", "coordinates": [-82.2617, 31.2931] }},
{"zip_code":"31556","country":"US","city":"Offerman","state":"Georgia","state_ab":"GA","county":"Pierce","geo_location":{ "type": "Point", "coordinates": [-82.1155, 31.4126] }},
{"zip_code":"30256","country":"US","city":"Meansville","state":"Georgia","state_ab":"GA","county":"Pike","geo_location":{ "type": "Point", "coordinates": [-84.3169, 33.0134] }},
{"zip_code":"30153","country":"US","city":"Rockmart","state":"Georgia","state_ab":"GA","county":"Polk","geo_location":{ "type": "Point", "coordinates": [-85.0594, 33.9979] }},
{"zip_code":"31026","country":"US","city":"Eatonton","state":"Georgia","state_ab":"GA","county":"Putnam County","geo_location":{ "type": "Point", "coordinates": [-83.377, 33.3304] }},
{"zip_code":"31736","country":"US","city":"Coleman","state":"Georgia","state_ab":"GA","county":"Randolph","geo_location":{ "type": "Point", "coordinates": [-84.8745, 31.6568] }},
{"zip_code":"30913","country":"US","city":"Augusta","state":"Georgia","state_ab":"GA","county":"Richmond","geo_location":{ "type": "Point", "coordinates": [-82.091, 33.386] }},
{"zip_code":"30449","country":"US","city":"Oliver","state":"Georgia","state_ab":"GA","county":"Screven","geo_location":{ "type": "Point", "coordinates": [-81.5332, 32.5281] }},
{"zip_code":"31709","country":"US","city":"Americus","state":"Georgia","state_ab":"GA","county":"Sumter","geo_location":{ "type": "Point", "coordinates": [-84.2153, 32.0404] }},
{"zip_code":"31710","country":"US","city":"Americus","state":"Georgia","state_ab":"GA","county":"Sumter","geo_location":{ "type": "Point", "coordinates": [-84.1815, 32.0512] }},
{"zip_code":"31039","country":"US","city":"Howard","state":"Georgia","state_ab":"GA","county":"Taylor","geo_location":{ "type": "Point", "coordinates": [-84.2277, 32.5598] }},
{"zip_code":"39826","country":"US","city":"Bronwood","state":"Georgia","state_ab":"GA","county":"Terrell County","geo_location":{ "type": "Point", "coordinates": [-84.364, 31.8308] }}]}