{"value": [{"zip_code":"61866","country":"US","city":"Rantoul","state":"Illinois","state_ab":"IL","county":"Champaign","geo_location":{ "type": "Point", "coordinates": [-88.1462, 40.3107] }},
{"zip_code":"61880","country":"US","city":"Tolono","state":"Illinois","state_ab":"IL","county":"Champaign","geo_location":{ "type": "Point", "coordinates": [-88.2596, 39.985] }},
{"zip_code":"62083","country":"US","city":"Rosamond","state":"Illinois","state_ab":"IL","county":"Christian","geo_location":{ "type": "Point", "coordinates": [-89.1983, 39.3743] }},
{"zip_code":"62546","country":"US","city":"Morrisonville","state":"Illinois","state_ab":"IL","county":"Christian","geo_location":{ "type": "Point", "coordinates": [-89.4541, 39.4153] }},
{"zip_code":"62250","country":"US","city":"Hoffman","state":"Illinois","state_ab":"IL","county":"Clinton","geo_location":{ "type": "Point", "coordinates": [-89.2661, 38.5408] }},
{"zip_code":"61943","country":"US","city":"Oakland","state":"Illinois","state_ab":"IL","county":"Coles","geo_location":{ "type": "Point", "coordinates": [-88.0253, 39.6516] }},
{"zip_code":"62469","country":"US","city":"Trilla","state":"Illinois","state_ab":"IL","county":"Coles","geo_location":{ "type": "Point", "coordinates": [-88.3488, 39.3938] }},
{"zip_code":"60009","country":"US","city":"Elk Grove Village","state":"Illinois","state_ab":"IL","county":"Cook","geo_location":{ "type": "Point", "coordinates": [-87.6873, 41.8119] }},
{"zip_code":"60076","country":"US","city":"Skokie","state":"Illinois","state_ab":"IL","county":"Cook","geo_location":{ "type": "Point", "coordinates": [-87.7328, 42.0362] }},
{"zip_code":"60090","country":"US","city":"Wheeling","state":"Illinois","state_ab":"IL","county":"Cook","geo_location":{ "type": "Point", "coordinates": [-87.9341, 42.134] }},
{"zip_code":"60153","country":"US","city":"Maywood","state":"Illinois","state_ab":"IL","county":"Cook","geo_location":{ "type": "Point", "coordinates": [-87.8433, 41.8793] }},
{"zip_code":"60179","country":"US","city":"Hoffman Estates","state":"Illinois","state_ab":"IL","county":"Cook","geo_location":{ "type": "Point", "coordinates": [-88.2237, 42.0793] }},
{"zip_code":"60193","country":"US","city":"Schaumburg","state":"Illinois","state_ab":"IL","county":"Cook","geo_location":{ "type": "Point", "coordinates": [-88.0935, 42.0144] }},
{"zip_code":"60203","country":"US","city":"Evanston","state":"Illinois","state_ab":"IL","county":"Cook","geo_location":{ "type": "Point", "coordinates": [-87.7176, 42.0485] }},
{"zip_code":"60409","country":"US","city":"Calumet City","state":"Illinois","state_ab":"IL","county":"Cook","geo_location":{ "type": "Point", "coordinates": [-87.5483, 41.6153] }},
{"zip_code":"60463","country":"US","city":"Palos Heights","state":"Illinois","state_ab":"IL","county":"Cook","geo_location":{ "type": "Point", "coordinates": [-87.7927, 41.6621] }},
{"zip_code":"60476","country":"US","city":"Thornton","state":"Illinois","state_ab":"IL","county":"Cook","geo_location":{ "type": "Point", "coordinates": [-87.6078, 41.5727] }},
{"zip_code":"60513","country":"US","city":"Brookfield","state":"Illinois","state_ab":"IL","county":"Cook","geo_location":{ "type": "Point", "coordinates": [-87.8492, 41.8217] }},
{"zip_code":"60526","country":"US","city":"La Grange Park","state":"Illinois","state_ab":"IL","county":"Cook","geo_location":{ "type": "Point", "coordinates": [-87.874, 41.8318] }},
{"zip_code":"60603","country":"US","city":"Chicago","state":"Illinois","state_ab":"IL","county":"Cook","geo_location":{ "type": "Point", "coordinates": [-87.6285, 41.8798] }},
{"zip_code":"60616","country":"US","city":"Chicago","state":"Illinois","state_ab":"IL","county":"Cook","geo_location":{ "type": "Point", "coordinates": [-87.6306, 41.8426] }},
{"zip_code":"60629","country":"US","city":"Chicago","state":"Illinois","state_ab":"IL","county":"Cook","geo_location":{ "type": "Point", "coordinates": [-87.7069, 41.7781] }},
{"zip_code":"60630","country":"US","city":"Chicago","state":"Illinois","state_ab":"IL","county":"Cook","geo_location":{ "type": "Point", "coordinates": [-87.7603, 41.9699] }},
{"zip_code":"60643","country":"US","city":"Chicago","state":"Illinois","state_ab":"IL","county":"Cook","geo_location":{ "type": "Point", "coordinates": [-87.6628, 41.6996] }},
{"zip_code":"60656","country":"US","city":"Chicago","state":"Illinois","state_ab":"IL","county":"Cook","geo_location":{ "type": "Point", "coordinates": [-87.8658, 41.9735] }},
{"zip_code":"60669","country":"US","city":"Chicago","state":"Illinois","state_ab":"IL","county":"Cook","geo_location":{ "type": "Point", "coordinates": [-87.6873, 41.8119] }},
{"zip_code":"60670","country":"US","city":"Chicago","state":"Illinois","state_ab":"IL","county":"Cook","geo_location":{ "type": "Point", "coordinates": [-87.6873, 41.8119] }},
{"zip_code":"60683","country":"US","city":"Chicago","state":"Illinois","state_ab":"IL","county":"Cook","geo_location":{ "type": "Point", "coordinates": [-87.6873, 41.8119] }},
{"zip_code":"60696","country":"US","city":"Chicago","state":"Illinois","state_ab":"IL","county":"Cook County","geo_location":{ "type": "Point", "coordinates": [-87.6649, 41.8684] }},
{"zip_code":"60706","country":"US","city":"Harwood Heights","state":"Illinois","state_ab":"IL","county":"Cook","geo_location":{ "type": "Point", "coordinates": [-87.8162, 41.9643] }},
{"zip_code":"60799","country":"US","city":"Chicago Bmc","state":"Illinois","state_ab":"IL","county":"Cook County","geo_location":{ "type": "Point", "coordinates": [-87.808, 42.0275] }},
{"zip_code":"61749","country":"US","city":"Kenney","state":"Illinois","state_ab":"IL","county":"De Witt","geo_location":{ "type": "Point", "coordinates": [-89.0622, 40.1115] }},
{"zip_code":"61750","country":"US","city":"Lane","state":"Illinois","state_ab":"IL","county":"De Witt","geo_location":{ "type": "Point", "coordinates": [-88.8597, 40.1235] }},
{"zip_code":"61930","country":"US","city":"Hindsboro","state":"Illinois","state_ab":"IL","county":"Douglas","geo_location":{ "type": "Point", "coordinates": [-88.1486, 39.7018] }},
{"zip_code":"61956","country":"US","city":"Villa Grove","state":"Illinois","state_ab":"IL","county":"Douglas","geo_location":{ "type": "Point", "coordinates": [-88.1616, 39.8687] }},
{"zip_code":"60126","country":"US","city":"Elmhurst","state":"Illinois","state_ab":"IL","county":"DuPage","geo_location":{ "type": "Point", "coordinates": [-87.941, 41.8927] }},
{"zip_code":"60139","country":"US","city":"Glendale Heights","state":"Illinois","state_ab":"IL","county":"DuPage","geo_location":{ "type": "Point", "coordinates": [-88.0793, 41.9205] }},
{"zip_code":"60399","country":"US","city":"Wood Dale","state":"Illinois","state_ab":"IL","county":"DuPage County","geo_location":{ "type": "Point", "coordinates": [-87.9377, 41.9545] }},
{"zip_code":"60540","country":"US","city":"Naperville","state":"Illinois","state_ab":"IL","county":"DuPage","geo_location":{ "type": "Point", "coordinates": [-88.141, 41.7662] }},
{"zip_code":"60566","country":"US","city":"Naperville","state":"Illinois","state_ab":"IL","county":"DuPage","geo_location":{ "type": "Point", "coordinates": [-88.0887, 41.8397] }},
{"zip_code":"62443","country":"US","city":"Mason","state":"Illinois","state_ab":"IL","county":"Effingham","geo_location":{ "type": "Point", "coordinates": [-88.6234, 38.9645] }},
{"zip_code":"62856","country":"US","city":"Logan","state":"Illinois","state_ab":"IL","county":"Franklin","geo_location":{ "type": "Point", "coordinates": [-88.9417, 37.9943] }},
{"zip_code":"62896","country":"US","city":"West Frankfort","state":"Illinois","state_ab":"IL","county":"Franklin","geo_location":{ "type": "Point", "coordinates": [-88.9307, 37.8979] }},
{"zip_code":"62999","country":"US","city":"Zeigler","state":"Illinois","state_ab":"IL","county":"Franklin","geo_location":{ "type": "Point", "coordinates": [-89.0523, 37.8991] }},
{"zip_code":"61543","country":"US","city":"Liverpool","state":"Illinois","state_ab":"IL","county":"Fulton","geo_location":{ "type": "Point", "coordinates": [-90.0026, 40.3902] }},
{"zip_code":"62016","country":"US","city":"Carrollton","state":"Illinois","state_ab":"IL","county":"Greene","geo_location":{ "type": "Point", "coordinates": [-90.4092, 39.3009] }},
{"zip_code":"60450","country":"US","city":"Morris","state":"Illinois","state_ab":"IL","county":"Grundy","geo_location":{ "type": "Point", "coordinates": [-88.4178, 41.3672] }},
{"zip_code":"62829","country":"US","city":"Dale","state":"Illinois","state_ab":"IL","county":"Hamilton","geo_location":{ "type": "Point", "coordinates": [-88.5386, 38.0816] }},
{"zip_code":"62313","country":"US","city":"Basco","state":"Illinois","state_ab":"IL","county":"Hancock","geo_location":{ "type": "Point", "coordinates": [-91.197, 40.3283] }},
{"zip_code":"62379","country":"US","city":"Warsaw","state":"Illinois","state_ab":"IL","county":"Hancock","geo_location":{ "type": "Point", "coordinates": [-91.4348, 40.3544] }},
{"zip_code":"62380","country":"US","city":"West Point","state":"Illinois","state_ab":"IL","county":"Hancock","geo_location":{ "type": "Point", "coordinates": [-91.2496, 40.2452] }},
{"zip_code":"62919","country":"US","city":"Cave In Rock","state":"Illinois","state_ab":"IL","county":"Hardin","geo_location":{ "type": "Point", "coordinates": [-88.2383, 37.5008] }},
{"zip_code":"61480","country":"US","city":"Stronghurst","state":"Illinois","state_ab":"IL","county":"Henderson","geo_location":{ "type": "Point", "coordinates": [-90.9257, 40.7523] }},
{"zip_code":"61233","country":"US","city":"Andover","state":"Illinois","state_ab":"IL","county":"Henry","geo_location":{ "type": "Point", "coordinates": [-90.2905, 41.2954] }},
{"zip_code":"61273","country":"US","city":"Orion","state":"Illinois","state_ab":"IL","county":"Henry","geo_location":{ "type": "Point", "coordinates": [-90.3849, 41.3634] }},
{"zip_code":"61413","country":"US","city":"Alpha","state":"Illinois","state_ab":"IL","county":"Henry","geo_location":{ "type": "Point", "coordinates": [-90.3821, 41.193] }},
{"zip_code":"60926","country":"US","city":"Claytonville","state":"Illinois","state_ab":"IL","county":"Iroquois","geo_location":{ "type": "Point", "coordinates": [-87.804, 40.5676] }},
{"zip_code":"60939","country":"US","city":"Goodwine","state":"Illinois","state_ab":"IL","county":"Iroquois","geo_location":{ "type": "Point", "coordinates": [-87.8288, 40.7481] }},
{"zip_code":"60953","country":"US","city":"Milford","state":"Illinois","state_ab":"IL","county":"Iroquois","geo_location":{ "type": "Point", "coordinates": [-87.6853, 40.6293] }},
{"zip_code":"60966","country":"US","city":"Sheldon","state":"Illinois","state_ab":"IL","county":"Iroquois","geo_location":{ "type": "Point", "coordinates": [-87.5736, 40.7803] }},
{"zip_code":"62816","country":"US","city":"Bonnie","state":"Illinois","state_ab":"IL","county":"Jefferson","geo_location":{ "type": "Point", "coordinates": [-88.9229, 38.198] }},
{"zip_code":"62830","country":"US","city":"Dix","state":"Illinois","state_ab":"IL","county":"Jefferson","geo_location":{ "type": "Point", "coordinates": [-88.9657, 38.4333] }},
{"zip_code":"62883","country":"US","city":"Scheller","state":"Illinois","state_ab":"IL","county":"Jefferson","geo_location":{ "type": "Point", "coordinates": [-89.0927, 38.1731] }},
{"zip_code":"62030","country":"US","city":"Fidelity","state":"Illinois","state_ab":"IL","county":"Jersey","geo_location":{ "type": "Point", "coordinates": [-90.1642, 39.1546] }},
{"zip_code":"60140","country":"US","city":"Hampshire","state":"Illinois","state_ab":"IL","county":"Kane","geo_location":{ "type": "Point", "coordinates": [-88.517, 42.0807] }},
{"zip_code":"60539","country":"US","city":"Mooseheart","state":"Illinois","state_ab":"IL","county":"Kane","geo_location":{ "type": "Point", "coordinates": [-88.3315, 41.8241] }},
{"zip_code":"60913","country":"US","city":"Bonfield","state":"Illinois","state_ab":"IL","county":"Kankakee","geo_location":{ "type": "Point", "coordinates": [-88.0619, 41.1573] }},
{"zip_code":"60940","country":"US","city":"Grant Park","state":"Illinois","state_ab":"IL","county":"Kankakee","geo_location":{ "type": "Point", "coordinates": [-87.648, 41.2477] }},
{"zip_code":"61439","country":"US","city":"Henderson","state":"Illinois","state_ab":"IL","county":"Knox","geo_location":{ "type": "Point", "coordinates": [-90.3575, 41.0276] }},
{"zip_code":"60010","country":"US","city":"Barrington","state":"Illinois","state_ab":"IL","county":"Lake","geo_location":{ "type": "Point", "coordinates": [-88.1383, 42.1614] }},
{"zip_code":"60049","country":"US","city":"Long Grove","state":"Illinois","state_ab":"IL","county":"Lake","geo_location":{ "type": "Point", "coordinates": [-88.0419, 42.1987] }},
{"zip_code":"60063","country":"US","city":"Deerfield","state":"Illinois","state_ab":"IL","county":"Lake County","geo_location":{ "type": "Point", "coordinates": [-87.8456, 42.1647] }},
{"zip_code":"60089","country":"US","city":"Buffalo Grove","state":"Illinois","state_ab":"IL","county":"Lake","geo_location":{ "type": "Point", "coordinates": [-87.9644, 42.1598] }},
{"zip_code":"61350","country":"US","city":"Ottawa","state":"Illinois","state_ab":"IL","county":"La Salle","geo_location":{ "type": "Point", "coordinates": [-88.8416, 41.3526] }},
{"zip_code":"60553","country":"US","city":"Steward","state":"Illinois","state_ab":"IL","county":"Lee","geo_location":{ "type": "Point", "coordinates": [-89.0151, 41.8475] }},
{"zip_code":"61310","country":"US","city":"Amboy","state":"Illinois","state_ab":"IL","county":"Lee","geo_location":{ "type": "Point", "coordinates": [-89.3472, 41.7042] }},
{"zip_code":"61723","country":"US","city":"Atlanta","state":"Illinois","state_ab":"IL","county":"Logan","geo_location":{ "type": "Point", "coordinates": [-89.23, 40.2586] }},
{"zip_code":"62519","country":"US","city":"Cornland","state":"Illinois","state_ab":"IL","county":"Logan","geo_location":{ "type": "Point", "coordinates": [-89.4023, 39.9374] }},
{"zip_code":"61440","country":"US","city":"Industry","state":"Illinois","state_ab":"IL","county":"McDonough","geo_location":{ "type": "Point", "coordinates": [-90.6105, 40.3256] }},
{"zip_code":"62326","country":"US","city":"Colchester","state":"Illinois","state_ab":"IL","county":"McDonough","geo_location":{ "type": "Point", "coordinates": [-90.7846, 40.4156] }},
{"zip_code":"60050","country":"US","city":"Mchenry","state":"Illinois","state_ab":"IL","county":"McHenry","geo_location":{ "type": "Point", "coordinates": [-88.2955, 42.3311] }},
{"zip_code":"60180","country":"US","city":"Union","state":"Illinois","state_ab":"IL","county":"McHenry","geo_location":{ "type": "Point", "coordinates": [-88.5283, 42.2103] }},
{"zip_code":"60296","country":"US","city":"McHenry","state":"Illinois","state_ab":"IL","county":"McHenry County","geo_location":{ "type": "Point", "coordinates": [-88.2696, 42.3448] }},
{"zip_code":"61709","country":"US","city":"Bloomington","state":"Illinois","state_ab":"IL","county":"McLean","geo_location":{ "type": "Point", "coordinates": [-88.953, 40.4614] }},
{"zip_code":"61710","country":"US","city":"Bloomington","state":"Illinois","state_ab":"IL","county":"McLean","geo_location":{ "type": "Point", "coordinates": [-88.9542, 40.4777] }},
{"zip_code":"61736","country":"US","city":"Downs","state":"Illinois","state_ab":"IL","county":"McLean","geo_location":{ "type": "Point", "coordinates": [-88.8686, 40.3989] }},
{"zip_code":"61776","country":"US","city":"Towanda","state":"Illinois","state_ab":"IL","county":"McLean","geo_location":{ "type": "Point", "coordinates": [-88.8886, 40.5533] }},
{"zip_code":"61790","country":"US","city":"Normal","state":"Illinois","state_ab":"IL","county":"McLean","geo_location":{ "type": "Point", "coordinates": [-88.998, 40.5103] }},
{"zip_code":"62573","country":"US","city":"Warrensburg","state":"Illinois","state_ab":"IL","county":"Macon","geo_location":{ "type": "Point", "coordinates": [-89.0741, 39.9454] }},
{"zip_code":"62069","country":"US","city":"Mount Olive","state":"Illinois","state_ab":"IL","county":"Macoupin","geo_location":{ "type": "Point", "coordinates": [-89.7448, 39.0705] }},
{"zip_code":"62649","country":"US","city":"Hettick","state":"Illinois","state_ab":"IL","county":"Macoupin","geo_location":{ "type": "Point", "coordinates": [-90.0672, 39.3752] }},
{"zip_code":"62690","country":"US","city":"Virden","state":"Illinois","state_ab":"IL","county":"Macoupin","geo_location":{ "type": "Point", "coordinates": [-89.7783, 39.5064] }},
{"zip_code":"62249","country":"US","city":"Highland","state":"Illinois","state_ab":"IL","county":"Madison","geo_location":{ "type": "Point", "coordinates": [-89.6789, 38.7631] }},
{"zip_code":"62870","country":"US","city":"Odin","state":"Illinois","state_ab":"IL","county":"Marion","geo_location":{ "type": "Point", "coordinates": [-89.0552, 38.6088] }},
{"zip_code":"61570","country":"US","city":"Washburn","state":"Illinois","state_ab":"IL","county":"Marshall","geo_location":{ "type": "Point", "coordinates": [-89.283, 40.9141] }},
{"zip_code":"62960","country":"US","city":"Metropolis","state":"Illinois","state_ab":"IL","county":"Massac","geo_location":{ "type": "Point", "coordinates": [-88.7252, 37.1753] }},
{"zip_code":"62676","country":"US","city":"Plainview","state":"Illinois","state_ab":"IL","county":"Menard County","geo_location":{ "type": "Point", "coordinates": [-89.9617, 39.1752] }},
{"zip_code":"61260","country":"US","city":"Joy","state":"Illinois","state_ab":"IL","county":"Mercer","geo_location":{ "type": "Point", "coordinates": [-90.8518, 41.2262] }},
{"zip_code":"61466","country":"US","city":"North Henderson","state":"Illinois","state_ab":"IL","county":"Mercer","geo_location":{ "type": "Point", "coordinates": [-90.4736, 41.1006] }},
{"zip_code":"62236","country":"US","city":"Columbia","state":"Illinois","state_ab":"IL","county":"Monroe","geo_location":{ "type": "Point", "coordinates": [-90.2027, 38.4325] }},
{"zip_code":"62056","country":"US","city":"Litchfield","state":"Illinois","state_ab":"IL","county":"Montgomery","geo_location":{ "type": "Point", "coordinates": [-89.6499, 39.1793] }},
{"zip_code":"62533","country":"US","city":"Farmersville","state":"Illinois","state_ab":"IL","county":"Montgomery","geo_location":{ "type": "Point", "coordinates": [-89.617, 39.4401] }},
{"zip_code":"62560","country":"US","city":"Raymond","state":"Illinois","state_ab":"IL","county":"Montgomery","geo_location":{ "type": "Point", "coordinates": [-89.5851, 39.3106] }},
{"zip_code":"62650","country":"US","city":"Jacksonville","state":"Illinois","state_ab":"IL","county":"Morgan","geo_location":{ "type": "Point", "coordinates": [-90.3014, 39.737] }},
{"zip_code":"60113","country":"US","city":"Creston","state":"Illinois","state_ab":"IL","county":"Ogle","geo_location":{ "type": "Point", "coordinates": [-88.9566, 41.9312] }},
{"zip_code":"61529","country":"US","city":"Elmwood","state":"Illinois","state_ab":"IL","county":"Peoria","geo_location":{ "type": "Point", "coordinates": [-89.9289, 40.7726] }},
{"zip_code":"61569","country":"US","city":"Trivoli","state":"Illinois","state_ab":"IL","county":"Peoria","geo_location":{ "type": "Point", "coordinates": [-89.9135, 40.6795] }},
{"zip_code":"61606","country":"US","city":"Peoria","state":"Illinois","state_ab":"IL","county":"Peoria","geo_location":{ "type": "Point", "coordinates": [-89.6122, 40.6989] }},
{"zip_code":"61633","country":"US","city":"Peoria","state":"Illinois","state_ab":"IL","county":"Peoria","geo_location":{ "type": "Point", "coordinates": [-89.6031, 40.7312] }},
{"zip_code":"61813","country":"US","city":"Bement","state":"Illinois","state_ab":"IL","county":"Piatt","geo_location":{ "type": "Point", "coordinates": [-88.5688, 39.9222] }},
{"zip_code":"61839","country":"US","city":"De Land","state":"Illinois","state_ab":"IL","county":"Piatt","geo_location":{ "type": "Point", "coordinates": [-88.6392, 40.1107] }},
{"zip_code":"61929","country":"US","city":"Hammond","state":"Illinois","state_ab":"IL","county":"Piatt","geo_location":{ "type": "Point", "coordinates": [-88.5793, 39.7946] }},
{"zip_code":"62340","country":"US","city":"Griggsville","state":"Illinois","state_ab":"IL","county":"Pike","geo_location":{ "type": "Point", "coordinates": [-90.7249, 39.7084] }},
{"zip_code":"62366","country":"US","city":"Pleasant Hill","state":"Illinois","state_ab":"IL","county":"Pike","geo_location":{ "type": "Point", "coordinates": [-90.877, 39.4467] }},
{"zip_code":"62973","country":"US","city":"Perks","state":"Illinois","state_ab":"IL","county":"Pulaski","geo_location":{ "type": "Point", "coordinates": [-89.0831, 37.3113] }},
{"zip_code":"61336","country":"US","city":"Magnolia","state":"Illinois","state_ab":"IL","county":"Putnam","geo_location":{ "type": "Point", "coordinates": [-89.227, 41.1164] }},
{"zip_code":"61363","country":"US","city":"Standard","state":"Illinois","state_ab":"IL","county":"Putnam","geo_location":{ "type": "Point", "coordinates": [-89.1778, 41.2567] }},
{"zip_code":"61206","country":"US","city":"Rock Island","state":"Illinois","state_ab":"IL","county":"Rock Island","geo_location":{ "type": "Point", "coordinates": [-90.616, 41.5549] }},
{"zip_code":"61259","country":"US","city":"Illinois City","state":"Illinois","state_ab":"IL","county":"Rock Island","geo_location":{ "type": "Point", "coordinates": [-90.8925, 41.3892] }},
{"zip_code":"61299","country":"US","city":"Rock Island","state":"Illinois","state_ab":"IL","county":"Rock Island","geo_location":{ "type": "Point", "coordinates": [-90.5416, 41.5203] }},
{"zip_code":"62223","country":"US","city":"Belleville","state":"Illinois","state_ab":"IL","county":"St. Clair","geo_location":{ "type": "Point", "coordinates": [-90.0378, 38.5456] }},
{"zip_code":"62289","country":"US","city":"Summerfield","state":"Illinois","state_ab":"IL","county":"St. Clair","geo_location":{ "type": "Point", "coordinates": [-89.7512, 38.5967] }},
{"zip_code":"62946","country":"US","city":"Harrisburg","state":"Illinois","state_ab":"IL","county":"Saline","geo_location":{ "type": "Point", "coordinates": [-88.544, 37.7257] }},
{"zip_code":"62520","country":"US","city":"Dawson","state":"Illinois","state_ab":"IL","county":"Sangamon","geo_location":{ "type": "Point", "coordinates": [-89.4603, 39.8563] }},
{"zip_code":"62689","country":"US","city":"Thayer","state":"Illinois","state_ab":"IL","county":"Sangamon","geo_location":{ "type": "Point", "coordinates": [-89.7621, 39.5394] }},
{"zip_code":"62713","country":"US","city":"Springfield","state":"Illinois","state_ab":"IL","county":"Sangamon","geo_location":{ "type": "Point", "coordinates": [-89.606, 39.7495] }},
{"zip_code":"62726","country":"US","city":"Springfield","state":"Illinois","state_ab":"IL","county":"Sangamon","geo_location":{ "type": "Point", "coordinates": [-89.606, 39.7495] }},
{"zip_code":"62739","country":"US","city":"Springfield","state":"Illinois","state_ab":"IL","county":"Sangamon","geo_location":{ "type": "Point", "coordinates": [-89.606, 39.7495] }},
{"zip_code":"62766","country":"US","city":"Springfield","state":"Illinois","state_ab":"IL","county":"Sangamon","geo_location":{ "type": "Point", "coordinates": [-89.606, 39.7495] }},
{"zip_code":"62610","country":"US","city":"Alsey","state":"Illinois","state_ab":"IL","county":"Scott","geo_location":{ "type": "Point", "coordinates": [-90.3862, 39.552] }},
{"zip_code":"62663","country":"US","city":"Manchester","state":"Illinois","state_ab":"IL","county":"Scott","geo_location":{ "type": "Point", "coordinates": [-90.3317, 39.5405] }},
{"zip_code":"61426","country":"US","city":"Castleton","state":"Illinois","state_ab":"IL","county":"Stark","geo_location":{ "type": "Point", "coordinates": [-89.7071, 41.1183] }},
{"zip_code":"61479","country":"US","city":"Speer","state":"Illinois","state_ab":"IL","county":"Stark","geo_location":{ "type": "Point", "coordinates": [-89.652, 40.9872] }},
{"zip_code":"61013","country":"US","city":"Cedarville","state":"Illinois","state_ab":"IL","county":"Stephenson","geo_location":{ "type": "Point", "coordinates": [-89.6365, 42.3761] }},
{"zip_code":"61039","country":"US","city":"German Valley","state":"Illinois","state_ab":"IL","county":"Stephenson","geo_location":{ "type": "Point", "coordinates": [-89.4712, 42.2176] }},
{"zip_code":"62906","country":"US","city":"Anna","state":"Illinois","state_ab":"IL","county":"Union","geo_location":{ "type": "Point", "coordinates": [-89.2207, 37.4668] }},
{"zip_code":"62920","country":"US","city":"Cobden","state":"Illinois","state_ab":"IL","county":"Union","geo_location":{ "type": "Point", "coordinates": [-89.2457, 37.5424] }},
{"zip_code":"61453","country":"US","city":"Little York","state":"Illinois","state_ab":"IL","county":"Warren","geo_location":{ "type": "Point", "coordinates": [-90.7364, 41.0153] }},
{"zip_code":"62263","country":"US","city":"Nashville","state":"Illinois","state_ab":"IL","county":"Washington","geo_location":{ "type": "Point", "coordinates": [-89.3841, 38.3352] }},
{"zip_code":"62803","country":"US","city":"Hoyleton","state":"Illinois","state_ab":"IL","county":"Washington","geo_location":{ "type": "Point", "coordinates": [-89.3069, 38.4455] }},
{"zip_code":"62843","country":"US","city":"Golden Gate","state":"Illinois","state_ab":"IL","county":"Wayne","geo_location":{ "type": "Point", "coordinates": [-88.2075, 38.3645] }},
{"zip_code":"62869","country":"US","city":"Norris City","state":"Illinois","state_ab":"IL","county":"White","geo_location":{ "type": "Point", "coordinates": [-88.3243, 37.9773] }},
{"zip_code":"60410","country":"US","city":"Channahon","state":"Illinois","state_ab":"IL","county":"Will","geo_location":{ "type": "Point", "coordinates": [-88.2138, 41.4347] }},
{"zip_code":"60423","country":"US","city":"Frankfort","state":"Illinois","state_ab":"IL","county":"Will","geo_location":{ "type": "Point", "coordinates": [-87.8248, 41.5094] }},
{"zip_code":"60436","country":"US","city":"Joliet","state":"Illinois","state_ab":"IL","county":"Will","geo_location":{ "type": "Point", "coordinates": [-88.1572, 41.4884] }},
{"zip_code":"60449","country":"US","city":"Monee","state":"Illinois","state_ab":"IL","county":"Will","geo_location":{ "type": "Point", "coordinates": [-87.7748, 41.4191] }},
{"zip_code":"60490","country":"US","city":"Bolingbrook","state":"Illinois","state_ab":"IL","county":"Will","geo_location":{ "type": "Point", "coordinates": [-88.1403, 41.679] }},
{"zip_code":"62933","country":"US","city":"Energy","state":"Illinois","state_ab":"IL","county":"Williamson","geo_location":{ "type": "Point", "coordinates": [-89.025, 37.7726] }},
{"zip_code":"62959","country":"US","city":"Marion","state":"Illinois","state_ab":"IL","county":"Williamson","geo_location":{ "type": "Point", "coordinates": [-88.9294, 37.7257] }},
{"zip_code":"61079","country":"US","city":"Shirland","state":"Illinois","state_ab":"IL","county":"Winnebago","geo_location":{ "type": "Point", "coordinates": [-89.1705, 42.3254] }},
{"zip_code":"61080","country":"US","city":"South Beloit","state":"Illinois","state_ab":"IL","county":"Winnebago","geo_location":{ "type": "Point", "coordinates": [-89.0298, 42.4837] }},
{"zip_code":"61103","country":"US","city":"Rockford","state":"Illinois","state_ab":"IL","county":"Winnebago","geo_location":{ "type": "Point", "coordinates": [-89.0833, 42.301] }},
{"zip_code":"61130","country":"US","city":"Loves Park","state":"Illinois","state_ab":"IL","county":"Winnebago","geo_location":{ "type": "Point", "coordinates": [-89.1705, 42.3254] }},
{"zip_code":"61516","country":"US","city":"Benson","state":"Illinois","state_ab":"IL","county":"Woodford","geo_location":{ "type": "Point", "coordinates": [-89.1165, 40.8306] }},
{"zip_code":"61530","country":"US","city":"Eureka","state":"Illinois","state_ab":"IL","county":"Woodford","geo_location":{ "type": "Point", "coordinates": [-89.2706, 40.7152] }},
{"zip_code":"46733","country":"US","city":"Decatur","state":"Indiana","state_ab":"IN","county":"Adams","geo_location":{ "type": "Point", "coordinates": [-84.9314, 40.8273] }},
{"zip_code":"46773","country":"US","city":"Monroeville","state":"Indiana","state_ab":"IN","county":"Allen","geo_location":{ "type": "Point", "coordinates": [-84.8937, 40.987] }},
{"zip_code":"46799","country":"US","city":"Zanesville","state":"Indiana","state_ab":"IN","county":"Allen","geo_location":{ "type": "Point", "coordinates": [-85.2824, 40.9188] }},
{"zip_code":"46809","country":"US","city":"Fort Wayne","state":"Indiana","state_ab":"IN","county":"Allen","geo_location":{ "type": "Point", "coordinates": [-85.1834, 41.0254] }},
{"zip_code":"46850","country":"US","city":"Fort Wayne","state":"Indiana","state_ab":"IN","county":"Allen","geo_location":{ "type": "Point", "coordinates": [-85.0707, 41.0938] }},
{"zip_code":"46863","country":"US","city":"Fort Wayne","state":"Indiana","state_ab":"IN","county":"Allen","geo_location":{ "type": "Point", "coordinates": [-85.0707, 41.0938] }},
{"zip_code":"46399","country":"US","city":"Lowell","state":"Indiana","state_ab":"IN","county":"Bartholomew County","geo_location":{ "type": "Point", "coordinates": [-87.4132, 41.2947] }},
{"zip_code":"47246","country":"US","city":"Hope","state":"Indiana","state_ab":"IN","county":"Bartholomew","geo_location":{ "type": "Point", "coordinates": [-85.7665, 39.2573] }},
{"zip_code":"47970","country":"US","city":"Otterbein","state":"Indiana","state_ab":"IN","county":"Benton","geo_location":{ "type": "Point", "coordinates": [-87.1225, 40.517] }},
{"zip_code":"46913","country":"US","city":"Bringhurst","state":"Indiana","state_ab":"IN","county":"Carroll","geo_location":{ "type": "Point", "coordinates": [-86.5204, 40.5163] }},
{"zip_code":"47129","country":"US","city":"Clarksville","state":"Indiana","state_ab":"IN","county":"Clark","geo_location":{ "type": "Point", "coordinates": [-85.7645, 38.311] }},
{"zip_code":"47130","country":"US","city":"Jeffersonville","state":"Indiana","state_ab":"IN","county":"Clark","geo_location":{ "type": "Point", "coordinates": [-85.7359, 38.3078] }},
{"zip_code":"47143","country":"US","city":"Memphis","state":"Indiana","state_ab":"IN","county":"Clark","geo_location":{ "type": "Point", "coordinates": [-85.7775, 38.4642] }},
{"zip_code":"47840","country":"US","city":"Centerpoint","state":"Indiana","state_ab":"IN","county":"Clay","geo_location":{ "type": "Point", "coordinates": [-87.0935, 39.391] }},
{"zip_code":"47853","country":"US","city":"Harmony","state":"Indiana","state_ab":"IN","county":"Clay","geo_location":{ "type": "Point", "coordinates": [-87.0729, 39.5372] }},
{"zip_code":"46050","country":"US","city":"Kirklin","state":"Indiana","state_ab":"IN","county":"Clinton","geo_location":{ "type": "Point", "coordinates": [-86.3324, 40.2031] }},
{"zip_code":"47116","country":"US","city":"Eckerty","state":"Indiana","state_ab":"IN","county":"Crawford","geo_location":{ "type": "Point", "coordinates": [-86.6059, 38.3185] }},
{"zip_code":"47529","country":"US","city":"Elnora","state":"Indiana","state_ab":"IN","county":"Daviess","geo_location":{ "type": "Point", "coordinates": [-87.085, 38.8772] }},
{"zip_code":"46706","country":"US","city":"Auburn","state":"Indiana","state_ab":"IN","county":"DeKalb","geo_location":{ "type": "Point", "coordinates": [-85.0468, 41.359] }},
{"zip_code":"46526","country":"US","city":"Goshen","state":"Indiana","state_ab":"IN","county":"Elkhart","geo_location":{ "type": "Point", "coordinates": [-85.8581, 41.5848] }},
{"zip_code":"46540","country":"US","city":"Middlebury","state":"Indiana","state_ab":"IN","county":"Elkhart","geo_location":{ "type": "Point", "coordinates": [-85.7114, 41.6754] }},
{"zip_code":"46553","country":"US","city":"New Paris","state":"Indiana","state_ab":"IN","county":"Elkhart","geo_location":{ "type": "Point", "coordinates": [-85.8338, 41.4917] }},
{"zip_code":"47969","country":"US","city":"Newtown","state":"Indiana","state_ab":"IN","county":"Fountain","geo_location":{ "type": "Point", "coordinates": [-87.147, 40.2035] }},
{"zip_code":"46939","country":"US","city":"Kewanna","state":"Indiana","state_ab":"IN","county":"Fulton","geo_location":{ "type": "Point", "coordinates": [-86.4061, 41.0087] }},
{"zip_code":"47660","country":"US","city":"Oakland City","state":"Indiana","state_ab":"IN","county":"Gibson","geo_location":{ "type": "Point", "coordinates": [-87.3519, 38.3361] }},
{"zip_code":"46953","country":"US","city":"Marion","state":"Indiana","state_ab":"IN","county":"Grant","geo_location":{ "type": "Point", "coordinates": [-85.6616, 40.5359] }},
{"zip_code":"47439","country":"US","city":"Koleen","state":"Indiana","state_ab":"IN","county":"Greene","geo_location":{ "type": "Point", "coordinates": [-86.9616, 39.0371] }},
{"zip_code":"47453","country":"US","city":"Owensburg","state":"Indiana","state_ab":"IN","county":"Greene","geo_location":{ "type": "Point", "coordinates": [-86.7742, 38.9253] }},
{"zip_code":"46140","country":"US","city":"Greenfield","state":"Indiana","state_ab":"IN","county":"Hancock","geo_location":{ "type": "Point", "coordinates": [-85.8141, 39.7902] }},
{"zip_code":"95409","country":"US","city":"Santa Rosa","state":"California","state_ab":"CA","county":"Sonoma","geo_location":{ "type": "Point", "coordinates": [-122.6393, 38.4592] }},
{"zip_code":"95436","country":"US","city":"Forestville","state":"California","state_ab":"CA","county":"Sonoma","geo_location":{ "type": "Point", "coordinates": [-122.9042, 38.4923] }},
{"zip_code":"95450","country":"US","city":"Jenner","state":"California","state_ab":"CA","county":"Sonoma","geo_location":{ "type": "Point", "coordinates": [-123.1974, 38.4987] }},
{"zip_code":"95476","country":"US","city":"Sonoma","state":"California","state_ab":"CA","county":"Sonoma","geo_location":{ "type": "Point", "coordinates": [-122.4696, 38.2849] }},
{"zip_code":"95319","country":"US","city":"Empire","state":"California","state_ab":"CA","county":"Stanislaus","geo_location":{ "type": "Point", "coordinates": [-120.9005, 37.6382] }},
{"zip_code":"95360","country":"US","city":"Newman","state":"California","state_ab":"CA","county":"Stanislaus","geo_location":{ "type": "Point", "coordinates": [-121.0805, 37.3097] }},
{"zip_code":"95386","country":"US","city":"Waterford","state":"California","state_ab":"CA","county":"Stanislaus","geo_location":{ "type": "Point", "coordinates": [-120.7292, 37.652] }},
{"zip_code":"95953","country":"US","city":"Live Oak","state":"California","state_ab":"CA","county":"Sutter","geo_location":{ "type": "Point", "coordinates": [-121.6923, 39.2601] }},
{"zip_code":"95993","country":"US","city":"Yuba City","state":"California","state_ab":"CA","county":"Sutter","geo_location":{ "type": "Point", "coordinates": [-121.6611, 39.1237] }},
{"zip_code":"96080","country":"US","city":"Red Bluff","state":"California","state_ab":"CA","county":"Tehama","geo_location":{ "type": "Point", "coordinates": [-122.2383, 40.1795] }},
{"zip_code":"96093","country":"US","city":"Weaverville","state":"California","state_ab":"CA","county":"Trinity","geo_location":{ "type": "Point", "coordinates": [-122.9353, 40.7317] }},
{"zip_code":"93223","country":"US","city":"Farmersville","state":"California","state_ab":"CA","county":"Tulare","geo_location":{ "type": "Point", "coordinates": [-119.2054, 36.3002] }},
{"zip_code":"93290","country":"US","city":"Visalia","state":"California","state_ab":"CA","county":"Tulare County","geo_location":{ "type": "Point", "coordinates": [-119.2925, 36.3291] }},
{"zip_code":"95346","country":"US","city":"Mi Wuk Village","state":"California","state_ab":"CA","county":"Tuolumne","geo_location":{ "type": "Point", "coordinates": [-120.1794, 38.0675] }},
{"zip_code":"95373","country":"US","city":"Standard","state":"California","state_ab":"CA","county":"Tuolumne","geo_location":{ "type": "Point", "coordinates": [-120.3108, 37.9666] }},
{"zip_code":"91319","country":"US","city":"Newbury Park","state":"California","state_ab":"CA","county":"Ventura","geo_location":{ "type": "Point", "coordinates": [-119.1343, 34.0324] }},
{"zip_code":"91320","country":"US","city":"Newbury Park","state":"California","state_ab":"CA","county":"Ventura","geo_location":{ "type": "Point", "coordinates": [-118.9358, 34.1774] }},
{"zip_code":"91359","country":"US","city":"Westlake Village","state":"California","state_ab":"CA","county":"Ventura","geo_location":{ "type": "Point", "coordinates": [-119.1343, 34.0324] }},
{"zip_code":"91360","country":"US","city":"Thousand Oaks","state":"California","state_ab":"CA","county":"Ventura","geo_location":{ "type": "Point", "coordinates": [-118.8739, 34.2092] }},
{"zip_code":"93003","country":"US","city":"Ventura","state":"California","state_ab":"CA","county":"Ventura","geo_location":{ "type": "Point", "coordinates": [-119.2222, 34.2846] }},
{"zip_code":"93016","country":"US","city":"Fillmore","state":"California","state_ab":"CA","county":"Ventura","geo_location":{ "type": "Point", "coordinates": [-119.1343, 34.0324] }},
{"zip_code":"93030","country":"US","city":"Oxnard","state":"California","state_ab":"CA","county":"Ventura","geo_location":{ "type": "Point", "coordinates": [-119.175, 34.2141] }},
{"zip_code":"93043","country":"US","city":"Port Hueneme Cbc Base","state":"California","state_ab":"CA","county":"Ventura","geo_location":{ "type": "Point", "coordinates": [-119.2074, 34.1621] }},
{"zip_code":"95616","country":"US","city":"Davis","state":"California","state_ab":"CA","county":"Yolo","geo_location":{ "type": "Point", "coordinates": [-121.7418, 38.5538] }},
{"zip_code":"95799","country":"US","city":"West Sacramento","state":"California","state_ab":"CA","county":"Yolo","geo_location":{ "type": "Point", "coordinates": [-121.5715, 38.5713] }},
{"zip_code":"80030","country":"US","city":"Westminster","state":"Colorado","state_ab":"CO","county":"Adams","geo_location":{ "type": "Point", "coordinates": [-105.037, 39.8302] }},
{"zip_code":"81136","country":"US","city":"Hooper","state":"Colorado","state_ab":"CO","county":"Alamosa","geo_location":{ "type": "Point", "coordinates": [-105.8712, 37.7232] }},
{"zip_code":"80016","country":"US","city":"Aurora","state":"Colorado","state_ab":"CO","county":"Arapahoe","geo_location":{ "type": "Point", "coordinates": [-104.7394, 39.6012] }},
{"zip_code":"80120","country":"US","city":"Littleton","state":"Colorado","state_ab":"CO","county":"Arapahoe","geo_location":{ "type": "Point", "coordinates": [-105.0044, 39.5994] }},
{"zip_code":"80160","country":"US","city":"Littleton","state":"Colorado","state_ab":"CO","county":"Arapahoe","geo_location":{ "type": "Point", "coordinates": [-104.4083, 39.7388] }},
{"zip_code":"81073","country":"US","city":"Springfield","state":"Colorado","state_ab":"CO","county":"Baca","geo_location":{ "type": "Point", "coordinates": [-102.6173, 37.4067] }},
{"zip_code":"80533","country":"US","city":"Hygiene","state":"Colorado","state_ab":"CO","county":"Boulder","geo_location":{ "type": "Point", "coordinates": [-105.2327, 40.1815] }},
{"zip_code":"81123","country":"US","city":"Blanca","state":"Colorado","state_ab":"CO","county":"Costilla","geo_location":{ "type": "Point", "coordinates": [-105.5178, 37.4317] }},
{"zip_code":"81150","country":"US","city":"San Acacio","state":"Colorado","state_ab":"CO","county":"Costilla County","geo_location":{ "type": "Point", "coordinates": [-105.4399, 37.2013] }},
{"zip_code":"81033","country":"US","city":"Crowley","state":"Colorado","state_ab":"CO","county":"Crowley","geo_location":{ "type": "Point", "coordinates": [-103.8042, 38.2294] }},
{"zip_code":"81253","country":"US","city":"Wetmore","state":"Colorado","state_ab":"CO","county":"Custer","geo_location":{ "type": "Point", "coordinates": [-105.1477, 38.1217] }},
{"zip_code":"81419","country":"US","city":"Hotchkiss","state":"Colorado","state_ab":"CO","county":"Delta","geo_location":{ "type": "Point", "coordinates": [-107.7472, 38.8124] }},
{"zip_code":"81420","country":"US","city":"Lazear","state":"Colorado","state_ab":"CO","county":"Delta","geo_location":{ "type": "Point", "coordinates": [-107.7808, 38.7817] }},
{"zip_code":"80209","country":"US","city":"Denver","state":"Colorado","state_ab":"CO","county":"Denver","geo_location":{ "type": "Point", "coordinates": [-104.9686, 39.7074] }},
{"zip_code":"80210","country":"US","city":"Denver","state":"Colorado","state_ab":"CO","county":"Denver","geo_location":{ "type": "Point", "coordinates": [-104.9631, 39.679] }},
{"zip_code":"80223","country":"US","city":"Denver","state":"Colorado","state_ab":"CO","county":"Denver","geo_location":{ "type": "Point", "coordinates": [-105.0028, 39.7002] }},
{"zip_code":"80236","country":"US","city":"Denver","state":"Colorado","state_ab":"CO","county":"Denver","geo_location":{ "type": "Point", "coordinates": [-105.0376, 39.6535] }},
{"zip_code":"80249","country":"US","city":"Denver","state":"Colorado","state_ab":"CO","county":"Denver","geo_location":{ "type": "Point", "coordinates": [-104.7557, 39.7783] }},
{"zip_code":"80250","country":"US","city":"Denver","state":"Colorado","state_ab":"CO","county":"Denver","geo_location":{ "type": "Point", "coordinates": [-104.4083, 39.7388] }},
{"zip_code":"80263","country":"US","city":"Denver","state":"Colorado","state_ab":"CO","county":"Denver","geo_location":{ "type": "Point", "coordinates": [-104.4083, 39.7388] }},
{"zip_code":"80290","country":"US","city":"Denver","state":"Colorado","state_ab":"CO","county":"Denver","geo_location":{ "type": "Point", "coordinates": [-104.9876, 39.7436] }},
{"zip_code":"80106","country":"US","city":"Elbert","state":"Colorado","state_ab":"CO","county":"Elbert","geo_location":{ "type": "Point", "coordinates": [-104.5746, 39.0969] }},
{"zip_code":"80830","country":"US","city":"Matheson","state":"Colorado","state_ab":"CO","county":"Elbert","geo_location":{ "type": "Point", "coordinates": [-103.9132, 39.132] }},
{"zip_code":"80133","country":"US","city":"Palmer Lake","state":"Colorado","state_ab":"CO","county":"El Paso","geo_location":{ "type": "Point", "coordinates": [-104.9148, 39.1205] }},
{"zip_code":"80829","country":"US","city":"Manitou Springs","state":"Colorado","state_ab":"CO","county":"El Paso","geo_location":{ "type": "Point", "coordinates": [-104.9058, 38.855] }},
{"zip_code":"80906","country":"US","city":"Colorado Springs","state":"Colorado","state_ab":"CO","county":"El Paso","geo_location":{ "type": "Point", "coordinates": [-104.8199, 38.7902] }},
{"zip_code":"80919","country":"US","city":"Colorado Springs","state":"Colorado","state_ab":"CO","county":"El Paso","geo_location":{ "type": "Point", "coordinates": [-104.8464, 38.9268] }},
{"zip_code":"80920","country":"US","city":"Colorado Springs","state":"Colorado","state_ab":"CO","county":"El Paso","geo_location":{ "type": "Point", "coordinates": [-104.767, 38.9497] }},
{"zip_code":"80933","country":"US","city":"Colorado Springs","state":"Colorado","state_ab":"CO","county":"El Paso","geo_location":{ "type": "Point", "coordinates": [-105.0118, 38.9394] }},
{"zip_code":"80946","country":"US","city":"Colorado Springs","state":"Colorado","state_ab":"CO","county":"El Paso","geo_location":{ "type": "Point", "coordinates": [-104.562, 38.8247] }},
{"zip_code":"80960","country":"US","city":"Colorado Springs","state":"Colorado","state_ab":"CO","county":"El Paso","geo_location":{ "type": "Point", "coordinates": [-104.562, 38.8247] }},
{"zip_code":"81226","country":"US","city":"Florence","state":"Colorado","state_ab":"CO","county":"Fremont","geo_location":{ "type": "Point", "coordinates": [-105.1232, 38.385] }},
{"zip_code":"81240","country":"US","city":"Penrose","state":"Colorado","state_ab":"CO","county":"Fremont","geo_location":{ "type": "Point", "coordinates": [-105.0113, 38.4336] }},
{"zip_code":"81239","country":"US","city":"Parlin","state":"Colorado","state_ab":"CO","county":"Gunnison","geo_location":{ "type": "Point", "coordinates": [-106.6352, 38.5371] }},
{"zip_code":"80430","country":"US","city":"Coalmont","state":"Colorado","state_ab":"CO","county":"Jackson","geo_location":{ "type": "Point", "coordinates": [-106.5321, 40.5383] }},
{"zip_code":"80003","country":"US","city":"Arvada","state":"Colorado","state_ab":"CO","county":"Jefferson","geo_location":{ "type": "Point", "coordinates": [-105.0655, 39.8286] }},
{"zip_code":"80403","country":"US","city":"Golden","state":"Colorado","state_ab":"CO","county":"Jefferson","geo_location":{ "type": "Point", "coordinates": [-105.2825, 39.8232] }},
{"zip_code":"80470","country":"US","city":"Pine","state":"Colorado","state_ab":"CO","county":"Jefferson","geo_location":{ "type": "Point", "coordinates": [-105.3741, 39.4667] }},
{"zip_code":"80429","country":"US","city":"Climax","state":"Colorado","state_ab":"CO","county":"Lake","geo_location":{ "type": "Point", "coordinates": [-106.3117, 39.2258] }},
{"zip_code":"81303","country":"US","city":"Durango","state":"Colorado","state_ab":"CO","county":"La Plata","geo_location":{ "type": "Point", "coordinates": [-107.8909, 37.1156] }},
{"zip_code":"81329","country":"US","city":"Marvel","state":"Colorado","state_ab":"CO","county":"La Plata","geo_location":{ "type": "Point", "coordinates": [-108.1252, 37.0926] }},
{"zip_code":"81020","country":"US","city":"Aguilar","state":"Colorado","state_ab":"CO","county":"Las Animas","geo_location":{ "type": "Point", "coordinates": [-104.6769, 37.3933] }},
{"zip_code":"81046","country":"US","city":"Hoehne","state":"Colorado","state_ab":"CO","county":"Las Animas","geo_location":{ "type": "Point", "coordinates": [-104.3584, 37.2796] }},
{"zip_code":"81059","country":"US","city":"Model","state":"Colorado","state_ab":"CO","county":"Las Animas","geo_location":{ "type": "Point", "coordinates": [-104.223, 37.5192] }},
{"zip_code":"80726","country":"US","city":"Crook","state":"Colorado","state_ab":"CO","county":"Logan","geo_location":{ "type": "Point", "coordinates": [-102.8472, 40.8747] }},
{"zip_code":"81523","country":"US","city":"Glade Park","state":"Colorado","state_ab":"CO","county":"Mesa","geo_location":{ "type": "Point", "coordinates": [-108.781, 38.9894] }},
{"zip_code":"81626","country":"US","city":"Craig","state":"Colorado","state_ab":"CO","county":"Moffat","geo_location":{ "type": "Point", "coordinates": [-107.7833, 40.6677] }},
{"zip_code":"81640","country":"US","city":"Maybell","state":"Colorado","state_ab":"CO","county":"Moffat","geo_location":{ "type": "Point", "coordinates": [-108.3699, 40.6738] }},
{"zip_code":"81653","country":"US","city":"Slater","state":"Colorado","state_ab":"CO","county":"Moffat","geo_location":{ "type": "Point", "coordinates": [-107.3388, 40.9979] }},
{"zip_code":"81330","country":"US","city":"Mesa Verde National Park","state":"Colorado","state_ab":"CO","county":"Montezuma","geo_location":{ "type": "Point", "coordinates": [-108.4825, 37.2313] }},
{"zip_code":"80649","country":"US","city":"Orchard","state":"Colorado","state_ab":"CO","county":"Morgan","geo_location":{ "type": "Point", "coordinates": [-104.0973, 40.3639] }},
{"zip_code":"80456","country":"US","city":"Jefferson","state":"Colorado","state_ab":"CO","county":"Park","geo_location":{ "type": "Point", "coordinates": [-105.6865, 39.2759] }},
{"zip_code":"81006","country":"US","city":"Pueblo","state":"Colorado","state_ab":"CO","county":"Pueblo","geo_location":{ "type": "Point", "coordinates": [-104.5318, 38.2447] }},
{"zip_code":"81019","country":"US","city":"Colorado City","state":"Colorado","state_ab":"CO","county":"Pueblo","geo_location":{ "type": "Point", "coordinates": [-104.8412, 37.9441] }},
{"zip_code":"80469","country":"US","city":"Phippsburg","state":"Colorado","state_ab":"CO","county":"Routt","geo_location":{ "type": "Point", "coordinates": [-106.9735, 40.1907] }},
{"zip_code":"80483","country":"US","city":"Yampa","state":"Colorado","state_ab":"CO","county":"Routt","geo_location":{ "type": "Point", "coordinates": [-106.9116, 40.1304] }},
{"zip_code":"81639","country":"US","city":"Hayden","state":"Colorado","state_ab":"CO","county":"Routt","geo_location":{ "type": "Point", "coordinates": [-107.2571, 40.4945] }},
{"zip_code":"81149","country":"US","city":"Saguache","state":"Colorado","state_ab":"CO","county":"Saguache","geo_location":{ "type": "Point", "coordinates": [-106.1876, 38.0977] }},
{"zip_code":"81433","country":"US","city":"Silverton","state":"Colorado","state_ab":"CO","county":"San Juan","geo_location":{ "type": "Point", "coordinates": [-107.6667, 37.809] }},
{"zip_code":"80443","country":"US","city":"Frisco","state":"Colorado","state_ab":"CO","county":"Summit","geo_location":{ "type": "Point", "coordinates": [-106.1332, 39.5589] }},
{"zip_code":"80816","country":"US","city":"Florissant","state":"Colorado","state_ab":"CO","county":"Teller","geo_location":{ "type": "Point", "coordinates": [-105.3121, 38.8546] }},
{"zip_code":"80740","country":"US","city":"Lindon","state":"Colorado","state_ab":"CO","county":"Washington","geo_location":{ "type": "Point", "coordinates": [-103.4142, 39.7909] }},
{"zip_code":"80520","country":"US","city":"Firestone","state":"Colorado","state_ab":"CO","county":"Weld","geo_location":{ "type": "Point", "coordinates": [-104.9358, 40.1225] }},
{"zip_code":"80546","country":"US","city":"Severance","state":"Colorado","state_ab":"CO","county":"Weld","geo_location":{ "type": "Point", "coordinates": [-104.8505, 40.525] }},
{"zip_code":"80610","country":"US","city":"Ault","state":"Colorado","state_ab":"CO","county":"Weld","geo_location":{ "type": "Point", "coordinates": [-104.7356, 40.5938] }},
{"zip_code":"80623","country":"US","city":"Gilcrest","state":"Colorado","state_ab":"CO","county":"Weld","geo_location":{ "type": "Point", "coordinates": [-104.7825, 40.2854] }},
{"zip_code":"80650","country":"US","city":"Pierce","state":"Colorado","state_ab":"CO","county":"Weld","geo_location":{ "type": "Point", "coordinates": [-104.7638, 40.6359] }},
{"zip_code":"6436","country":"US","city":"Greens Farms","state":"Connecticut","state_ab":"CT","county":"Fairfield","geo_location":{ "type": "Point", "coordinates": [-73.3637, 41.3089] }},
{"zip_code":"6490","country":"US","city":"Southport","state":"Connecticut","state_ab":"CT","county":"Fairfield","geo_location":{ "type": "Point", "coordinates": [-73.2902, 41.1453] }},
{"zip_code":"6810","country":"US","city":"Danbury","state":"Connecticut","state_ab":"CT","county":"Fairfield","geo_location":{ "type": "Point", "coordinates": [-73.4532, 41.3917] }},
{"zip_code":"6836","country":"US","city":"Greenwich","state":"Connecticut","state_ab":"CT","county":"Fairfield","geo_location":{ "type": "Point", "coordinates": [-73.3637, 41.3089] }},
{"zip_code":"6850","country":"US","city":"Norwalk","state":"Connecticut","state_ab":"CT","county":"Fairfield","geo_location":{ "type": "Point", "coordinates": [-73.4358, 41.1222] }},
{"zip_code":"6876","country":"US","city":"Redding Ridge","state":"Connecticut","state_ab":"CT","county":"Fairfield","geo_location":{ "type": "Point", "coordinates": [-73.5836, 41.0326] }},
{"zip_code":"6889","country":"US","city":"Westport","state":"Connecticut","state_ab":"CT","county":"Fairfield","geo_location":{ "type": "Point", "coordinates": [-73.3469, 41.141] }},
{"zip_code":"6890","country":"US","city":"Southport","state":"Connecticut","state_ab":"CT","county":"Fairfield County","geo_location":{ "type": "Point", "coordinates": [-73.2884, 41.1428] }},
{"zip_code":"6913","country":"US","city":"Stamford","state":"Connecticut","state_ab":"CT","county":"Fairfield","geo_location":{ "type": "Point", "coordinates": [-73.3637, 41.3089] }},
{"zip_code":"6926","country":"US","city":"Stamford","state":"Connecticut","state_ab":"CT","county":"Fairfield","geo_location":{ "type": "Point", "coordinates": [-73.5386, 41.0412] }},
{"zip_code":"6010","country":"US","city":"Bristol","state":"Connecticut","state_ab":"CT","county":"Hartford","geo_location":{ "type": "Point", "coordinates": [-72.9302, 41.6823] }},
{"zip_code":"6023","country":"US","city":"East Berlin","state":"Connecticut","state_ab":"CT","county":"Hartford","geo_location":{ "type": "Point", "coordinates": [-72.719, 41.6128] }},
{"zip_code":"6049","country":"US","city":"Melrose","state":"Connecticut","state_ab":"CT","county":"Hartford","geo_location":{ "type": "Point", "coordinates": [-72.7188, 41.7918] }},
{"zip_code":"6050","country":"US","city":"New Britain","state":"Connecticut","state_ab":"CT","county":"Hartford","geo_location":{ "type": "Point", "coordinates": [-72.7784, 41.666] }},
{"zip_code":"6089","country":"US","city":"Weatogue","state":"Connecticut","state_ab":"CT","county":"Hartford","geo_location":{ "type": "Point", "coordinates": [-72.8253, 41.8372] }},
{"zip_code":"6090","country":"US","city":"West Granby","state":"Connecticut","state_ab":"CT","county":"Hartford","geo_location":{ "type": "Point", "coordinates": [-72.862, 41.9556] }},
{"zip_code":"6126","country":"US","city":"Hartford","state":"Connecticut","state_ab":"CT","county":"Hartford","geo_location":{ "type": "Point", "coordinates": [-72.7188, 41.7918] }},
{"zip_code":"6140","country":"US","city":"Hartford","state":"Connecticut","state_ab":"CT","county":"Hartford","geo_location":{ "type": "Point", "coordinates": [-72.7188, 41.7918] }},
{"zip_code":"6153","country":"US","city":"Hartford","state":"Connecticut","state_ab":"CT","county":"Hartford","geo_location":{ "type": "Point", "coordinates": [-72.7188, 41.7918] }},
{"zip_code":"6180","country":"US","city":"Hartford","state":"Connecticut","state_ab":"CT","county":"Hartford","geo_location":{ "type": "Point", "coordinates": [-72.7188, 41.7918] }},
{"zip_code":"6489","country":"US","city":"Southington","state":"Connecticut","state_ab":"CT","county":"Hartford","geo_location":{ "type": "Point", "coordinates": [-72.8727, 41.6052] }},
{"zip_code":"6063","country":"US","city":"Pleasant Valley","state":"Connecticut","state_ab":"CT","county":"Litchfield","geo_location":{ "type": "Point", "coordinates": [-72.9827, 41.9249] }},
{"zip_code":"6759","country":"US","city":"Litchfield","state":"Connecticut","state_ab":"CT","county":"Litchfield","geo_location":{ "type": "Point", "coordinates": [-73.2, 41.7541] }},
{"zip_code":"6786","country":"US","city":"Terryville","state":"Connecticut","state_ab":"CT","county":"Litchfield","geo_location":{ "type": "Point", "coordinates": [-73.0092, 41.6762] }},
{"zip_code":"6409","country":"US","city":"Centerbrook","state":"Connecticut","state_ab":"CT","county":"Middlesex","geo_location":{ "type": "Point", "coordinates": [-72.4173, 41.3474] }},
{"zip_code":"6423","country":"US","city":"East Haddam","state":"Connecticut","state_ab":"CT","county":"Middlesex","geo_location":{ "type": "Point", "coordinates": [-72.4059, 41.4696] }},
{"zip_code":"6410","country":"US","city":"Cheshire","state":"Connecticut","state_ab":"CT","county":"New Haven","geo_location":{ "type": "Point", "coordinates": [-72.9081, 41.5055] }},
{"zip_code":"6450","country":"US","city":"Meriden","state":"Connecticut","state_ab":"CT","county":"New Haven","geo_location":{ "type": "Point", "coordinates": [-72.7997, 41.5334] }},
{"zip_code":"6513","country":"US","city":"New Haven","state":"Connecticut","state_ab":"CT","county":"New Haven","geo_location":{ "type": "Point", "coordinates": [-72.8654, 41.3072] }},
{"zip_code":"6540","country":"US","city":"New Haven","state":"Connecticut","state_ab":"CT","county":"New Haven","geo_location":{ "type": "Point", "coordinates": [-72.9188, 41.2996] }},
{"zip_code":"6706","country":"US","city":"Waterbury","state":"Connecticut","state_ab":"CT","county":"New Haven","geo_location":{ "type": "Point", "coordinates": [-73.0306, 41.5363] }},
{"zip_code":"6720","country":"US","city":"Waterbury","state":"Connecticut","state_ab":"CT","county":"New Haven","geo_location":{ "type": "Point", "coordinates": [-72.9275, 41.3657] }},
{"zip_code":"6320","country":"US","city":"New London","state":"Connecticut","state_ab":"CT","county":"New London","geo_location":{ "type": "Point", "coordinates": [-72.1062, 41.3507] }},
{"zip_code":"6333","country":"US","city":"East Lyme","state":"Connecticut","state_ab":"CT","county":"New London","geo_location":{ "type": "Point", "coordinates": [-72.233, 41.3668] }},
{"zip_code":"6359","country":"US","city":"North Stonington","state":"Connecticut","state_ab":"CT","county":"New London","geo_location":{ "type": "Point", "coordinates": [-71.8727, 41.4531] }},
{"zip_code":"6360","country":"US","city":"Norwich","state":"Connecticut","state_ab":"CT","county":"New London","geo_location":{ "type": "Point", "coordinates": [-72.0849, 41.5371] }},
{"zip_code":"6386","country":"US","city":"Waterford","state":"Connecticut","state_ab":"CT","county":"New London","geo_location":{ "type": "Point", "coordinates": [-72.1273, 41.4648] }},
{"zip_code":"6076","country":"US","city":"Stafford Springs","state":"Connecticut","state_ab":"CT","county":"Tolland","geo_location":{ "type": "Point", "coordinates": [-72.2899, 41.9661] }},
{"zip_code":"6269","country":"US","city":"Storrs Mansfield","state":"Connecticut","state_ab":"CT","county":"Tolland","geo_location":{ "type": "Point", "coordinates": [-72.251, 41.808] }},
{"zip_code":"6230","country":"US","city":"Abington","state":"Connecticut","state_ab":"CT","county":"Windham","geo_location":{ "type": "Point", "coordinates": [-72.0253, 41.8473] }},
{"zip_code":"6243","country":"US","city":"East Killingly","state":"Connecticut","state_ab":"CT","county":"Windham","geo_location":{ "type": "Point", "coordinates": [-71.8026, 41.8452] }},
{"zip_code":"6256","country":"US","city":"North Windham","state":"Connecticut","state_ab":"CT","county":"Windham","geo_location":{ "type": "Point", "coordinates": [-72.1601, 41.7451] }},
{"zip_code":"6373","country":"US","city":"Oneco","state":"Connecticut","state_ab":"CT","county":"Windham","geo_location":{ "type": "Point", "coordinates": [-71.8178, 41.6785] }},
{"zip_code":"20009","country":"US","city":"Washington","state":"District of Columbia","state_ab":"DC","county":"District of Columbia","geo_location":{ "type": "Point", "coordinates": [-77.0375, 38.9202] }},
{"zip_code":"20010","country":"US","city":"Washington","state":"District of Columbia","state_ab":"DC","county":"District of Columbia","geo_location":{ "type": "Point", "coordinates": [-77.0322, 38.9327] }},
{"zip_code":"20023","country":"US","city":"Washington","state":"District of Columbia","state_ab":"DC","county":"District of Columbia","geo_location":{ "type": "Point", "coordinates": [-77.0495, 38.8654] }},
{"zip_code":"20036","country":"US","city":"Washington","state":"District of Columbia","state_ab":"DC","county":"District of Columbia","geo_location":{ "type": "Point", "coordinates": [-77.0414, 38.9087] }},
{"zip_code":"20049","country":"US","city":"Washington","state":"District of Columbia","state_ab":"DC","county":"District of Columbia","geo_location":{ "type": "Point", "coordinates": [-77.021, 38.8959] }},
{"zip_code":"20050","country":"US","city":"Washington","state":"District of Columbia","state_ab":"DC","county":"District of Columbia","geo_location":{ "type": "Point", "coordinates": [-77.0146, 38.8933] }},
{"zip_code":"20063","country":"US","city":"Washington","state":"District of Columbia","state_ab":"DC","county":"District of Columbia","geo_location":{ "type": "Point", "coordinates": [-77.0466, 38.9053] }},
{"zip_code":"20076","country":"US","city":"Washington","state":"District of Columbia","state_ab":"DC","county":"District of Columbia","geo_location":{ "type": "Point", "coordinates": [-77.0146, 38.8933] }},
{"zip_code":"20090","country":"US","city":"Washington","state":"District of Columbia","state_ab":"DC","county":"District of Columbia","geo_location":{ "type": "Point", "coordinates": [-77.0146, 38.8933] }},
{"zip_code":"20203","country":"US","city":"Washington","state":"District of Columbia","state_ab":"DC","county":"District of Columbia","geo_location":{ "type": "Point", "coordinates": [-77.0466, 38.9053] }},
{"zip_code":"20216","country":"US","city":"Washington","state":"District of Columbia","state_ab":"DC","county":"District of Columbia","geo_location":{ "type": "Point", "coordinates": [-77.0141, 38.8919] }},
{"zip_code":"20229","country":"US","city":"Washington","state":"District of Columbia","state_ab":"DC","county":"District of Columbia","geo_location":{ "type": "Point", "coordinates": [-77.0146, 38.8933] }},
{"zip_code":"20230","country":"US","city":"Washington","state":"District of Columbia","state_ab":"DC","county":"District of Columbia","geo_location":{ "type": "Point", "coordinates": [-77.0146, 38.8933] }},
{"zip_code":"20270","country":"US","city":"Washington","state":"District of Columbia","state_ab":"DC","county":"District of Columbia","geo_location":{ "type": "Point", "coordinates": [-77.0146, 38.8933] }},
{"zip_code":"20306","country":"US","city":"Washington","state":"District of Columbia","state_ab":"DC","county":"District of Columbia","geo_location":{ "type": "Point", "coordinates": [-77.0146, 38.8933] }},
{"zip_code":"20319","country":"US","city":"Washington","state":"District of Columbia","state_ab":"DC","county":"District of Columbia","geo_location":{ "type": "Point", "coordinates": [-77.0166, 38.8667] }},
{"zip_code":"20373","country":"US","city":"Washington","state":"District of Columbia","state_ab":"DC","county":"District of Columbia","geo_location":{ "type": "Point", "coordinates": [-77.0146, 38.8933] }},
{"zip_code":"20409","country":"US","city":"Washington","state":"District of Columbia","state_ab":"DC","county":"District of Columbia","geo_location":{ "type": "Point", "coordinates": [-77.0146, 38.8933] }},
{"zip_code":"20410","country":"US","city":"Washington","state":"District of Columbia","state_ab":"DC","county":"District of Columbia","geo_location":{ "type": "Point", "coordinates": [-77.0146, 38.8933] }},
{"zip_code":"20423","country":"US","city":"Washington","state":"District of Columbia","state_ab":"DC","county":"District of Columbia","geo_location":{ "type": "Point", "coordinates": [-77.0146, 38.8933] }},
{"zip_code":"20436","country":"US","city":"Washington","state":"District of Columbia","state_ab":"DC","county":"District of Columbia","geo_location":{ "type": "Point", "coordinates": [-77.0211, 38.8959] }},
{"zip_code":"20463","country":"US","city":"Washington","state":"District of Columbia","state_ab":"DC","county":"District of Columbia","geo_location":{ "type": "Point", "coordinates": [-77.0146, 38.8933] }},
{"zip_code":"20500","country":"US","city":"Washington","state":"District of Columbia","state_ab":"DC","county":"District of Columbia","geo_location":{ "type": "Point", "coordinates": [-77.0355, 38.8946] }},
{"zip_code":"20526","country":"US","city":"Washington","state":"District of Columbia","state_ab":"DC","county":"District of Columbia","geo_location":{ "type": "Point", "coordinates": [-77.0437, 38.9022] }},
{"zip_code":"20539","country":"US","city":"Washington","state":"District of Columbia","state_ab":"DC","county":"District of Columbia","geo_location":{ "type": "Point", "coordinates": [-77.0146, 38.8933] }},
{"zip_code":"20540","country":"US","city":"Washington","state":"District of Columbia","state_ab":"DC","county":"District of Columbia","geo_location":{ "type": "Point", "coordinates": [-77.0047, 38.8874] }},
{"zip_code":"20553","country":"US","city":"Washington","state":"District of Columbia","state_ab":"DC","county":"District of Columbia","geo_location":{ "type": "Point", "coordinates": [-77.0231, 38.8873] }},
{"zip_code":"20566","country":"US","city":"Washington","state":"District of Columbia","state_ab":"DC","county":"District of Columbia","geo_location":{ "type": "Point", "coordinates": [-77.0554, 38.8971] }},
{"zip_code":"20579","country":"US","city":"Washington","state":"District of Columbia","state_ab":"DC","county":"District of Columbia","geo_location":{ "type": "Point", "coordinates": [-77.0446, 38.9043] }},
{"zip_code":"20580","country":"US","city":"Washington","state":"District of Columbia","state_ab":"DC","county":"District of Columbia","geo_location":{ "type": "Point", "coordinates": [-77.0146, 38.8933] }},
{"zip_code":"20593","country":"US","city":"Washington","state":"District of Columbia","state_ab":"DC","county":"District of Columbia","geo_location":{ "type": "Point", "coordinates": [-77.0146, 38.8933] }},
{"zip_code":"19953","country":"US","city":"Hartly","state":"Delaware","state_ab":"DE","county":"Kent","geo_location":{ "type": "Point", "coordinates": [-75.6935, 39.1542] }},
{"zip_code":"19979","country":"US","city":"Viola","state":"Delaware","state_ab":"DE","county":"Kent","geo_location":{ "type": "Point", "coordinates": [-75.5726, 39.0419] }},
{"zip_code":"19980","country":"US","city":"Woodside","state":"Delaware","state_ab":"DE","county":"Kent","geo_location":{ "type": "Point", "coordinates": [-75.5711, 39.0724] }},
{"zip_code":"19706","country":"US","city":"Delaware City","state":"Delaware","state_ab":"DE","county":"New Castle","geo_location":{ "type": "Point", "coordinates": [-75.5957, 39.5725] }},
{"zip_code":"19720","country":"US","city":"New Castle","state":"Delaware","state_ab":"DE","county":"New Castle","geo_location":{ "type": "Point", "coordinates": [-75.6515, 39.5929] }},
{"zip_code":"19733","country":"US","city":"Saint Georges","state":"Delaware","state_ab":"DE","county":"New Castle","geo_location":{ "type": "Point", "coordinates": [-75.6505, 39.5555] }},
{"zip_code":"19809","country":"US","city":"Wilmington","state":"Delaware","state_ab":"DE","county":"New Castle","geo_location":{ "type": "Point", "coordinates": [-75.5069, 39.7647] }},
{"zip_code":"19810","country":"US","city":"Wilmington","state":"Delaware","state_ab":"DE","county":"New Castle","geo_location":{ "type": "Point", "coordinates": [-75.5064, 39.8188] }},
{"zip_code":"19850","country":"US","city":"Wilmington","state":"Delaware","state_ab":"DE","county":"New Castle","geo_location":{ "type": "Point", "coordinates": [-75.597, 39.5645] }},
{"zip_code":"19889","country":"US","city":"Wilmington","state":"Delaware","state_ab":"DE","county":"New Castle","geo_location":{ "type": "Point", "coordinates": [-75.597, 39.5645] }},
{"zip_code":"19890","country":"US","city":"Wilmington","state":"Delaware","state_ab":"DE","county":"New Castle","geo_location":{ "type": "Point", "coordinates": [-75.597, 39.5645] }},
{"zip_code":"19939","country":"US","city":"Dagsboro","state":"Delaware","state_ab":"DE","county":"Sussex","geo_location":{ "type": "Point", "coordinates": [-75.2113, 38.5596] }},
{"zip_code":"19940","country":"US","city":"Delmar","state":"Delaware","state_ab":"DE","county":"Sussex","geo_location":{ "type": "Point", "coordinates": [-75.5759, 38.477] }},
{"zip_code":"19966","country":"US","city":"Millsboro","state":"Delaware","state_ab":"DE","county":"Sussex","geo_location":{ "type": "Point", "coordinates": [-75.2464, 38.6595] }},
{"zip_code":"32613","country":"US","city":"Gainesville","state":"Florida","state_ab":"FL","county":"Alachua","geo_location":{ "type": "Point", "coordinates": [-82.3539, 29.6813] }},
{"zip_code":"32640","country":"US","city":"Hawthorne","state":"Florida","state_ab":"FL","county":"Alachua","geo_location":{ "type": "Point", "coordinates": [-82.1056, 29.574] }},
{"zip_code":"32653","country":"US","city":"Gainesville","state":"Florida","state_ab":"FL","county":"Alachua","geo_location":{ "type": "Point", "coordinates": [-82.3782, 29.7728] }},
{"zip_code":"32406","country":"US","city":"Panama City","state":"Florida","state_ab":"FL","county":"Bay","geo_location":{ "type": "Point", "coordinates": [-85.692, 30.2345] }},
{"zip_code":"32783","country":"US","city":"Titusville","state":"Florida","state_ab":"FL","county":"Brevard","geo_location":{ "type": "Point", "coordinates": [-80.6862, 28.3067] }},
{"zip_code":"32796","country":"US","city":"Titusville","state":"Florida","state_ab":"FL","county":"Brevard","geo_location":{ "type": "Point", "coordinates": [-80.8429, 28.6271] }},
{"zip_code":"32899","country":"US","city":"Orlando","state":"Florida","state_ab":"FL","county":"Brevard","geo_location":{ "type": "Point", "coordinates": [-80.6862, 28.3067] }},
{"zip_code":"32909","country":"US","city":"Palm Bay","state":"Florida","state_ab":"FL","county":"Brevard","geo_location":{ "type": "Point", "coordinates": [-80.6473, 27.9694] }},
{"zip_code":"32910","country":"US","city":"Palm Bay","state":"Florida","state_ab":"FL","county":"Brevard","geo_location":{ "type": "Point", "coordinates": [-80.6862, 28.3067] }},
{"zip_code":"32923","country":"US","city":"Cocoa","state":"Florida","state_ab":"FL","county":"Brevard","geo_location":{ "type": "Point", "coordinates": [-80.829, 28.4275] }},
{"zip_code":"32936","country":"US","city":"Melbourne","state":"Florida","state_ab":"FL","county":"Brevard","geo_location":{ "type": "Point", "coordinates": [-80.6862, 28.3067] }},
{"zip_code":"32949","country":"US","city":"Grant","state":"Florida","state_ab":"FL","county":"Brevard","geo_location":{ "type": "Point", "coordinates": [-80.5556, 27.9364] }},
{"zip_code":"32950","country":"US","city":"Malabar","state":"Florida","state_ab":"FL","county":"Brevard","geo_location":{ "type": "Point", "coordinates": [-80.5788, 27.9761] }},
{"zip_code":"32976","country":"US","city":"Sebastian","state":"Florida","state_ab":"FL","county":"Brevard","geo_location":{ "type": "Point", "coordinates": [-80.5416, 27.8679] }},
{"zip_code":"33009","country":"US","city":"Hallandale","state":"Florida","state_ab":"FL","county":"Broward","geo_location":{ "type": "Point", "coordinates": [-80.1407, 25.985] }},
{"zip_code":"33023","country":"US","city":"Hollywood","state":"Florida","state_ab":"FL","county":"Broward","geo_location":{ "type": "Point", "coordinates": [-80.2153, 25.9894] }},
{"zip_code":"33063","country":"US","city":"Pompano Beach","state":"Florida","state_ab":"FL","county":"Broward","geo_location":{ "type": "Point", "coordinates": [-80.2092, 26.2674] }},
{"zip_code":"33076","country":"US","city":"Pompano Beach","state":"Florida","state_ab":"FL","county":"Broward","geo_location":{ "type": "Point", "coordinates": [-80.2753, 26.3168] }},
{"zip_code":"33306","country":"US","city":"Fort Lauderdale","state":"Florida","state_ab":"FL","county":"Broward","geo_location":{ "type": "Point", "coordinates": [-80.1118, 26.1656] }},
{"zip_code":"33319","country":"US","city":"Fort Lauderdale","state":"Florida","state_ab":"FL","county":"Broward","geo_location":{ "type": "Point", "coordinates": [-80.2406, 26.1848] }},
{"zip_code":"33320","country":"US","city":"Fort Lauderdale","state":"Florida","state_ab":"FL","county":"Broward","geo_location":{ "type": "Point", "coordinates": [-80.2582, 26.1625] }},
{"zip_code":"33346","country":"US","city":"Fort Lauderdale","state":"Florida","state_ab":"FL","county":"Broward","geo_location":{ "type": "Point", "coordinates": [-80.4483, 26.1457] }},
{"zip_code":"33359","country":"US","city":"Fort Lauderdale","state":"Florida","state_ab":"FL","county":"Broward","geo_location":{ "type": "Point", "coordinates": [-80.4483, 26.1457] }},
{"zip_code":"33953","country":"US","city":"Port Charlotte","state":"Florida","state_ab":"FL","county":"Charlotte","geo_location":{ "type": "Point", "coordinates": [-82.2117, 27.004] }},
{"zip_code":"33980","country":"US","city":"Port Charlotte","state":"Florida","state_ab":"FL","county":"Charlotte","geo_location":{ "type": "Point", "coordinates": [-82.0589, 26.984] }},
{"zip_code":"46180","country":"US","city":"Stilesville","state":"Indiana","state_ab":"IN","county":"Hendricks","geo_location":{ "type": "Point", "coordinates": [-86.6182, 39.6391] }},
{"zip_code":"46979","country":"US","city":"Russiaville","state":"Indiana","state_ab":"IN","county":"Howard","geo_location":{ "type": "Point", "coordinates": [-86.2675, 40.4151] }},
{"zip_code":"47220","country":"US","city":"Brownstown","state":"Indiana","state_ab":"IN","county":"Jackson","geo_location":{ "type": "Point", "coordinates": [-86.0486, 38.8836] }},
{"zip_code":"47260","country":"US","city":"Medora","state":"Indiana","state_ab":"IN","county":"Jackson","geo_location":{ "type": "Point", "coordinates": [-86.1897, 38.8255] }},
{"zip_code":"47943","country":"US","city":"Fair Oaks","state":"Indiana","state_ab":"IN","county":"Jasper","geo_location":{ "type": "Point", "coordinates": [-87.2088, 41.0769] }},
{"zip_code":"47336","country":"US","city":"Dunkirk","state":"Indiana","state_ab":"IN","county":"Jay","geo_location":{ "type": "Point", "coordinates": [-85.2255, 40.3883] }},
{"zip_code":"47273","country":"US","city":"Scipio","state":"Indiana","state_ab":"IN","county":"Jennings","geo_location":{ "type": "Point", "coordinates": [-85.7129, 39.0665] }},
{"zip_code":"47516","country":"US","city":"Bruceville","state":"Indiana","state_ab":"IN","county":"Knox","geo_location":{ "type": "Point", "coordinates": [-87.4313, 38.7563] }},
{"zip_code":"47530","country":"US","city":"Emison","state":"Indiana","state_ab":"IN","county":"Knox County","geo_location":{ "type": "Point", "coordinates": [-87.4151, 38.8517] }},
{"zip_code":"47596","country":"US","city":"Westphalia","state":"Indiana","state_ab":"IN","county":"Knox","geo_location":{ "type": "Point", "coordinates": [-87.3318, 38.7916] }},
{"zip_code":"46539","country":"US","city":"Mentone","state":"Indiana","state_ab":"IN","county":"Kosciusko","geo_location":{ "type": "Point", "coordinates": [-86.0299, 41.1615] }},
{"zip_code":"46566","country":"US","city":"Sidney","state":"Indiana","state_ab":"IN","county":"Kosciusko","geo_location":{ "type": "Point", "coordinates": [-85.8888, 41.1379] }},
{"zip_code":"46580","country":"US","city":"Warsaw","state":"Indiana","state_ab":"IN","county":"Kosciusko","geo_location":{ "type": "Point", "coordinates": [-85.8508, 41.2438] }},
{"zip_code":"46746","country":"US","city":"Howe","state":"Indiana","state_ab":"IN","county":"LaGrange","geo_location":{ "type": "Point", "coordinates": [-85.4727, 41.7286] }},
{"zip_code":"46786","country":"US","city":"South Milford","state":"Indiana","state_ab":"IN","county":"LaGrange","geo_location":{ "type": "Point", "coordinates": [-85.3192, 41.5369] }},
{"zip_code":"46319","country":"US","city":"Griffith","state":"Indiana","state_ab":"IN","county":"Lake","geo_location":{ "type": "Point", "coordinates": [-87.4228, 41.5335] }},
{"zip_code":"46320","country":"US","city":"Hammond","state":"Indiana","state_ab":"IN","county":"Lake","geo_location":{ "type": "Point", "coordinates": [-87.5079, 41.6099] }},
{"zip_code":"46373","country":"US","city":"Saint John","state":"Indiana","state_ab":"IN","county":"Lake","geo_location":{ "type": "Point", "coordinates": [-87.4764, 41.4495] }},
{"zip_code":"46409","country":"US","city":"Gary","state":"Indiana","state_ab":"IN","county":"Lake","geo_location":{ "type": "Point", "coordinates": [-87.3271, 41.5412] }},
{"zip_code":"46410","country":"US","city":"Merrillville","state":"Indiana","state_ab":"IN","county":"Lake","geo_location":{ "type": "Point", "coordinates": [-87.3509, 41.4957] }},
{"zip_code":"46346","country":"US","city":"Kingsford Heights","state":"Indiana","state_ab":"IN","county":"LaPorte","geo_location":{ "type": "Point", "coordinates": [-86.6919, 41.4802] }},
{"zip_code":"46360","country":"US","city":"Michigan City","state":"Indiana","state_ab":"IN","county":"LaPorte","geo_location":{ "type": "Point", "coordinates": [-86.8699, 41.698] }},
{"zip_code":"46036","country":"US","city":"Elwood","state":"Indiana","state_ab":"IN","county":"Madison","geo_location":{ "type": "Point", "coordinates": [-85.8391, 40.2803] }},
{"zip_code":"46063","country":"US","city":"Orestes","state":"Indiana","state_ab":"IN","county":"Madison","geo_location":{ "type": "Point", "coordinates": [-85.7281, 40.2715] }},
{"zip_code":"46113","country":"US","city":"Camby","state":"Indiana","state_ab":"IN","county":"Marion","geo_location":{ "type": "Point", "coordinates": [-86.3118, 39.6405] }},
{"zip_code":"46203","country":"US","city":"Indianapolis","state":"Indiana","state_ab":"IN","county":"Marion","geo_location":{ "type": "Point", "coordinates": [-86.1179, 39.743] }},
{"zip_code":"46216","country":"US","city":"Indianapolis","state":"Indiana","state_ab":"IN","county":"Marion","geo_location":{ "type": "Point", "coordinates": [-86.0136, 39.8647] }},
{"zip_code":"46229","country":"US","city":"Indianapolis","state":"Indiana","state_ab":"IN","county":"Marion","geo_location":{ "type": "Point", "coordinates": [-85.9779, 39.7886] }},
{"zip_code":"46230","country":"US","city":"Indianapolis","state":"Indiana","state_ab":"IN","county":"Marion","geo_location":{ "type": "Point", "coordinates": [-86.1328, 39.7795] }},
{"zip_code":"46256","country":"US","city":"Indianapolis","state":"Indiana","state_ab":"IN","county":"Marion","geo_location":{ "type": "Point", "coordinates": [-86.0094, 39.8977] }},
{"zip_code":"46283","country":"US","city":"Indianapolis","state":"Indiana","state_ab":"IN","county":"Marion","geo_location":{ "type": "Point", "coordinates": [-86.1328, 39.7795] }},
{"zip_code":"46296","country":"US","city":"Indianapolis","state":"Indiana","state_ab":"IN","county":"Marion County","geo_location":{ "type": "Point", "coordinates": [-86.1495, 39.796] }},
{"zip_code":"46513","country":"US","city":"Donaldson","state":"Indiana","state_ab":"IN","county":"Marshall","geo_location":{ "type": "Point", "coordinates": [-86.4443, 41.3619] }},
{"zip_code":"46926","country":"US","city":"Denver","state":"Indiana","state_ab":"IN","county":"Miami","geo_location":{ "type": "Point", "coordinates": [-86.0752, 40.867] }},
{"zip_code":"47426","country":"US","city":"Clear Creek","state":"Indiana","state_ab":"IN","county":"Monroe","geo_location":{ "type": "Point", "coordinates": [-86.5015, 39.1732] }},
{"zip_code":"47916","country":"US","city":"Alamo","state":"Indiana","state_ab":"IN","county":"Montgomery","geo_location":{ "type": "Point", "coordinates": [-87.0554, 39.9836] }},
{"zip_code":"46166","country":"US","city":"Paragon","state":"Indiana","state_ab":"IN","county":"Morgan","geo_location":{ "type": "Point", "coordinates": [-86.5779, 39.4042] }},
{"zip_code":"46720","country":"US","city":"Brimfield","state":"Indiana","state_ab":"IN","county":"Noble","geo_location":{ "type": "Point", "coordinates": [-85.4235, 41.3953] }},
{"zip_code":"46760","country":"US","city":"Kimmell","state":"Indiana","state_ab":"IN","county":"Noble","geo_location":{ "type": "Point", "coordinates": [-85.5187, 41.3631] }},
{"zip_code":"47040","country":"US","city":"Rising Sun","state":"Indiana","state_ab":"IN","county":"Ohio","geo_location":{ "type": "Point", "coordinates": [-84.8807, 38.9567] }},
{"zip_code":"47620","country":"US","city":"Mount Vernon","state":"Indiana","state_ab":"IN","county":"Posey","geo_location":{ "type": "Point", "coordinates": [-87.8569, 37.9506] }},
{"zip_code":"47633","country":"US","city":"Poseyville","state":"Indiana","state_ab":"IN","county":"Posey","geo_location":{ "type": "Point", "coordinates": [-87.8027, 38.172] }},
{"zip_code":"47390","country":"US","city":"Union City","state":"Indiana","state_ab":"IN","county":"Randolph","geo_location":{ "type": "Point", "coordinates": [-84.8268, 40.2024] }},
{"zip_code":"47039","country":"US","city":"Pierceville","state":"Indiana","state_ab":"IN","county":"Ripley","geo_location":{ "type": "Point", "coordinates": [-85.2551, 39.1116] }},
{"zip_code":"46616","country":"US","city":"South Bend","state":"Indiana","state_ab":"IN","county":"St. Joseph","geo_location":{ "type": "Point", "coordinates": [-86.2647, 41.6919] }},
{"zip_code":"46629","country":"US","city":"South Bend","state":"Indiana","state_ab":"IN","county":"St. Joseph","geo_location":{ "type": "Point", "coordinates": [-86.2791, 41.6719] }},
{"zip_code":"47170","country":"US","city":"Scottsburg","state":"Indiana","state_ab":"IN","county":"Scott","geo_location":{ "type": "Point", "coordinates": [-85.7987, 38.6885] }},
{"zip_code":"46126","country":"US","city":"Fairland","state":"Indiana","state_ab":"IN","county":"Shelby","geo_location":{ "type": "Point", "coordinates": [-85.8913, 39.6295] }},
{"zip_code":"47556","country":"US","city":"Mariah Hill","state":"Indiana","state_ab":"IN","county":"Spencer","geo_location":{ "type": "Point", "coordinates": [-86.9172, 38.1664] }},
{"zip_code":"47879","country":"US","city":"Shelburn","state":"Indiana","state_ab":"IN","county":"Sullivan","geo_location":{ "type": "Point", "coordinates": [-87.3612, 39.2099] }},
{"zip_code":"47903","country":"US","city":"Lafayette","state":"Indiana","state_ab":"IN","county":"Tippecanoe","geo_location":{ "type": "Point", "coordinates": [-86.8245, 40.3044] }},
{"zip_code":"47930","country":"US","city":"Clarks Hill","state":"Indiana","state_ab":"IN","county":"Tippecanoe","geo_location":{ "type": "Point", "coordinates": [-86.7608, 40.2628] }},
{"zip_code":"47983","country":"US","city":"Stockwell","state":"Indiana","state_ab":"IN","county":"Tippecanoe","geo_location":{ "type": "Point", "coordinates": [-86.7724, 40.2845] }},
{"zip_code":"47996","country":"US","city":"West Lafayette","state":"Indiana","state_ab":"IN","county":"Tippecanoe","geo_location":{ "type": "Point", "coordinates": [-86.8949, 40.3887] }},
{"zip_code":"46049","country":"US","city":"Kempton","state":"Indiana","state_ab":"IN","county":"Tipton","geo_location":{ "type": "Point", "coordinates": [-86.1887, 40.2759] }},
{"zip_code":"46076","country":"US","city":"Windfall","state":"Indiana","state_ab":"IN","county":"Tipton","geo_location":{ "type": "Point", "coordinates": [-85.9476, 40.3669] }},
{"zip_code":"47710","country":"US","city":"Evansville","state":"Indiana","state_ab":"IN","county":"Vanderburgh","geo_location":{ "type": "Point", "coordinates": [-87.5746, 38.0086] }},
{"zip_code":"47736","country":"US","city":"Evansville","state":"Indiana","state_ab":"IN","county":"Vanderburgh","geo_location":{ "type": "Point", "coordinates": [-87.575, 37.9971] }},
{"zip_code":"47750","country":"US","city":"Evansville","state":"Indiana","state_ab":"IN","county":"Vanderburgh","geo_location":{ "type": "Point", "coordinates": [-87.5055, 37.9623] }},
{"zip_code":"47813","country":"US","city":"Terre Haute","state":"Indiana","state_ab":"IN","county":"Vigo","geo_location":{ "type": "Point", "coordinates": [-87.4101, 39.4336] }},
{"zip_code":"47866","country":"US","city":"Pimento","state":"Indiana","state_ab":"IN","county":"Vigo","geo_location":{ "type": "Point", "coordinates": [-87.3355, 39.2929] }},
{"zip_code":"47880","country":"US","city":"Shepardsville","state":"Indiana","state_ab":"IN","county":"Vigo","geo_location":{ "type": "Point", "coordinates": [-87.4196, 39.6006] }},
{"zip_code":"46940","country":"US","city":"La Fontaine","state":"Indiana","state_ab":"IN","county":"Wabash","geo_location":{ "type": "Point", "coordinates": [-85.6971, 40.6909] }},
{"zip_code":"46980","country":"US","city":"Servia","state":"Indiana","state_ab":"IN","county":"Wabash","geo_location":{ "type": "Point", "coordinates": [-85.7925, 40.8489] }},
{"zip_code":"47619","country":"US","city":"Lynnville","state":"Indiana","state_ab":"IN","county":"Warrick","geo_location":{ "type": "Point", "coordinates": [-87.2935, 38.1961] }},
{"zip_code":"46759","country":"US","city":"Keystone","state":"Indiana","state_ab":"IN","county":"Wells","geo_location":{ "type": "Point", "coordinates": [-85.2767, 40.5897] }},
{"zip_code":"47929","country":"US","city":"Chalmers","state":"Indiana","state_ab":"IN","county":"White","geo_location":{ "type": "Point", "coordinates": [-86.8626, 40.6693] }},
{"zip_code":"66016","country":"US","city":"Cummings","state":"Kansas","state_ab":"KS","county":"Atchison","geo_location":{ "type": "Point", "coordinates": [-95.2863, 39.483] }},
{"zip_code":"66779","country":"US","city":"Uniontown","state":"Kansas","state_ab":"KS","county":"Bourbon","geo_location":{ "type": "Point", "coordinates": [-94.9814, 37.8117] }},
{"zip_code":"67123","country":"US","city":"Potwin","state":"Kansas","state_ab":"KS","county":"Butler","geo_location":{ "type": "Point", "coordinates": [-97.0006, 37.9719] }},
{"zip_code":"66843","country":"US","city":"Cedar Point","state":"Kansas","state_ab":"KS","county":"Chase","geo_location":{ "type": "Point", "coordinates": [-96.8228, 38.26] }},
{"zip_code":"66869","country":"US","city":"Strong City","state":"Kansas","state_ab":"KS","county":"Chase","geo_location":{ "type": "Point", "coordinates": [-96.5172, 38.4129] }},
{"zip_code":"66713","country":"US","city":"Baxter Springs","state":"Kansas","state_ab":"KS","county":"Cherokee","geo_location":{ "type": "Point", "coordinates": [-94.7393, 37.0281] }},
{"zip_code":"66739","country":"US","city":"Galena","state":"Kansas","state_ab":"KS","county":"Cherokee","geo_location":{ "type": "Point", "coordinates": [-94.6557, 37.0632] }},
{"zip_code":"67756","country":"US","city":"Saint Francis","state":"Kansas","state_ab":"KS","county":"Cheyenne","geo_location":{ "type": "Point", "coordinates": [-101.9093, 39.6804] }},
{"zip_code":"66856","country":"US","city":"Lebo","state":"Kansas","state_ab":"KS","county":"Coffey","geo_location":{ "type": "Point", "coordinates": [-95.8222, 38.4161] }},
{"zip_code":"67019","country":"US","city":"Burden","state":"Kansas","state_ab":"KS","county":"Cowley","geo_location":{ "type": "Point", "coordinates": [-96.757, 37.3209] }},
{"zip_code":"66753","country":"US","city":"Mc Cune","state":"Kansas","state_ab":"KS","county":"Crawford","geo_location":{ "type": "Point", "coordinates": [-95.0376, 37.3468] }},
{"zip_code":"66780","country":"US","city":"Walnut","state":"Kansas","state_ab":"KS","county":"Crawford","geo_location":{ "type": "Point", "coordinates": [-95.0455, 37.5967] }},
{"zip_code":"67653","country":"US","city":"Norcatur","state":"Kansas","state_ab":"KS","county":"Decatur","geo_location":{ "type": "Point", "coordinates": [-100.2007, 39.8447] }},
{"zip_code":"67563","country":"US","city":"Offerle","state":"Kansas","state_ab":"KS","county":"Edwards","geo_location":{ "type": "Point", "coordinates": [-99.5498, 37.8828] }},
{"zip_code":"67459","country":"US","city":"Lorraine","state":"Kansas","state_ab":"KS","county":"Ellsworth","geo_location":{ "type": "Point", "coordinates": [-98.29, 38.5652] }},
{"zip_code":"67846","country":"US","city":"Garden City","state":"Kansas","state_ab":"KS","county":"Finney","geo_location":{ "type": "Point", "coordinates": [-100.8621, 37.9769] }},
{"zip_code":"66870","country":"US","city":"Virgil","state":"Kansas","state_ab":"KS","county":"Greenwood","geo_location":{ "type": "Point", "coordinates": [-96.0329, 37.8976] }},
{"zip_code":"67150","country":"US","city":"Waldron","state":"Kansas","state_ab":"KS","county":"Harper","geo_location":{ "type": "Point", "coordinates": [-98.2289, 37.073] }},
{"zip_code":"67020","country":"US","city":"Burrton","state":"Kansas","state_ab":"KS","county":"Harvey","geo_location":{ "type": "Point", "coordinates": [-97.6666, 38.0261] }},
{"zip_code":"66416","country":"US","city":"Circleville","state":"Kansas","state_ab":"KS","county":"Jackson","geo_location":{ "type": "Point", "coordinates": [-95.8517, 39.5155] }},
{"zip_code":"66070","country":"US","city":"Ozawkie","state":"Kansas","state_ab":"KS","county":"Jefferson","geo_location":{ "type": "Point", "coordinates": [-95.4404, 39.2136] }},
{"zip_code":"66429","country":"US","city":"Grantville","state":"Kansas","state_ab":"KS","county":"Jefferson","geo_location":{ "type": "Point", "coordinates": [-95.5397, 39.0972] }},
{"zip_code":"66030","country":"US","city":"Gardner","state":"Kansas","state_ab":"KS","county":"Johnson","geo_location":{ "type": "Point", "coordinates": [-94.9157, 38.8075] }},
{"zip_code":"66083","country":"US","city":"Spring Hill","state":"Kansas","state_ab":"KS","county":"Johnson","geo_location":{ "type": "Point", "coordinates": [-94.8246, 38.7631] }},
{"zip_code":"66209","country":"US","city":"Shawnee Mission","state":"Kansas","state_ab":"KS","county":"Johnson","geo_location":{ "type": "Point", "coordinates": [-94.6377, 38.8984] }},
{"zip_code":"66210","country":"US","city":"Shawnee Mission","state":"Kansas","state_ab":"KS","county":"Johnson","geo_location":{ "type": "Point", "coordinates": [-94.7143, 38.9273] }},
{"zip_code":"66223","country":"US","city":"Shawnee Mission","state":"Kansas","state_ab":"KS","county":"Johnson","geo_location":{ "type": "Point", "coordinates": [-94.661, 38.8619] }},
{"zip_code":"66250","country":"US","city":"Shawnee Mission","state":"Kansas","state_ab":"KS","county":"Johnson","geo_location":{ "type": "Point", "coordinates": [-94.832, 38.8999] }},
{"zip_code":"66276","country":"US","city":"Shawnee Mission","state":"Kansas","state_ab":"KS","county":"Johnson","geo_location":{ "type": "Point", "coordinates": [-94.832, 38.8999] }},
{"zip_code":"67860","country":"US","city":"Lakin","state":"Kansas","state_ab":"KS","county":"Kearny","geo_location":{ "type": "Point", "coordinates": [-101.2713, 37.9382] }},
{"zip_code":"67059","country":"US","city":"Haviland","state":"Kansas","state_ab":"KS","county":"Kiowa","geo_location":{ "type": "Point", "coordinates": [-99.134, 37.6096] }},
{"zip_code":"67109","country":"US","city":"Mullinville","state":"Kansas","state_ab":"KS","county":"Kiowa","geo_location":{ "type": "Point", "coordinates": [-99.4639, 37.5716] }},
{"zip_code":"67330","country":"US","city":"Altamont","state":"Kansas","state_ab":"KS","county":"Labette","geo_location":{ "type": "Point", "coordinates": [-95.2983, 37.1873] }},
{"zip_code":"67356","country":"US","city":"Oswego","state":"Kansas","state_ab":"KS","county":"Labette","geo_location":{ "type": "Point", "coordinates": [-95.1335, 37.1823] }},
{"zip_code":"66043","country":"US","city":"Lansing","state":"Kansas","state_ab":"KS","county":"Leavenworth","geo_location":{ "type": "Point", "coordinates": [-94.8994, 39.2502] }},
{"zip_code":"66056","country":"US","city":"Mound City","state":"Kansas","state_ab":"KS","county":"Linn","geo_location":{ "type": "Point", "coordinates": [-94.8186, 38.156] }},
{"zip_code":"66830","country":"US","city":"Admire","state":"Kansas","state_ab":"KS","county":"Lyon","geo_location":{ "type": "Point", "coordinates": [-96.1017, 38.6393] }},
{"zip_code":"67460","country":"US","city":"Mcpherson","state":"Kansas","state_ab":"KS","county":"McPherson","geo_location":{ "type": "Point", "coordinates": [-97.6702, 38.3763] }},
{"zip_code":"67073","country":"US","city":"Lehigh","state":"Kansas","state_ab":"KS","county":"Marion","geo_location":{ "type": "Point", "coordinates": [-97.3043, 38.3771] }},
{"zip_code":"66403","country":"US","city":"Axtell","state":"Kansas","state_ab":"KS","county":"Marshall","geo_location":{ "type": "Point", "coordinates": [-96.2676, 39.8707] }},
{"zip_code":"67420","country":"US","city":"Beloit","state":"Kansas","state_ab":"KS","county":"Mitchell","geo_location":{ "type": "Point", "coordinates": [-98.1192, 39.4416] }},
{"zip_code":"67446","country":"US","city":"Glen Elder","state":"Kansas","state_ab":"KS","county":"Mitchell","geo_location":{ "type": "Point", "coordinates": [-98.3155, 39.4958] }},
{"zip_code":"67950","country":"US","city":"Elkhart","state":"Kansas","state_ab":"KS","county":"Morton","geo_location":{ "type": "Point", "coordinates": [-101.9012, 37.0154] }},
{"zip_code":"66740","country":"US","city":"Galesburg","state":"Kansas","state_ab":"KS","county":"Neosho","geo_location":{ "type": "Point", "coordinates": [-95.3707, 37.4724] }}]}