{"value": [{"zip_code":"55350","country":"US","city":"Hutchinson","state":"Minnesota","state_ab":"MN","county":"McLeod","geo_location":{ "type": "Point", "coordinates": [-94.3847, 44.8946] }},
{"zip_code":"56713","country":"US","city":"Argyle","state":"Minnesota","state_ab":"MN","county":"Marshall","geo_location":{ "type": "Point", "coordinates": [-96.8671, 48.3314] }},
{"zip_code":"55389","country":"US","city":"Watkins","state":"Minnesota","state_ab":"MN","county":"Meeker","geo_location":{ "type": "Point", "coordinates": [-94.4297, 45.3087] }},
{"zip_code":"56313","country":"US","city":"Bock","state":"Minnesota","state_ab":"MN","county":"Mille Lacs","geo_location":{ "type": "Point", "coordinates": [-93.5522, 45.7845] }},
{"zip_code":"56353","country":"US","city":"Milaca","state":"Minnesota","state_ab":"MN","county":"Mille Lacs","geo_location":{ "type": "Point", "coordinates": [-93.6453, 45.7795] }},
{"zip_code":"56443","country":"US","city":"Cushing","state":"Minnesota","state_ab":"MN","county":"Morrison","geo_location":{ "type": "Point", "coordinates": [-94.6185, 46.2022] }},
{"zip_code":"55970","country":"US","city":"Rose Creek","state":"Minnesota","state_ab":"MN","county":"Mower","geo_location":{ "type": "Point", "coordinates": [-92.8621, 43.6274] }},
{"zip_code":"56133","country":"US","city":"Hadley","state":"Minnesota","state_ab":"MN","county":"Murray County","geo_location":{ "type": "Point", "coordinates": [-95.869, 44.0311] }},
{"zip_code":"56003","country":"US","city":"Mankato","state":"Minnesota","state_ab":"MN","county":"Nicollet","geo_location":{ "type": "Point", "coordinates": [-94.0942, 44.2172] }},
{"zip_code":"56119","country":"US","city":"Brewster","state":"Minnesota","state_ab":"MN","county":"Nobles","geo_location":{ "type": "Point", "coordinates": [-95.4807, 43.7032] }},
{"zip_code":"56519","country":"US","city":"Borup","state":"Minnesota","state_ab":"MN","county":"Norman","geo_location":{ "type": "Point", "coordinates": [-96.553, 47.1896] }},
{"zip_code":"55903","country":"US","city":"Rochester","state":"Minnesota","state_ab":"MN","county":"Olmsted","geo_location":{ "type": "Point", "coordinates": [-92.5409, 43.9966] }},
{"zip_code":"55929","country":"US","city":"Dover","state":"Minnesota","state_ab":"MN","county":"Olmsted","geo_location":{ "type": "Point", "coordinates": [-92.1415, 44.0015] }},
{"zip_code":"56533","country":"US","city":"Elizabeth","state":"Minnesota","state_ab":"MN","county":"Otter Tail","geo_location":{ "type": "Point", "coordinates": [-96.1326, 46.3803] }},
{"zip_code":"56573","country":"US","city":"Perham","state":"Minnesota","state_ab":"MN","county":"Otter Tail","geo_location":{ "type": "Point", "coordinates": [-95.5818, 46.6031] }},
{"zip_code":"56586","country":"US","city":"Underwood","state":"Minnesota","state_ab":"MN","county":"Otter Tail","geo_location":{ "type": "Point", "coordinates": [-95.8415, 46.3265] }},
{"zip_code":"56186","country":"US","city":"Woodstock","state":"Minnesota","state_ab":"MN","county":"Pipestone","geo_location":{ "type": "Point", "coordinates": [-96.1192, 43.9873] }},
{"zip_code":"56380","country":"US","city":"Sedan","state":"Minnesota","state_ab":"MN","county":"Pope County","geo_location":{ "type": "Point", "coordinates": [-95.2572, 45.501] }},
{"zip_code":"55103","country":"US","city":"Saint Paul","state":"Minnesota","state_ab":"MN","county":"Ramsey","geo_location":{ "type": "Point", "coordinates": [-93.1216, 44.9608] }},
{"zip_code":"55116","country":"US","city":"Saint Paul","state":"Minnesota","state_ab":"MN","county":"Ramsey","geo_location":{ "type": "Point", "coordinates": [-93.1727, 44.914] }},
{"zip_code":"55130","country":"US","city":"Saint Paul","state":"Minnesota","state_ab":"MN","county":"Ramsey County","geo_location":{ "type": "Point", "coordinates": [-93.0827, 44.973] }},
{"zip_code":"55169","country":"US","city":"Saint Paul","state":"Minnesota","state_ab":"MN","county":"Ramsey","geo_location":{ "type": "Point", "coordinates": [-93.1059, 45.0059] }},
{"zip_code":"55170","country":"US","city":"Saint Paul","state":"Minnesota","state_ab":"MN","county":"Ramsey","geo_location":{ "type": "Point", "coordinates": [-93.1059, 45.0059] }},
{"zip_code":"56083","country":"US","city":"Sanborn","state":"Minnesota","state_ab":"MN","county":"Redwood","geo_location":{ "type": "Point", "coordinates": [-95.1328, 44.2183] }},
{"zip_code":"56263","country":"US","city":"Milroy","state":"Minnesota","state_ab":"MN","county":"Redwood","geo_location":{ "type": "Point", "coordinates": [-95.5545, 44.4365] }},
{"zip_code":"55310","country":"US","city":"Bird Island","state":"Minnesota","state_ab":"MN","county":"Renville","geo_location":{ "type": "Point", "coordinates": [-94.8716, 44.7507] }},
{"zip_code":"55053","country":"US","city":"Nerstrand","state":"Minnesota","state_ab":"MN","county":"Rice","geo_location":{ "type": "Point", "coordinates": [-93.0855, 44.3538] }},
{"zip_code":"56146","country":"US","city":"Kanaranzi","state":"Minnesota","state_ab":"MN","county":"Rock","geo_location":{ "type": "Point", "coordinates": [-96.2528, 43.6749] }},
{"zip_code":"56173","country":"US","city":"Steen","state":"Minnesota","state_ab":"MN","county":"Rock","geo_location":{ "type": "Point", "coordinates": [-96.2439, 43.5317] }},
{"zip_code":"56726","country":"US","city":"Greenbush","state":"Minnesota","state_ab":"MN","county":"Roseau","geo_location":{ "type": "Point", "coordinates": [-96.1871, 48.6957] }},
{"zip_code":"55710","country":"US","city":"Britt","state":"Minnesota","state_ab":"MN","county":"St. Louis","geo_location":{ "type": "Point", "coordinates": [-92.6321, 47.655] }},
{"zip_code":"55723","country":"US","city":"Cook","state":"Minnesota","state_ab":"MN","county":"St. Louis","geo_location":{ "type": "Point", "coordinates": [-92.721, 47.8442] }},
{"zip_code":"55736","country":"US","city":"Floodwood","state":"Minnesota","state_ab":"MN","county":"St. Louis","geo_location":{ "type": "Point", "coordinates": [-92.9167, 46.9076] }},
{"zip_code":"55750","country":"US","city":"Hoyt Lakes","state":"Minnesota","state_ab":"MN","county":"St. Louis","geo_location":{ "type": "Point", "coordinates": [-92.14, 47.515] }},
{"zip_code":"55763","country":"US","city":"Makinen","state":"Minnesota","state_ab":"MN","county":"St. Louis","geo_location":{ "type": "Point", "coordinates": [-92.3446, 47.3416] }},
{"zip_code":"55789","country":"US","city":"Toivola","state":"Minnesota","state_ab":"MN","county":"Saint Louis County","geo_location":{ "type": "Point", "coordinates": [-92.7321, 47.0719] }},
{"zip_code":"55790","country":"US","city":"Tower","state":"Minnesota","state_ab":"MN","county":"St. Louis","geo_location":{ "type": "Point", "coordinates": [-92.2878, 47.8089] }},
{"zip_code":"55309","country":"US","city":"Big Lake","state":"Minnesota","state_ab":"MN","county":"Sherburne","geo_location":{ "type": "Point", "coordinates": [-93.7399, 45.3506] }},
{"zip_code":"56340","country":"US","city":"Holdingford","state":"Minnesota","state_ab":"MN","county":"Stearns","geo_location":{ "type": "Point", "coordinates": [-94.4581, 45.7249] }},
{"zip_code":"56393","country":"US","city":"Saint Cloud","state":"Minnesota","state_ab":"MN","county":"Stearns","geo_location":{ "type": "Point", "coordinates": [-94.5933, 45.5289] }},
{"zip_code":"56249","country":"US","city":"Holloway","state":"Minnesota","state_ab":"MN","county":"Swift","geo_location":{ "type": "Point", "coordinates": [-95.9164, 45.2708] }},
{"zip_code":"56236","country":"US","city":"Dumont","state":"Minnesota","state_ab":"MN","county":"Traverse","geo_location":{ "type": "Point", "coordinates": [-96.4061, 45.6717] }},
{"zip_code":"55956","country":"US","city":"Mazeppa","state":"Minnesota","state_ab":"MN","county":"Wabasha","geo_location":{ "type": "Point", "coordinates": [-92.5207, 44.2646] }},
{"zip_code":"55129","country":"US","city":"Saint Paul","state":"Minnesota","state_ab":"MN","county":"Washington","geo_location":{ "type": "Point", "coordinates": [-92.923, 44.8985] }},
{"zip_code":"56056","country":"US","city":"La Salle","state":"Minnesota","state_ab":"MN","county":"Watonwan","geo_location":{ "type": "Point", "coordinates": [-94.5795, 44.0727] }},
{"zip_code":"56120","country":"US","city":"Butterfield","state":"Minnesota","state_ab":"MN","county":"Watonwan","geo_location":{ "type": "Point", "coordinates": [-94.7956, 43.9654] }},
{"zip_code":"56160","country":"US","city":"Odin","state":"Minnesota","state_ab":"MN","county":"Watonwan","geo_location":{ "type": "Point", "coordinates": [-94.774, 43.8824] }},
{"zip_code":"56520","country":"US","city":"Breckenridge","state":"Minnesota","state_ab":"MN","county":"Wilkin","geo_location":{ "type": "Point", "coordinates": [-96.5622, 46.2797] }},
{"zip_code":"55969","country":"US","city":"Rollingstone","state":"Minnesota","state_ab":"MN","county":"Winona","geo_location":{ "type": "Point", "coordinates": [-91.8158, 44.1025] }},
{"zip_code":"55349","country":"US","city":"Howard Lake","state":"Minnesota","state_ab":"MN","county":"Wright","geo_location":{ "type": "Point", "coordinates": [-94.0695, 45.0616] }},
{"zip_code":"55363","country":"US","city":"Montrose","state":"Minnesota","state_ab":"MN","county":"Wright","geo_location":{ "type": "Point", "coordinates": [-93.9139, 45.0442] }},
{"zip_code":"55376","country":"US","city":"Saint Michael","state":"Minnesota","state_ab":"MN","county":"Wright","geo_location":{ "type": "Point", "coordinates": [-93.6593, 45.2064] }},
{"zip_code":"55390","country":"US","city":"Waverly","state":"Minnesota","state_ab":"MN","county":"Wright","geo_location":{ "type": "Point", "coordinates": [-93.9545, 45.0413] }},
{"zip_code":"56223","country":"US","city":"Clarkfield","state":"Minnesota","state_ab":"MN","county":"Yellow Medicine","geo_location":{ "type": "Point", "coordinates": [-95.8304, 44.7743] }},
{"zip_code":"63540","country":"US","city":"Gibbs","state":"Missouri","state_ab":"MO","county":"Adair","geo_location":{ "type": "Point", "coordinates": [-92.4066, 40.104] }},
{"zip_code":"64480","country":"US","city":"Rea","state":"Missouri","state_ab":"MO","county":"Andrew","geo_location":{ "type": "Point", "coordinates": [-94.7002, 40.0593] }},
{"zip_code":"65623","country":"US","city":"Butterfield","state":"Missouri","state_ab":"MO","county":"Barry","geo_location":{ "type": "Point", "coordinates": [-93.9064, 36.749] }},
{"zip_code":"64723","country":"US","city":"Amsterdam","state":"Missouri","state_ab":"MO","county":"Bates","geo_location":{ "type": "Point", "coordinates": [-94.5763, 38.3954] }},
{"zip_code":"65326","country":"US","city":"Edwards","state":"Missouri","state_ab":"MO","county":"Benton","geo_location":{ "type": "Point", "coordinates": [-93.1471, 38.1906] }},
{"zip_code":"63733","country":"US","city":"Zalma","state":"Missouri","state_ab":"MO","county":"Bollinger County","geo_location":{ "type": "Point", "coordinates": [-90.0812, 37.0639] }},
{"zip_code":"63760","country":"US","city":"Leopold","state":"Missouri","state_ab":"MO","county":"Bollinger","geo_location":{ "type": "Point", "coordinates": [-89.9227, 37.2609] }},
{"zip_code":"64440","country":"US","city":"De Kalb","state":"Missouri","state_ab":"MO","county":"Buchanan","geo_location":{ "type": "Point", "coordinates": [-94.927, 39.5834] }},
{"zip_code":"64503","country":"US","city":"Saint Joseph","state":"Missouri","state_ab":"MO","county":"Buchanan","geo_location":{ "type": "Point", "coordinates": [-94.8171, 39.734] }},
{"zip_code":"63940","country":"US","city":"Fisk","state":"Missouri","state_ab":"MO","county":"Butler","geo_location":{ "type": "Point", "coordinates": [-90.2168, 36.7836] }},
{"zip_code":"65043","country":"US","city":"Holts Summit","state":"Missouri","state_ab":"MO","county":"Callaway","geo_location":{ "type": "Point", "coordinates": [-92.1163, 38.6328] }},
{"zip_code":"65056","country":"US","city":"McKittrick","state":"Missouri","state_ab":"MO","county":"Camden County","geo_location":{ "type": "Point", "coordinates": [-91.4436, 38.735] }},
{"zip_code":"64633","country":"US","city":"Carrollton","state":"Missouri","state_ab":"MO","county":"Carroll","geo_location":{ "type": "Point", "coordinates": [-93.4926, 39.3673] }},
{"zip_code":"64080","country":"US","city":"Pleasant Hill","state":"Missouri","state_ab":"MO","county":"Cass","geo_location":{ "type": "Point", "coordinates": [-94.244, 38.7859] }},
{"zip_code":"64660","country":"US","city":"Mendon","state":"Missouri","state_ab":"MO","county":"Chariton","geo_location":{ "type": "Point", "coordinates": [-93.0892, 39.5828] }},
{"zip_code":"65236","country":"US","city":"Brunswick","state":"Missouri","state_ab":"MO","county":"Chariton","geo_location":{ "type": "Point", "coordinates": [-93.1187, 39.4374] }},
{"zip_code":"65610","country":"US","city":"Billings","state":"Missouri","state_ab":"MO","county":"Christian","geo_location":{ "type": "Point", "coordinates": [-93.5476, 37.0628] }},
{"zip_code":"65753","country":"US","city":"Sparta","state":"Missouri","state_ab":"MO","county":"Christian","geo_location":{ "type": "Point", "coordinates": [-93.1065, 36.9775] }},
{"zip_code":"64116","country":"US","city":"Kansas City","state":"Missouri","state_ab":"MO","county":"Clay","geo_location":{ "type": "Point", "coordinates": [-94.568, 39.1479] }},
{"zip_code":"64156","country":"US","city":"Kansas City","state":"Missouri","state_ab":"MO","county":"Clay","geo_location":{ "type": "Point", "coordinates": [-94.5336, 39.2901] }},
{"zip_code":"64493","country":"US","city":"Turney","state":"Missouri","state_ab":"MO","county":"Clinton","geo_location":{ "type": "Point", "coordinates": [-94.2972, 39.6318] }},
{"zip_code":"65106","country":"US","city":"Jefferson City","state":"Missouri","state_ab":"MO","county":"Cole","geo_location":{ "type": "Point", "coordinates": [-92.2493, 38.5309] }},
{"zip_code":"65276","country":"US","city":"Pilot Grove","state":"Missouri","state_ab":"MO","county":"Cooper","geo_location":{ "type": "Point", "coordinates": [-92.9305, 38.8712] }},
{"zip_code":"65456","country":"US","city":"Davisville","state":"Missouri","state_ab":"MO","county":"Crawford","geo_location":{ "type": "Point", "coordinates": [-91.2116, 37.787] }},
{"zip_code":"65586","country":"US","city":"Wesco","state":"Missouri","state_ab":"MO","county":"Crawford","geo_location":{ "type": "Point", "coordinates": [-91.4267, 37.8585] }},
{"zip_code":"64620","country":"US","city":"Altamont","state":"Missouri","state_ab":"MO","county":"Daviess","geo_location":{ "type": "Point", "coordinates": [-94.0897, 39.896] }},
{"zip_code":"65560","country":"US","city":"Salem","state":"Missouri","state_ab":"MO","county":"Dent","geo_location":{ "type": "Point", "coordinates": [-91.5258, 37.617] }},
{"zip_code":"63863","country":"US","city":"Malden","state":"Missouri","state_ab":"MO","county":"Dunklin","geo_location":{ "type": "Point", "coordinates": [-89.9737, 36.5672] }},
{"zip_code":"63876","country":"US","city":"Senath","state":"Missouri","state_ab":"MO","county":"Dunklin","geo_location":{ "type": "Point", "coordinates": [-90.1632, 36.1324] }},
{"zip_code":"63089","country":"US","city":"Villa Ridge","state":"Missouri","state_ab":"MO","county":"Franklin","geo_location":{ "type": "Point", "coordinates": [-90.8822, 38.4601] }},
{"zip_code":"63090","country":"US","city":"Washington","state":"Missouri","state_ab":"MO","county":"Franklin","geo_location":{ "type": "Point", "coordinates": [-91.0193, 38.5459] }},
{"zip_code":"64453","country":"US","city":"Gentry","state":"Missouri","state_ab":"MO","county":"Gentry","geo_location":{ "type": "Point", "coordinates": [-94.4142, 40.3411] }},
{"zip_code":"65803","country":"US","city":"Springfield","state":"Missouri","state_ab":"MO","county":"Greene","geo_location":{ "type": "Point", "coordinates": [-93.2912, 37.2593] }},
{"zip_code":"3276","country":"US","city":"Tilton","state":"New Hampshire","state_ab":"NH","county":"Belknap","geo_location":{ "type": "Point", "coordinates": [-71.5774, 43.4603] }},
{"zip_code":"3289","country":"US","city":"Winnisquam","state":"New Hampshire","state_ab":"NH","county":"Belknap","geo_location":{ "type": "Point", "coordinates": [-71.5197, 43.4964] }},
{"zip_code":"3816","country":"US","city":"Center Tuftonboro","state":"New Hampshire","state_ab":"NH","county":"Carroll","geo_location":{ "type": "Point", "coordinates": [-71.2551, 43.6849] }},
{"zip_code":"3830","country":"US","city":"East Wakefield","state":"New Hampshire","state_ab":"NH","county":"Carroll","geo_location":{ "type": "Point", "coordinates": [-71.0094, 43.6351] }},
{"zip_code":"3883","country":"US","city":"South Tamworth","state":"New Hampshire","state_ab":"NH","county":"Carroll","geo_location":{ "type": "Point", "coordinates": [-71.308, 43.8077] }},
{"zip_code":"3896","country":"US","city":"Wolfeboro Falls","state":"New Hampshire","state_ab":"NH","county":"Carroll","geo_location":{ "type": "Point", "coordinates": [-71.2189, 43.5892] }},
{"zip_code":"3443","country":"US","city":"Chesterfield","state":"New Hampshire","state_ab":"NH","county":"Cheshire","geo_location":{ "type": "Point", "coordinates": [-72.4548, 42.8839] }},
{"zip_code":"3456","country":"US","city":"Marlow","state":"New Hampshire","state_ab":"NH","county":"Cheshire","geo_location":{ "type": "Point", "coordinates": [-72.2109, 43.1326] }},
{"zip_code":"3469","country":"US","city":"West Swanzey","state":"New Hampshire","state_ab":"NH","county":"Cheshire","geo_location":{ "type": "Point", "coordinates": [-72.3151, 42.8734] }},
{"zip_code":"3470","country":"US","city":"Winchester","state":"New Hampshire","state_ab":"NH","county":"Cheshire","geo_location":{ "type": "Point", "coordinates": [-72.344, 42.7788] }},
{"zip_code":"3609","country":"US","city":"North Walpole","state":"New Hampshire","state_ab":"NH","county":"Cheshire","geo_location":{ "type": "Point", "coordinates": [-72.4483, 43.1428] }},
{"zip_code":"3223","country":"US","city":"Campton","state":"New Hampshire","state_ab":"NH","county":"Grafton","geo_location":{ "type": "Point", "coordinates": [-71.6652, 43.8418] }},
{"zip_code":"3586","country":"US","city":"Sugar Hill","state":"New Hampshire","state_ab":"NH","county":"Grafton County","geo_location":{ "type": "Point", "coordinates": [-71.7964, 44.2203] }},
{"zip_code":"3740","country":"US","city":"Bath","state":"New Hampshire","state_ab":"NH","county":"Grafton","geo_location":{ "type": "Point", "coordinates": [-71.9828, 44.1808] }},
{"zip_code":"3766","country":"US","city":"Lebanon","state":"New Hampshire","state_ab":"NH","county":"Grafton","geo_location":{ "type": "Point", "coordinates": [-72.2428, 43.6447] }},
{"zip_code":"3779","country":"US","city":"Piermont","state":"New Hampshire","state_ab":"NH","county":"Grafton","geo_location":{ "type": "Point", "coordinates": [-72.0813, 43.9906] }},
{"zip_code":"3780","country":"US","city":"Pike","state":"New Hampshire","state_ab":"NH","county":"Grafton","geo_location":{ "type": "Point", "coordinates": [-72.0096, 44.0255] }},
{"zip_code":"3043","country":"US","city":"Francestown","state":"New Hampshire","state_ab":"NH","county":"Hillsborough","geo_location":{ "type": "Point", "coordinates": [-71.8113, 42.992] }},
{"zip_code":"3070","country":"US","city":"New Boston","state":"New Hampshire","state_ab":"NH","county":"Hillsborough","geo_location":{ "type": "Point", "coordinates": [-71.6864, 42.9722] }},
{"zip_code":"3106","country":"US","city":"Hooksett","state":"New Hampshire","state_ab":"NH","county":"Merrimack","geo_location":{ "type": "Point", "coordinates": [-71.4444, 43.0617] }},
{"zip_code":"3263","country":"US","city":"Pittsfield","state":"New Hampshire","state_ab":"NH","county":"Merrimack","geo_location":{ "type": "Point", "coordinates": [-71.333, 43.2874] }},
{"zip_code":"3290","country":"US","city":"Nottingham","state":"New Hampshire","state_ab":"NH","county":"Rockingham","geo_location":{ "type": "Point", "coordinates": [-71.111, 43.1196] }},
{"zip_code":"3803","country":"US","city":"Portsmouth","state":"New Hampshire","state_ab":"NH","county":"Rockingham","geo_location":{ "type": "Point", "coordinates": [-71.4448, 42.927] }},
{"zip_code":"3843","country":"US","city":"Hampton","state":"New Hampshire","state_ab":"NH","county":"Rockingham","geo_location":{ "type": "Point", "coordinates": [-71.0132, 43.0059] }},
{"zip_code":"3856","country":"US","city":"Newfields","state":"New Hampshire","state_ab":"NH","county":"Rockingham","geo_location":{ "type": "Point", "coordinates": [-70.9782, 43.0374] }},
{"zip_code":"3870","country":"US","city":"Rye","state":"New Hampshire","state_ab":"NH","county":"Rockingham","geo_location":{ "type": "Point", "coordinates": [-70.7652, 43.0095] }},
{"zip_code":"3869","country":"US","city":"Rollinsford","state":"New Hampshire","state_ab":"NH","county":"Strafford","geo_location":{ "type": "Point", "coordinates": [-70.8332, 43.2269] }},
{"zip_code":"3753","country":"US","city":"Grantham","state":"New Hampshire","state_ab":"NH","county":"Sullivan","geo_location":{ "type": "Point", "coordinates": [-72.1334, 43.5103] }},
{"zip_code":"8213","country":"US","city":"Cologne","state":"New Jersey","state_ab":"NJ","county":"Atlantic","geo_location":{ "type": "Point", "coordinates": [-74.6086, 39.5092] }},
{"zip_code":"8240","country":"US","city":"Pomona","state":"New Jersey","state_ab":"NJ","county":"Atlantic","geo_location":{ "type": "Point", "coordinates": [-74.5543, 39.4877] }},
{"zip_code":"8330","country":"US","city":"Mays Landing","state":"New Jersey","state_ab":"NJ","county":"Atlantic","geo_location":{ "type": "Point", "coordinates": [-74.6962, 39.432] }},
{"zip_code":"8406","country":"US","city":"Ventnor City","state":"New Jersey","state_ab":"NJ","county":"Atlantic","geo_location":{ "type": "Point", "coordinates": [-74.4723, 39.346] }},
{"zip_code":"7070","country":"US","city":"Rutherford","state":"New Jersey","state_ab":"NJ","county":"Bergen","geo_location":{ "type": "Point", "coordinates": [-74.1121, 40.8292] }},
{"zip_code":"7430","country":"US","city":"Mahwah","state":"New Jersey","state_ab":"NJ","county":"Bergen","geo_location":{ "type": "Point", "coordinates": [-74.1861, 41.0817] }},
{"zip_code":"7649","country":"US","city":"Oradell","state":"New Jersey","state_ab":"NJ","county":"Bergen","geo_location":{ "type": "Point", "coordinates": [-74.0335, 40.9535] }},
{"zip_code":"7650","country":"US","city":"Palisades Park","state":"New Jersey","state_ab":"NJ","county":"Bergen","geo_location":{ "type": "Point", "coordinates": [-73.9954, 40.8462] }},
{"zip_code":"7663","country":"US","city":"Saddle Brook","state":"New Jersey","state_ab":"NJ","county":"Bergen","geo_location":{ "type": "Point", "coordinates": [-74.0955, 40.9031] }},
{"zip_code":"7676","country":"US","city":"Township Of Washington","state":"New Jersey","state_ab":"NJ","county":"Bergen County","geo_location":{ "type": "Point", "coordinates": [-74.0635, 40.9883] }},
{"zip_code":"8019","country":"US","city":"Chatsworth","state":"New Jersey","state_ab":"NJ","county":"Burlington","geo_location":{ "type": "Point", "coordinates": [-74.5256, 39.8019] }},
{"zip_code":"8046","country":"US","city":"Willingboro","state":"New Jersey","state_ab":"NJ","county":"Burlington","geo_location":{ "type": "Point", "coordinates": [-74.8835, 40.029] }},
{"zip_code":"8060","country":"US","city":"Mount Holly","state":"New Jersey","state_ab":"NJ","county":"Burlington","geo_location":{ "type": "Point", "coordinates": [-74.7896, 40.0086] }},
{"zip_code":"8073","country":"US","city":"Rancocas","state":"New Jersey","state_ab":"NJ","county":"Burlington","geo_location":{ "type": "Point", "coordinates": [-74.8668, 40.0095] }},
{"zip_code":"8370","country":"US","city":"Riverside","state":"New Jersey","state_ab":"NJ","county":"Burlington","geo_location":{ "type": "Point", "coordinates": [-74.7251, 39.8624] }},
{"zip_code":"8640","country":"US","city":"Trenton","state":"New Jersey","state_ab":"NJ","county":"Burlington","geo_location":{ "type": "Point", "coordinates": [-74.6052, 40.0098] }},
{"zip_code":"8033","country":"US","city":"Haddonfield","state":"New Jersey","state_ab":"NJ","county":"Camden","geo_location":{ "type": "Point", "coordinates": [-75.0417, 39.8954] }},
{"zip_code":"8059","country":"US","city":"Mount Ephraim","state":"New Jersey","state_ab":"NJ","county":"Camden","geo_location":{ "type": "Point", "coordinates": [-75.0929, 39.8827] }},
{"zip_code":"8099","country":"US","city":"Bellmawr","state":"New Jersey","state_ab":"NJ","county":"Camden","geo_location":{ "type": "Point", "coordinates": [-74.9621, 39.7792] }},
{"zip_code":"8109","country":"US","city":"Merchantville","state":"New Jersey","state_ab":"NJ","county":"Camden","geo_location":{ "type": "Point", "coordinates": [-75.0482, 39.9519] }},
{"zip_code":"8110","country":"US","city":"Pennsauken","state":"New Jersey","state_ab":"NJ","county":"Camden","geo_location":{ "type": "Point", "coordinates": [-75.0607, 39.9723] }},
{"zip_code":"8226","country":"US","city":"Ocean City","state":"New Jersey","state_ab":"NJ","county":"Cape May","geo_location":{ "type": "Point", "coordinates": [-74.5875, 39.2709] }},
{"zip_code":"8316","country":"US","city":"Dorchester","state":"New Jersey","state_ab":"NJ","county":"Cumberland","geo_location":{ "type": "Point", "coordinates": [-74.9791, 39.2679] }},
{"zip_code":"8329","country":"US","city":"Mauricetown","state":"New Jersey","state_ab":"NJ","county":"Cumberland","geo_location":{ "type": "Point", "coordinates": [-74.9983, 39.2853] }},
{"zip_code":"7003","country":"US","city":"Bloomfield","state":"New Jersey","state_ab":"NJ","county":"Essex","geo_location":{ "type": "Point", "coordinates": [-74.1891, 40.8035] }},
{"zip_code":"7043","country":"US","city":"Montclair","state":"New Jersey","state_ab":"NJ","county":"Essex","geo_location":{ "type": "Point", "coordinates": [-74.2011, 40.843] }},
{"zip_code":"7106","country":"US","city":"Newark","state":"New Jersey","state_ab":"NJ","county":"Essex","geo_location":{ "type": "Point", "coordinates": [-74.233, 40.7415] }},
{"zip_code":"7199","country":"US","city":"Newark","state":"New Jersey","state_ab":"NJ","county":"Essex","geo_location":{ "type": "Point", "coordinates": [-74.2452, 40.7918] }},
{"zip_code":"8020","country":"US","city":"Clarksboro","state":"New Jersey","state_ab":"NJ","county":"Gloucester","geo_location":{ "type": "Point", "coordinates": [-75.2237, 39.7992] }},
{"zip_code":"8086","country":"US","city":"Thorofare","state":"New Jersey","state_ab":"NJ","county":"Gloucester","geo_location":{ "type": "Point", "coordinates": [-75.1943, 39.8457] }},
{"zip_code":"8343","country":"US","city":"Monroeville","state":"New Jersey","state_ab":"NJ","county":"Gloucester","geo_location":{ "type": "Point", "coordinates": [-75.1568, 39.6442] }},
{"zip_code":"7029","country":"US","city":"Harrison","state":"New Jersey","state_ab":"NJ","county":"Hudson","geo_location":{ "type": "Point", "coordinates": [-74.1508, 40.7445] }},
{"zip_code":"7030","country":"US","city":"Hoboken","state":"New Jersey","state_ab":"NJ","county":"Hudson","geo_location":{ "type": "Point", "coordinates": [-74.0329, 40.7445] }},
{"zip_code":"7096","country":"US","city":"Secaucus","state":"New Jersey","state_ab":"NJ","county":"Hudson","geo_location":{ "type": "Point", "coordinates": [-74.0755, 40.7328] }},
{"zip_code":"7830","country":"US","city":"Califon","state":"New Jersey","state_ab":"NJ","county":"Hunterdon","geo_location":{ "type": "Point", "coordinates": [-74.8152, 40.7162] }},
{"zip_code":"8833","country":"US","city":"Lebanon","state":"New Jersey","state_ab":"NJ","county":"Hunterdon","geo_location":{ "type": "Point", "coordinates": [-74.829, 40.6466] }},
{"zip_code":"8550","country":"US","city":"Princeton Junction","state":"New Jersey","state_ab":"NJ","county":"Mercer","geo_location":{ "type": "Point", "coordinates": [-74.6511, 40.2669] }},
{"zip_code":"8666","country":"US","city":"Trenton","state":"New Jersey","state_ab":"NJ","county":"Mercer","geo_location":{ "type": "Point", "coordinates": [-74.712, 40.2805] }},
{"zip_code":"8536","country":"US","city":"Plainsboro","state":"New Jersey","state_ab":"NJ","county":"Middlesex","geo_location":{ "type": "Point", "coordinates": [-74.5688, 40.3324] }},
{"zip_code":"8820","country":"US","city":"Edison","state":"New Jersey","state_ab":"NJ","county":"Middlesex","geo_location":{ "type": "Point", "coordinates": [-74.3589, 40.578] }},
{"zip_code":"8846","country":"US","city":"Middlesex","state":"New Jersey","state_ab":"NJ","county":"Middlesex","geo_location":{ "type": "Point", "coordinates": [-74.5008, 40.5759] }},
{"zip_code":"8859","country":"US","city":"Parlin","state":"New Jersey","state_ab":"NJ","county":"Middlesex","geo_location":{ "type": "Point", "coordinates": [-74.305, 40.4587] }},
{"zip_code":"8899","country":"US","city":"Edison","state":"New Jersey","state_ab":"NJ","county":"Middlesex","geo_location":{ "type": "Point", "coordinates": [-74.4205, 40.5203] }},
{"zip_code":"8989","country":"US","city":"New Brunswick","state":"New Jersey","state_ab":"NJ","county":"Middlesex","geo_location":{ "type": "Point", "coordinates": [-74.4173, 40.43] }},
{"zip_code":"7726","country":"US","city":"Englishtown","state":"New Jersey","state_ab":"NJ","county":"Monmouth","geo_location":{ "type": "Point", "coordinates": [-74.3424, 40.2825] }},
{"zip_code":"7739","country":"US","city":"Little Silver","state":"New Jersey","state_ab":"NJ","county":"Monmouth","geo_location":{ "type": "Point", "coordinates": [-74.0413, 40.3354] }},
{"zip_code":"7740","country":"US","city":"Long Branch","state":"New Jersey","state_ab":"NJ","county":"Monmouth","geo_location":{ "type": "Point", "coordinates": [-73.9912, 40.2992] }},
{"zip_code":"7753","country":"US","city":"Neptune","state":"New Jersey","state_ab":"NJ","county":"Monmouth","geo_location":{ "type": "Point", "coordinates": [-74.0714, 40.2096] }},
{"zip_code":"8510","country":"US","city":"Clarksburg","state":"New Jersey","state_ab":"NJ","county":"Monmouth","geo_location":{ "type": "Point", "coordinates": [-74.4344, 40.1998] }},
{"zip_code":"8730","country":"US","city":"Brielle","state":"New Jersey","state_ab":"NJ","county":"Monmouth","geo_location":{ "type": "Point", "coordinates": [-74.0635, 40.1077] }},
{"zip_code":"7803","country":"US","city":"Mine Hill","state":"New Jersey","state_ab":"NJ","county":"Morris","geo_location":{ "type": "Point", "coordinates": [-74.5845, 40.8771] }},
{"zip_code":"7856","country":"US","city":"Mount Arlington","state":"New Jersey","state_ab":"NJ","county":"Morris","geo_location":{ "type": "Point", "coordinates": [-74.6363, 40.9283] }},
{"zip_code":"7869","country":"US","city":"Randolph","state":"New Jersey","state_ab":"NJ","county":"Morris","geo_location":{ "type": "Point", "coordinates": [-74.5725, 40.8456] }},
{"zip_code":"7870","country":"US","city":"Schooleys Mountain","state":"New Jersey","state_ab":"NJ","county":"Morris","geo_location":{ "type": "Point", "coordinates": [-74.8193, 40.8104] }},
{"zip_code":"7933","country":"US","city":"Gillette","state":"New Jersey","state_ab":"NJ","county":"Morris","geo_location":{ "type": "Point", "coordinates": [-74.4681, 40.6877] }},
{"zip_code":"7946","country":"US","city":"Millington","state":"New Jersey","state_ab":"NJ","county":"Morris","geo_location":{ "type": "Point", "coordinates": [-74.5183, 40.6727] }},
{"zip_code":"7960","country":"US","city":"Morristown","state":"New Jersey","state_ab":"NJ","county":"Morris","geo_location":{ "type": "Point", "coordinates": [-74.4873, 40.7952] }},
{"zip_code":"7999","country":"US","city":"Whippany","state":"New Jersey","state_ab":"NJ","county":"Morris","geo_location":{ "type": "Point", "coordinates": [-74.5783, 40.8673] }},
{"zip_code":"8006","country":"US","city":"Barnegat Light","state":"New Jersey","state_ab":"NJ","county":"Ocean","geo_location":{ "type": "Point", "coordinates": [-74.1146, 39.7512] }},
{"zip_code":"8756","country":"US","city":"Toms River","state":"New Jersey","state_ab":"NJ","county":"Ocean","geo_location":{ "type": "Point", "coordinates": [-74.1911, 39.788] }},
{"zip_code":"7403","country":"US","city":"Bloomingdale","state":"New Jersey","state_ab":"NJ","county":"Passaic","geo_location":{ "type": "Point", "coordinates": [-74.3338, 41.0128] }},
{"zip_code":"7456","country":"US","city":"Ringwood","state":"New Jersey","state_ab":"NJ","county":"Passaic","geo_location":{ "type": "Point", "coordinates": [-74.2659, 41.0928] }},
{"zip_code":"7470","country":"US","city":"Wayne","state":"New Jersey","state_ab":"NJ","county":"Passaic","geo_location":{ "type": "Point", "coordinates": [-74.2466, 40.9471] }},
{"zip_code":"7506","country":"US","city":"Hawthorne","state":"New Jersey","state_ab":"NJ","county":"Passaic","geo_location":{ "type": "Point", "coordinates": [-74.1569, 40.9564] }},
{"zip_code":"7533","country":"US","city":"Paterson","state":"New Jersey","state_ab":"NJ","county":"Passaic","geo_location":{ "type": "Point", "coordinates": [-74.3048, 41.0114] }},
{"zip_code":"7920","country":"US","city":"Basking Ridge","state":"New Jersey","state_ab":"NJ","county":"Somerset","geo_location":{ "type": "Point", "coordinates": [-74.5605, 40.6789] }},
{"zip_code":"8873","country":"US","city":"Somerset","state":"New Jersey","state_ab":"NJ","county":"Somerset","geo_location":{ "type": "Point", "coordinates": [-74.5013, 40.5007] }},
{"zip_code":"7416","country":"US","city":"Franklin","state":"New Jersey","state_ab":"NJ","county":"Sussex","geo_location":{ "type": "Point", "coordinates": [-74.5865, 41.1164] }},
{"zip_code":"7843","country":"US","city":"Hopatcong","state":"New Jersey","state_ab":"NJ","county":"Sussex","geo_location":{ "type": "Point", "coordinates": [-74.6616, 40.939] }},
{"zip_code":"7016","country":"US","city":"Cranford","state":"New Jersey","state_ab":"NJ","county":"Union","geo_location":{ "type": "Point", "coordinates": [-74.3057, 40.6554] }},
{"zip_code":"7069","country":"US","city":"Watchung","state":"New Jersey","state_ab":"NJ","county":"Union County","geo_location":{ "type": "Point", "coordinates": [-74.4514, 40.6378] }},
{"zip_code":"7083","country":"US","city":"Union","state":"New Jersey","state_ab":"NJ","county":"Union","geo_location":{ "type": "Point", "coordinates": [-74.2677, 40.6952] }},
{"zip_code":"7829","country":"US","city":"Buttzville","state":"New Jersey","state_ab":"NJ","county":"Warren","geo_location":{ "type": "Point", "coordinates": [-74.9859, 40.8434] }},
{"zip_code":"8886","country":"US","city":"Stewartsville","state":"New Jersey","state_ab":"NJ","county":"Warren","geo_location":{ "type": "Point", "coordinates": [-75.0825, 40.6957] }},
{"zip_code":"87106","country":"US","city":"Albuquerque","state":"New Mexico","state_ab":"NM","county":"Bernalillo","geo_location":{ "type": "Point", "coordinates": [-106.6169, 35.079] }},
{"zip_code":"87119","country":"US","city":"Albuquerque","state":"New Mexico","state_ab":"NM","county":"Bernalillo","geo_location":{ "type": "Point", "coordinates": [-106.6729, 35.0443] }},
{"zip_code":"87120","country":"US","city":"Albuquerque","state":"New Mexico","state_ab":"NM","county":"Bernalillo","geo_location":{ "type": "Point", "coordinates": [-106.7041, 35.1421] }},
{"zip_code":"87199","country":"US","city":"Albuquerque","state":"New Mexico","state_ab":"NM","county":"Bernalillo","geo_location":{ "type": "Point", "coordinates": [-106.6729, 35.0443] }},
{"zip_code":"87829","country":"US","city":"Quemado","state":"New Mexico","state_ab":"NM","county":"Catron","geo_location":{ "type": "Point", "coordinates": [-108.7578, 34.2652] }},
{"zip_code":"87830","country":"US","city":"Reserve","state":"New Mexico","state_ab":"NM","county":"Catron","geo_location":{ "type": "Point", "coordinates": [-108.8009, 33.6881] }},
{"zip_code":"88253","country":"US","city":"Lake Arthur","state":"New Mexico","state_ab":"NM","county":"Chaves","geo_location":{ "type": "Point", "coordinates": [-104.4916, 33.0263] }},
{"zip_code":"87740","country":"US","city":"Raton","state":"New Mexico","state_ab":"NM","county":"Colfax","geo_location":{ "type": "Point", "coordinates": [-104.4349, 36.8952] }},
{"zip_code":"88136","country":"US","city":"Yeso","state":"New Mexico","state_ab":"NM","county":"DeBaca","geo_location":{ "type": "Point", "coordinates": [-104.7452, 34.455] }},
{"zip_code":"88006","country":"US","city":"Las Cruces","state":"New Mexico","state_ab":"NM","county":"Doña Ana","geo_location":{ "type": "Point", "coordinates": [-106.7863, 32.3052] }},
{"zip_code":"88033","country":"US","city":"Fairacres","state":"New Mexico","state_ab":"NM","county":"Doña Ana","geo_location":{ "type": "Point", "coordinates": [-106.8812, 32.2984] }},
{"zip_code":"88046","country":"US","city":"Mesilla","state":"New Mexico","state_ab":"NM","county":"Doña Ana","geo_location":{ "type": "Point", "coordinates": [-106.8059, 32.268] }},
{"zip_code":"88020","country":"US","city":"Animas","state":"New Mexico","state_ab":"NM","county":"Hidalgo","geo_location":{ "type": "Point", "coordinates": [-108.9069, 32.053] }},
{"zip_code":"88213","country":"US","city":"Caprock","state":"New Mexico","state_ab":"NM","county":"Lea","geo_location":{ "type": "Point", "coordinates": [-103.639, 33.3939] }},
{"zip_code":"88240","country":"US","city":"Hobbs","state":"New Mexico","state_ab":"NM","county":"Lea","geo_location":{ "type": "Point", "coordinates": [-103.1372, 32.7222] }},
{"zip_code":"88316","country":"US","city":"Capitan","state":"New Mexico","state_ab":"NM","county":"Lincoln","geo_location":{ "type": "Point", "coordinates": [-105.5269, 33.5602] }},
{"zip_code":"88343","country":"US","city":"Picacho","state":"New Mexico","state_ab":"NM","county":"Lincoln","geo_location":{ "type": "Point", "coordinates": [-105.64, 33.3363] }},
{"zip_code":"87313","country":"US","city":"Crownpoint","state":"New Mexico","state_ab":"NM","county":"McKinley","geo_location":{ "type": "Point", "coordinates": [-108.0271, 35.7206] }},
{"zip_code":"87326","country":"US","city":"Vanderwagen","state":"New Mexico","state_ab":"NM","county":"McKinley","geo_location":{ "type": "Point", "coordinates": [-108.6985, 35.3509] }},
{"zip_code":"87713","country":"US","city":"Chacon","state":"New Mexico","state_ab":"NM","county":"Mora","geo_location":{ "type": "Point", "coordinates": [-105.3854, 36.1388] }},
{"zip_code":"87753","country":"US","city":"Watrous","state":"New Mexico","state_ab":"NM","county":"Mora","geo_location":{ "type": "Point", "coordinates": [-105.0239, 36.0083] }},
{"zip_code":"88330","country":"US","city":"Holloman Air Force Base","state":"New Mexico","state_ab":"NM","county":"Otero","geo_location":{ "type": "Point", "coordinates": [-106.0774, 32.8366] }},
{"zip_code":"88433","country":"US","city":"Quay","state":"New Mexico","state_ab":"NM","county":"Quay","geo_location":{ "type": "Point", "coordinates": [-103.7782, 34.9167] }},
{"zip_code":"87029","country":"US","city":"Lindrith","state":"New Mexico","state_ab":"NM","county":"Rio Arriba","geo_location":{ "type": "Point", "coordinates": [-107.0495, 36.3249] }},
{"zip_code":"87520","country":"US","city":"Chama","state":"New Mexico","state_ab":"NM","county":"Rio Arriba","geo_location":{ "type": "Point", "coordinates": [-106.5829, 36.8962] }},
{"zip_code":"87533","country":"US","city":"Espanola","state":"New Mexico","state_ab":"NM","county":"Rio Arriba","geo_location":{ "type": "Point", "coordinates": [-106.0654, 35.9866] }},
{"zip_code":"88123","country":"US","city":"Lingo","state":"New Mexico","state_ab":"NM","county":"Roosevelt","geo_location":{ "type": "Point", "coordinates": [-103.1451, 33.7176] }},
{"zip_code":"87043","country":"US","city":"Placitas","state":"New Mexico","state_ab":"NM","county":"Sandoval","geo_location":{ "type": "Point", "coordinates": [-106.5293, 35.3092] }},
{"zip_code":"87083","country":"US","city":"Cochiti Lake","state":"New Mexico","state_ab":"NM","county":"Sandoval","geo_location":{ "type": "Point", "coordinates": [-106.3428, 35.6485] }},
{"zip_code":"87416","country":"US","city":"Fruitland","state":"New Mexico","state_ab":"NM","county":"San Juan","geo_location":{ "type": "Point", "coordinates": [-108.4218, 36.6933] }},
{"zip_code":"87560","country":"US","city":"Ribera","state":"New Mexico","state_ab":"NM","county":"San Miguel","geo_location":{ "type": "Point", "coordinates": [-105.4652, 35.3344] }},
{"zip_code":"87573","country":"US","city":"Tererro","state":"New Mexico","state_ab":"NM","county":"San Miguel","geo_location":{ "type": "Point", "coordinates": [-105.6713, 35.7727] }},
{"zip_code":"87056","country":"US","city":"Stanley","state":"New Mexico","state_ab":"NM","county":"Santa Fe","geo_location":{ "type": "Point", "coordinates": [-106.0283, 35.1295] }},
{"zip_code":"87506","country":"US","city":"Santa Fe","state":"New Mexico","state_ab":"NM","county":"Santa Fe","geo_location":{ "type": "Point", "coordinates": [-105.9886, 35.8195] }},
{"zip_code":"87933","country":"US","city":"Derry","state":"New Mexico","state_ab":"NM","county":"Sierra","geo_location":{ "type": "Point", "coordinates": [-107.1705, 33.0426] }},
{"zip_code":"87519","country":"US","city":"Cerro","state":"New Mexico","state_ab":"NM","county":"Taos","geo_location":{ "type": "Point", "coordinates": [-105.6292, 36.5045] }},
{"zip_code":"87016","country":"US","city":"Estancia","state":"New Mexico","state_ab":"NM","county":"Torrance","geo_location":{ "type": "Point", "coordinates": [-106.135, 34.77] }},
{"zip_code":"87070","country":"US","city":"Clines Corners","state":"New Mexico","state_ab":"NM","county":"Torrance","geo_location":{ "type": "Point", "coordinates": [-105.9795, 35.0229] }},
{"zip_code":"88419","country":"US","city":"Folsom","state":"New Mexico","state_ab":"NM","county":"Union","geo_location":{ "type": "Point", "coordinates": [-103.8399, 36.869] }},
{"zip_code":"89009","country":"US","city":"Henderson","state":"Nevada","state_ab":"NV","county":"Clark","geo_location":{ "type": "Point", "coordinates": [-114.9721, 35.9279] }},
{"zip_code":"89036","country":"US","city":"North Las Vegas","state":"Nevada","state_ab":"NV","county":"Clark","geo_location":{ "type": "Point", "coordinates": [-114.9721, 35.9279] }},
{"zip_code":"89113","country":"US","city":"Las Vegas","state":"Nevada","state_ab":"NV","county":"Clark","geo_location":{ "type": "Point", "coordinates": [-115.2566, 36.0854] }},
{"zip_code":"89126","country":"US","city":"Las Vegas","state":"Nevada","state_ab":"NV","county":"Clark","geo_location":{ "type": "Point", "coordinates": [-114.9721, 35.9279] }},
{"zip_code":"89139","country":"US","city":"Las Vegas","state":"Nevada","state_ab":"NV","county":"Clark","geo_location":{ "type": "Point", "coordinates": [-115.2118, 36.0129] }},
{"zip_code":"89140","country":"US","city":"Las Vegas","state":"Nevada","state_ab":"NV","county":"Clark County","geo_location":{ "type": "Point", "coordinates": [-115.1471, 36.086] }},
{"zip_code":"89153","country":"US","city":"Las Vegas","state":"Nevada","state_ab":"NV","county":"Clark","geo_location":{ "type": "Point", "coordinates": [-114.9721, 35.9279] }},
{"zip_code":"89166","country":"US","city":"Las Vegas","state":"Nevada","state_ab":"NV","county":"Clark County","geo_location":{ "type": "Point", "coordinates": [-115.3398, 36.3265] }},
{"zip_code":"89179","country":"US","city":"Las Vegas","state":"Nevada","state_ab":"NV","county":"Clark County","geo_location":{ "type": "Point", "coordinates": [-115.5269, 36.2542] }},
{"zip_code":"89180","country":"US","city":"Las Vegas","state":"Nevada","state_ab":"NV","county":"Clark","geo_location":{ "type": "Point", "coordinates": [-114.9721, 35.9279] }},
{"zip_code":"89193","country":"US","city":"Las Vegas","state":"Nevada","state_ab":"NV","county":"Clark","geo_location":{ "type": "Point", "coordinates": [-114.9721, 35.9279] }},
{"zip_code":"89410","country":"US","city":"Gardnerville","state":"Nevada","state_ab":"NV","county":"Douglas","geo_location":{ "type": "Point", "coordinates": [-119.6115, 38.8703] }},
{"zip_code":"89423","country":"US","city":"Minden","state":"Nevada","state_ab":"NV","county":"Douglas","geo_location":{ "type": "Point", "coordinates": [-119.7314, 39.0218] }},
{"zip_code":"89449","country":"US","city":"Stateline","state":"Nevada","state_ab":"NV","county":"Douglas","geo_location":{ "type": "Point", "coordinates": [-119.9068, 38.9643] }},
{"zip_code":"89823","country":"US","city":"Deeth","state":"Nevada","state_ab":"NV","county":"Elko","geo_location":{ "type": "Point", "coordinates": [-115.3717, 41.431] }},
{"zip_code":"89010","country":"US","city":"Dyer","state":"Nevada","state_ab":"NV","county":"Esmeralda","geo_location":{ "type": "Point", "coordinates": [-118.084, 37.7776] }},
{"zip_code":"89023","country":"US","city":"Mercury","state":"Nevada","state_ab":"NV","county":"Nye","geo_location":{ "type": "Point", "coordinates": [-116.5986, 37.5838] }},
{"zip_code":"89049","country":"US","city":"Tonopah","state":"Nevada","state_ab":"NV","county":"Nye","geo_location":{ "type": "Point", "coordinates": [-116.6248, 38.2626] }},
{"zip_code":"89409","country":"US","city":"Gabbs","state":"Nevada","state_ab":"NV","county":"Nye","geo_location":{ "type": "Point", "coordinates": [-117.8686, 38.8802] }},
{"zip_code":"89436","country":"US","city":"Sparks","state":"Nevada","state_ab":"NV","county":"Washoe","geo_location":{ "type": "Point", "coordinates": [-119.7081, 39.6269] }},
{"zip_code":"89450","country":"US","city":"Incline Village","state":"Nevada","state_ab":"NV","county":"Washoe","geo_location":{ "type": "Point", "coordinates": [-119.9464, 39.2564] }},
{"zip_code":"89513","country":"US","city":"Reno","state":"Nevada","state_ab":"NV","county":"Washoe","geo_location":{ "type": "Point", "coordinates": [-119.81, 39.53] }},
{"zip_code":"89319","country":"US","city":"Ruth","state":"Nevada","state_ab":"NV","county":"White Pine","geo_location":{ "type": "Point", "coordinates": [-114.8859, 39.3426] }},
{"zip_code":"89706","country":"US","city":"Carson City","state":"Nevada","state_ab":"NV","county":"Carson City (city)","geo_location":{ "type": "Point", "coordinates": [-119.7526, 39.2025] }},
{"zip_code":"12120","country":"US","city":"Medusa","state":"New York","state_ab":"NY","county":"Albany","geo_location":{ "type": "Point", "coordinates": [-74.1315, 42.4515] }},
{"zip_code":"12159","country":"US","city":"Slingerlands","state":"New York","state_ab":"NY","county":"Albany","geo_location":{ "type": "Point", "coordinates": [-73.8711, 42.6485] }},
{"zip_code":"12186","country":"US","city":"Voorheesville","state":"New York","state_ab":"NY","county":"Albany","geo_location":{ "type": "Point", "coordinates": [-73.9448, 42.6431] }},
{"zip_code":"12209","country":"US","city":"Albany","state":"New York","state_ab":"NY","county":"Albany","geo_location":{ "type": "Point", "coordinates": [-73.7854, 42.6417] }},
{"zip_code":"12210","country":"US","city":"Albany","state":"New York","state_ab":"NY","county":"Albany","geo_location":{ "type": "Point", "coordinates": [-73.7605, 42.6568] }},
{"zip_code":"12223","country":"US","city":"Albany","state":"New York","state_ab":"NY","county":"Albany","geo_location":{ "type": "Point", "coordinates": [-73.9708, 42.6149] }},
{"zip_code":"12236","country":"US","city":"Albany","state":"New York","state_ab":"NY","county":"Albany","geo_location":{ "type": "Point", "coordinates": [-73.9708, 42.6149] }},
{"zip_code":"12249","country":"US","city":"Albany","state":"New York","state_ab":"NY","county":"Albany","geo_location":{ "type": "Point", "coordinates": [-73.9708, 42.6149] }},
{"zip_code":"12250","country":"US","city":"Albany","state":"New York","state_ab":"NY","county":"Albany","geo_location":{ "type": "Point", "coordinates": [-73.9708, 42.6149] }},
{"zip_code":"12469","country":"US","city":"Preston Hollow","state":"New York","state_ab":"NY","county":"Albany","geo_location":{ "type": "Point", "coordinates": [-74.242, 42.4563] }},
{"zip_code":"12753","country":"US","city":"Lew Beach","state":"New York","state_ab":"NY","county":"Albany County","geo_location":{ "type": "Point", "coordinates": [-74.7307, 42.0165] }},
{"zip_code":"14786","country":"US","city":"West Clarksville","state":"New York","state_ab":"NY","county":"Allegany","geo_location":{ "type": "Point", "coordinates": [-78.2213, 42.1227] }},
{"zip_code":"10463","country":"US","city":"Bronx","state":"New York","state_ab":"NY","county":"Bronx","geo_location":{ "type": "Point", "coordinates": [-73.9067, 40.8798] }},
{"zip_code":"13833","country":"US","city":"Port Crane","state":"New York","state_ab":"NY","county":"Broome","geo_location":{ "type": "Point", "coordinates": [-75.7591, 42.1958] }},
{"zip_code":"14706","country":"US","city":"Allegany","state":"New York","state_ab":"NY","county":"Cattaraugus","geo_location":{ "type": "Point", "coordinates": [-78.4999, 42.0918] }},
{"zip_code":"14719","country":"US","city":"Cattaraugus","state":"New York","state_ab":"NY","county":"Cattaraugus","geo_location":{ "type": "Point", "coordinates": [-78.8885, 42.3333] }},
{"zip_code":"14760","country":"US","city":"Olean","state":"New York","state_ab":"NY","county":"Cattaraugus","geo_location":{ "type": "Point", "coordinates": [-78.426, 42.0821] }},
{"zip_code":"13033","country":"US","city":"Cato","state":"New York","state_ab":"NY","county":"Cayuga","geo_location":{ "type": "Point", "coordinates": [-76.5648, 43.1794] }},
{"zip_code":"13150","country":"US","city":"Sennett","state":"New York","state_ab":"NY","county":"Cayuga County","geo_location":{ "type": "Point", "coordinates": [-76.5299, 42.9961] }},
{"zip_code":"14063","country":"US","city":"Fredonia","state":"New York","state_ab":"NY","county":"Chautauqua","geo_location":{ "type": "Point", "coordinates": [-79.3339, 42.4333] }},
{"zip_code":"14166","country":"US","city":"Van Buren Point","state":"New York","state_ab":"NY","county":"Chautauqua","geo_location":{ "type": "Point", "coordinates": [-79.4154, 42.4511] }},
{"zip_code":"14720","country":"US","city":"Celoron","state":"New York","state_ab":"NY","county":"Chautauqua","geo_location":{ "type": "Point", "coordinates": [-79.2791, 42.1059] }},
{"zip_code":"14733","country":"US","city":"Falconer","state":"New York","state_ab":"NY","county":"Chautauqua","geo_location":{ "type": "Point", "coordinates": [-79.1895, 42.1239] }},
{"zip_code":"14759","country":"US","city":"North Clymer","state":"New York","state_ab":"NY","county":"Chautauqua County","geo_location":{ "type": "Point", "coordinates": [-79.5726, 42.075] }},
{"zip_code":"14889","country":"US","city":"Van Etten","state":"New York","state_ab":"NY","county":"Chemung","geo_location":{ "type": "Point", "coordinates": [-76.5717, 42.2085] }},
{"zip_code":"13136","country":"US","city":"Pitcher","state":"New York","state_ab":"NY","county":"Chenango","geo_location":{ "type": "Point", "coordinates": [-75.8465, 42.5969] }},
{"zip_code":"13460","country":"US","city":"Sherburne","state":"New York","state_ab":"NY","county":"Chenango","geo_location":{ "type": "Point", "coordinates": [-75.483, 42.6859] }},
{"zip_code":"13730","country":"US","city":"Afton","state":"New York","state_ab":"NY","county":"Chenango","geo_location":{ "type": "Point", "coordinates": [-75.5366, 42.2417] }},
{"zip_code":"12919","country":"US","city":"Champlain","state":"New York","state_ab":"NY","county":"Clinton","geo_location":{ "type": "Point", "coordinates": [-73.4466, 44.9773] }},
{"zip_code":"12933","country":"US","city":"Ellenburg","state":"New York","state_ab":"NY","county":"Clinton","geo_location":{ "type": "Point", "coordinates": [-73.9633, 44.882] }},
{"zip_code":"12959","country":"US","city":"Mooers Forks","state":"New York","state_ab":"NY","county":"Clinton","geo_location":{ "type": "Point", "coordinates": [-73.673, 44.9602] }},
{"zip_code":"12029","country":"US","city":"Canaan","state":"New York","state_ab":"NY","county":"Columbia","geo_location":{ "type": "Point", "coordinates": [-73.4159, 42.4132] }},
{"zip_code":"12106","country":"US","city":"Kinderhook","state":"New York","state_ab":"NY","county":"Columbia","geo_location":{ "type": "Point", "coordinates": [-73.7183, 42.3767] }},
{"zip_code":"12173","country":"US","city":"Stuyvesant","state":"New York","state_ab":"NY","county":"Columbia","geo_location":{ "type": "Point", "coordinates": [-73.7613, 42.3596] }},
{"zip_code":"12430","country":"US","city":"Fleischmanns","state":"New York","state_ab":"NY","county":"Delaware","geo_location":{ "type": "Point", "coordinates": [-74.5473, 42.1772] }},
{"zip_code":"13756","country":"US","city":"East Branch","state":"New York","state_ab":"NY","county":"Delaware","geo_location":{ "type": "Point", "coordinates": [-75.1226, 42.0039] }},
{"zip_code":"13783","country":"US","city":"Hancock","state":"New York","state_ab":"NY","county":"Delaware","geo_location":{ "type": "Point", "coordinates": [-75.2647, 41.9914] }},
{"zip_code":"13806","country":"US","city":"Meridale","state":"New York","state_ab":"NY","county":"Delaware","geo_location":{ "type": "Point", "coordinates": [-74.965, 42.3734] }},
{"zip_code":"13846","country":"US","city":"Treadwell","state":"New York","state_ab":"NY","county":"Delaware","geo_location":{ "type": "Point", "coordinates": [-75.0588, 42.363] }},
{"zip_code":"13860","country":"US","city":"West Davenport","state":"New York","state_ab":"NY","county":"Delaware","geo_location":{ "type": "Point", "coordinates": [-74.9256, 42.183] }},
{"zip_code":"12506","country":"US","city":"Bangall","state":"New York","state_ab":"NY","county":"Dutchess","geo_location":{ "type": "Point", "coordinates": [-73.7437, 41.7599] }},
{"zip_code":"12533","country":"US","city":"Hopewell Junction","state":"New York","state_ab":"NY","county":"Dutchess","geo_location":{ "type": "Point", "coordinates": [-73.7939, 41.5603] }},
{"zip_code":"12546","country":"US","city":"Millerton","state":"New York","state_ab":"NY","county":"Dutchess","geo_location":{ "type": "Point", "coordinates": [-73.5287, 41.9536] }},
{"zip_code":"14010","country":"US","city":"Athol Springs","state":"New York","state_ab":"NY","county":"Erie","geo_location":{ "type": "Point", "coordinates": [-78.8871, 42.7684] }},
{"zip_code":"14139","country":"US","city":"South Wales","state":"New York","state_ab":"NY","county":"Erie","geo_location":{ "type": "Point", "coordinates": [-78.5452, 42.7063] }},
{"zip_code":"14140","country":"US","city":"Spring Brook","state":"New York","state_ab":"NY","county":"Erie","geo_location":{ "type": "Point", "coordinates": [-78.6676, 42.8072] }},
{"zip_code":"14203","country":"US","city":"Buffalo","state":"New York","state_ab":"NY","county":"Erie","geo_location":{ "type": "Point", "coordinates": [-78.8681, 42.8939] }},
{"zip_code":"14216","country":"US","city":"Buffalo","state":"New York","state_ab":"NY","county":"Erie","geo_location":{ "type": "Point", "coordinates": [-78.8599, 42.9499] }},
{"zip_code":"14269","country":"US","city":"Buffalo","state":"New York","state_ab":"NY","county":"Erie","geo_location":{ "type": "Point", "coordinates": [-78.8871, 42.7684] }},
{"zip_code":"14270","country":"US","city":"Buffalo","state":"New York","state_ab":"NY","county":"Erie","geo_location":{ "type": "Point", "coordinates": [-78.8871, 42.7684] }},
{"zip_code":"12870","country":"US","city":"Schroon Lake","state":"New York","state_ab":"NY","county":"Essex","geo_location":{ "type": "Point", "coordinates": [-73.7674, 43.8412] }},
{"zip_code":"12883","country":"US","city":"Ticonderoga","state":"New York","state_ab":"NY","county":"Essex","geo_location":{ "type": "Point", "coordinates": [-73.4426, 43.8463] }},
{"zip_code":"12946","country":"US","city":"Lake Placid","state":"New York","state_ab":"NY","county":"Essex","geo_location":{ "type": "Point", "coordinates": [-73.9841, 44.229] }},
{"zip_code":"12960","country":"US","city":"Moriah","state":"New York","state_ab":"NY","county":"Essex","geo_location":{ "type": "Point", "coordinates": [-73.5079, 44.0438] }},
{"zip_code":"12920","country":"US","city":"Chateaugay","state":"New York","state_ab":"NY","county":"Franklin","geo_location":{ "type": "Point", "coordinates": [-74.0741, 44.9088] }},
{"zip_code":"12986","country":"US","city":"Tupper Lake","state":"New York","state_ab":"NY","county":"Franklin","geo_location":{ "type": "Point", "coordinates": [-74.4905, 44.232] }},
{"zip_code":"14036","country":"US","city":"Corfu","state":"New York","state_ab":"NY","county":"Genesee","geo_location":{ "type": "Point", "coordinates": [-78.3929, 42.9777] }},
{"zip_code":"12083","country":"US","city":"Greenville","state":"New York","state_ab":"NY","county":"Greene","geo_location":{ "type": "Point", "coordinates": [-74.0222, 42.4113] }},
{"zip_code":"12470","country":"US","city":"Purling","state":"New York","state_ab":"NY","county":"Greene","geo_location":{ "type": "Point", "coordinates": [-74.0773, 42.2959] }},
{"zip_code":"12496","country":"US","city":"Windham","state":"New York","state_ab":"NY","county":"Greene","geo_location":{ "type": "Point", "coordinates": [-74.262, 42.3175] }},
{"zip_code":"13329","country":"US","city":"Dolgeville","state":"New York","state_ab":"NY","county":"Herkimer","geo_location":{ "type": "Point", "coordinates": [-74.7643, 43.1042] }},
{"zip_code":"13406","country":"US","city":"Middleville","state":"New York","state_ab":"NY","county":"Herkimer","geo_location":{ "type": "Point", "coordinates": [-74.924, 43.1369] }},
{"zip_code":"13420","country":"US","city":"Old Forge","state":"New York","state_ab":"NY","county":"Herkimer","geo_location":{ "type": "Point", "coordinates": [-74.8935, 43.7435] }},
{"zip_code":"13640","country":"US","city":"Wellesley Island","state":"New York","state_ab":"NY","county":"Jefferson","geo_location":{ "type": "Point", "coordinates": [-76.0172, 44.3213] }},
{"zip_code":"13679","country":"US","city":"Redwood","state":"New York","state_ab":"NY","county":"Jefferson","geo_location":{ "type": "Point", "coordinates": [-75.815, 44.3211] }},
{"zip_code":"13693","country":"US","city":"Three Mile Bay","state":"New York","state_ab":"NY","county":"Jefferson","geo_location":{ "type": "Point", "coordinates": [-76.2689, 44.0551] }},
{"zip_code":"11206","country":"US","city":"Brooklyn","state":"New York","state_ab":"NY","county":"Kings","geo_location":{ "type": "Point", "coordinates": [-73.9436, 40.7012] }},
{"zip_code":"11219","country":"US","city":"Brooklyn","state":"New York","state_ab":"NY","county":"Kings","geo_location":{ "type": "Point", "coordinates": [-73.996, 40.6336] }},
{"zip_code":"11220","country":"US","city":"Brooklyn","state":"New York","state_ab":"NY","county":"Kings","geo_location":{ "type": "Point", "coordinates": [-74.0133, 40.6412] }},
{"zip_code":"11233","country":"US","city":"Brooklyn","state":"New York","state_ab":"NY","county":"Kings","geo_location":{ "type": "Point", "coordinates": [-73.9211, 40.6784] }},
{"zip_code":"13343","country":"US","city":"Glenfield","state":"New York","state_ab":"NY","county":"Lewis","geo_location":{ "type": "Point", "coordinates": [-75.3669, 43.7323] }},
{"zip_code":"13433","country":"US","city":"Port Leyden","state":"New York","state_ab":"NY","county":"Lewis","geo_location":{ "type": "Point", "coordinates": [-75.3263, 43.5802] }},
{"zip_code":"13473","country":"US","city":"Turin","state":"New York","state_ab":"NY","county":"Lewis","geo_location":{ "type": "Point", "coordinates": [-75.4132, 43.6441] }},
{"zip_code":"13626","country":"US","city":"Copenhagen","state":"New York","state_ab":"NY","county":"Lewis","geo_location":{ "type": "Point", "coordinates": [-75.6839, 43.8801] }},
{"zip_code":"14423","country":"US","city":"Caledonia","state":"New York","state_ab":"NY","county":"Livingston","geo_location":{ "type": "Point", "coordinates": [-77.8493, 42.9567] }},
{"zip_code":"14539","country":"US","city":"Retsof","state":"New York","state_ab":"NY","county":"Livingston","geo_location":{ "type": "Point", "coordinates": [-77.8779, 42.8343] }},
{"zip_code":"14836","country":"US","city":"Dalton","state":"New York","state_ab":"NY","county":"Livingston","geo_location":{ "type": "Point", "coordinates": [-77.9289, 42.5449] }},
{"zip_code":"13163","country":"US","city":"Wampsville","state":"New York","state_ab":"NY","county":"Madison","geo_location":{ "type": "Point", "coordinates": [-75.7016, 43.0785] }},
{"zip_code":"14410","country":"US","city":"Adams Basin","state":"New York","state_ab":"NY","county":"Monroe","geo_location":{ "type": "Point", "coordinates": [-77.8559, 43.1953] }},
{"zip_code":"14450","country":"US","city":"Fairport","state":"New York","state_ab":"NY","county":"Monroe","geo_location":{ "type": "Point", "coordinates": [-77.436, 43.0892] }},
{"zip_code":"14526","country":"US","city":"Penfield","state":"New York","state_ab":"NY","county":"Monroe","geo_location":{ "type": "Point", "coordinates": [-77.456, 43.1396] }},
{"zip_code":"14580","country":"US","city":"Webster","state":"New York","state_ab":"NY","county":"Monroe","geo_location":{ "type": "Point", "coordinates": [-77.4616, 43.2196] }},
{"zip_code":"14603","country":"US","city":"Rochester","state":"New York","state_ab":"NY","county":"Monroe","geo_location":{ "type": "Point", "coordinates": [-77.6068, 43.1616] }},
{"zip_code":"14616","country":"US","city":"Rochester","state":"New York","state_ab":"NY","county":"Monroe","geo_location":{ "type": "Point", "coordinates": [-77.6577, 43.2346] }},
{"zip_code":"14643","country":"US","city":"Rochester","state":"New York","state_ab":"NY","county":"Monroe","geo_location":{ "type": "Point", "coordinates": [-77.6843, 43.286] }},
{"zip_code":"14683","country":"US","city":"Rochester","state":"New York","state_ab":"NY","county":"Monroe","geo_location":{ "type": "Point", "coordinates": [-77.6843, 43.286] }},
{"zip_code":"12016","country":"US","city":"Auriesville","state":"New York","state_ab":"NY","county":"Montgomery","geo_location":{ "type": "Point", "coordinates": [-74.4236, 42.9102] }},
{"zip_code":"12069","country":"US","city":"Fort Hunter","state":"New York","state_ab":"NY","county":"Montgomery","geo_location":{ "type": "Point", "coordinates": [-74.2633, 42.9457] }},
{"zip_code":"12070","country":"US","city":"Fort Johnson","state":"New York","state_ab":"NY","county":"Montgomery","geo_location":{ "type": "Point", "coordinates": [-74.2484, 42.9765] }},
{"zip_code":"11026","country":"US","city":"Great Neck","state":"New York","state_ab":"NY","county":"Nassau","geo_location":{ "type": "Point", "coordinates": [-73.6018, 40.7548] }},
{"zip_code":"11040","country":"US","city":"New Hyde Park","state":"New York","state_ab":"NY","county":"Nassau","geo_location":{ "type": "Point", "coordinates": [-73.6828, 40.7294] }},
{"zip_code":"11053","country":"US","city":"Port Washington","state":"New York","state_ab":"NY","county":"Nassau","geo_location":{ "type": "Point", "coordinates": [-73.6018, 40.7548] }},
{"zip_code":"11516","country":"US","city":"Cedarhurst","state":"New York","state_ab":"NY","county":"Nassau","geo_location":{ "type": "Point", "coordinates": [-73.7264, 40.6236] }},
{"zip_code":"11530","country":"US","city":"Garden City","state":"New York","state_ab":"NY","county":"Nassau","geo_location":{ "type": "Point", "coordinates": [-73.6487, 40.7245] }},
{"zip_code":"11556","country":"US","city":"Uniondale","state":"New York","state_ab":"NY","county":"Nassau","geo_location":{ "type": "Point", "coordinates": [-73.6018, 40.7548] }},
{"zip_code":"11569","country":"US","city":"Point Lookout","state":"New York","state_ab":"NY","county":"Nassau","geo_location":{ "type": "Point", "coordinates": [-73.5808, 40.5905] }},
{"zip_code":"11570","country":"US","city":"Rockville Centre","state":"New York","state_ab":"NY","county":"Nassau","geo_location":{ "type": "Point", "coordinates": [-73.638, 40.6637] }},
{"zip_code":"11583","country":"US","city":"Valley Stream","state":"New York","state_ab":"NY","county":"Nassau","geo_location":{ "type": "Point", "coordinates": [-73.6018, 40.7548] }},
{"zip_code":"11596","country":"US","city":"Williston Park","state":"New York","state_ab":"NY","county":"Nassau","geo_location":{ "type": "Point", "coordinates": [-73.6449, 40.7592] }},
{"zip_code":"11709","country":"US","city":"Bayville","state":"New York","state_ab":"NY","county":"Nassau","geo_location":{ "type": "Point", "coordinates": [-73.5601, 40.9074] }},
{"zip_code":"11710","country":"US","city":"Bellmore","state":"New York","state_ab":"NY","county":"Nassau","geo_location":{ "type": "Point", "coordinates": [-73.5365, 40.6729] }},
{"zip_code":"11736","country":"US","city":"Farmingdale","state":"New York","state_ab":"NY","county":"Nassau","geo_location":{ "type": "Point", "coordinates": [-73.6018, 40.7548] }},
{"zip_code":"11853","country":"US","city":"Jericho","state":"New York","state_ab":"NY","county":"Nassau","geo_location":{ "type": "Point", "coordinates": [-73.6018, 40.7548] }},
{"zip_code":"10009","country":"US","city":"New York City","state":"New York","state_ab":"NY","county":"New York","geo_location":{ "type": "Point", "coordinates": [-73.9796, 40.7262] }},
{"zip_code":"10010","country":"US","city":"New York City","state":"New York","state_ab":"NY","county":"New York","geo_location":{ "type": "Point", "coordinates": [-73.9813, 40.7375] }},
{"zip_code":"10023","country":"US","city":"New York City","state":"New York","state_ab":"NY","county":"New York","geo_location":{ "type": "Point", "coordinates": [-73.9827, 40.7764] }},
{"zip_code":"10036","country":"US","city":"New York City","state":"New York","state_ab":"NY","county":"New York","geo_location":{ "type": "Point", "coordinates": [-73.9918, 40.7597] }},
{"zip_code":"10090","country":"US","city":"New York City","state":"New York","state_ab":"NY","county":"New York","geo_location":{ "type": "Point", "coordinates": [-73.9772, 40.7808] }},
{"zip_code":"10113","country":"US","city":"New York City","state":"New York","state_ab":"NY","county":"New York","geo_location":{ "type": "Point", "coordinates": [-73.9772, 40.7808] }},
{"zip_code":"10126","country":"US","city":"New York City","state":"New York","state_ab":"NY","county":"New York","geo_location":{ "type": "Point", "coordinates": [-73.9772, 40.7808] }},
{"zip_code":"10153","country":"US","city":"New York City","state":"New York","state_ab":"NY","county":"New York","geo_location":{ "type": "Point", "coordinates": [-73.9735, 40.7641] }},
{"zip_code":"10166","country":"US","city":"New York City","state":"New York","state_ab":"NY","county":"New York","geo_location":{ "type": "Point", "coordinates": [-73.9762, 40.7546] }},
{"zip_code":"10179","country":"US","city":"New York City","state":"New York","state_ab":"NY","county":"New York","geo_location":{ "type": "Point", "coordinates": [-73.9772, 40.7808] }},
{"zip_code":"10203","country":"US","city":"New York City","state":"New York","state_ab":"NY","county":"New York","geo_location":{ "type": "Point", "coordinates": [-73.9772, 40.7808] }},
{"zip_code":"10256","country":"US","city":"New York City","state":"New York","state_ab":"NY","county":"New York","geo_location":{ "type": "Point", "coordinates": [-73.9772, 40.7808] }},
{"zip_code":"10269","country":"US","city":"New York City","state":"New York","state_ab":"NY","county":"New York","geo_location":{ "type": "Point", "coordinates": [-73.9772, 40.7808] }},
{"zip_code":"10270","country":"US","city":"New York City","state":"New York","state_ab":"NY","county":"New York","geo_location":{ "type": "Point", "coordinates": [-74.0082, 40.7069] }},
{"zip_code":"14126","country":"US","city":"Olcott","state":"New York","state_ab":"NY","county":"Niagara","geo_location":{ "type": "Point", "coordinates": [-78.7267, 43.3304] }},
{"zip_code":"13123","country":"US","city":"North Bay","state":"New York","state_ab":"NY","county":"Oneida","geo_location":{ "type": "Point", "coordinates": [-75.7769, 43.2364] }},
{"zip_code":"13303","country":"US","city":"Ava","state":"New York","state_ab":"NY","county":"Oneida","geo_location":{ "type": "Point", "coordinates": [-75.4509, 43.3445] }},
{"zip_code":"13316","country":"US","city":"Camden","state":"New York","state_ab":"NY","county":"Oneida","geo_location":{ "type": "Point", "coordinates": [-75.7543, 43.3392] }},
{"zip_code":"13419","country":"US","city":"North Western","state":"New York","state_ab":"NY","county":"Oneida County","geo_location":{ "type": "Point", "coordinates": [-75.3639, 43.3422] }},
{"zip_code":"13486","country":"US","city":"Westernville","state":"New York","state_ab":"NY","county":"Oneida","geo_location":{ "type": "Point", "coordinates": [-75.3151, 43.3294] }},
{"zip_code":"13020","country":"US","city":"Apulia Station","state":"New York","state_ab":"NY","county":"Onondaga","geo_location":{ "type": "Point", "coordinates": [-76.0624, 42.824] }},
{"zip_code":"13060","country":"US","city":"Elbridge","state":"New York","state_ab":"NY","county":"Onondaga","geo_location":{ "type": "Point", "coordinates": [-76.4352, 43.0252] }},
{"zip_code":"13110","country":"US","city":"Marietta","state":"New York","state_ab":"NY","county":"Onondaga","geo_location":{ "type": "Point", "coordinates": [-76.2806, 42.8974] }},
{"zip_code":"14463","country":"US","city":"Hall","state":"New York","state_ab":"NY","county":"Ontario","geo_location":{ "type": "Point", "coordinates": [-77.0639, 42.7966] }},
{"zip_code":"10926","country":"US","city":"Harriman","state":"New York","state_ab":"NY","county":"Orange","geo_location":{ "type": "Point", "coordinates": [-74.1249, 41.3005] }},
{"zip_code":"10940","country":"US","city":"Middletown","state":"New York","state_ab":"NY","county":"Orange","geo_location":{ "type": "Point", "coordinates": [-74.4701, 41.4512] }},
{"zip_code":"10953","country":"US","city":"Mountainville","state":"New York","state_ab":"NY","county":"Orange","geo_location":{ "type": "Point", "coordinates": [-74.083, 41.4093] }},
{"zip_code":"10979","country":"US","city":"Sterling Forest","state":"New York","state_ab":"NY","county":"Orange","geo_location":{ "type": "Point", "coordinates": [-74.3184, 41.1823] }},
{"zip_code":"12520","country":"US","city":"Cornwall On Hudson","state":"New York","state_ab":"NY","county":"Orange","geo_location":{ "type": "Point", "coordinates": [-74.0061, 41.433] }},
{"zip_code":"12586","country":"US","city":"Walden","state":"New York","state_ab":"NY","county":"Orange","geo_location":{ "type": "Point", "coordinates": [-74.1764, 41.5596] }},
{"zip_code":"12739","country":"US","city":"Godeffroy","state":"New York","state_ab":"NY","county":"Orange","geo_location":{ "type": "Point", "coordinates": [-74.6057, 41.4423] }},
{"zip_code":"12780","country":"US","city":"Sparrow Bush","state":"New York","state_ab":"NY","county":"Orange","geo_location":{ "type": "Point", "coordinates": [-74.7213, 41.4443] }},
{"zip_code":"14476","country":"US","city":"Kendall","state":"New York","state_ab":"NY","county":"Orleans","geo_location":{ "type": "Point", "coordinates": [-78.0304, 43.3284] }},
{"zip_code":"13796","country":"US","city":"Laurens","state":"New York","state_ab":"NY","county":"Otsego","geo_location":{ "type": "Point", "coordinates": [-75.1279, 42.5383] }},
{"zip_code":"13820","country":"US","city":"Oneonta","state":"New York","state_ab":"NY","county":"Otsego","geo_location":{ "type": "Point", "coordinates": [-75.0491, 42.4625] }},
{"zip_code":"13859","country":"US","city":"Wells Bridge","state":"New York","state_ab":"NY","county":"Otsego","geo_location":{ "type": "Point", "coordinates": [-75.2486, 42.3709] }},
{"zip_code":"10579","country":"US","city":"Putnam Valley","state":"New York","state_ab":"NY","county":"Putnam","geo_location":{ "type": "Point", "coordinates": [-73.8502, 41.3728] }},
{"zip_code":"11103","country":"US","city":"Astoria","state":"New York","state_ab":"NY","county":"Queens","geo_location":{ "type": "Point", "coordinates": [-73.9149, 40.7627] }},
{"zip_code":"11363","country":"US","city":"Little Neck","state":"New York","state_ab":"NY","county":"Queens","geo_location":{ "type": "Point", "coordinates": [-73.7454, 40.7722] }},
{"zip_code":"11390","country":"US","city":"Flushing","state":"New York","state_ab":"NY","county":"Queens","geo_location":{ "type": "Point", "coordinates": [-73.8708, 40.6514] }},
{"zip_code":"11413","country":"US","city":"Springfield Gardens","state":"New York","state_ab":"NY","county":"Queens","geo_location":{ "type": "Point", "coordinates": [-73.7559, 40.6645] }},
{"zip_code":"11426","country":"US","city":"Bellerose","state":"New York","state_ab":"NY","county":"Queens","geo_location":{ "type": "Point", "coordinates": [-73.723, 40.7347] }},
{"zip_code":"11439","country":"US","city":"Jamaica","state":"New York","state_ab":"NY","county":"Queens","geo_location":{ "type": "Point", "coordinates": [-73.7908, 40.722] }},
{"zip_code":"11440","country":"US","city":"Jamaica","state":"New York","state_ab":"NY","county":"Queens County","geo_location":{ "type": "Point", "coordinates": [-73.8059, 40.6913] }},
{"zip_code":"11480","country":"US","city":"Jamaica","state":"New York","state_ab":"NY","county":"Queens County","geo_location":{ "type": "Point", "coordinates": [-73.8061, 40.6914] }},
{"zip_code":"12133","country":"US","city":"North Hoosick","state":"New York","state_ab":"NY","county":"Rensselaer","geo_location":{ "type": "Point", "coordinates": [-73.3464, 42.9261] }},
{"zip_code":"10306","country":"US","city":"Staten Island","state":"New York","state_ab":"NY","county":"Richmond","geo_location":{ "type": "Point", "coordinates": [-74.1184, 40.5682] }},
{"zip_code":"10913","country":"US","city":"Blauvelt","state":"New York","state_ab":"NY","county":"Rockland","geo_location":{ "type": "Point", "coordinates": [-73.9629, 41.0626] }},
{"zip_code":"10980","country":"US","city":"Stony Point","state":"New York","state_ab":"NY","county":"Rockland","geo_location":{ "type": "Point", "coordinates": [-73.9962, 41.2292] }},
{"zip_code":"10993","country":"US","city":"West Haverstraw","state":"New York","state_ab":"NY","county":"Rockland","geo_location":{ "type": "Point", "coordinates": [-73.9821, 41.209] }},
{"zip_code":"12973","country":"US","city":"Piercefield","state":"New York","state_ab":"NY","county":"St. Lawrence","geo_location":{ "type": "Point", "coordinates": [-74.556, 44.2343] }},
{"zip_code":"13613","country":"US","city":"Brasher Falls","state":"New York","state_ab":"NY","county":"St. Lawrence","geo_location":{ "type": "Point", "coordinates": [-74.7473, 44.8467] }},
{"zip_code":"13639","country":"US","city":"Fine","state":"New York","state_ab":"NY","county":"St. Lawrence","geo_location":{ "type": "Point", "coordinates": [-75.1379, 44.2541] }},
{"zip_code":"13666","country":"US","city":"Newton Falls","state":"New York","state_ab":"NY","county":"St. Lawrence","geo_location":{ "type": "Point", "coordinates": [-74.9423, 44.2177] }},
{"zip_code":"13680","country":"US","city":"Rensselaer Falls","state":"New York","state_ab":"NY","county":"St. Lawrence","geo_location":{ "type": "Point", "coordinates": [-75.3237, 44.5943] }},
{"zip_code":"12803","country":"US","city":"South Glens Falls","state":"New York","state_ab":"NY","county":"Saratoga","geo_location":{ "type": "Point", "coordinates": [-73.6294, 43.2836] }},
{"zip_code":"12056","country":"US","city":"Duanesburg","state":"New York","state_ab":"NY","county":"Schenectady","geo_location":{ "type": "Point", "coordinates": [-74.0839, 42.7708] }},
{"zip_code":"12043","country":"US","city":"Cobleskill","state":"New York","state_ab":"NY","county":"Schoharie","geo_location":{ "type": "Point", "coordinates": [-74.4939, 42.684] }},
{"zip_code":"12160","country":"US","city":"Sloansville","state":"New York","state_ab":"NY","county":"Schoharie","geo_location":{ "type": "Point", "coordinates": [-74.3642, 42.7599] }},
{"zip_code":"13459","country":"US","city":"Sharon Springs","state":"New York","state_ab":"NY","county":"Schoharie","geo_location":{ "type": "Point", "coordinates": [-74.5919, 42.7634] }},
{"zip_code":"14863","country":"US","city":"Mecklenburg","state":"New York","state_ab":"NY","county":"Schuyler","geo_location":{ "type": "Point", "coordinates": [-76.7067, 42.4516] }},
{"zip_code":"14876","country":"US","city":"Reading Center","state":"New York","state_ab":"NY","county":"Schuyler","geo_location":{ "type": "Point", "coordinates": [-76.9258, 42.4297] }},
{"zip_code":"14809","country":"US","city":"Avoca","state":"New York","state_ab":"NY","county":"Steuben","geo_location":{ "type": "Point", "coordinates": [-77.4641, 42.3679] }},
{"zip_code":"14810","country":"US","city":"Bath","state":"New York","state_ab":"NY","county":"Steuben","geo_location":{ "type": "Point", "coordinates": [-77.3028, 42.3575] }},
{"zip_code":"14823","country":"US","city":"Canisteo","state":"New York","state_ab":"NY","county":"Steuben","geo_location":{ "type": "Point", "coordinates": [-77.5897, 42.2635] }},
{"zip_code":"6390","country":"US","city":"Fishers Island","state":"New York","state_ab":"NY","county":"Suffolk","geo_location":{ "type": "Point", "coordinates": [-72.0178, 41.2639] }},
{"zip_code":"11749","country":"US","city":"Islandia","state":"New York","state_ab":"NY","county":"Suffolk","geo_location":{ "type": "Point", "coordinates": [-73.1709, 40.8067] }},
{"zip_code":"11750","country":"US","city":"Huntington Station","state":"New York","state_ab":"NY","county":"Suffolk","geo_location":{ "type": "Point", "coordinates": [-72.6371, 40.9223] }},
{"zip_code":"11763","country":"US","city":"Medford","state":"New York","state_ab":"NY","county":"Suffolk","geo_location":{ "type": "Point", "coordinates": [-72.9852, 40.8174] }},
{"zip_code":"11776","country":"US","city":"Port Jefferson Station","state":"New York","state_ab":"NY","county":"Suffolk","geo_location":{ "type": "Point", "coordinates": [-73.0464, 40.9136] }},
{"zip_code":"11789","country":"US","city":"Sound Beach","state":"New York","state_ab":"NY","county":"Suffolk","geo_location":{ "type": "Point", "coordinates": [-72.9742, 40.9567] }},
{"zip_code":"11790","country":"US","city":"Stony Brook","state":"New York","state_ab":"NY","county":"Suffolk","geo_location":{ "type": "Point", "coordinates": [-73.1277, 40.9068] }},
{"zip_code":"11930","country":"US","city":"Amagansett","state":"New York","state_ab":"NY","county":"Suffolk","geo_location":{ "type": "Point", "coordinates": [-72.0959, 40.9895] }},
{"zip_code":"11956","country":"US","city":"New Suffolk","state":"New York","state_ab":"NY","county":"Suffolk","geo_location":{ "type": "Point", "coordinates": [-72.6371, 40.9223] }},
{"zip_code":"11969","country":"US","city":"Southampton","state":"New York","state_ab":"NY","county":"Suffolk","geo_location":{ "type": "Point", "coordinates": [-72.6371, 40.9223] }},
{"zip_code":"11970","country":"US","city":"South Jamesport","state":"New York","state_ab":"NY","county":"Suffolk","geo_location":{ "type": "Point", "coordinates": [-72.6371, 40.9223] }},
{"zip_code":"12726","country":"US","city":"Cochecton","state":"New York","state_ab":"NY","county":"Sullivan","geo_location":{ "type": "Point", "coordinates": [-74.9741, 41.692] }},
{"zip_code":"12740","country":"US","city":"Grahamsville","state":"New York","state_ab":"NY","county":"Sullivan","geo_location":{ "type": "Point", "coordinates": [-74.5127, 41.8807] }},
{"zip_code":"12766","country":"US","city":"North Branch","state":"New York","state_ab":"NY","county":"Sullivan","geo_location":{ "type": "Point", "coordinates": [-74.9824, 41.8142] }},
{"zip_code":"12779","country":"US","city":"South Fallsburg","state":"New York","state_ab":"NY","county":"Sullivan","geo_location":{ "type": "Point", "coordinates": [-74.6444, 41.7042] }},
{"zip_code":"13743","country":"US","city":"Candor","state":"New York","state_ab":"NY","county":"Tioga","geo_location":{ "type": "Point", "coordinates": [-76.3322, 42.2063] }},
{"zip_code":"13073","country":"US","city":"Groton","state":"New York","state_ab":"NY","county":"Tompkins","geo_location":{ "type": "Point", "coordinates": [-76.3633, 42.5855] }},
{"zip_code":"14850","country":"US","city":"Ithaca","state":"New York","state_ab":"NY","county":"Tompkins","geo_location":{ "type": "Point", "coordinates": [-76.484, 42.4028] }},
{"zip_code":"12416","country":"US","city":"Chichester","state":"New York","state_ab":"NY","county":"Ulster","geo_location":{ "type": "Point", "coordinates": [-74.2717, 42.095] }},
{"zip_code":"12429","country":"US","city":"Esopus","state":"New York","state_ab":"NY","county":"Ulster","geo_location":{ "type": "Point", "coordinates": [-73.9926, 41.8162] }},
{"zip_code":"12443","country":"US","city":"Hurley","state":"New York","state_ab":"NY","county":"Ulster","geo_location":{ "type": "Point", "coordinates": [-74.0687, 41.9327] }},
{"zip_code":"12456","country":"US","city":"Mount Marion","state":"New York","state_ab":"NY","county":"Ulster","geo_location":{ "type": "Point", "coordinates": [-74.0002, 42.0357] }},
{"zip_code":"12483","country":"US","city":"Spring Glen","state":"New York","state_ab":"NY","county":"Ulster","geo_location":{ "type": "Point", "coordinates": [-74.4245, 41.6639] }},
{"zip_code":"12843","country":"US","city":"Johnsburg","state":"New York","state_ab":"NY","county":"Warren","geo_location":{ "type": "Point", "coordinates": [-73.9165, 43.586] }},
{"zip_code":"12856","country":"US","city":"North River","state":"New York","state_ab":"NY","county":"Warren","geo_location":{ "type": "Point", "coordinates": [-74.0873, 43.7237] }},
{"zip_code":"12816","country":"US","city":"Cambridge","state":"New York","state_ab":"NY","county":"Washington","geo_location":{ "type": "Point", "coordinates": [-73.3814, 43.0466] }},
{"zip_code":"14449","country":"US","city":"East Williamson","state":"New York","state_ab":"NY","county":"Wayne","geo_location":{ "type": "Point", "coordinates": [-77.1376, 43.2354] }},
{"zip_code":"14489","country":"US","city":"Lyons","state":"New York","state_ab":"NY","county":"Wayne","geo_location":{ "type": "Point", "coordinates": [-76.9896, 43.0777] }},
{"zip_code":"14513","country":"US","city":"Newark","state":"New York","state_ab":"NY","county":"Wayne","geo_location":{ "type": "Point", "coordinates": [-77.0946, 43.0519] }},
{"zip_code":"10526","country":"US","city":"Goldens Bridge","state":"New York","state_ab":"NY","county":"Westchester","geo_location":{ "type": "Point", "coordinates": [-73.6479, 41.3004] }},
{"zip_code":"10540","country":"US","city":"Lincolndale","state":"New York","state_ab":"NY","county":"Westchester","geo_location":{ "type": "Point", "coordinates": [-73.7243, 41.3334] }},
{"zip_code":"10553","country":"US","city":"Mount Vernon","state":"New York","state_ab":"NY","county":"Westchester","geo_location":{ "type": "Point", "coordinates": [-73.8221, 40.9086] }},
{"zip_code":"10566","country":"US","city":"Peekskill","state":"New York","state_ab":"NY","county":"Westchester","geo_location":{ "type": "Point", "coordinates": [-73.9184, 41.2892] }},
{"zip_code":"10580","country":"US","city":"Rye","state":"New York","state_ab":"NY","county":"Westchester","geo_location":{ "type": "Point", "coordinates": [-73.6907, 40.9734] }},
{"zip_code":"10603","country":"US","city":"White Plains","state":"New York","state_ab":"NY","county":"Westchester","geo_location":{ "type": "Point", "coordinates": [-73.7776, 41.0499] }},
{"zip_code":"10629","country":"US","city":"White Plains","state":"New York","state_ab":"NY","county":"Westchester","geo_location":{ "type": "Point", "coordinates": [-73.733, 41.119] }},
{"zip_code":"10706","country":"US","city":"Hastings On Hudson","state":"New York","state_ab":"NY","county":"Westchester","geo_location":{ "type": "Point", "coordinates": [-73.863, 40.9878] }},
{"zip_code":"14009","country":"US","city":"Arcade","state":"New York","state_ab":"NY","county":"Wyoming","geo_location":{ "type": "Point", "coordinates": [-78.4134, 42.563] }},
{"zip_code":"14113","country":"US","city":"North Java","state":"New York","state_ab":"NY","county":"Wyoming","geo_location":{ "type": "Point", "coordinates": [-78.338, 42.6776] }},
{"zip_code":"45616","country":"US","city":"Blue Creek","state":"Ohio","state_ab":"OH","county":"Adams","geo_location":{ "type": "Point", "coordinates": [-83.3076, 38.7534] }},
{"zip_code":"45809","country":"US","city":"Gomer","state":"Ohio","state_ab":"OH","county":"Allen","geo_location":{ "type": "Point", "coordinates": [-84.1832, 40.8479] }},
{"zip_code":"45850","country":"US","city":"Harrod","state":"Ohio","state_ab":"OH","county":"Allen","geo_location":{ "type": "Point", "coordinates": [-83.9436, 40.7177] }},
{"zip_code":"44859","country":"US","city":"Nova","state":"Ohio","state_ab":"OH","county":"Ashland","geo_location":{ "type": "Point", "coordinates": [-82.3384, 41.0282] }},
{"zip_code":"44099","country":"US","city":"Windsor","state":"Ohio","state_ab":"OH","county":"Ashtabula","geo_location":{ "type": "Point", "coordinates": [-80.9667, 41.5623] }},
{"zip_code":"45719","country":"US","city":"Chauncey","state":"Ohio","state_ab":"OH","county":"Athens","geo_location":{ "type": "Point", "coordinates": [-82.1302, 39.4002] }},
{"zip_code":"43713","country":"US","city":"Barnesville","state":"Ohio","state_ab":"OH","county":"Belmont","geo_location":{ "type": "Point", "coordinates": [-81.1375, 39.9853] }},
{"zip_code":"43906","country":"US","city":"Bellaire","state":"Ohio","state_ab":"OH","county":"Belmont","geo_location":{ "type": "Point", "coordinates": [-80.7638, 40.0204] }},
{"zip_code":"43933","country":"US","city":"Jacobsburg","state":"Ohio","state_ab":"OH","county":"Belmont","geo_location":{ "type": "Point", "coordinates": [-80.888, 39.9372] }},
{"zip_code":"43960","country":"US","city":"Stewartsville","state":"Ohio","state_ab":"OH","county":"Belmont County","geo_location":{ "type": "Point", "coordinates": [-80.8582, 40.0119] }},
{"zip_code":"45023","country":"US","city":"Hamilton","state":"Ohio","state_ab":"OH","county":"Butler","geo_location":{ "type": "Point", "coordinates": [-84.5757, 39.441] }},
{"zip_code":"45050","country":"US","city":"Monroe","state":"Ohio","state_ab":"OH","county":"Butler","geo_location":{ "type": "Point", "coordinates": [-84.3652, 39.4413] }},
{"zip_code":"45063","country":"US","city":"Shandon","state":"Ohio","state_ab":"OH","county":"Butler","geo_location":{ "type": "Point", "coordinates": [-84.7121, 39.3258] }},
{"zip_code":"44639","country":"US","city":"Leesville","state":"Ohio","state_ab":"OH","county":"Carroll","geo_location":{ "type": "Point", "coordinates": [-81.2435, 40.5477] }},
{"zip_code":"43070","country":"US","city":"Rosewood","state":"Ohio","state_ab":"OH","county":"Champaign","geo_location":{ "type": "Point", "coordinates": [-83.9579, 40.2158] }},
{"zip_code":"43083","country":"US","city":"Westville","state":"Ohio","state_ab":"OH","county":"Champaign","geo_location":{ "type": "Point", "coordinates": [-83.8379, 40.1022] }},
{"zip_code":"45319","country":"US","city":"Donnelsville","state":"Ohio","state_ab":"OH","county":"Clark","geo_location":{ "type": "Point", "coordinates": [-83.9449, 39.9189] }},
{"zip_code":"45140","country":"US","city":"Loveland","state":"Ohio","state_ab":"OH","county":"Clermont","geo_location":{ "type": "Point", "coordinates": [-84.2588, 39.2445] }},
{"zip_code":"45153","country":"US","city":"Moscow","state":"Ohio","state_ab":"OH","county":"Clermont","geo_location":{ "type": "Point", "coordinates": [-84.1958, 38.8583] }},
{"zip_code":"45113","country":"US","city":"Clarksville","state":"Ohio","state_ab":"OH","county":"Clinton","geo_location":{ "type": "Point", "coordinates": [-83.9594, 39.4042] }},
{"zip_code":"45166","country":"US","city":"Reesville","state":"Ohio","state_ab":"OH","county":"Clinton","geo_location":{ "type": "Point", "coordinates": [-83.6772, 39.4805] }},
{"zip_code":"43920","country":"US","city":"East Liverpool","state":"Ohio","state_ab":"OH","county":"Columbiana","geo_location":{ "type": "Point", "coordinates": [-80.6006, 40.6774] }},
{"zip_code":"44460","country":"US","city":"Salem","state":"Ohio","state_ab":"OH","county":"Columbiana","geo_location":{ "type": "Point", "coordinates": [-80.8619, 40.9] }},
{"zip_code":"43803","country":"US","city":"Bakersville","state":"Ohio","state_ab":"OH","county":"Coshocton","geo_location":{ "type": "Point", "coordinates": [-81.6436, 40.3572] }},
{"zip_code":"43843","country":"US","city":"Walhonding","state":"Ohio","state_ab":"OH","county":"Coshocton","geo_location":{ "type": "Point", "coordinates": [-82.1559, 40.3407] }},
{"zip_code":"44820","country":"US","city":"Bucyrus","state":"Ohio","state_ab":"OH","county":"Crawford","geo_location":{ "type": "Point", "coordinates": [-82.9698, 40.8103] }},
{"zip_code":"44833","country":"US","city":"Galion","state":"Ohio","state_ab":"OH","county":"Crawford","geo_location":{ "type": "Point", "coordinates": [-82.7939, 40.7303] }},
{"zip_code":"44860","country":"US","city":"Oceola","state":"Ohio","state_ab":"OH","county":"Crawford","geo_location":{ "type": "Point", "coordinates": [-83.1029, 40.8357] }},
{"zip_code":"44109","country":"US","city":"Cleveland","state":"Ohio","state_ab":"OH","county":"Cuyahoga","geo_location":{ "type": "Point", "coordinates": [-81.7033, 41.4458] }},
{"zip_code":"44110","country":"US","city":"Cleveland","state":"Ohio","state_ab":"OH","county":"Cuyahoga","geo_location":{ "type": "Point", "coordinates": [-81.5733, 41.5636] }},
{"zip_code":"44123","country":"US","city":"Euclid","state":"Ohio","state_ab":"OH","county":"Cuyahoga","geo_location":{ "type": "Point", "coordinates": [-81.5258, 41.6025] }},
{"zip_code":"44136","country":"US","city":"Strongsville","state":"Ohio","state_ab":"OH","county":"Cuyahoga","geo_location":{ "type": "Point", "coordinates": [-81.8285, 41.3132] }},
{"zip_code":"44189","country":"US","city":"Cleveland","state":"Ohio","state_ab":"OH","county":"Cuyahoga","geo_location":{ "type": "Point", "coordinates": [-81.6728, 41.6857] }},
{"zip_code":"44190","country":"US","city":"Cleveland","state":"Ohio","state_ab":"OH","county":"Cuyahoga","geo_location":{ "type": "Point", "coordinates": [-81.6728, 41.6857] }},
{"zip_code":"45346","country":"US","city":"New Madison","state":"Ohio","state_ab":"OH","county":"Darke","geo_location":{ "type": "Point", "coordinates": [-84.7222, 39.9687] }},
{"zip_code":"43519","country":"US","city":"Evansport","state":"Ohio","state_ab":"OH","county":"Defiance","geo_location":{ "type": "Point", "coordinates": [-84.3966, 41.4222] }},
{"zip_code":"43520","country":"US","city":"Farmer","state":"Ohio","state_ab":"OH","county":"Defiance","geo_location":{ "type": "Point", "coordinates": [-84.6313, 41.3907] }},
{"zip_code":"43003","country":"US","city":"Ashley","state":"Ohio","state_ab":"OH","county":"Delaware","geo_location":{ "type": "Point", "coordinates": [-82.9542, 40.4163] }},
{"zip_code":"44846","country":"US","city":"Milan","state":"Ohio","state_ab":"OH","county":"Erie","geo_location":{ "type": "Point", "coordinates": [-82.6126, 41.3111] }},
{"zip_code":"43106","country":"US","city":"Bloomingburg","state":"Ohio","state_ab":"OH","county":"Fayette","geo_location":{ "type": "Point", "coordinates": [-83.4095, 39.6286] }},
{"zip_code":"43160","country":"US","city":"Washington Court House","state":"Ohio","state_ab":"OH","county":"Fayette","geo_location":{ "type": "Point", "coordinates": [-83.455, 39.537] }}]}