{"value": [{"zip_code":"30436","country":"US","city":"Lyons","state":"Georgia","state_ab":"GA","county":"Toombs","geo_location":{ "type": "Point", "coordinates": [-82.3078, 32.1711] }},
{"zip_code":"30230","country":"US","city":"Hogansville","state":"Georgia","state_ab":"GA","county":"Troup","geo_location":{ "type": "Point", "coordinates": [-84.9309, 33.1644] }},
{"zip_code":"31790","country":"US","city":"Sycamore","state":"Georgia","state_ab":"GA","county":"Turner","geo_location":{ "type": "Point", "coordinates": [-83.6064, 31.6553] }},
{"zip_code":"30656","country":"US","city":"Monroe","state":"Georgia","state_ab":"GA","county":"Walton","geo_location":{ "type": "Point", "coordinates": [-83.7104, 33.8386] }},
{"zip_code":"31503","country":"US","city":"Waycross","state":"Georgia","state_ab":"GA","county":"Ware","geo_location":{ "type": "Point", "coordinates": [-82.3766, 31.1932] }},
{"zip_code":"30089","country":"US","city":"Decatur","state":"Georgia","state_ab":"GA","county":"Washington County","geo_location":{ "type": "Point", "coordinates": [-84.3046, 33.7749] }},
{"zip_code":"30270","country":"US","city":"Peachtree City","state":"Georgia","state_ab":"GA","county":"Whitfield County","geo_location":{ "type": "Point", "coordinates": [-84.59, 33.3968] }},
{"zip_code":"30719","country":"US","city":"Dalton","state":"Georgia","state_ab":"GA","county":"Whitfield","geo_location":{ "type": "Point", "coordinates": [-84.9898, 34.8019] }},
{"zip_code":"30720","country":"US","city":"Dalton","state":"Georgia","state_ab":"GA","county":"Whitfield","geo_location":{ "type": "Point", "coordinates": [-84.9875, 34.7635] }},
{"zip_code":"31079","country":"US","city":"Rochelle","state":"Georgia","state_ab":"GA","county":"Wilcox","geo_location":{ "type": "Point", "coordinates": [-83.445, 31.9491] }},
{"zip_code":"31789","country":"US","city":"Sumner","state":"Georgia","state_ab":"GA","county":"Worth","geo_location":{ "type": "Point", "coordinates": [-83.7245, 31.5392] }},
{"zip_code":"96719","country":"US","city":"Hawi","state":"Hawaii","state_ab":"HI","county":"Hawaii","geo_location":{ "type": "Point", "coordinates": [-155.838, 20.238] }},
{"zip_code":"96720","country":"US","city":"Hilo","state":"Hawaii","state_ab":"HI","county":"Hawaii","geo_location":{ "type": "Point", "coordinates": [-155.0939, 19.7025] }},
{"zip_code":"96760","country":"US","city":"Kurtistown","state":"Hawaii","state_ab":"HI","county":"Hawaii","geo_location":{ "type": "Point", "coordinates": [-155.0349, 19.5693] }},
{"zip_code":"96773","country":"US","city":"Ninole","state":"Hawaii","state_ab":"HI","county":"Hawaii","geo_location":{ "type": "Point", "coordinates": [-155.1668, 19.935] }},
{"zip_code":"96706","country":"US","city":"Ewa Beach","state":"Hawaii","state_ab":"HI","county":"Honolulu","geo_location":{ "type": "Point", "coordinates": [-158.0103, 21.3274] }},
{"zip_code":"96759","country":"US","city":"Kunia","state":"Hawaii","state_ab":"HI","county":"Honolulu","geo_location":{ "type": "Point", "coordinates": [-158.0639, 21.463] }},
{"zip_code":"96786","country":"US","city":"Wahiawa","state":"Hawaii","state_ab":"HI","county":"Honolulu","geo_location":{ "type": "Point", "coordinates": [-158.0435, 21.5006] }},
{"zip_code":"96809","country":"US","city":"Honolulu","state":"Hawaii","state_ab":"HI","county":"Honolulu","geo_location":{ "type": "Point", "coordinates": [-157.8585, 21.3062] }},
{"zip_code":"96810","country":"US","city":"Honolulu","state":"Hawaii","state_ab":"HI","county":"Honolulu","geo_location":{ "type": "Point", "coordinates": [-157.8585, 21.3062] }},
{"zip_code":"96823","country":"US","city":"Honolulu","state":"Hawaii","state_ab":"HI","county":"Honolulu","geo_location":{ "type": "Point", "coordinates": [-157.8465, 21.3072] }},
{"zip_code":"96836","country":"US","city":"Honolulu","state":"Hawaii","state_ab":"HI","county":"Honolulu","geo_location":{ "type": "Point", "coordinates": [-157.8384, 21.2899] }},
{"zip_code":"96849","country":"US","city":"Honolulu","state":"Hawaii","state_ab":"HI","county":"Honolulu","geo_location":{ "type": "Point", "coordinates": [-157.9172, 21.3341] }},
{"zip_code":"96850","country":"US","city":"Honolulu","state":"Hawaii","state_ab":"HI","county":"Honolulu","geo_location":{ "type": "Point", "coordinates": [-157.863, 21.3095] }},
{"zip_code":"96863","country":"US","city":"M C B H Kaneohe Bay","state":"Hawaii","state_ab":"HI","county":"Honolulu","geo_location":{ "type": "Point", "coordinates": [-157.7524, 21.3913] }},
{"zip_code":"96746","country":"US","city":"Kapaa","state":"Hawaii","state_ab":"HI","county":"Kauai","geo_location":{ "type": "Point", "coordinates": [-159.3448, 22.0868] }},
{"zip_code":"96733","country":"US","city":"Kahului","state":"Hawaii","state_ab":"HI","county":"Maui","geo_location":{ "type": "Point", "coordinates": [-156.6467, 20.8666] }},
{"zip_code":"52140","country":"US","city":"Dorchester","state":"Iowa","state_ab":"IA","county":"Allamakee","geo_location":{ "type": "Point", "coordinates": [-91.5076, 43.4421] }},
{"zip_code":"52593","country":"US","city":"Udell","state":"Iowa","state_ab":"IA","county":"Appanoose","geo_location":{ "type": "Point", "coordinates": [-92.7185, 40.7836] }},
{"zip_code":"52229","country":"US","city":"Garrison","state":"Iowa","state_ab":"IA","county":"Benton","geo_location":{ "type": "Point", "coordinates": [-92.1644, 42.1588] }},
{"zip_code":"52346","country":"US","city":"Van Horne","state":"Iowa","state_ab":"IA","county":"Benton","geo_location":{ "type": "Point", "coordinates": [-92.1046, 42.0194] }},
{"zip_code":"50623","country":"US","city":"Dewar","state":"Iowa","state_ab":"IA","county":"Black Hawk","geo_location":{ "type": "Point", "coordinates": [-92.2207, 42.5253] }},
{"zip_code":"50223","country":"US","city":"Pilot Mound","state":"Iowa","state_ab":"IA","county":"Boone","geo_location":{ "type": "Point", "coordinates": [-94.0102, 42.1604] }},
{"zip_code":"50676","country":"US","city":"Tripoli","state":"Iowa","state_ab":"IA","county":"Bremer","geo_location":{ "type": "Point", "coordinates": [-92.2659, 42.8105] }},
{"zip_code":"50650","country":"US","city":"Lamont","state":"Iowa","state_ab":"IA","county":"Buchanan","geo_location":{ "type": "Point", "coordinates": [-91.6701, 42.5946] }},
{"zip_code":"51033","country":"US","city":"Linn Grove","state":"Iowa","state_ab":"IA","county":"Buena Vista","geo_location":{ "type": "Point", "coordinates": [-95.2512, 42.8742] }},
{"zip_code":"50636","country":"US","city":"Greene","state":"Iowa","state_ab":"IA","county":"Butler","geo_location":{ "type": "Point", "coordinates": [-92.7583, 42.916] }},
{"zip_code":"50649","country":"US","city":"Kesley","state":"Iowa","state_ab":"IA","county":"Butler","geo_location":{ "type": "Point", "coordinates": [-92.9112, 42.6626] }},
{"zip_code":"50586","country":"US","city":"Somers","state":"Iowa","state_ab":"IA","county":"Calhoun","geo_location":{ "type": "Point", "coordinates": [-94.4464, 42.3561] }},
{"zip_code":"51459","country":"US","city":"Ralston","state":"Iowa","state_ab":"IA","county":"Carroll","geo_location":{ "type": "Point", "coordinates": [-94.6321, 42.0414] }},
{"zip_code":"50843","country":"US","city":"Cumberland","state":"Iowa","state_ab":"IA","county":"Cass","geo_location":{ "type": "Point", "coordinates": [-94.871, 41.2632] }},
{"zip_code":"52216","country":"US","city":"Clarence","state":"Iowa","state_ab":"IA","county":"Cedar","geo_location":{ "type": "Point", "coordinates": [-91.0605, 41.8896] }},
{"zip_code":"52306","country":"US","city":"Mechanicsville","state":"Iowa","state_ab":"IA","county":"Cedar","geo_location":{ "type": "Point", "coordinates": [-91.2764, 41.9039] }},
{"zip_code":"50469","country":"US","city":"Rockwell","state":"Iowa","state_ab":"IA","county":"Cerro Gordo","geo_location":{ "type": "Point", "coordinates": [-93.2167, 43.0032] }},
{"zip_code":"51343","country":"US","city":"Greenville","state":"Iowa","state_ab":"IA","county":"Clay","geo_location":{ "type": "Point", "coordinates": [-95.0582, 43.0333] }},
{"zip_code":"52049","country":"US","city":"Garnavillo","state":"Iowa","state_ab":"IA","county":"Clayton","geo_location":{ "type": "Point", "coordinates": [-91.2156, 42.8762] }},
{"zip_code":"52076","country":"US","city":"Strawberry Point","state":"Iowa","state_ab":"IA","county":"Clayton","geo_location":{ "type": "Point", "coordinates": [-91.5409, 42.6832] }},
{"zip_code":"52733","country":"US","city":"Clinton","state":"Iowa","state_ab":"IA","county":"Clinton","geo_location":{ "type": "Point", "coordinates": [-90.5195, 41.8806] }},
{"zip_code":"51460","country":"US","city":"Ricketts","state":"Iowa","state_ab":"IA","county":"Crawford","geo_location":{ "type": "Point", "coordinates": [-95.5746, 42.1304] }},
{"zip_code":"50003","country":"US","city":"Adel","state":"Iowa","state_ab":"IA","county":"Dallas","geo_location":{ "type": "Point", "coordinates": [-94.038, 41.6221] }},
{"zip_code":"50069","country":"US","city":"De Soto","state":"Iowa","state_ab":"IA","county":"Dallas","geo_location":{ "type": "Point", "coordinates": [-94.0303, 41.5208] }},
{"zip_code":"50070","country":"US","city":"Dexter","state":"Iowa","state_ab":"IA","county":"Dallas","geo_location":{ "type": "Point", "coordinates": [-94.2145, 41.5198] }},
{"zip_code":"50146","country":"US","city":"Linden","state":"Iowa","state_ab":"IA","county":"Dallas","geo_location":{ "type": "Point", "coordinates": [-94.2406, 41.6422] }},
{"zip_code":"50263","country":"US","city":"Waukee","state":"Iowa","state_ab":"IA","county":"Dallas","geo_location":{ "type": "Point", "coordinates": [-93.8592, 41.593] }},
{"zip_code":"50276","country":"US","city":"Woodward","state":"Iowa","state_ab":"IA","county":"Dallas","geo_location":{ "type": "Point", "coordinates": [-93.9056, 41.8452] }},
{"zip_code":"52036","country":"US","city":"Delaware","state":"Iowa","state_ab":"IA","county":"Delaware","geo_location":{ "type": "Point", "coordinates": [-91.3112, 42.4766] }},
{"zip_code":"52050","country":"US","city":"Greeley","state":"Iowa","state_ab":"IA","county":"Delaware","geo_location":{ "type": "Point", "coordinates": [-91.3233, 42.5939] }},
{"zip_code":"52166","country":"US","city":"Saint Lucas","state":"Iowa","state_ab":"IA","county":"Fayette","geo_location":{ "type": "Point", "coordinates": [-91.9232, 43.0607] }},
{"zip_code":"51639","country":"US","city":"Farragut","state":"Iowa","state_ab":"IA","county":"Fremont","geo_location":{ "type": "Point", "coordinates": [-95.4776, 40.7215] }},
{"zip_code":"51640","country":"US","city":"Hamburg","state":"Iowa","state_ab":"IA","county":"Fremont","geo_location":{ "type": "Point", "coordinates": [-95.6258, 40.6149] }},
{"zip_code":"51653","country":"US","city":"Tabor","state":"Iowa","state_ab":"IA","county":"Fremont","geo_location":{ "type": "Point", "coordinates": [-95.6729, 40.9004] }},
{"zip_code":"50609","country":"US","city":"Beaman","state":"Iowa","state_ab":"IA","county":"Grundy","geo_location":{ "type": "Point", "coordinates": [-92.8162, 42.2367] }},
{"zip_code":"50029","country":"US","city":"Bayard","state":"Iowa","state_ab":"IA","county":"Guthrie","geo_location":{ "type": "Point", "coordinates": [-94.5915, 41.8386] }},
{"zip_code":"50250","country":"US","city":"Stuart","state":"Iowa","state_ab":"IA","county":"Guthrie","geo_location":{ "type": "Point", "coordinates": [-94.3046, 41.5186] }},
{"zip_code":"50249","country":"US","city":"Stratford","state":"Iowa","state_ab":"IA","county":"Hamilton","geo_location":{ "type": "Point", "coordinates": [-93.9029, 42.2847] }},
{"zip_code":"50430","country":"US","city":"Corwith","state":"Iowa","state_ab":"IA","county":"Hancock","geo_location":{ "type": "Point", "coordinates": [-93.9323, 42.9927] }},
{"zip_code":"50043","country":"US","city":"Buckeye","state":"Iowa","state_ab":"IA","county":"Hardin","geo_location":{ "type": "Point", "coordinates": [-93.3755, 42.4179] }},
{"zip_code":"51550","country":"US","city":"Magnolia","state":"Iowa","state_ab":"IA","county":"Harrison","geo_location":{ "type": "Point", "coordinates": [-95.8742, 41.6921] }},
{"zip_code":"51563","country":"US","city":"Persia","state":"Iowa","state_ab":"IA","county":"Harrison","geo_location":{ "type": "Point", "coordinates": [-95.5658, 41.5647] }},
{"zip_code":"52630","country":"US","city":"Hillsboro","state":"Iowa","state_ab":"IA","county":"Henry","geo_location":{ "type": "Point", "coordinates": [-91.7119, 40.8372] }},
{"zip_code":"50519","country":"US","city":"Bode","state":"Iowa","state_ab":"IA","county":"Humboldt","geo_location":{ "type": "Point", "coordinates": [-94.2781, 42.8661] }},
{"zip_code":"50520","country":"US","city":"Bradgate","state":"Iowa","state_ab":"IA","county":"Humboldt","geo_location":{ "type": "Point", "coordinates": [-94.4002, 42.7794] }},
{"zip_code":"51006","country":"US","city":"Battle Creek","state":"Iowa","state_ab":"IA","county":"Ida","geo_location":{ "type": "Point", "coordinates": [-95.6045, 42.3327] }},
{"zip_code":"51020","country":"US","city":"Galva","state":"Iowa","state_ab":"IA","county":"Ida","geo_location":{ "type": "Point", "coordinates": [-95.4298, 42.5105] }},
{"zip_code":"52203","country":"US","city":"Amana","state":"Iowa","state_ab":"IA","county":"Iowa","geo_location":{ "type": "Point", "coordinates": [-91.8855, 41.8313] }},
{"zip_code":"52580","country":"US","city":"Packwood","state":"Iowa","state_ab":"IA","county":"Jefferson","geo_location":{ "type": "Point", "coordinates": [-92.0664, 41.1228] }},
{"zip_code":"52243","country":"US","city":"Iowa City","state":"Iowa","state_ab":"IA","county":"Johnson","geo_location":{ "type": "Point", "coordinates": [-91.6, 41.6427] }},
{"zip_code":"52319","country":"US","city":"Oakdale","state":"Iowa","state_ab":"IA","county":"Johnson","geo_location":{ "type": "Point", "coordinates": [-91.6, 41.6427] }},
{"zip_code":"52333","country":"US","city":"Solon","state":"Iowa","state_ab":"IA","county":"Johnson","geo_location":{ "type": "Point", "coordinates": [-91.5086, 41.8099] }},
{"zip_code":"52230","country":"US","city":"Hale","state":"Iowa","state_ab":"IA","county":"Jones County","geo_location":{ "type": "Point", "coordinates": [-91.059, 42.0125] }},
{"zip_code":"52320","country":"US","city":"Olin","state":"Iowa","state_ab":"IA","county":"Jones","geo_location":{ "type": "Point", "coordinates": [-91.1409, 41.9954] }},
{"zip_code":"50483","country":"US","city":"Wesley","state":"Iowa","state_ab":"IA","county":"Kossuth","geo_location":{ "type": "Point", "coordinates": [-94.0038, 43.0977] }},
{"zip_code":"50559","country":"US","city":"Lone Rock","state":"Iowa","state_ab":"IA","county":"Kossuth","geo_location":{ "type": "Point", "coordinates": [-94.3586, 43.1666] }},
{"zip_code":"50560","country":"US","city":"Lu Verne","state":"Iowa","state_ab":"IA","county":"Kossuth","geo_location":{ "type": "Point", "coordinates": [-94.0959, 42.9868] }},
{"zip_code":"52656","country":"US","city":"West Point","state":"Iowa","state_ab":"IA","county":"Lee","geo_location":{ "type": "Point", "coordinates": [-91.4397, 40.715] }},
{"zip_code":"52409","country":"US","city":"Cedar Rapids","state":"Iowa","state_ab":"IA","county":"Linn","geo_location":{ "type": "Point", "coordinates": [-91.5992, 42.0794] }},
{"zip_code":"52410","country":"US","city":"Cedar Rapids","state":"Iowa","state_ab":"IA","county":"Linn","geo_location":{ "type": "Point", "coordinates": [-91.5992, 42.0794] }},
{"zip_code":"51240","country":"US","city":"Inwood","state":"Iowa","state_ab":"IA","county":"Lyon","geo_location":{ "type": "Point", "coordinates": [-96.4363, 43.3047] }},
{"zip_code":"50119","country":"US","city":"Harvey","state":"Iowa","state_ab":"IA","county":"Marion","geo_location":{ "type": "Point", "coordinates": [-92.9318, 41.303] }},
{"zip_code":"50106","country":"US","city":"Gilman","state":"Iowa","state_ab":"IA","county":"Marshall","geo_location":{ "type": "Point", "coordinates": [-92.8101, 41.9012] }},
{"zip_code":"50120","country":"US","city":"Haverhill","state":"Iowa","state_ab":"IA","county":"Marshall","geo_location":{ "type": "Point", "coordinates": [-92.9829, 41.9337] }},
{"zip_code":"51059","country":"US","city":"Turin","state":"Iowa","state_ab":"IA","county":"Monona","geo_location":{ "type": "Point", "coordinates": [-95.9651, 42.0332] }},
{"zip_code":"51060","country":"US","city":"Ute","state":"Iowa","state_ab":"IA","county":"Monona","geo_location":{ "type": "Point", "coordinates": [-95.7125, 42.0581] }},
{"zip_code":"51523","country":"US","city":"Blencoe","state":"Iowa","state_ab":"IA","county":"Monona","geo_location":{ "type": "Point", "coordinates": [-96.0827, 41.9237] }},
{"zip_code":"52720","country":"US","city":"Atalissa","state":"Iowa","state_ab":"IA","county":"Muscatine","geo_location":{ "type": "Point", "coordinates": [-91.1748, 41.5614] }},
{"zip_code":"52759","country":"US","city":"Montpelier","state":"Iowa","state_ab":"IA","county":"Muscatine","geo_location":{ "type": "Point", "coordinates": [-90.8088, 41.4625] }},
{"zip_code":"52760","country":"US","city":"Moscow","state":"Iowa","state_ab":"IA","county":"Muscatine","geo_location":{ "type": "Point", "coordinates": [-91.0859, 41.5646] }},
{"zip_code":"51046","country":"US","city":"Paullina","state":"Iowa","state_ab":"IA","county":"O'Brien","geo_location":{ "type": "Point", "coordinates": [-95.7083, 42.9703] }},
{"zip_code":"51330","country":"US","city":"Allendorf","state":"Iowa","state_ab":"IA","county":"Osceola","geo_location":{ "type": "Point", "coordinates": [-95.6434, 43.4153] }},
{"zip_code":"51693","country":"US","city":"Shenandoah","state":"Iowa","state_ab":"IA","county":"Page County","geo_location":{ "type": "Point", "coordinates": [-95.3692, 40.7594] }},
{"zip_code":"50546","country":"US","city":"Havelock","state":"Iowa","state_ab":"IA","county":"Pocahontas","geo_location":{ "type": "Point", "coordinates": [-94.7252, 42.8411] }},
{"zip_code":"50573","country":"US","city":"Plover","state":"Iowa","state_ab":"IA","county":"Pocahontas","geo_location":{ "type": "Point", "coordinates": [-94.6197, 42.8648] }},
{"zip_code":"50313","country":"US","city":"Des Moines","state":"Iowa","state_ab":"IA","county":"Polk","geo_location":{ "type": "Point", "coordinates": [-93.6203, 41.6381] }},
{"zip_code":"50339","country":"US","city":"Des Moines","state":"Iowa","state_ab":"IA","county":"Polk","geo_location":{ "type": "Point", "coordinates": [-93.5722, 41.6727] }},
{"zip_code":"50340","country":"US","city":"Des Moines","state":"Iowa","state_ab":"IA","county":"Polk","geo_location":{ "type": "Point", "coordinates": [-93.5722, 41.6727] }},
{"zip_code":"50380","country":"US","city":"Des Moines","state":"Iowa","state_ab":"IA","county":"Polk","geo_location":{ "type": "Point", "coordinates": [-93.5722, 41.6727] }},
{"zip_code":"50393","country":"US","city":"Des Moines","state":"Iowa","state_ab":"IA","county":"Polk","geo_location":{ "type": "Point", "coordinates": [-93.5722, 41.6727] }},
{"zip_code":"51510","country":"US","city":"Carter Lake","state":"Iowa","state_ab":"IA","county":"Pottawattamie","geo_location":{ "type": "Point", "coordinates": [-95.9141, 41.2925] }},
{"zip_code":"51536","country":"US","city":"Hancock","state":"Iowa","state_ab":"IA","county":"Pottawattamie","geo_location":{ "type": "Point", "coordinates": [-95.3445, 41.3832] }},
{"zip_code":"51549","country":"US","city":"Macedonia","state":"Iowa","state_ab":"IA","county":"Pottawattamie","geo_location":{ "type": "Point", "coordinates": [-95.4314, 41.1916] }},
{"zip_code":"51576","country":"US","city":"Underwood","state":"Iowa","state_ab":"IA","county":"Pottawattamie","geo_location":{ "type": "Point", "coordinates": [-95.627, 41.3603] }},
{"zip_code":"50030","country":"US","city":"Beaconsfield","state":"Iowa","state_ab":"IA","county":"Ringgold County","geo_location":{ "type": "Point", "coordinates": [-94.0735, 40.7767] }},
{"zip_code":"50133","country":"US","city":"Kellerton","state":"Iowa","state_ab":"IA","county":"Ringgold","geo_location":{ "type": "Point", "coordinates": [-94.0607, 40.6861] }},
{"zip_code":"51433","country":"US","city":"Auburn","state":"Iowa","state_ab":"IA","county":"Sac","geo_location":{ "type": "Point", "coordinates": [-94.8711, 42.2763] }},
{"zip_code":"52746","country":"US","city":"Donahue","state":"Iowa","state_ab":"IA","county":"Scott","geo_location":{ "type": "Point", "coordinates": [-90.6829, 41.7093] }},
{"zip_code":"52773","country":"US","city":"Walcott","state":"Iowa","state_ab":"IA","county":"Scott","geo_location":{ "type": "Point", "coordinates": [-90.7256, 41.6453] }},
{"zip_code":"52809","country":"US","city":"Davenport","state":"Iowa","state_ab":"IA","county":"Scott","geo_location":{ "type": "Point", "coordinates": [-90.6063, 41.613] }},
{"zip_code":"51446","country":"US","city":"Irwin","state":"Iowa","state_ab":"IA","county":"Shelby","geo_location":{ "type": "Point", "coordinates": [-95.1919, 41.7751] }},
{"zip_code":"51239","country":"US","city":"Hull","state":"Iowa","state_ab":"IA","county":"Sioux","geo_location":{ "type": "Point", "coordinates": [-96.1392, 43.1952] }},
{"zip_code":"50056","country":"US","city":"Colo","state":"Iowa","state_ab":"IA","county":"Story","geo_location":{ "type": "Point", "coordinates": [-93.3071, 42.0131] }},
{"zip_code":"50236","country":"US","city":"Roland","state":"Iowa","state_ab":"IA","county":"Story","geo_location":{ "type": "Point", "coordinates": [-93.5063, 42.1646] }},
{"zip_code":"50173","country":"US","city":"Montour","state":"Iowa","state_ab":"IA","county":"Tama","geo_location":{ "type": "Point", "coordinates": [-92.7006, 41.9709] }},
{"zip_code":"50830","country":"US","city":"Afton","state":"Iowa","state_ab":"IA","county":"Union","geo_location":{ "type": "Point", "coordinates": [-94.194, 41.0401] }},
{"zip_code":"52553","country":"US","city":"Eddyville","state":"Iowa","state_ab":"IA","county":"Wapello","geo_location":{ "type": "Point", "coordinates": [-92.6221, 41.1533] }},
{"zip_code":"52566","country":"US","city":"Kirkville","state":"Iowa","state_ab":"IA","county":"Wapello","geo_location":{ "type": "Point", "coordinates": [-92.5006, 41.1438] }},
{"zip_code":"50160","country":"US","city":"Martensdale","state":"Iowa","state_ab":"IA","county":"Warren","geo_location":{ "type": "Point", "coordinates": [-93.7418, 41.3854] }},
{"zip_code":"50210","country":"US","city":"New Virginia","state":"Iowa","state_ab":"IA","county":"Warren","geo_location":{ "type": "Point", "coordinates": [-93.6976, 41.1883] }},
{"zip_code":"52359","country":"US","city":"West Chester","state":"Iowa","state_ab":"IA","county":"Washington","geo_location":{ "type": "Point", "coordinates": [-91.8075, 41.3585] }},
{"zip_code":"52540","country":"US","city":"Brighton","state":"Iowa","state_ab":"IA","county":"Washington","geo_location":{ "type": "Point", "coordinates": [-91.8284, 41.1543] }},
{"zip_code":"51019","country":"US","city":"Danbury","state":"Iowa","state_ab":"IA","county":"Woodbury","geo_location":{ "type": "Point", "coordinates": [-95.7263, 42.2693] }},
{"zip_code":"51109","country":"US","city":"Sioux City","state":"Iowa","state_ab":"IA","county":"Woodbury","geo_location":{ "type": "Point", "coordinates": [-96.4803, 42.5173] }},
{"zip_code":"51110","country":"US","city":"Sioux City","state":"Iowa","state_ab":"IA","county":"Woodbury County","geo_location":{ "type": "Point", "coordinates": [-96.372, 42.4011] }},
{"zip_code":"50456","country":"US","city":"Manly","state":"Iowa","state_ab":"IA","county":"Worth","geo_location":{ "type": "Point", "coordinates": [-93.2018, 43.2891] }},
{"zip_code":"50470","country":"US","city":"Rowan","state":"Iowa","state_ab":"IA","county":"Wright","geo_location":{ "type": "Point", "coordinates": [-93.557, 42.7596] }},
{"zip_code":"50533","country":"US","city":"Eagle Grove","state":"Iowa","state_ab":"IA","county":"Wright","geo_location":{ "type": "Point", "coordinates": [-93.9049, 42.6609] }},
{"zip_code":"50599","country":"US","city":"Woolstock","state":"Iowa","state_ab":"IA","county":"Wright","geo_location":{ "type": "Point", "coordinates": [-93.8216, 42.5844] }},
{"zip_code":"83616","country":"US","city":"Eagle","state":"Idaho","state_ab":"ID","county":"Ada","geo_location":{ "type": "Point", "coordinates": [-116.362, 43.7069] }},
{"zip_code":"83669","country":"US","city":"Star","state":"Idaho","state_ab":"ID","county":"Ada","geo_location":{ "type": "Point", "coordinates": [-116.4967, 43.7013] }},
{"zip_code":"83706","country":"US","city":"Boise","state":"Idaho","state_ab":"ID","county":"Ada","geo_location":{ "type": "Point", "coordinates": [-116.191, 43.5885] }},
{"zip_code":"83719","country":"US","city":"Boise","state":"Idaho","state_ab":"ID","county":"Ada","geo_location":{ "type": "Point", "coordinates": [-116.244, 43.4599] }},
{"zip_code":"83720","country":"US","city":"Boise","state":"Idaho","state_ab":"ID","county":"Ada","geo_location":{ "type": "Point", "coordinates": [-116.244, 43.4599] }},
{"zip_code":"83733","country":"US","city":"Boise","state":"Idaho","state_ab":"ID","county":"Ada","geo_location":{ "type": "Point", "coordinates": [-116.244, 43.4599] }},
{"zip_code":"83799","country":"US","city":"Boise","state":"Idaho","state_ab":"ID","county":"Ada","geo_location":{ "type": "Point", "coordinates": [-116.244, 43.4599] }},
{"zip_code":"83643","country":"US","city":"Mesa","state":"Idaho","state_ab":"ID","county":"Adams","geo_location":{ "type": "Point", "coordinates": [-116.4493, 44.6255] }},
{"zip_code":"83203","country":"US","city":"Fort Hall","state":"Idaho","state_ab":"ID","county":"Bingham","geo_location":{ "type": "Point", "coordinates": [-112.4285, 43.0331] }},
{"zip_code":"83256","country":"US","city":"Moreland","state":"Idaho","state_ab":"ID","county":"Bingham","geo_location":{ "type": "Point", "coordinates": [-112.4423, 43.2226] }},
{"zip_code":"83320","country":"US","city":"Carey","state":"Idaho","state_ab":"ID","county":"Blaine","geo_location":{ "type": "Point", "coordinates": [-113.8926, 43.2744] }},
{"zip_code":"83333","country":"US","city":"Hailey","state":"Idaho","state_ab":"ID","county":"Blaine","geo_location":{ "type": "Point", "coordinates": [-114.3064, 43.5239] }},
{"zip_code":"83629","country":"US","city":"Horseshoe Bend","state":"Idaho","state_ab":"ID","county":"Boise","geo_location":{ "type": "Point", "coordinates": [-116.1809, 43.9229] }},
{"zip_code":"83809","country":"US","city":"Careywood","state":"Idaho","state_ab":"ID","county":"Bonner","geo_location":{ "type": "Point", "coordinates": [-116.5939, 48.0482] }},
{"zip_code":"83836","country":"US","city":"Hope","state":"Idaho","state_ab":"ID","county":"Bonner","geo_location":{ "type": "Point", "coordinates": [-116.2795, 48.2444] }},
{"zip_code":"83449","country":"US","city":"Swan Valley","state":"Idaho","state_ab":"ID","county":"Bonneville","geo_location":{ "type": "Point", "coordinates": [-111.2794, 43.4058] }},
{"zip_code":"83630","country":"US","city":"Huston","state":"Idaho","state_ab":"ID","county":"Canyon","geo_location":{ "type": "Point", "coordinates": [-116.7903, 43.6027] }},
{"zip_code":"83656","country":"US","city":"Notus","state":"Idaho","state_ab":"ID","county":"Canyon","geo_location":{ "type": "Point", "coordinates": [-116.7997, 43.7259] }},
{"zip_code":"83230","country":"US","city":"Conda","state":"Idaho","state_ab":"ID","county":"Caribou","geo_location":{ "type": "Point", "coordinates": [-111.5967, 42.7191] }},
{"zip_code":"83346","country":"US","city":"Oakley","state":"Idaho","state_ab":"ID","county":"Cassia","geo_location":{ "type": "Point", "coordinates": [-113.872, 42.194] }},
{"zip_code":"83423","country":"US","city":"Dubois","state":"Idaho","state_ab":"ID","county":"Clark","geo_location":{ "type": "Point", "coordinates": [-112.3259, 44.1858] }},
{"zip_code":"83553","country":"US","city":"Weippe","state":"Idaho","state_ab":"ID","county":"Clearwater","geo_location":{ "type": "Point", "coordinates": [-115.9386, 46.3807] }},
{"zip_code":"83283","country":"US","city":"Thatcher","state":"Idaho","state_ab":"ID","county":"Franklin","geo_location":{ "type": "Point", "coordinates": [-111.6841, 42.3794] }},
{"zip_code":"83436","country":"US","city":"Newdale","state":"Idaho","state_ab":"ID","county":"Fremont","geo_location":{ "type": "Point", "coordinates": [-111.6042, 43.8881] }},
{"zip_code":"83670","country":"US","city":"Sweet","state":"Idaho","state_ab":"ID","county":"Gem","geo_location":{ "type": "Point", "coordinates": [-116.3232, 43.9948] }},
{"zip_code":"83526","country":"US","city":"Ferdinand","state":"Idaho","state_ab":"ID","county":"Idaho","geo_location":{ "type": "Point", "coordinates": [-116.3982, 46.1349] }},
{"zip_code":"83539","country":"US","city":"Kooskia","state":"Idaho","state_ab":"ID","county":"Idaho","geo_location":{ "type": "Point", "coordinates": [-115.9459, 46.116] }},
{"zip_code":"83450","country":"US","city":"Terreton","state":"Idaho","state_ab":"ID","county":"Jefferson","geo_location":{ "type": "Point", "coordinates": [-112.42, 43.8586] }},
{"zip_code":"83810","country":"US","city":"Cataldo","state":"Idaho","state_ab":"ID","county":"Kootenai","geo_location":{ "type": "Point", "coordinates": [-116.4431, 47.5522] }},
{"zip_code":"83876","country":"US","city":"Worley","state":"Idaho","state_ab":"ID","county":"Kootenai","geo_location":{ "type": "Point", "coordinates": [-116.9056, 47.4292] }},
{"zip_code":"83823","country":"US","city":"Deary","state":"Idaho","state_ab":"ID","county":"Latah","geo_location":{ "type": "Point", "coordinates": [-116.5238, 46.8061] }},
{"zip_code":"83229","country":"US","city":"Cobalt","state":"Idaho","state_ab":"ID","county":"Lemhi","geo_location":{ "type": "Point", "coordinates": [-113.8167, 44.9681] }},
{"zip_code":"83463","country":"US","city":"Gibbonsville","state":"Idaho","state_ab":"ID","county":"Lemhi","geo_location":{ "type": "Point", "coordinates": [-113.9913, 45.5704] }},
{"zip_code":"83540","country":"US","city":"Lapwai","state":"Idaho","state_ab":"ID","county":"Nez Perce","geo_location":{ "type": "Point", "coordinates": [-116.7902, 46.4124] }},
{"zip_code":"83243","country":"US","city":"Holbrook","state":"Idaho","state_ab":"ID","county":"Oneida","geo_location":{ "type": "Point", "coordinates": [-112.6934, 42.2221] }},
{"zip_code":"83849","country":"US","city":"Osburn","state":"Idaho","state_ab":"ID","county":"Shoshone","geo_location":{ "type": "Point", "coordinates": [-116.021, 47.5211] }},
{"zip_code":"83850","country":"US","city":"Pinehurst","state":"Idaho","state_ab":"ID","county":"Shoshone","geo_location":{ "type": "Point", "coordinates": [-116.2647, 47.5018] }},
{"zip_code":"62349","country":"US","city":"Loraine","state":"Illinois","state_ab":"IL","county":"Adams","geo_location":{ "type": "Point", "coordinates": [-91.213, 40.1532] }},
{"zip_code":"62376","country":"US","city":"Ursa","state":"Illinois","state_ab":"IL","county":"Adams","geo_location":{ "type": "Point", "coordinates": [-91.3733, 40.0809] }},
{"zip_code":"62929","country":"US","city":"Elco","state":"Illinois","state_ab":"IL","county":"Alexander County","geo_location":{ "type": "Point", "coordinates": [-89.2657, 37.3004] }},
{"zip_code":"62969","country":"US","city":"Olive Branch","state":"Illinois","state_ab":"IL","county":"Alexander","geo_location":{ "type": "Point", "coordinates": [-89.3537, 37.1674] }},
{"zip_code":"62246","country":"US","city":"Greenville","state":"Illinois","state_ab":"IL","county":"Bond","geo_location":{ "type": "Point", "coordinates": [-89.4052, 38.8933] }},
{"zip_code":"62273","country":"US","city":"Pierron","state":"Illinois","state_ab":"IL","county":"Bond","geo_location":{ "type": "Point", "coordinates": [-89.4449, 38.8845] }},
{"zip_code":"61320","country":"US","city":"Dalzell","state":"Illinois","state_ab":"IL","county":"Bureau","geo_location":{ "type": "Point", "coordinates": [-89.1705, 41.3547] }},
{"zip_code":"61346","country":"US","city":"New Bedford","state":"Illinois","state_ab":"IL","county":"Bureau","geo_location":{ "type": "Point", "coordinates": [-89.7199, 41.5122] }},
{"zip_code":"61359","country":"US","city":"Seatonville","state":"Illinois","state_ab":"IL","county":"Bureau","geo_location":{ "type": "Point", "coordinates": [-89.2691, 41.3613] }},
{"zip_code":"62013","country":"US","city":"Brussels","state":"Illinois","state_ab":"IL","county":"Calhoun","geo_location":{ "type": "Point", "coordinates": [-90.5968, 38.9255] }},
{"zip_code":"62053","country":"US","city":"Kampsville","state":"Illinois","state_ab":"IL","county":"Calhoun","geo_location":{ "type": "Point", "coordinates": [-90.6269, 39.3064] }},
{"zip_code":"60949","country":"US","city":"Ludlow","state":"Illinois","state_ab":"IL","county":"Champaign","geo_location":{ "type": "Point", "coordinates": [-88.138, 40.3747] }},
{"zip_code":"61849","country":"US","city":"Homer","state":"Illinois","state_ab":"IL","county":"Champaign","geo_location":{ "type": "Point", "coordinates": [-87.9627, 40.0346] }},
{"zip_code":"61863","country":"US","city":"Pesotum","state":"Illinois","state_ab":"IL","county":"Champaign","geo_location":{ "type": "Point", "coordinates": [-88.2743, 39.9151] }},
{"zip_code":"62556","country":"US","city":"Palmer","state":"Illinois","state_ab":"IL","county":"Christian","geo_location":{ "type": "Point", "coordinates": [-89.3733, 39.4699] }},
{"zip_code":"62570","country":"US","city":"Tovey","state":"Illinois","state_ab":"IL","county":"Christian","geo_location":{ "type": "Point", "coordinates": [-89.4495, 39.588] }},
{"zip_code":"62839","country":"US","city":"Flora","state":"Illinois","state_ab":"IL","county":"Clay","geo_location":{ "type": "Point", "coordinates": [-88.4919, 38.6703] }},
{"zip_code":"62879","country":"US","city":"Sailor Springs","state":"Illinois","state_ab":"IL","county":"Clay","geo_location":{ "type": "Point", "coordinates": [-88.4736, 38.7573] }},
{"zip_code":"62219","country":"US","city":"Beckemeyer","state":"Illinois","state_ab":"IL","county":"Clinton","geo_location":{ "type": "Point", "coordinates": [-89.4319, 38.6058] }},
{"zip_code":"62440","country":"US","city":"Lerna","state":"Illinois","state_ab":"IL","county":"Coles","geo_location":{ "type": "Point", "coordinates": [-88.253, 39.3958] }},
{"zip_code":"60006","country":"US","city":"Arlington Heights","state":"Illinois","state_ab":"IL","county":"Cook","geo_location":{ "type": "Point", "coordinates": [-87.6873, 41.8119] }},
{"zip_code":"60019","country":"US","city":"Des Plaines","state":"Illinois","state_ab":"IL","county":"Cook","geo_location":{ "type": "Point", "coordinates": [-87.9071, 42.0243] }},
{"zip_code":"60163","country":"US","city":"Berkeley","state":"Illinois","state_ab":"IL","county":"Cook","geo_location":{ "type": "Point", "coordinates": [-87.909, 41.8888] }},
{"zip_code":"60176","country":"US","city":"Schiller Park","state":"Illinois","state_ab":"IL","county":"Cook","geo_location":{ "type": "Point", "coordinates": [-87.8692, 41.9563] }},
{"zip_code":"60303","country":"US","city":"Oak Park","state":"Illinois","state_ab":"IL","county":"Cook","geo_location":{ "type": "Point", "coordinates": [-87.6873, 41.8119] }},
{"zip_code":"60406","country":"US","city":"Blue Island","state":"Illinois","state_ab":"IL","county":"Cook","geo_location":{ "type": "Point", "coordinates": [-87.6795, 41.6582] }},
{"zip_code":"60419","country":"US","city":"Dolton","state":"Illinois","state_ab":"IL","county":"Cook","geo_location":{ "type": "Point", "coordinates": [-87.598, 41.6257] }},
{"zip_code":"60459","country":"US","city":"Burbank","state":"Illinois","state_ab":"IL","county":"Cook","geo_location":{ "type": "Point", "coordinates": [-87.7699, 41.7447] }},
{"zip_code":"60473","country":"US","city":"South Holland","state":"Illinois","state_ab":"IL","county":"Cook","geo_location":{ "type": "Point", "coordinates": [-87.5938, 41.5979] }},
{"zip_code":"60499","country":"US","city":"Bedford Park","state":"Illinois","state_ab":"IL","county":"Cook","geo_location":{ "type": "Point", "coordinates": [-87.6873, 41.8119] }},
{"zip_code":"60613","country":"US","city":"Chicago","state":"Illinois","state_ab":"IL","county":"Cook","geo_location":{ "type": "Point", "coordinates": [-87.6575, 41.9543] }},
{"zip_code":"60626","country":"US","city":"Chicago","state":"Illinois","state_ab":"IL","county":"Cook","geo_location":{ "type": "Point", "coordinates": [-87.6689, 42.0095] }},
{"zip_code":"60639","country":"US","city":"Chicago","state":"Illinois","state_ab":"IL","county":"Cook","geo_location":{ "type": "Point", "coordinates": [-87.7535, 41.9202] }},
{"zip_code":"60640","country":"US","city":"Chicago","state":"Illinois","state_ab":"IL","county":"Cook","geo_location":{ "type": "Point", "coordinates": [-87.6624, 41.9719] }},
{"zip_code":"60653","country":"US","city":"Chicago","state":"Illinois","state_ab":"IL","county":"Cook","geo_location":{ "type": "Point", "coordinates": [-87.6126, 41.8196] }},
{"zip_code":"60666","country":"US","city":"Amf Ohare","state":"Illinois","state_ab":"IL","county":"Cook","geo_location":{ "type": "Point", "coordinates": [-87.8912, 41.968] }},
{"zip_code":"60680","country":"US","city":"Chicago","state":"Illinois","state_ab":"IL","county":"Cook","geo_location":{ "type": "Point", "coordinates": [-87.6873, 41.8119] }},
{"zip_code":"60693","country":"US","city":"Chicago","state":"Illinois","state_ab":"IL","county":"Cook","geo_location":{ "type": "Point", "coordinates": [-87.7179, 42.0964] }},
{"zip_code":"62413","country":"US","city":"Annapolis","state":"Illinois","state_ab":"IL","county":"Crawford","geo_location":{ "type": "Point", "coordinates": [-87.8029, 39.1179] }},
{"zip_code":"60150","country":"US","city":"Malta","state":"Illinois","state_ab":"IL","county":"DeKalb","geo_location":{ "type": "Point", "coordinates": [-88.8688, 41.9183] }},
{"zip_code":"60550","country":"US","city":"Shabbona","state":"Illinois","state_ab":"IL","county":"DeKalb","geo_location":{ "type": "Point", "coordinates": [-88.8752, 41.7638] }},
{"zip_code":"61913","country":"US","city":"Atwood","state":"Illinois","state_ab":"IL","county":"Douglas","geo_location":{ "type": "Point", "coordinates": [-88.4494, 39.8044] }},
{"zip_code":"61953","country":"US","city":"Tuscola","state":"Illinois","state_ab":"IL","county":"Douglas","geo_location":{ "type": "Point", "coordinates": [-88.2816, 39.7995] }},
{"zip_code":"60189","country":"US","city":"Wheaton","state":"Illinois","state_ab":"IL","county":"DuPage","geo_location":{ "type": "Point", "coordinates": [-88.0887, 41.8397] }},
{"zip_code":"60190","country":"US","city":"Winfield","state":"Illinois","state_ab":"IL","county":"DuPage","geo_location":{ "type": "Point", "coordinates": [-88.1516, 41.8744] }},
{"zip_code":"60523","country":"US","city":"Oak Brook","state":"Illinois","state_ab":"IL","county":"DuPage","geo_location":{ "type": "Point", "coordinates": [-87.9638, 41.8371] }},
{"zip_code":"60563","country":"US","city":"Naperville","state":"Illinois","state_ab":"IL","county":"DuPage","geo_location":{ "type": "Point", "coordinates": [-88.169, 41.7895] }},
{"zip_code":"61940","country":"US","city":"Metcalf","state":"Illinois","state_ab":"IL","county":"Edgar","geo_location":{ "type": "Point", "coordinates": [-87.7955, 39.8008] }},
{"zip_code":"62426","country":"US","city":"Edgewood","state":"Illinois","state_ab":"IL","county":"Effingham","geo_location":{ "type": "Point", "coordinates": [-88.6645, 38.9021] }},
{"zip_code":"62080","country":"US","city":"Ramsey","state":"Illinois","state_ab":"IL","county":"Fayette","geo_location":{ "type": "Point", "coordinates": [-89.1051, 39.0781] }},
{"zip_code":"62880","country":"US","city":"Saint Peter","state":"Illinois","state_ab":"IL","county":"Fayette","geo_location":{ "type": "Point", "coordinates": [-88.856, 38.8697] }},
{"zip_code":"60936","country":"US","city":"Gibson City","state":"Illinois","state_ab":"IL","county":"Ford","geo_location":{ "type": "Point", "coordinates": [-88.3609, 40.4659] }},
{"zip_code":"61773","country":"US","city":"Sibley","state":"Illinois","state_ab":"IL","county":"Ford","geo_location":{ "type": "Point", "coordinates": [-88.3815, 40.5823] }},
{"zip_code":"62840","country":"US","city":"Frankfort Heights","state":"Illinois","state_ab":"IL","county":"Franklin","geo_location":{ "type": "Point", "coordinates": [-88.9417, 37.9943] }},
{"zip_code":"62983","country":"US","city":"Royalton","state":"Illinois","state_ab":"IL","county":"Franklin","geo_location":{ "type": "Point", "coordinates": [-89.1141, 37.879] }},
{"zip_code":"61553","country":"US","city":"Norris","state":"Illinois","state_ab":"IL","county":"Fulton","geo_location":{ "type": "Point", "coordinates": [-90.0323, 40.6259] }},
{"zip_code":"61450","country":"US","city":"La Harpe","state":"Illinois","state_ab":"IL","county":"Hancock","geo_location":{ "type": "Point", "coordinates": [-90.9687, 40.5846] }},
{"zip_code":"62310","country":"US","city":"Adrian","state":"Illinois","state_ab":"IL","county":"Hancock","geo_location":{ "type": "Point", "coordinates": [-91.2058, 40.4161] }},
{"zip_code":"62336","country":"US","city":"Ferris","state":"Illinois","state_ab":"IL","county":"Hancock","geo_location":{ "type": "Point", "coordinates": [-91.171, 40.4682] }},
{"zip_code":"61490","country":"US","city":"Woodhull","state":"Illinois","state_ab":"IL","county":"Henry","geo_location":{ "type": "Point", "coordinates": [-90.2833, 41.1849] }},
{"zip_code":"62903","country":"US","city":"Carbondale","state":"Illinois","state_ab":"IL","county":"Jackson","geo_location":{ "type": "Point", "coordinates": [-89.2778, 37.6704] }},
{"zip_code":"62916","country":"US","city":"Campbell Hill","state":"Illinois","state_ab":"IL","county":"Jackson","geo_location":{ "type": "Point", "coordinates": [-89.5799, 37.9228] }},
{"zip_code":"62479","country":"US","city":"Wheeler","state":"Illinois","state_ab":"IL","county":"Jasper","geo_location":{ "type": "Point", "coordinates": [-88.3175, 39.0182] }},
{"zip_code":"62480","country":"US","city":"Willow Hill","state":"Illinois","state_ab":"IL","county":"Jasper","geo_location":{ "type": "Point", "coordinates": [-88.0172, 38.9757] }},
{"zip_code":"62866","country":"US","city":"Nason","state":"Illinois","state_ab":"IL","county":"Jefferson","geo_location":{ "type": "Point", "coordinates": [-88.9676, 38.1654] }},
{"zip_code":"61036","country":"US","city":"Galena","state":"Illinois","state_ab":"IL","county":"Jo Daviess","geo_location":{ "type": "Point", "coordinates": [-90.4195, 42.4182] }},
{"zip_code":"62943","country":"US","city":"Grantsburg","state":"Illinois","state_ab":"IL","county":"Johnson","geo_location":{ "type": "Point", "coordinates": [-88.7583, 37.3794] }},
{"zip_code":"60109","country":"US","city":"Burlington","state":"Illinois","state_ab":"IL","county":"Kane","geo_location":{ "type": "Point", "coordinates": [-88.539, 42.0458] }},
{"zip_code":"60110","country":"US","city":"Carpentersville","state":"Illinois","state_ab":"IL","county":"Kane","geo_location":{ "type": "Point", "coordinates": [-88.2606, 42.123] }},
{"zip_code":"60123","country":"US","city":"Elgin","state":"Illinois","state_ab":"IL","county":"Kane","geo_location":{ "type": "Point", "coordinates": [-88.3186, 42.0376] }},
{"zip_code":"60136","country":"US","city":"Gilberts","state":"Illinois","state_ab":"IL","county":"Kane","geo_location":{ "type": "Point", "coordinates": [-88.3691, 42.0984] }},
{"zip_code":"60510","country":"US","city":"Batavia","state":"Illinois","state_ab":"IL","county":"Kane","geo_location":{ "type": "Point", "coordinates": [-88.3098, 41.8482] }},
{"zip_code":"60910","country":"US","city":"Aroma Park","state":"Illinois","state_ab":"IL","county":"Kankakee","geo_location":{ "type": "Point", "coordinates": [-87.6843, 41.0916] }},
{"zip_code":"60950","country":"US","city":"Manteno","state":"Illinois","state_ab":"IL","county":"Kankakee","geo_location":{ "type": "Point", "coordinates": [-87.8468, 41.2514] }},
{"zip_code":"60536","country":"US","city":"Millbrook","state":"Illinois","state_ab":"IL","county":"Kendall","geo_location":{ "type": "Point", "coordinates": [-88.562, 41.5903] }},
{"zip_code":"61410","country":"US","city":"Abingdon","state":"Illinois","state_ab":"IL","county":"Knox","geo_location":{ "type": "Point", "coordinates": [-90.4009, 40.8023] }},
{"zip_code":"61436","country":"US","city":"Gilson","state":"Illinois","state_ab":"IL","county":"Knox","geo_location":{ "type": "Point", "coordinates": [-90.1747, 40.8765] }},
{"zip_code":"61489","country":"US","city":"Williamsfield","state":"Illinois","state_ab":"IL","county":"Knox","geo_location":{ "type": "Point", "coordinates": [-90.0267, 40.9277] }},
{"zip_code":"60020","country":"US","city":"Fox Lake","state":"Illinois","state_ab":"IL","county":"Lake","geo_location":{ "type": "Point", "coordinates": [-88.1648, 42.3937] }},
{"zip_code":"60046","country":"US","city":"Lake Villa","state":"Illinois","state_ab":"IL","county":"Lake","geo_location":{ "type": "Point", "coordinates": [-87.9991, 42.3813] }},
{"zip_code":"60060","country":"US","city":"Mundelein","state":"Illinois","state_ab":"IL","county":"Lake","geo_location":{ "type": "Point", "coordinates": [-88.0048, 42.2636] }},
{"zip_code":"60073","country":"US","city":"Round Lake","state":"Illinois","state_ab":"IL","county":"Lake","geo_location":{ "type": "Point", "coordinates": [-88.0888, 42.3668] }},
{"zip_code":"60086","country":"US","city":"North Chicago","state":"Illinois","state_ab":"IL","county":"Lake","geo_location":{ "type": "Point", "coordinates": [-87.7766, 42.4333] }},
{"zip_code":"60099","country":"US","city":"Zion","state":"Illinois","state_ab":"IL","county":"Lake","geo_location":{ "type": "Point", "coordinates": [-87.8389, 42.4442] }},
{"zip_code":"60549","country":"US","city":"Serena","state":"Illinois","state_ab":"IL","county":"La Salle","geo_location":{ "type": "Point", "coordinates": [-88.7509, 41.4995] }},
{"zip_code":"61360","country":"US","city":"Seneca","state":"Illinois","state_ab":"IL","county":"La Salle","geo_location":{ "type": "Point", "coordinates": [-88.61, 41.3152] }},
{"zip_code":"61373","country":"US","city":"Utica","state":"Illinois","state_ab":"IL","county":"La Salle","geo_location":{ "type": "Point", "coordinates": [-89.0008, 41.363] }},
{"zip_code":"62439","country":"US","city":"Lawrenceville","state":"Illinois","state_ab":"IL","county":"Lawrence","geo_location":{ "type": "Point", "coordinates": [-87.6784, 38.7309] }},
{"zip_code":"62466","country":"US","city":"Sumner","state":"Illinois","state_ab":"IL","county":"Lawrence","geo_location":{ "type": "Point", "coordinates": [-87.8638, 38.7171] }},
{"zip_code":"60420","country":"US","city":"Dwight","state":"Illinois","state_ab":"IL","county":"Livingston","geo_location":{ "type": "Point", "coordinates": [-88.4159, 41.0887] }},
{"zip_code":"60460","country":"US","city":"Odell","state":"Illinois","state_ab":"IL","county":"Livingston","geo_location":{ "type": "Point", "coordinates": [-88.5156, 41.0238] }},
{"zip_code":"61319","country":"US","city":"Cornell","state":"Illinois","state_ab":"IL","county":"Livingston","geo_location":{ "type": "Point", "coordinates": [-88.7668, 41.031] }},
{"zip_code":"61333","country":"US","city":"Long Point","state":"Illinois","state_ab":"IL","county":"Livingston","geo_location":{ "type": "Point", "coordinates": [-88.8811, 40.9896] }},
{"zip_code":"62543","country":"US","city":"Latham","state":"Illinois","state_ab":"IL","county":"Logan","geo_location":{ "type": "Point", "coordinates": [-89.1725, 39.9711] }},
{"zip_code":"60033","country":"US","city":"Harvard","state":"Illinois","state_ab":"IL","county":"McHenry","geo_location":{ "type": "Point", "coordinates": [-88.6048, 42.4227] }},
{"zip_code":"61720","country":"US","city":"Anchor","state":"Illinois","state_ab":"IL","county":"McLean","geo_location":{ "type": "Point", "coordinates": [-88.5266, 40.5441] }},
{"zip_code":"66286","country":"US","city":"Shawnee Mission","state":"Kansas","state_ab":"KS","county":"Johnson","geo_location":{ "type": "Point", "coordinates": [-94.832, 38.8999] }},
{"zip_code":"67159","country":"US","city":"Zenda","state":"Kansas","state_ab":"KS","county":"Kingman","geo_location":{ "type": "Point", "coordinates": [-98.2874, 37.4373] }},
{"zip_code":"66040","country":"US","city":"La Cygne","state":"Kansas","state_ab":"KS","county":"Linn","geo_location":{ "type": "Point", "coordinates": [-94.7593, 38.3434] }},
{"zip_code":"67443","country":"US","city":"Galva","state":"Kansas","state_ab":"KS","county":"McPherson","geo_location":{ "type": "Point", "coordinates": [-97.5359, 38.3824] }},
{"zip_code":"67456","country":"US","city":"Lindsborg","state":"Kansas","state_ab":"KS","county":"McPherson","geo_location":{ "type": "Point", "coordinates": [-97.6739, 38.5761] }},
{"zip_code":"67546","country":"US","city":"Inman","state":"Kansas","state_ab":"KS","county":"McPherson","geo_location":{ "type": "Point", "coordinates": [-97.7951, 38.2232] }},
{"zip_code":"66840","country":"US","city":"Burns","state":"Kansas","state_ab":"KS","county":"Marion","geo_location":{ "type": "Point", "coordinates": [-96.8634, 38.1222] }},
{"zip_code":"66866","country":"US","city":"Peabody","state":"Kansas","state_ab":"KS","county":"Marion","geo_location":{ "type": "Point", "coordinates": [-97.1184, 38.1737] }},
{"zip_code":"67483","country":"US","city":"Tampa","state":"Kansas","state_ab":"KS","county":"Marion","geo_location":{ "type": "Point", "coordinates": [-97.1774, 38.5534] }},
{"zip_code":"67869","country":"US","city":"Plains","state":"Kansas","state_ab":"KS","county":"Meade","geo_location":{ "type": "Point", "coordinates": [-100.5732, 37.2701] }},
{"zip_code":"66013","country":"US","city":"Bucyrus","state":"Kansas","state_ab":"KS","county":"Miami","geo_location":{ "type": "Point", "coordinates": [-94.6887, 38.7283] }},
{"zip_code":"66026","country":"US","city":"Fontana","state":"Kansas","state_ab":"KS","county":"Miami","geo_location":{ "type": "Point", "coordinates": [-94.8718, 38.4102] }},
{"zip_code":"66053","country":"US","city":"Louisburg","state":"Kansas","state_ab":"KS","county":"Miami","geo_location":{ "type": "Point", "coordinates": [-94.6829, 38.6073] }},
{"zip_code":"67429","country":"US","city":"Carlton","state":"Kansas","state_ab":"KS","county":"Mitchell County","geo_location":{ "type": "Point", "coordinates": [-97.3064, 38.6715] }},
{"zip_code":"67430","country":"US","city":"Cawker City","state":"Kansas","state_ab":"KS","county":"Mitchell","geo_location":{ "type": "Point", "coordinates": [-98.4335, 39.5115] }},
{"zip_code":"67340","country":"US","city":"Dearing","state":"Kansas","state_ab":"KS","county":"Montgomery","geo_location":{ "type": "Point", "coordinates": [-95.7131, 37.0596] }},
{"zip_code":"66776","country":"US","city":"Thayer","state":"Kansas","state_ab":"KS","county":"Neosho","geo_location":{ "type": "Point", "coordinates": [-95.4671, 37.4527] }},
{"zip_code":"67560","country":"US","city":"Ness City","state":"Kansas","state_ab":"KS","county":"Ness","geo_location":{ "type": "Point", "coordinates": [-99.9029, 38.4388] }},
{"zip_code":"67636","country":"US","city":"Edmond","state":"Kansas","state_ab":"KS","county":"Norton County","geo_location":{ "type": "Point", "coordinates": [-99.7528, 39.6745] }},
{"zip_code":"66413","country":"US","city":"Burlingame","state":"Kansas","state_ab":"KS","county":"Osage","geo_location":{ "type": "Point", "coordinates": [-95.84, 38.7634] }},
{"zip_code":"66543","country":"US","city":"Vassar","state":"Kansas","state_ab":"KS","county":"Osage","geo_location":{ "type": "Point", "coordinates": [-95.6012, 38.6419] }},
{"zip_code":"67623","country":"US","city":"Alton","state":"Kansas","state_ab":"KS","county":"Osborne","geo_location":{ "type": "Point", "coordinates": [-98.9539, 39.4514] }},
{"zip_code":"66426","country":"US","city":"Fostoria","state":"Kansas","state_ab":"KS","county":"Pottawatomie","geo_location":{ "type": "Point", "coordinates": [-96.5068, 39.4398] }},
{"zip_code":"67739","country":"US","city":"Herndon","state":"Kansas","state_ab":"KS","county":"Rawlins","geo_location":{ "type": "Point", "coordinates": [-100.8139, 39.9036] }},
{"zip_code":"66930","country":"US","city":"Agenda","state":"Kansas","state_ab":"KS","county":"Republic","geo_location":{ "type": "Point", "coordinates": [-97.4465, 39.7044] }},
{"zip_code":"67573","country":"US","city":"Raymond","state":"Kansas","state_ab":"KS","county":"Rice","geo_location":{ "type": "Point", "coordinates": [-98.4119, 38.2877] }},
{"zip_code":"66503","country":"US","city":"Manhattan","state":"Kansas","state_ab":"KS","county":"Riley","geo_location":{ "type": "Point", "coordinates": [-96.6336, 39.2458] }},
{"zip_code":"67663","country":"US","city":"Plainville","state":"Kansas","state_ab":"KS","county":"Rooks","geo_location":{ "type": "Point", "coordinates": [-99.3008, 39.2308] }},
{"zip_code":"67520","country":"US","city":"Bison","state":"Kansas","state_ab":"KS","county":"Rush","geo_location":{ "type": "Point", "coordinates": [-99.1986, 38.5193] }},
{"zip_code":"67559","country":"US","city":"Nekoma","state":"Kansas","state_ab":"KS","county":"Rush","geo_location":{ "type": "Point", "coordinates": [-99.4234, 38.4372] }},
{"zip_code":"67649","country":"US","city":"Luray","state":"Kansas","state_ab":"KS","county":"Russell","geo_location":{ "type": "Point", "coordinates": [-98.6851, 39.1039] }},
{"zip_code":"67416","country":"US","city":"Assaria","state":"Kansas","state_ab":"KS","county":"Saline","geo_location":{ "type": "Point", "coordinates": [-97.6203, 38.6676] }},
{"zip_code":"67470","country":"US","city":"New Cambria","state":"Kansas","state_ab":"KS","county":"Saline","geo_location":{ "type": "Point", "coordinates": [-97.523, 38.896] }},
{"zip_code":"67016","country":"US","city":"Bentley","state":"Kansas","state_ab":"KS","county":"Sedgwick","geo_location":{ "type": "Point", "coordinates": [-97.5166, 37.8866] }},
{"zip_code":"67030","country":"US","city":"Colwich","state":"Kansas","state_ab":"KS","county":"Sedgwick","geo_location":{ "type": "Point", "coordinates": [-97.5405, 37.7782] }},
{"zip_code":"67120","country":"US","city":"Peck","state":"Kansas","state_ab":"KS","county":"Sedgwick","geo_location":{ "type": "Point", "coordinates": [-97.3408, 37.5054] }},
{"zip_code":"67209","country":"US","city":"Wichita","state":"Kansas","state_ab":"KS","county":"Sedgwick","geo_location":{ "type": "Point", "coordinates": [-97.4235, 37.6779] }},
{"zip_code":"67210","country":"US","city":"Wichita","state":"Kansas","state_ab":"KS","county":"Sedgwick","geo_location":{ "type": "Point", "coordinates": [-97.2613, 37.6379] }},
{"zip_code":"67223","country":"US","city":"Wichita","state":"Kansas","state_ab":"KS","county":"Sedgwick","geo_location":{ "type": "Point", "coordinates": [-97.499, 37.7367] }},
{"zip_code":"67236","country":"US","city":"Wichita","state":"Kansas","state_ab":"KS","county":"Sedgwick","geo_location":{ "type": "Point", "coordinates": [-97.2871, 37.5422] }},
{"zip_code":"67276","country":"US","city":"Wichita","state":"Kansas","state_ab":"KS","county":"Sedgwick","geo_location":{ "type": "Point", "coordinates": [-97.4804, 37.6936] }},
{"zip_code":"66606","country":"US","city":"Topeka","state":"Kansas","state_ab":"KS","county":"Shawnee","geo_location":{ "type": "Point", "coordinates": [-95.7095, 39.0583] }},
{"zip_code":"66619","country":"US","city":"Topeka","state":"Kansas","state_ab":"KS","county":"Shawnee","geo_location":{ "type": "Point", "coordinates": [-95.7236, 38.9536] }},
{"zip_code":"66620","country":"US","city":"Topeka","state":"Kansas","state_ab":"KS","county":"Shawnee","geo_location":{ "type": "Point", "coordinates": [-95.7697, 39.0429] }},
{"zip_code":"66686","country":"US","city":"Topeka","state":"Kansas","state_ab":"KS","county":"Shawnee","geo_location":{ "type": "Point", "coordinates": [-95.7697, 39.0429] }},
{"zip_code":"66699","country":"US","city":"Topeka","state":"Kansas","state_ab":"KS","county":"Shawnee","geo_location":{ "type": "Point", "coordinates": [-95.7697, 39.0429] }},
{"zip_code":"67740","country":"US","city":"Hoxie","state":"Kansas","state_ab":"KS","county":"Sheridan","geo_location":{ "type": "Point", "coordinates": [-100.4758, 39.3322] }},
{"zip_code":"67106","country":"US","city":"Milton","state":"Kansas","state_ab":"KS","county":"Sumner","geo_location":{ "type": "Point", "coordinates": [-97.7592, 37.4401] }},
{"zip_code":"67119","country":"US","city":"Oxford","state":"Kansas","state_ab":"KS","county":"Sumner","geo_location":{ "type": "Point", "coordinates": [-97.1761, 37.2653] }},
{"zip_code":"67753","country":"US","city":"Rexford","state":"Kansas","state_ab":"KS","county":"Thomas","geo_location":{ "type": "Point", "coordinates": [-100.7461, 39.4267] }},
{"zip_code":"66943","country":"US","city":"Greenleaf","state":"Kansas","state_ab":"KS","county":"Washington","geo_location":{ "type": "Point", "coordinates": [-96.9775, 39.7061] }},
{"zip_code":"66710","country":"US","city":"Altoona","state":"Kansas","state_ab":"KS","county":"Wilson","geo_location":{ "type": "Point", "coordinates": [-95.6483, 37.5197] }},
{"zip_code":"66736","country":"US","city":"Fredonia","state":"Kansas","state_ab":"KS","county":"Wilson","geo_location":{ "type": "Point", "coordinates": [-95.7484, 37.5717] }},
{"zip_code":"66103","country":"US","city":"Kansas City","state":"Kansas","state_ab":"KS","county":"Wyandotte","geo_location":{ "type": "Point", "coordinates": [-94.6282, 39.0668] }},
{"zip_code":"42730","country":"US","city":"Cundiff","state":"Kentucky","state_ab":"KY","county":"Adair County","geo_location":{ "type": "Point", "coordinates": [-85.2551, 36.9501] }},
{"zip_code":"42150","country":"US","city":"Halfway","state":"Kentucky","state_ab":"KY","county":"Allen","geo_location":{ "type": "Point", "coordinates": [-86.1841, 36.7821] }},
{"zip_code":"42060","country":"US","city":"Lovelaceville","state":"Kentucky","state_ab":"KY","county":"Ballard","geo_location":{ "type": "Point", "coordinates": [-88.8364, 36.9637] }},
{"zip_code":"42123","country":"US","city":"Austin","state":"Kentucky","state_ab":"KY","county":"Barren","geo_location":{ "type": "Point", "coordinates": [-85.985, 36.8124] }},
{"zip_code":"40813","country":"US","city":"Calvin","state":"Kentucky","state_ab":"KY","county":"Bell","geo_location":{ "type": "Point", "coordinates": [-83.6405, 36.7146] }},
{"zip_code":"40440","country":"US","city":"Junction City","state":"Kentucky","state_ab":"KY","county":"Boyle","geo_location":{ "type": "Point", "coordinates": [-84.8028, 37.5822] }},
{"zip_code":"41043","country":"US","city":"Foster","state":"Kentucky","state_ab":"KY","county":"Bracken","geo_location":{ "type": "Point", "coordinates": [-84.1566, 38.7506] }},
{"zip_code":"41339","country":"US","city":"Jackson","state":"Kentucky","state_ab":"KY","county":"Breathitt","geo_location":{ "type": "Point", "coordinates": [-83.2913, 37.4868] }},
{"zip_code":"41340","country":"US","city":"Lambric","state":"Kentucky","state_ab":"KY","county":"Breathitt County","geo_location":{ "type": "Point", "coordinates": [-83.0517, 37.5565] }},
{"zip_code":"41366","country":"US","city":"Rousseau","state":"Kentucky","state_ab":"KY","county":"Breathitt","geo_location":{ "type": "Point", "coordinates": [-83.2187, 37.5946] }},
{"zip_code":"40143","country":"US","city":"Hardinsburg","state":"Kentucky","state_ab":"KY","county":"Breckinridge","geo_location":{ "type": "Point", "coordinates": [-86.4537, 37.7512] }},
{"zip_code":"40170","country":"US","city":"Stephensport","state":"Kentucky","state_ab":"KY","county":"Breckinridge","geo_location":{ "type": "Point", "coordinates": [-86.524, 37.9048] }},
{"zip_code":"40129","country":"US","city":"Hillview","state":"Kentucky","state_ab":"KY","county":"Bullitt County","geo_location":{ "type": "Point", "coordinates": [-85.6774, 38.0764] }},
{"zip_code":"42020","country":"US","city":"Almo","state":"Kentucky","state_ab":"KY","county":"Calloway","geo_location":{ "type": "Point", "coordinates": [-88.2929, 36.6923] }},
{"zip_code":"42046","country":"US","city":"Hamlin","state":"Kentucky","state_ab":"KY","county":"Calloway","geo_location":{ "type": "Point", "coordinates": [-88.0923, 36.6033] }},
{"zip_code":"41083","country":"US","city":"Sanders","state":"Kentucky","state_ab":"KY","county":"Carroll","geo_location":{ "type": "Point", "coordinates": [-84.9732, 38.661] }},
{"zip_code":"41146","country":"US","city":"Hitchins","state":"Kentucky","state_ab":"KY","county":"Carter","geo_location":{ "type": "Point", "coordinates": [-82.8982, 38.2766] }},
{"zip_code":"41173","country":"US","city":"Soldier","state":"Kentucky","state_ab":"KY","county":"Carter","geo_location":{ "type": "Point", "coordinates": [-83.2847, 38.262] }},
{"zip_code":"42240","country":"US","city":"Hopkinsville","state":"Kentucky","state_ab":"KY","county":"Christian","geo_location":{ "type": "Point", "coordinates": [-87.4851, 36.8621] }},
{"zip_code":"42266","country":"US","city":"Pembroke","state":"Kentucky","state_ab":"KY","county":"Christian","geo_location":{ "type": "Point", "coordinates": [-87.3319, 36.7982] }},
{"zip_code":"40983","country":"US","city":"Sextons Creek","state":"Kentucky","state_ab":"KY","county":"Clay","geo_location":{ "type": "Point", "coordinates": [-83.7666, 37.333] }},
{"zip_code":"42033","country":"US","city":"Crayne","state":"Kentucky","state_ab":"KY","county":"Crittenden","geo_location":{ "type": "Point", "coordinates": [-88.0796, 37.3365] }},
{"zip_code":"42303","country":"US","city":"Owensboro","state":"Kentucky","state_ab":"KY","county":"Daviess","geo_location":{ "type": "Point", "coordinates": [-87.0803, 37.7559] }},
{"zip_code":"42356","country":"US","city":"Maple Mount","state":"Kentucky","state_ab":"KY","county":"Daviess","geo_location":{ "type": "Point", "coordinates": [-87.3238, 37.6932] }},
{"zip_code":"42163","country":"US","city":"Rocky Hill","state":"Kentucky","state_ab":"KY","county":"Edmonson","geo_location":{ "type": "Point", "coordinates": [-86.1432, 37.0943] }},
{"zip_code":"40336","country":"US","city":"Irvine","state":"Kentucky","state_ab":"KY","county":"Estill","geo_location":{ "type": "Point", "coordinates": [-83.9862, 37.6858] }},
{"zip_code":"40503","country":"US","city":"Lexington","state":"Kentucky","state_ab":"KY","county":"Fayette","geo_location":{ "type": "Point", "coordinates": [-84.5282, 38.001] }},
{"zip_code":"40516","country":"US","city":"Lexington","state":"Kentucky","state_ab":"KY","county":"Fayette","geo_location":{ "type": "Point", "coordinates": [-84.3548, 38.0544] }},
{"zip_code":"40583","country":"US","city":"Lexington","state":"Kentucky","state_ab":"KY","county":"Fayette","geo_location":{ "type": "Point", "coordinates": [-84.4715, 38.0283] }},
{"zip_code":"40596","country":"US","city":"Lexington","state":"Kentucky","state_ab":"KY","county":"Fayette","geo_location":{ "type": "Point", "coordinates": [-84.4715, 38.0283] }},
{"zip_code":"41636","country":"US","city":"Hi Hat","state":"Kentucky","state_ab":"KY","county":"Floyd","geo_location":{ "type": "Point", "coordinates": [-82.7292, 37.3994] }},
{"zip_code":"41649","country":"US","city":"Martin","state":"Kentucky","state_ab":"KY","county":"Floyd","geo_location":{ "type": "Point", "coordinates": [-82.7819, 37.5708] }},
{"zip_code":"41650","country":"US","city":"Melvin","state":"Kentucky","state_ab":"KY","county":"Floyd","geo_location":{ "type": "Point", "coordinates": [-82.6763, 37.3536] }},
{"zip_code":"41663","country":"US","city":"Tram","state":"Kentucky","state_ab":"KY","county":"Floyd","geo_location":{ "type": "Point", "coordinates": [-82.6452, 37.5725] }},
{"zip_code":"40619","country":"US","city":"Frankfort","state":"Kentucky","state_ab":"KY","county":"Franklin","geo_location":{ "type": "Point", "coordinates": [-84.8748, 38.2341] }},
{"zip_code":"40620","country":"US","city":"Frankfort","state":"Kentucky","state_ab":"KY","county":"Franklin","geo_location":{ "type": "Point", "coordinates": [-84.8748, 38.2341] }},
{"zip_code":"41030","country":"US","city":"Crittenden","state":"Kentucky","state_ab":"KY","county":"Grant","geo_location":{ "type": "Point", "coordinates": [-84.5982, 38.7741] }},
{"zip_code":"42743","country":"US","city":"Greensburg","state":"Kentucky","state_ab":"KY","county":"Green","geo_location":{ "type": "Point", "coordinates": [-85.5236, 37.243] }},
{"zip_code":"42783","country":"US","city":"Summit","state":"Kentucky","state_ab":"KY","county":"Hardin","geo_location":{ "type": "Point", "coordinates": [-86.0853, 37.5671] }},
{"zip_code":"41003","country":"US","city":"Berry","state":"Kentucky","state_ab":"KY","county":"Harrison","geo_location":{ "type": "Point", "coordinates": [-84.3611, 38.516] }},
{"zip_code":"42729","country":"US","city":"Cub Run","state":"Kentucky","state_ab":"KY","county":"Hart","geo_location":{ "type": "Point", "coordinates": [-86.0813, 37.3149] }},
{"zip_code":"42406","country":"US","city":"Corydon","state":"Kentucky","state_ab":"KY","county":"Henderson","geo_location":{ "type": "Point", "coordinates": [-87.7, 37.7443] }},
{"zip_code":"42419","country":"US","city":"Henderson","state":"Kentucky","state_ab":"KY","county":"Henderson","geo_location":{ "type": "Point", "coordinates": [-87.5991, 37.8072] }},
{"zip_code":"42420","country":"US","city":"Henderson","state":"Kentucky","state_ab":"KY","county":"Henderson","geo_location":{ "type": "Point", "coordinates": [-87.5632, 37.8274] }},
{"zip_code":"40206","country":"US","city":"Louisville","state":"Kentucky","state_ab":"KY","county":"Jefferson","geo_location":{ "type": "Point", "coordinates": [-85.7034, 38.2503] }},
{"zip_code":"40219","country":"US","city":"Louisville","state":"Kentucky","state_ab":"KY","county":"Jefferson","geo_location":{ "type": "Point", "coordinates": [-85.6953, 38.1381] }},
{"zip_code":"40220","country":"US","city":"Louisville","state":"Kentucky","state_ab":"KY","county":"Jefferson","geo_location":{ "type": "Point", "coordinates": [-85.6245, 38.2149] }},
{"zip_code":"40233","country":"US","city":"Louisville","state":"Kentucky","state_ab":"KY","county":"Jefferson","geo_location":{ "type": "Point", "coordinates": [-85.6768, 38.189] }},
{"zip_code":"40259","country":"US","city":"Louisville","state":"Kentucky","state_ab":"KY","county":"Jefferson","geo_location":{ "type": "Point", "coordinates": [-85.6768, 38.189] }},
{"zip_code":"40299","country":"US","city":"Louisville","state":"Kentucky","state_ab":"KY","county":"Jefferson","geo_location":{ "type": "Point", "coordinates": [-85.5218, 38.1768] }},
{"zip_code":"40390","country":"US","city":"Wilmore","state":"Kentucky","state_ab":"KY","county":"Jessamine","geo_location":{ "type": "Point", "coordinates": [-84.6714, 37.8602] }},
{"zip_code":"41263","country":"US","city":"Tutor Key","state":"Kentucky","state_ab":"KY","county":"Johnson","geo_location":{ "type": "Point", "coordinates": [-82.7602, 37.8507] }},
{"zip_code":"41016","country":"US","city":"Covington","state":"Kentucky","state_ab":"KY","county":"Kenton","geo_location":{ "type": "Point", "coordinates": [-84.549, 39.0873] }},
{"zip_code":"41740","country":"US","city":"Emmalena","state":"Kentucky","state_ab":"KY","county":"Knott","geo_location":{ "type": "Point", "coordinates": [-83.0471, 37.3499] }},
{"zip_code":"41843","country":"US","city":"Pine Top","state":"Kentucky","state_ab":"KY","county":"Knott","geo_location":{ "type": "Point", "coordinates": [-82.8741, 37.2868] }},
{"zip_code":"40903","country":"US","city":"Artemus","state":"Kentucky","state_ab":"KY","county":"Knox","geo_location":{ "type": "Point", "coordinates": [-83.8329, 36.8388] }},
{"zip_code":"40930","country":"US","city":"Dewitt","state":"Kentucky","state_ab":"KY","county":"Knox","geo_location":{ "type": "Point", "coordinates": [-83.83, 36.8713] }},
{"zip_code":"40943","country":"US","city":"Girdler","state":"Kentucky","state_ab":"KY","county":"Knox","geo_location":{ "type": "Point", "coordinates": [-83.8539, 36.9691] }},
{"zip_code":"40970","country":"US","city":"Mills","state":"Kentucky","state_ab":"KY","county":"Knox County","geo_location":{ "type": "Point", "coordinates": [-83.6237, 36.929] }},
{"zip_code":"42716","country":"US","city":"Buffalo","state":"Kentucky","state_ab":"KY","county":"Larue","geo_location":{ "type": "Point", "coordinates": [-85.6434, 37.4786] }},
{"zip_code":"41159","country":"US","city":"Martha","state":"Kentucky","state_ab":"KY","county":"Lawrence","geo_location":{ "type": "Point", "coordinates": [-82.9558, 38.0152] }},
{"zip_code":"41160","country":"US","city":"Mazie","state":"Kentucky","state_ab":"KY","county":"Lawrence","geo_location":{ "type": "Point", "coordinates": [-82.7447, 38.0741] }},
{"zip_code":"40840","country":"US","city":"Helton","state":"Kentucky","state_ab":"KY","county":"Leslie","geo_location":{ "type": "Point", "coordinates": [-83.4313, 36.9543] }},
{"zip_code":"41766","country":"US","city":"Thousandsticks","state":"Kentucky","state_ab":"KY","county":"Leslie","geo_location":{ "type": "Point", "coordinates": [-83.3847, 37.1586] }},
{"zip_code":"40826","country":"US","city":"Eolia","state":"Kentucky","state_ab":"KY","county":"Letcher","geo_location":{ "type": "Point", "coordinates": [-82.7706, 37.0618] }},
{"zip_code":"41829","country":"US","city":"Kona","state":"Kentucky","state_ab":"KY","county":"Letcher County","geo_location":{ "type": "Point", "coordinates": [-82.748, 37.1663] }},
{"zip_code":"42059","country":"US","city":"Lola","state":"Kentucky","state_ab":"KY","county":"Livingston County","geo_location":{ "type": "Point", "coordinates": [-88.3076, 37.3185] }},
{"zip_code":"42086","country":"US","city":"West Paducah","state":"Kentucky","state_ab":"KY","county":"McCracken","geo_location":{ "type": "Point", "coordinates": [-88.7611, 37.0922] }},
{"zip_code":"42563","country":"US","city":"Brodhead","state":"Kentucky","state_ab":"KY","county":"McCreary County","geo_location":{ "type": "Point", "coordinates": [-84.4507, 37.2715] }},
{"zip_code":"42653","country":"US","city":"Whitley City","state":"Kentucky","state_ab":"KY","county":"McCreary","geo_location":{ "type": "Point", "coordinates": [-84.4676, 36.7217] }},
{"zip_code":"41443","country":"US","city":"Insko","state":"Kentucky","state_ab":"KY","county":"Magoffin County","geo_location":{ "type": "Point", "coordinates": [-83.3011, 37.7572] }},
{"zip_code":"41456","country":"US","city":"Blaine","state":"Kentucky","state_ab":"KY","county":"Magoffin County","geo_location":{ "type": "Point", "coordinates": [-83.0365, 37.9204] }},
{"zip_code":"41906","country":"US","city":"Migrate","state":"Kentucky","state_ab":"KY","county":"Magoffin County","geo_location":{ "type": "Point", "coordinates": [-84.5027, 38.0638] }},
{"zip_code":"41250","country":"US","city":"Pilgrim","state":"Kentucky","state_ab":"KY","county":"Martin","geo_location":{ "type": "Point", "coordinates": [-82.4523, 37.7379] }},
{"zip_code":"41056","country":"US","city":"Maysville","state":"Kentucky","state_ab":"KY","county":"Mason","geo_location":{ "type": "Point", "coordinates": [-83.8067, 38.6207] }},
{"zip_code":"41096","country":"US","city":"Washington","state":"Kentucky","state_ab":"KY","county":"Mason","geo_location":{ "type": "Point", "coordinates": [-83.808, 38.6123] }},
{"zip_code":"40310","country":"US","city":"Burgin","state":"Kentucky","state_ab":"KY","county":"Mercer","geo_location":{ "type": "Point", "coordinates": [-84.7499, 37.7548] }},
{"zip_code":"42330","country":"US","city":"Central City","state":"Kentucky","state_ab":"KY","county":"Muhlenberg","geo_location":{ "type": "Point", "coordinates": [-87.1202, 37.3007] }},
{"zip_code":"40013","country":"US","city":"Coxs Creek","state":"Kentucky","state_ab":"KY","county":"Nelson","geo_location":{ "type": "Point", "coordinates": [-85.4658, 37.9125] }},
{"zip_code":"40350","country":"US","city":"Moorefield","state":"Kentucky","state_ab":"KY","county":"Nicholas","geo_location":{ "type": "Point", "coordinates": [-83.8929, 38.2926] }},
{"zip_code":"42343","country":"US","city":"Fordsville","state":"Kentucky","state_ab":"KY","county":"Ohio","geo_location":{ "type": "Point", "coordinates": [-86.7263, 37.6297] }},
{"zip_code":"42369","country":"US","city":"Rockport","state":"Kentucky","state_ab":"KY","county":"Ohio","geo_location":{ "type": "Point", "coordinates": [-87.0065, 37.3554] }},
{"zip_code":"42370","country":"US","city":"Rosine","state":"Kentucky","state_ab":"KY","county":"Ohio","geo_location":{ "type": "Point", "coordinates": [-86.7389, 37.449] }},
{"zip_code":"40026","country":"US","city":"Goshen","state":"Kentucky","state_ab":"KY","county":"Oldham","geo_location":{ "type": "Point", "coordinates": [-85.5708, 38.4113] }},
{"zip_code":"40363","country":"US","city":"Perry Park","state":"Kentucky","state_ab":"KY","county":"Owen","geo_location":{ "type": "Point", "coordinates": [-85.0139, 38.5218] }},
{"zip_code":"41713","country":"US","city":"Avawam","state":"Kentucky","state_ab":"KY","county":"Perry","geo_location":{ "type": "Point", "coordinates": [-83.2736, 37.2254] }},
{"zip_code":"41739","country":"US","city":"Dwarf","state":"Kentucky","state_ab":"KY","county":"Perry","geo_location":{ "type": "Point", "coordinates": [-83.1303, 37.3394] }},
{"zip_code":"41519","country":"US","city":"Canada","state":"Kentucky","state_ab":"KY","county":"Pike","geo_location":{ "type": "Point", "coordinates": [-82.3308, 37.5899] }},
{"zip_code":"41520","country":"US","city":"Dorton","state":"Kentucky","state_ab":"KY","county":"Pike","geo_location":{ "type": "Point", "coordinates": [-82.5773, 37.279] }},
{"zip_code":"41546","country":"US","city":"Mc Veigh","state":"Kentucky","state_ab":"KY","county":"Pike","geo_location":{ "type": "Point", "coordinates": [-82.3013, 37.5198] }},
{"zip_code":"41559","country":"US","city":"Regina","state":"Kentucky","state_ab":"KY","county":"Pike","geo_location":{ "type": "Point", "coordinates": [-82.3831, 37.3744] }},
{"zip_code":"41560","country":"US","city":"Robinson Creek","state":"Kentucky","state_ab":"KY","county":"Pike","geo_location":{ "type": "Point", "coordinates": [-82.5616, 37.3799] }},
{"zip_code":"40309","country":"US","city":"Bowen","state":"Kentucky","state_ab":"KY","county":"Powell County","geo_location":{ "type": "Point", "coordinates": [-83.7718, 37.841] }},
{"zip_code":"40376","country":"US","city":"Slade","state":"Kentucky","state_ab":"KY","county":"Powell","geo_location":{ "type": "Point", "coordinates": [-83.6946, 37.7815] }},
{"zip_code":"40426","country":"US","city":"Dreyfus","state":"Kentucky","state_ab":"KY","county":"Pulaski County","geo_location":{ "type": "Point", "coordinates": [-84.1624, 37.6186] }},
{"zip_code":"42536","country":"US","city":"Ingle","state":"Kentucky","state_ab":"KY","county":"Pulaski County","geo_location":{ "type": "Point", "coordinates": [-84.8656, 37.0815] }},
{"zip_code":"40066","country":"US","city":"Shelbyville","state":"Kentucky","state_ab":"KY","county":"Shelby","geo_location":{ "type": "Point", "coordinates": [-85.2122, 38.1973] }},
{"zip_code":"42280","country":"US","city":"Sharon Grove","state":"Kentucky","state_ab":"KY","county":"Todd","geo_location":{ "type": "Point", "coordinates": [-87.1003, 36.9278] }},
{"zip_code":"42459","country":"US","city":"Sturgis","state":"Kentucky","state_ab":"KY","county":"Union","geo_location":{ "type": "Point", "coordinates": [-87.9965, 37.5487] }},
{"zip_code":"42460","country":"US","city":"Sullivan","state":"Kentucky","state_ab":"KY","county":"Union","geo_location":{ "type": "Point", "coordinates": [-87.9328, 37.494] }},
{"zip_code":"40040","country":"US","city":"Mackville","state":"Kentucky","state_ab":"KY","county":"Washington","geo_location":{ "type": "Point", "coordinates": [-85.059, 37.7568] }},
{"zip_code":"42613","country":"US","city":"Delta","state":"Kentucky","state_ab":"KY","county":"Wayne County","geo_location":{ "type": "Point", "coordinates": [-84.684, 36.8017] }},
{"zip_code":"42640","country":"US","city":"Rockybranch","state":"Kentucky","state_ab":"KY","county":"Wayne County","geo_location":{ "type": "Point", "coordinates": [-84.8066, 36.6658] }},
{"zip_code":"40763","country":"US","city":"Siler","state":"Kentucky","state_ab":"KY","county":"Whitley","geo_location":{ "type": "Point", "coordinates": [-83.955, 36.7025] }},
{"zip_code":"41313","country":"US","city":"Bethany","state":"Kentucky","state_ab":"KY","county":"Wolfe","geo_location":{ "type": "Point", "coordinates": [-83.4754, 37.7405] }},
{"zip_code":"70526","country":"US","city":"Crowley","state":"Louisiana","state_ab":"LA","county":"Acadia","geo_location":{ "type": "Point", "coordinates": [-92.3777, 30.2148] }},
{"zip_code":"70346","country":"US","city":"Donaldsonville","state":"Louisiana","state_ab":"LA","county":"Ascension","geo_location":{ "type": "Point", "coordinates": [-90.997, 30.1018] }},
{"zip_code":"71323","country":"US","city":"Center Point","state":"Louisiana","state_ab":"LA","county":"Avoyelles","geo_location":{ "type": "Point", "coordinates": [-92.1879, 31.2631] }},
{"zip_code":"71350","country":"US","city":"Mansura","state":"Louisiana","state_ab":"LA","county":"Avoyelles","geo_location":{ "type": "Point", "coordinates": [-92.0543, 31.0615] }},
{"zip_code":"71080","country":"US","city":"Taylor","state":"Louisiana","state_ab":"LA","county":"Bienville","geo_location":{ "type": "Point", "coordinates": [-93.1011, 32.366] }},
{"zip_code":"71103","country":"US","city":"Shreveport","state":"Louisiana","state_ab":"LA","county":"Caddo","geo_location":{ "type": "Point", "coordinates": [-93.7727, 32.4945] }},
{"zip_code":"71129","country":"US","city":"Shreveport","state":"Louisiana","state_ab":"LA","county":"Caddo","geo_location":{ "type": "Point", "coordinates": [-93.8742, 32.4141] }},
{"zip_code":"71130","country":"US","city":"Shreveport","state":"Louisiana","state_ab":"LA","county":"Caddo","geo_location":{ "type": "Point", "coordinates": [-93.7526, 32.6076] }},
{"zip_code":"71156","country":"US","city":"Shreveport","state":"Louisiana","state_ab":"LA","county":"Caddo","geo_location":{ "type": "Point", "coordinates": [-93.7526, 32.6076] }},
{"zip_code":"70616","country":"US","city":"Lake Charles","state":"Louisiana","state_ab":"LA","county":"Calcasieu","geo_location":{ "type": "Point", "coordinates": [-93.3265, 30.2642] }},
{"zip_code":"70629","country":"US","city":"Lake Charles","state":"Louisiana","state_ab":"LA","county":"Calcasieu","geo_location":{ "type": "Point", "coordinates": [-93.3265, 30.2642] }},
{"zip_code":"70630","country":"US","city":"Bell City","state":"Louisiana","state_ab":"LA","county":"Calcasieu","geo_location":{ "type": "Point", "coordinates": [-93.0372, 30.1054] }},
{"zip_code":"70669","country":"US","city":"Westlake","state":"Louisiana","state_ab":"LA","county":"Calcasieu","geo_location":{ "type": "Point", "coordinates": [-93.2688, 30.2613] }},
{"zip_code":"70643","country":"US","city":"Grand Chenier","state":"Louisiana","state_ab":"LA","county":"Cameron","geo_location":{ "type": "Point", "coordinates": [-92.9261, 29.7644] }},
{"zip_code":"71363","country":"US","city":"Rhinehart","state":"Louisiana","state_ab":"LA","county":"Catahoula","geo_location":{ "type": "Point", "coordinates": [-91.7794, 31.5963] }},
{"zip_code":"71040","country":"US","city":"Homer","state":"Louisiana","state_ab":"LA","county":"Claiborne","geo_location":{ "type": "Point", "coordinates": [-93.0288, 32.7749] }},
{"zip_code":"71079","country":"US","city":"Summerfield","state":"Louisiana","state_ab":"LA","county":"Claiborne","geo_location":{ "type": "Point", "coordinates": [-92.8215, 32.9238] }},
{"zip_code":"70809","country":"US","city":"Baton Rouge","state":"Louisiana","state_ab":"LA","county":"East Baton Rouge","geo_location":{ "type": "Point", "coordinates": [-91.0842, 30.4089] }},
{"zip_code":"70810","country":"US","city":"Baton Rouge","state":"Louisiana","state_ab":"LA","county":"East Baton Rouge","geo_location":{ "type": "Point", "coordinates": [-91.0919, 30.3633] }},
{"zip_code":"70823","country":"US","city":"Baton Rouge","state":"Louisiana","state_ab":"LA","county":"East Baton Rouge","geo_location":{ "type": "Point", "coordinates": [-91.0804, 30.5159] }},
{"zip_code":"70836","country":"US","city":"Baton Rouge","state":"Louisiana","state_ab":"LA","county":"East Baton Rouge","geo_location":{ "type": "Point", "coordinates": [-91.0892, 30.392] }},
{"zip_code":"71286","country":"US","city":"Transylvania","state":"Louisiana","state_ab":"LA","county":"East Carroll","geo_location":{ "type": "Point", "coordinates": [-91.2288, 32.6705] }},
{"zip_code":"70580","country":"US","city":"Reddell","state":"Louisiana","state_ab":"LA","county":"Evangeline","geo_location":{ "type": "Point", "coordinates": [-92.4265, 30.675] }},
{"zip_code":"71219","country":"US","city":"Baskin","state":"Louisiana","state_ab":"LA","county":"Franklin","geo_location":{ "type": "Point", "coordinates": [-91.7132, 32.2897] }},
{"zip_code":"71336","country":"US","city":"Gilbert","state":"Louisiana","state_ab":"LA","county":"Franklin","geo_location":{ "type": "Point", "coordinates": [-91.592, 32.0349] }},
{"zip_code":"70513","country":"US","city":"Avery Island","state":"Louisiana","state_ab":"LA","county":"Iberia","geo_location":{ "type": "Point", "coordinates": [-91.9062, 29.8981] }},
{"zip_code":"70009","country":"US","city":"Metairie","state":"Louisiana","state_ab":"LA","county":"Jefferson","geo_location":{ "type": "Point", "coordinates": [-90.0901, 29.6779] }},
{"zip_code":"70010","country":"US","city":"Metairie","state":"Louisiana","state_ab":"LA","county":"Jefferson","geo_location":{ "type": "Point", "coordinates": [-90.0901, 29.6779] }},
{"zip_code":"70036","country":"US","city":"Barataria","state":"Louisiana","state_ab":"LA","county":"Jefferson","geo_location":{ "type": "Point", "coordinates": [-90.1122, 29.6964] }},
{"zip_code":"70063","country":"US","city":"Kenner","state":"Louisiana","state_ab":"LA","county":"Jefferson","geo_location":{ "type": "Point", "coordinates": [-90.0901, 29.6779] }},
{"zip_code":"70593","country":"US","city":"Lafayette","state":"Louisiana","state_ab":"LA","county":"Lafayette","geo_location":{ "type": "Point", "coordinates": [-92.0951, 30.2081] }},
{"zip_code":"92553","country":"US","city":"Moreno Valley","state":"California","state_ab":"CA","county":"Riverside","geo_location":{ "type": "Point", "coordinates": [-117.2351, 33.9157] }},
{"zip_code":"92593","country":"US","city":"Temecula","state":"California","state_ab":"CA","county":"Riverside","geo_location":{ "type": "Point", "coordinates": [-116.0556, 33.7529] }},
{"zip_code":"94209","country":"US","city":"Sacramento","state":"California","state_ab":"CA","county":"Sacramento","geo_location":{ "type": "Point", "coordinates": [-121.4444, 38.3774] }},
{"zip_code":"94236","country":"US","city":"Sacramento","state":"California","state_ab":"CA","county":"Sacramento","geo_location":{ "type": "Point", "coordinates": [-121.4444, 38.3774] }},
{"zip_code":"94249","country":"US","city":"Sacramento","state":"California","state_ab":"CA","county":"Sacramento","geo_location":{ "type": "Point", "coordinates": [-121.4444, 38.3774] }},
{"zip_code":"94250","country":"US","city":"Sacramento","state":"California","state_ab":"CA","county":"Sacramento","geo_location":{ "type": "Point", "coordinates": [-121.4444, 38.3774] }},
{"zip_code":"94263","country":"US","city":"Sacramento","state":"California","state_ab":"CA","county":"Sacramento","geo_location":{ "type": "Point", "coordinates": [-121.4444, 38.3774] }},
{"zip_code":"94289","country":"US","city":"Sacramento","state":"California","state_ab":"CA","county":"Sacramento","geo_location":{ "type": "Point", "coordinates": [-121.4444, 38.3774] }},
{"zip_code":"94290","country":"US","city":"Sacramento","state":"California","state_ab":"CA","county":"Sacramento","geo_location":{ "type": "Point", "coordinates": [-121.4444, 38.3774] }},
{"zip_code":"95626","country":"US","city":"Elverta","state":"California","state_ab":"CA","county":"Sacramento","geo_location":{ "type": "Point", "coordinates": [-121.4497, 38.7233] }},
{"zip_code":"95639","country":"US","city":"Hood","state":"California","state_ab":"CA","county":"Sacramento","geo_location":{ "type": "Point", "coordinates": [-121.5143, 38.3702] }},
{"zip_code":"95680","country":"US","city":"Ryde","state":"California","state_ab":"CA","county":"Sacramento","geo_location":{ "type": "Point", "coordinates": [-121.5594, 38.2386] }},
{"zip_code":"95693","country":"US","city":"Wilton","state":"California","state_ab":"CA","county":"Sacramento","geo_location":{ "type": "Point", "coordinates": [-121.2303, 38.3983] }},
{"zip_code":"95743","country":"US","city":"Rancho Cordova","state":"California","state_ab":"CA","county":"Sacramento","geo_location":{ "type": "Point", "coordinates": [-121.3016, 38.5891] }},
{"zip_code":"95819","country":"US","city":"Sacramento","state":"California","state_ab":"CA","county":"Sacramento","geo_location":{ "type": "Point", "coordinates": [-121.4366, 38.5683] }},
{"zip_code":"95820","country":"US","city":"Sacramento","state":"California","state_ab":"CA","county":"Sacramento","geo_location":{ "type": "Point", "coordinates": [-121.4451, 38.5347] }},
{"zip_code":"95833","country":"US","city":"Sacramento","state":"California","state_ab":"CA","county":"Sacramento","geo_location":{ "type": "Point", "coordinates": [-121.5053, 38.6157] }},
{"zip_code":"95860","country":"US","city":"Sacramento","state":"California","state_ab":"CA","county":"Sacramento","geo_location":{ "type": "Point", "coordinates": [-121.3799, 38.6105] }},
{"zip_code":"95873","country":"US","city":"Sacramento","state":"California","state_ab":"CA","county":"Sacramento","geo_location":{ "type": "Point", "coordinates": [-121.4933, 38.5816] }},
{"zip_code":"95899","country":"US","city":"Sacramento","state":"California","state_ab":"CA","county":"Sacramento","geo_location":{ "type": "Point", "coordinates": [-121.5549, 38.5383] }},
{"zip_code":"91729","country":"US","city":"Rancho Cucamonga","state":"California","state_ab":"CA","county":"San Bernardino","geo_location":{ "type": "Point", "coordinates": [-115.9671, 34.84] }},
{"zip_code":"91730","country":"US","city":"Rancho Cucamonga","state":"California","state_ab":"CA","county":"San Bernardino","geo_location":{ "type": "Point", "coordinates": [-117.5941, 34.107] }},
{"zip_code":"91743","country":"US","city":"Guasti","state":"California","state_ab":"CA","county":"San Bernardino","geo_location":{ "type": "Point", "coordinates": [-115.9671, 34.84] }},
{"zip_code":"92256","country":"US","city":"Morongo Valley","state":"California","state_ab":"CA","county":"San Bernardino","geo_location":{ "type": "Point", "coordinates": [-116.5656, 34.0606] }},
{"zip_code":"92319","country":"US","city":"Cadiz","state":"California","state_ab":"CA","county":"San Bernardino County","geo_location":{ "type": "Point", "coordinates": [-115.5119, 34.5199] }},
{"zip_code":"92333","country":"US","city":"Fawnskin","state":"California","state_ab":"CA","county":"San Bernardino","geo_location":{ "type": "Point", "coordinates": [-116.9515, 34.2583] }},
{"zip_code":"92346","country":"US","city":"Highland","state":"California","state_ab":"CA","county":"San Bernardino","geo_location":{ "type": "Point", "coordinates": [-117.1403, 34.1565] }},
{"zip_code":"92359","country":"US","city":"Mentone","state":"California","state_ab":"CA","county":"San Bernardino","geo_location":{ "type": "Point", "coordinates": [-117.1126, 34.0774] }},
{"zip_code":"92373","country":"US","city":"Redlands","state":"California","state_ab":"CA","county":"San Bernardino","geo_location":{ "type": "Point", "coordinates": [-117.1804, 34.0397] }},
{"zip_code":"92386","country":"US","city":"Sugarloaf","state":"California","state_ab":"CA","county":"San Bernardino","geo_location":{ "type": "Point", "coordinates": [-116.8277, 34.2372] }},
{"zip_code":"92399","country":"US","city":"Yucaipa","state":"California","state_ab":"CA","county":"San Bernardino","geo_location":{ "type": "Point", "coordinates": [-117.0489, 34.0282] }},
{"zip_code":"92409","country":"US","city":"San Bernardino","state":"California","state_ab":"CA","county":"San Bernardino County","geo_location":{ "type": "Point", "coordinates": [-117.2413, 34.1037] }},
{"zip_code":"92410","country":"US","city":"San Bernardino","state":"California","state_ab":"CA","county":"San Bernardino","geo_location":{ "type": "Point", "coordinates": [-117.2975, 34.1069] }},
{"zip_code":"92423","country":"US","city":"San Bernardino","state":"California","state_ab":"CA","county":"San Bernardino","geo_location":{ "type": "Point", "coordinates": [-115.9671, 34.84] }},
{"zip_code":"91909","country":"US","city":"Chula Vista","state":"California","state_ab":"CA","county":"San Diego","geo_location":{ "type": "Point", "coordinates": [-116.846, 33.0169] }},
{"zip_code":"91910","country":"US","city":"Chula Vista","state":"California","state_ab":"CA","county":"San Diego","geo_location":{ "type": "Point", "coordinates": [-117.0676, 32.6371] }},
{"zip_code":"91950","country":"US","city":"National City","state":"California","state_ab":"CA","county":"San Diego","geo_location":{ "type": "Point", "coordinates": [-117.0897, 32.6749] }},
{"zip_code":"91963","country":"US","city":"Potrero","state":"California","state_ab":"CA","county":"San Diego","geo_location":{ "type": "Point", "coordinates": [-116.6037, 32.6205] }},
{"zip_code":"91976","country":"US","city":"Spring Valley","state":"California","state_ab":"CA","county":"San Diego","geo_location":{ "type": "Point", "coordinates": [-116.846, 33.0169] }},
{"zip_code":"91990","country":"US","city":"Potrero","state":"California","state_ab":"CA","county":"San Diego","geo_location":{ "type": "Point", "coordinates": [-116.846, 33.0169] }},
{"zip_code":"92009","country":"US","city":"Carlsbad","state":"California","state_ab":"CA","county":"San Diego","geo_location":{ "type": "Point", "coordinates": [-117.2619, 33.0954] }}]}