{"value": [{"zip_code":"45659","country":"US","city":"Pedro","state":"Ohio","state_ab":"OH","county":"Lawrence","geo_location":{ "type": "Point", "coordinates": [-82.6477, 38.6503] }},
{"zip_code":"43033","country":"US","city":"Kirkersville","state":"Ohio","state_ab":"OH","county":"Licking","geo_location":{ "type": "Point", "coordinates": [-82.5998, 39.961] }},
{"zip_code":"43073","country":"US","city":"Summit Station","state":"Ohio","state_ab":"OH","county":"Licking","geo_location":{ "type": "Point", "coordinates": [-82.754, 39.9965] }},
{"zip_code":"43343","country":"US","city":"Quincy","state":"Ohio","state_ab":"OH","county":"Logan","geo_location":{ "type": "Point", "coordinates": [-83.9744, 40.2876] }},
{"zip_code":"44036","country":"US","city":"Elyria","state":"Ohio","state_ab":"OH","county":"Lorain","geo_location":{ "type": "Point", "coordinates": [-82.0771, 41.4015] }},
{"zip_code":"44049","country":"US","city":"Kipton","state":"Ohio","state_ab":"OH","county":"Lorain","geo_location":{ "type": "Point", "coordinates": [-82.3064, 41.2664] }},
{"zip_code":"44050","country":"US","city":"Lagrange","state":"Ohio","state_ab":"OH","county":"Lorain","geo_location":{ "type": "Point", "coordinates": [-82.1279, 41.2423] }},
{"zip_code":"44090","country":"US","city":"Wellington","state":"Ohio","state_ab":"OH","county":"Lorain","geo_location":{ "type": "Point", "coordinates": [-82.2269, 41.1712] }},
{"zip_code":"43613","country":"US","city":"Toledo","state":"Ohio","state_ab":"OH","county":"Lucas","geo_location":{ "type": "Point", "coordinates": [-83.6034, 41.7039] }},
{"zip_code":"43653","country":"US","city":"Toledo","state":"Ohio","state_ab":"OH","county":"Lucas","geo_location":{ "type": "Point", "coordinates": [-83.4394, 41.6868] }},
{"zip_code":"43666","country":"US","city":"Toledo","state":"Ohio","state_ab":"OH","county":"Lucas","geo_location":{ "type": "Point", "coordinates": [-83.4972, 41.6782] }},
{"zip_code":"44436","country":"US","city":"Lowellville","state":"Ohio","state_ab":"OH","county":"Mahoning","geo_location":{ "type": "Point", "coordinates": [-80.5416, 41.0503] }},
{"zip_code":"44449","country":"US","city":"North Benton","state":"Ohio","state_ab":"OH","county":"Mahoning","geo_location":{ "type": "Point", "coordinates": [-81.0162, 40.9876] }},
{"zip_code":"44513","country":"US","city":"Youngstown","state":"Ohio","state_ab":"OH","county":"Mahoning","geo_location":{ "type": "Point", "coordinates": [-80.8029, 41.0171] }},
{"zip_code":"43356","country":"US","city":"Waldo","state":"Ohio","state_ab":"OH","county":"Marion","geo_location":{ "type": "Point", "coordinates": [-83.0706, 40.4605] }},
{"zip_code":"44256","country":"US","city":"Medina","state":"Ohio","state_ab":"OH","county":"Medina","geo_location":{ "type": "Point", "coordinates": [-81.8584, 41.1404] }},
{"zip_code":"45310","country":"US","city":"Burkettsville","state":"Ohio","state_ab":"OH","county":"Mercer","geo_location":{ "type": "Point", "coordinates": [-84.6435, 40.3541] }},
{"zip_code":"45826","country":"US","city":"Chickasaw","state":"Ohio","state_ab":"OH","county":"Mercer","geo_location":{ "type": "Point", "coordinates": [-84.6335, 40.4282] }},
{"zip_code":"45866","country":"US","city":"Montezuma","state":"Ohio","state_ab":"OH","county":"Mercer","geo_location":{ "type": "Point", "coordinates": [-84.5494, 40.489] }},
{"zip_code":"43716","country":"US","city":"Beallsville","state":"Ohio","state_ab":"OH","county":"Monroe","geo_location":{ "type": "Point", "coordinates": [-81.0144, 39.8726] }},
{"zip_code":"45309","country":"US","city":"Brookville","state":"Ohio","state_ab":"OH","county":"Montgomery","geo_location":{ "type": "Point", "coordinates": [-84.4165, 39.8414] }},
{"zip_code":"45413","country":"US","city":"Dayton","state":"Ohio","state_ab":"OH","county":"Montgomery","geo_location":{ "type": "Point", "coordinates": [-84.2686, 39.7505] }},
{"zip_code":"45426","country":"US","city":"Dayton","state":"Ohio","state_ab":"OH","county":"Montgomery","geo_location":{ "type": "Point", "coordinates": [-84.3211, 39.7982] }},
{"zip_code":"45439","country":"US","city":"Dayton","state":"Ohio","state_ab":"OH","county":"Montgomery","geo_location":{ "type": "Point", "coordinates": [-84.2187, 39.701] }},
{"zip_code":"45440","country":"US","city":"Dayton","state":"Ohio","state_ab":"OH","county":"Montgomery","geo_location":{ "type": "Point", "coordinates": [-84.1136, 39.6749] }},
{"zip_code":"45479","country":"US","city":"Dayton","state":"Ohio","state_ab":"OH","county":"Montgomery","geo_location":{ "type": "Point", "coordinates": [-84.1944, 39.7344] }},
{"zip_code":"43756","country":"US","city":"Mc Connelsville","state":"Ohio","state_ab":"OH","county":"Morgan","geo_location":{ "type": "Point", "coordinates": [-81.8376, 39.67] }},
{"zip_code":"43770","country":"US","city":"Pennsville","state":"Ohio","state_ab":"OH","county":"Noble County","geo_location":{ "type": "Point", "coordinates": [-81.8554, 39.5752] }},
{"zip_code":"43433","country":"US","city":"Gypsum","state":"Ohio","state_ab":"OH","county":"Ottawa","geo_location":{ "type": "Point", "coordinates": [-82.8708, 41.5038] }},
{"zip_code":"43446","country":"US","city":"Middle Bass","state":"Ohio","state_ab":"OH","county":"Ottawa","geo_location":{ "type": "Point", "coordinates": [-82.8047, 41.6835] }},
{"zip_code":"45813","country":"US","city":"Antwerp","state":"Ohio","state_ab":"OH","county":"Paulding","geo_location":{ "type": "Point", "coordinates": [-84.7448, 41.1887] }},
{"zip_code":"45879","country":"US","city":"Paulding","state":"Ohio","state_ab":"OH","county":"Paulding","geo_location":{ "type": "Point", "coordinates": [-84.5722, 41.141] }},
{"zip_code":"45880","country":"US","city":"Payne","state":"Ohio","state_ab":"OH","county":"Paulding","geo_location":{ "type": "Point", "coordinates": [-84.7341, 41.0807] }},
{"zip_code":"43730","country":"US","city":"Corning","state":"Ohio","state_ab":"OH","county":"Perry","geo_location":{ "type": "Point", "coordinates": [-82.1102, 39.6361] }},
{"zip_code":"43783","country":"US","city":"Somerset","state":"Ohio","state_ab":"OH","county":"Perry","geo_location":{ "type": "Point", "coordinates": [-82.2991, 39.7936] }},
{"zip_code":"45646","country":"US","city":"Latham","state":"Ohio","state_ab":"OH","county":"Pike","geo_location":{ "type": "Point", "coordinates": [-83.3283, 39.0804] }},
{"zip_code":"44243","country":"US","city":"Kent","state":"Ohio","state_ab":"OH","county":"Portage","geo_location":{ "type": "Point", "coordinates": [-81.3415, 41.1475] }},
{"zip_code":"45853","country":"US","city":"Kalida","state":"Ohio","state_ab":"OH","county":"Putnam","geo_location":{ "type": "Point", "coordinates": [-84.2192, 40.9796] }},
{"zip_code":"45893","country":"US","city":"Vaughnsville","state":"Ohio","state_ab":"OH","county":"Putnam","geo_location":{ "type": "Point", "coordinates": [-84.148, 40.8821] }},
{"zip_code":"45633","country":"US","city":"Hallsville","state":"Ohio","state_ab":"OH","county":"Ross","geo_location":{ "type": "Point", "coordinates": [-82.7479, 39.4656] }},
{"zip_code":"45673","country":"US","city":"Richmond Dale","state":"Ohio","state_ab":"OH","county":"Ross","geo_location":{ "type": "Point", "coordinates": [-82.812, 39.2039] }},
{"zip_code":"43420","country":"US","city":"Fremont","state":"Ohio","state_ab":"OH","county":"Sandusky","geo_location":{ "type": "Point", "coordinates": [-83.1181, 41.3498] }},
{"zip_code":"45699","country":"US","city":"Lucasville","state":"Ohio","state_ab":"OH","county":"Scioto","geo_location":{ "type": "Point", "coordinates": [-82.9605, 38.7933] }},
{"zip_code":"44809","country":"US","city":"Bascom","state":"Ohio","state_ab":"OH","county":"Seneca","geo_location":{ "type": "Point", "coordinates": [-83.2854, 41.1328] }},
{"zip_code":"44836","country":"US","city":"Green Springs","state":"Ohio","state_ab":"OH","county":"Seneca","geo_location":{ "type": "Point", "coordinates": [-83.0885, 41.2281] }},
{"zip_code":"45336","country":"US","city":"Kettlersville","state":"Ohio","state_ab":"OH","county":"Shelby","geo_location":{ "type": "Point", "coordinates": [-84.2626, 40.4413] }},
{"zip_code":"45363","country":"US","city":"Russia","state":"Ohio","state_ab":"OH","county":"Shelby","geo_location":{ "type": "Point", "coordinates": [-84.4123, 40.2341] }},
{"zip_code":"44630","country":"US","city":"Greentown","state":"Ohio","state_ab":"OH","county":"Stark","geo_location":{ "type": "Point", "coordinates": [-81.4001, 40.9295] }},
{"zip_code":"44643","country":"US","city":"Magnolia","state":"Ohio","state_ab":"OH","county":"Stark","geo_location":{ "type": "Point", "coordinates": [-81.3076, 40.6514] }},
{"zip_code":"44669","country":"US","city":"Paris","state":"Ohio","state_ab":"OH","county":"Stark","geo_location":{ "type": "Point", "coordinates": [-81.154, 40.8014] }},
{"zip_code":"44670","country":"US","city":"Robertsville","state":"Ohio","state_ab":"OH","county":"Stark","geo_location":{ "type": "Point", "coordinates": [-81.1879, 40.7647] }},
{"zip_code":"44706","country":"US","city":"Canton","state":"Ohio","state_ab":"OH","county":"Stark","geo_location":{ "type": "Point", "coordinates": [-81.4119, 40.768] }},
{"zip_code":"44720","country":"US","city":"Canton","state":"Ohio","state_ab":"OH","county":"Stark","geo_location":{ "type": "Point", "coordinates": [-81.433, 40.8956] }},
{"zip_code":"44760","country":"US","city":"Canton","state":"Ohio","state_ab":"OH","county":"Stark","geo_location":{ "type": "Point", "coordinates": [-81.4278, 40.854] }},
{"zip_code":"44799","country":"US","city":"Canton","state":"Ohio","state_ab":"OH","county":"Stark","geo_location":{ "type": "Point", "coordinates": [-81.3683, 40.8118] }},
{"zip_code":"44203","country":"US","city":"Barberton","state":"Ohio","state_ab":"OH","county":"Summit","geo_location":{ "type": "Point", "coordinates": [-81.6212, 41.0197] }},
{"zip_code":"44216","country":"US","city":"Clinton","state":"Ohio","state_ab":"OH","county":"Summit","geo_location":{ "type": "Point", "coordinates": [-81.5871, 40.9391] }},
{"zip_code":"44306","country":"US","city":"Akron","state":"Ohio","state_ab":"OH","county":"Summit","geo_location":{ "type": "Point", "coordinates": [-81.4916, 41.0479] }},
{"zip_code":"44319","country":"US","city":"Akron","state":"Ohio","state_ab":"OH","county":"Summit","geo_location":{ "type": "Point", "coordinates": [-81.5347, 40.9791] }},
{"zip_code":"44320","country":"US","city":"Akron","state":"Ohio","state_ab":"OH","county":"Summit","geo_location":{ "type": "Point", "coordinates": [-81.5674, 41.0835] }},
{"zip_code":"44333","country":"US","city":"Akron","state":"Ohio","state_ab":"OH","county":"Summit","geo_location":{ "type": "Point", "coordinates": [-81.6314, 41.1552] }},
{"zip_code":"44399","country":"US","city":"Akron","state":"Ohio","state_ab":"OH","county":"Summit","geo_location":{ "type": "Point", "coordinates": [-81.54, 41.1287] }},
{"zip_code":"44410","country":"US","city":"Cortland","state":"Ohio","state_ab":"OH","county":"Trumbull","geo_location":{ "type": "Point", "coordinates": [-80.7327, 41.3251] }},
{"zip_code":"44450","country":"US","city":"North Bloomfield","state":"Ohio","state_ab":"OH","county":"Trumbull","geo_location":{ "type": "Point", "coordinates": [-80.8068, 41.4569] }},
{"zip_code":"44629","country":"US","city":"Gnadenhutten","state":"Ohio","state_ab":"OH","county":"Tuscarawas","geo_location":{ "type": "Point", "coordinates": [-81.4059, 40.3721] }},
{"zip_code":"44656","country":"US","city":"Mineral City","state":"Ohio","state_ab":"OH","county":"Tuscarawas","geo_location":{ "type": "Point", "coordinates": [-81.3436, 40.5705] }},
{"zip_code":"44683","country":"US","city":"Uhrichsville","state":"Ohio","state_ab":"OH","county":"Tuscarawas","geo_location":{ "type": "Point", "coordinates": [-81.3374, 40.3905] }},
{"zip_code":"45039","country":"US","city":"Maineville","state":"Ohio","state_ab":"OH","county":"Warren","geo_location":{ "type": "Point", "coordinates": [-84.2438, 39.317] }},
{"zip_code":"45040","country":"US","city":"Mason","state":"Ohio","state_ab":"OH","county":"Warren","geo_location":{ "type": "Point", "coordinates": [-84.3149, 39.3357] }},
{"zip_code":"45066","country":"US","city":"Springboro","state":"Ohio","state_ab":"OH","county":"Warren","geo_location":{ "type": "Point", "coordinates": [-84.2288, 39.563] }},
{"zip_code":"45750","country":"US","city":"Marietta","state":"Ohio","state_ab":"OH","county":"Washington","geo_location":{ "type": "Point", "coordinates": [-81.4644, 39.4281] }},
{"zip_code":"45789","country":"US","city":"Wingett Run","state":"Ohio","state_ab":"OH","county":"Washington","geo_location":{ "type": "Point", "coordinates": [-81.284, 39.5428] }},
{"zip_code":"44230","country":"US","city":"Doylestown","state":"Ohio","state_ab":"OH","county":"Wayne","geo_location":{ "type": "Point", "coordinates": [-81.6848, 40.965] }},
{"zip_code":"44270","country":"US","city":"Rittman","state":"Ohio","state_ab":"OH","county":"Wayne","geo_location":{ "type": "Point", "coordinates": [-81.7826, 40.9684] }},
{"zip_code":"43406","country":"US","city":"Bradner","state":"Ohio","state_ab":"OH","county":"Wood","geo_location":{ "type": "Point", "coordinates": [-83.4456, 41.3298] }},
{"zip_code":"43460","country":"US","city":"Rossford","state":"Ohio","state_ab":"OH","county":"Wood","geo_location":{ "type": "Point", "coordinates": [-83.5638, 41.6049] }},
{"zip_code":"43316","country":"US","city":"Carey","state":"Ohio","state_ab":"OH","county":"Wyandot","geo_location":{ "type": "Point", "coordinates": [-83.3836, 40.9486] }},
{"zip_code":"43330","country":"US","city":"Kirby","state":"Ohio","state_ab":"OH","county":"Wyandot","geo_location":{ "type": "Point", "coordinates": [-83.4196, 40.813] }},
{"zip_code":"44849","country":"US","city":"Nevada","state":"Ohio","state_ab":"OH","county":"Wyandot","geo_location":{ "type": "Point", "coordinates": [-83.1266, 40.8259] }},
{"zip_code":"73726","country":"US","city":"Carmen","state":"Oklahoma","state_ab":"OK","county":"Alfalfa","geo_location":{ "type": "Point", "coordinates": [-98.4578, 36.5842] }},
{"zip_code":"73739","country":"US","city":"Goltry","state":"Oklahoma","state_ab":"OK","county":"Alfalfa","geo_location":{ "type": "Point", "coordinates": [-98.154, 36.5314] }},
{"zip_code":"73043","country":"US","city":"Greenfield","state":"Oklahoma","state_ab":"OK","county":"Blaine","geo_location":{ "type": "Point", "coordinates": [-98.3841, 35.7333] }},
{"zip_code":"74729","country":"US","city":"Caddo","state":"Oklahoma","state_ab":"OK","county":"Bryan","geo_location":{ "type": "Point", "coordinates": [-96.26, 34.1157] }},
{"zip_code":"74730","country":"US","city":"Calera","state":"Oklahoma","state_ab":"OK","county":"Bryan","geo_location":{ "type": "Point", "coordinates": [-96.4308, 33.9322] }},
{"zip_code":"73029","country":"US","city":"Cyril","state":"Oklahoma","state_ab":"OK","county":"Caddo","geo_location":{ "type": "Point", "coordinates": [-98.2083, 34.8959] }},
{"zip_code":"73403","country":"US","city":"Ardmore","state":"Oklahoma","state_ab":"OK","county":"Carter","geo_location":{ "type": "Point", "coordinates": [-97.2481, 34.2889] }},
{"zip_code":"73443","country":"US","city":"Lone Grove","state":"Oklahoma","state_ab":"OK","county":"Carter","geo_location":{ "type": "Point", "coordinates": [-97.2685, 34.1774] }},
{"zip_code":"74743","country":"US","city":"Hugo","state":"Oklahoma","state_ab":"OK","county":"Choctaw","geo_location":{ "type": "Point", "coordinates": [-95.5139, 34.0113] }},
{"zip_code":"74756","country":"US","city":"Sawyer","state":"Oklahoma","state_ab":"OK","county":"Choctaw","geo_location":{ "type": "Point", "coordinates": [-95.3558, 34.0277] }},
{"zip_code":"73933","country":"US","city":"Boise City","state":"Oklahoma","state_ab":"OK","county":"Cimarron","geo_location":{ "type": "Point", "coordinates": [-102.5355, 36.7283] }},
{"zip_code":"73946","country":"US","city":"Kenton","state":"Oklahoma","state_ab":"OK","county":"Cimarron","geo_location":{ "type": "Point", "coordinates": [-102.9653, 36.9031] }},
{"zip_code":"73069","country":"US","city":"Norman","state":"Oklahoma","state_ab":"OK","county":"Cleveland","geo_location":{ "type": "Point", "coordinates": [-97.4577, 35.2204] }},
{"zip_code":"73070","country":"US","city":"Norman","state":"Oklahoma","state_ab":"OK","county":"Cleveland","geo_location":{ "type": "Point", "coordinates": [-97.3975, 35.1876] }},
{"zip_code":"73160","country":"US","city":"Oklahoma City","state":"Oklahoma","state_ab":"OK","county":"Cleveland","geo_location":{ "type": "Point", "coordinates": [-97.4768, 35.334] }},
{"zip_code":"73173","country":"US","city":"Oklahoma City","state":"Oklahoma","state_ab":"OK","county":"Cleveland","geo_location":{ "type": "Point", "coordinates": [-97.6317, 35.3425] }},
{"zip_code":"73506","country":"US","city":"Lawton","state":"Oklahoma","state_ab":"OK","county":"Comanche","geo_location":{ "type": "Point", "coordinates": [-98.4576, 34.6309] }},
{"zip_code":"74369","country":"US","city":"Welch","state":"Oklahoma","state_ab":"OK","county":"Craig","geo_location":{ "type": "Point", "coordinates": [-95.1295, 36.902] }},
{"zip_code":"74046","country":"US","city":"Milfay","state":"Oklahoma","state_ab":"OK","county":"Creek","geo_location":{ "type": "Point", "coordinates": [-96.3261, 35.9013] }},
{"zip_code":"73096","country":"US","city":"Weatherford","state":"Oklahoma","state_ab":"OK","county":"Custer","geo_location":{ "type": "Point", "coordinates": [-98.6996, 35.535] }},
{"zip_code":"73663","country":"US","city":"Seiling","state":"Oklahoma","state_ab":"OK","county":"Dewey","geo_location":{ "type": "Point", "coordinates": [-98.8875, 36.1278] }},
{"zip_code":"73843","country":"US","city":"Gage","state":"Oklahoma","state_ab":"OK","county":"Ellis","geo_location":{ "type": "Point", "coordinates": [-99.76, 36.318] }},
{"zip_code":"73753","country":"US","city":"Kremlin","state":"Oklahoma","state_ab":"OK","county":"Garfield","geo_location":{ "type": "Point", "coordinates": [-97.8542, 36.5207] }},
{"zip_code":"74640","country":"US","city":"Hunter","state":"Oklahoma","state_ab":"OK","county":"Garfield","geo_location":{ "type": "Point", "coordinates": [-97.6425, 36.5603] }},
{"zip_code":"73766","country":"US","city":"Pond Creek","state":"Oklahoma","state_ab":"OK","county":"Grant","geo_location":{ "type": "Point", "coordinates": [-97.8019, 36.6643] }},
{"zip_code":"73560","country":"US","city":"Olustee","state":"Oklahoma","state_ab":"OK","county":"Jackson","geo_location":{ "type": "Point", "coordinates": [-99.4287, 34.5496] }},
{"zip_code":"73456","country":"US","city":"Ringling","state":"Oklahoma","state_ab":"OK","county":"Jefferson","geo_location":{ "type": "Point", "coordinates": [-97.6029, 34.1679] }},
{"zip_code":"73520","country":"US","city":"Addington","state":"Oklahoma","state_ab":"OK","county":"Jefferson","geo_location":{ "type": "Point", "coordinates": [-97.8922, 34.2459] }},
{"zip_code":"73573","country":"US","city":"Waurika","state":"Oklahoma","state_ab":"OK","county":"Jefferson","geo_location":{ "type": "Point", "coordinates": [-97.9973, 34.1745] }},
{"zip_code":"74653","country":"US","city":"Tonkawa","state":"Oklahoma","state_ab":"OK","county":"Kay","geo_location":{ "type": "Point", "coordinates": [-97.3063, 36.6806] }},
{"zip_code":"73016","country":"US","city":"Cashion","state":"Oklahoma","state_ab":"OK","county":"Kingfisher","geo_location":{ "type": "Point", "coordinates": [-97.6795, 35.8] }},
{"zip_code":"73559","country":"US","city":"Mountain Park","state":"Oklahoma","state_ab":"OK","county":"Kiowa","geo_location":{ "type": "Point", "coordinates": [-98.9591, 34.7032] }},
{"zip_code":"74563","country":"US","city":"Red Oak","state":"Oklahoma","state_ab":"OK","county":"Latimer","geo_location":{ "type": "Point", "coordinates": [-95.0904, 34.9422] }},
{"zip_code":"74549","country":"US","city":"Honobia","state":"Oklahoma","state_ab":"OK","county":"Le Flore","geo_location":{ "type": "Point", "coordinates": [-94.9428, 34.5519] }},
{"zip_code":"74949","country":"US","city":"Muse","state":"Oklahoma","state_ab":"OK","county":"Le Flore","geo_location":{ "type": "Point", "coordinates": [-94.719, 34.6641] }},
{"zip_code":"73056","country":"US","city":"Marshall","state":"Oklahoma","state_ab":"OK","county":"Logan","geo_location":{ "type": "Point", "coordinates": [-97.6171, 36.1485] }},
{"zip_code":"73430","country":"US","city":"Burneyville","state":"Oklahoma","state_ab":"OK","county":"Love","geo_location":{ "type": "Point", "coordinates": [-97.3249, 33.9515] }},
{"zip_code":"74963","country":"US","city":"Watson","state":"Oklahoma","state_ab":"OK","county":"McCurtain","geo_location":{ "type": "Point", "coordinates": [-94.5562, 34.4193] }},
{"zip_code":"74459","country":"US","city":"Rentiesville","state":"Oklahoma","state_ab":"OK","county":"McIntosh","geo_location":{ "type": "Point", "coordinates": [-95.495, 35.5214] }},
{"zip_code":"74330","country":"US","city":"Adair","state":"Oklahoma","state_ab":"OK","county":"Mayes","geo_location":{ "type": "Point", "coordinates": [-95.2732, 36.4115] }},
{"zip_code":"73030","country":"US","city":"Davis","state":"Oklahoma","state_ab":"OK","county":"Murray","geo_location":{ "type": "Point", "coordinates": [-97.1084, 34.4953] }},
{"zip_code":"74833","country":"US","city":"Castle","state":"Oklahoma","state_ab":"OK","county":"Okfuskee","geo_location":{ "type": "Point", "coordinates": [-96.3791, 35.4732] }},
{"zip_code":"74859","country":"US","city":"Okemah","state":"Oklahoma","state_ab":"OK","county":"Okfuskee","geo_location":{ "type": "Point", "coordinates": [-96.3287, 35.4647] }},
{"zip_code":"74860","country":"US","city":"Paden","state":"Oklahoma","state_ab":"OK","county":"Okfuskee","geo_location":{ "type": "Point", "coordinates": [-96.5719, 35.5182] }},
{"zip_code":"73003","country":"US","city":"Edmond","state":"Oklahoma","state_ab":"OK","county":"Oklahoma","geo_location":{ "type": "Point", "coordinates": [-97.4997, 35.6748] }},
{"zip_code":"73083","country":"US","city":"Edmond","state":"Oklahoma","state_ab":"OK","county":"Oklahoma","geo_location":{ "type": "Point", "coordinates": [-97.4654, 35.6665] }},
{"zip_code":"73106","country":"US","city":"Oklahoma City","state":"Oklahoma","state_ab":"OK","county":"Oklahoma","geo_location":{ "type": "Point", "coordinates": [-97.5372, 35.4853] }},
{"zip_code":"73119","country":"US","city":"Oklahoma City","state":"Oklahoma","state_ab":"OK","county":"Oklahoma","geo_location":{ "type": "Point", "coordinates": [-97.5616, 35.421] }},
{"zip_code":"73120","country":"US","city":"Oklahoma City","state":"Oklahoma","state_ab":"OK","county":"Oklahoma","geo_location":{ "type": "Point", "coordinates": [-97.5638, 35.5835] }},
{"zip_code":"73146","country":"US","city":"Oklahoma City","state":"Oklahoma","state_ab":"OK","county":"Oklahoma","geo_location":{ "type": "Point", "coordinates": [-97.4075, 35.5514] }},
{"zip_code":"73159","country":"US","city":"Oklahoma City","state":"Oklahoma","state_ab":"OK","county":"Oklahoma","geo_location":{ "type": "Point", "coordinates": [-97.5567, 35.3922] }},
{"zip_code":"73199","country":"US","city":"Oklahoma City","state":"Oklahoma","state_ab":"OK","county":"Oklahoma","geo_location":{ "type": "Point", "coordinates": [-97.4075, 35.5514] }},
{"zip_code":"74460","country":"US","city":"Schulter","state":"Oklahoma","state_ab":"OK","county":"Okmulgee","geo_location":{ "type": "Point", "coordinates": [-95.9583, 35.5132] }},
{"zip_code":"74060","country":"US","city":"Prue","state":"Oklahoma","state_ab":"OK","county":"Osage","geo_location":{ "type": "Point", "coordinates": [-96.2701, 36.2501] }},
{"zip_code":"74343","country":"US","city":"Fairland","state":"Oklahoma","state_ab":"OK","county":"Ottawa","geo_location":{ "type": "Point", "coordinates": [-94.8279, 36.7418] }},
{"zip_code":"74370","country":"US","city":"Wyandotte","state":"Oklahoma","state_ab":"OK","county":"Ottawa","geo_location":{ "type": "Point", "coordinates": [-94.7002, 36.7796] }},
{"zip_code":"74020","country":"US","city":"Cleveland","state":"Oklahoma","state_ab":"OK","county":"Pawnee","geo_location":{ "type": "Point", "coordinates": [-96.423, 36.2553] }},
{"zip_code":"74059","country":"US","city":"Perkins","state":"Oklahoma","state_ab":"OK","county":"Payne","geo_location":{ "type": "Point", "coordinates": [-97.0441, 35.9768] }},
{"zip_code":"74576","country":"US","city":"Wardville","state":"Oklahoma","state_ab":"OK","county":"Pittsburg","geo_location":{ "type": "Point", "coordinates": [-96.0258, 34.6695] }},
{"zip_code":"74820","country":"US","city":"Ada","state":"Oklahoma","state_ab":"OK","county":"Pontotoc","geo_location":{ "type": "Point", "coordinates": [-96.6924, 34.78] }},
{"zip_code":"74873","country":"US","city":"Tecumseh","state":"Oklahoma","state_ab":"OK","county":"Pottawatomie","geo_location":{ "type": "Point", "coordinates": [-96.9667, 35.2502] }},
{"zip_code":"74523","country":"US","city":"Antlers","state":"Oklahoma","state_ab":"OK","county":"Pushmataha","geo_location":{ "type": "Point", "coordinates": [-95.6254, 34.2349] }},
{"zip_code":"74536","country":"US","city":"Clayton","state":"Oklahoma","state_ab":"OK","county":"Pushmataha","geo_location":{ "type": "Point", "coordinates": [-95.38, 34.5906] }},
{"zip_code":"73650","country":"US","city":"Hammon","state":"Oklahoma","state_ab":"OK","county":"Roger Mills","geo_location":{ "type": "Point", "coordinates": [-99.4027, 35.6461] }},
{"zip_code":"74936","country":"US","city":"Gans","state":"Oklahoma","state_ab":"OK","county":"Sequoyah","geo_location":{ "type": "Point", "coordinates": [-94.6901, 35.3946] }},
{"zip_code":"73533","country":"US","city":"Duncan","state":"Oklahoma","state_ab":"OK","county":"Stephens","geo_location":{ "type": "Point", "coordinates": [-97.9403, 34.5073] }},
{"zip_code":"73546","country":"US","city":"Grandfield","state":"Oklahoma","state_ab":"OK","county":"Tillman","geo_location":{ "type": "Point", "coordinates": [-98.6867, 34.2282] }},
{"zip_code":"74033","country":"US","city":"Glenpool","state":"Oklahoma","state_ab":"OK","county":"Tulsa","geo_location":{ "type": "Point", "coordinates": [-95.9997, 35.9591] }},
{"zip_code":"74073","country":"US","city":"Sperry","state":"Oklahoma","state_ab":"OK","county":"Tulsa","geo_location":{ "type": "Point", "coordinates": [-95.9804, 36.2955] }},
{"zip_code":"74110","country":"US","city":"Tulsa","state":"Oklahoma","state_ab":"OK","county":"Tulsa","geo_location":{ "type": "Point", "coordinates": [-95.9525, 36.1803] }},
{"zip_code":"74136","country":"US","city":"Tulsa","state":"Oklahoma","state_ab":"OK","county":"Tulsa","geo_location":{ "type": "Point", "coordinates": [-95.9452, 36.0605] }},
{"zip_code":"74149","country":"US","city":"Tulsa","state":"Oklahoma","state_ab":"OK","county":"Tulsa","geo_location":{ "type": "Point", "coordinates": [-96.0297, 36.1398] }},
{"zip_code":"74150","country":"US","city":"Tulsa","state":"Oklahoma","state_ab":"OK","county":"Tulsa","geo_location":{ "type": "Point", "coordinates": [-96.0297, 36.1398] }},
{"zip_code":"74189","country":"US","city":"Tulsa","state":"Oklahoma","state_ab":"OK","county":"Tulsa","geo_location":{ "type": "Point", "coordinates": [-96.0297, 36.1398] }},
{"zip_code":"74019","country":"US","city":"Claremore","state":"Oklahoma","state_ab":"OK","county":"Wagoner County","geo_location":{ "type": "Point", "coordinates": [-95.6039, 36.2806] }},
{"zip_code":"74446","country":"US","city":"Okay","state":"Oklahoma","state_ab":"OK","county":"Wagoner","geo_location":{ "type": "Point", "coordinates": [-95.3495, 35.8628] }},
{"zip_code":"74006","country":"US","city":"Bartlesville","state":"Oklahoma","state_ab":"OK","county":"Washington","geo_location":{ "type": "Point", "coordinates": [-95.9251, 36.7366] }},
{"zip_code":"97333","country":"US","city":"Corvallis","state":"Oregon","state_ab":"OR","county":"Benton","geo_location":{ "type": "Point", "coordinates": [-123.2799, 44.5393] }},
{"zip_code":"97009","country":"US","city":"Boring","state":"Oregon","state_ab":"OR","county":"Clackamas","geo_location":{ "type": "Point", "coordinates": [-122.3807, 45.4297] }},
{"zip_code":"97023","country":"US","city":"Estacada","state":"Oregon","state_ab":"OR","county":"Clackamas","geo_location":{ "type": "Point", "coordinates": [-122.3259, 45.2872] }},
{"zip_code":"97036","country":"US","city":"Marylhurst","state":"Oregon","state_ab":"OR","county":"Clackamas","geo_location":{ "type": "Point", "coordinates": [-122.2599, 45.1733] }},
{"zip_code":"97049","country":"US","city":"Rhododendron","state":"Oregon","state_ab":"OR","county":"Clackamas","geo_location":{ "type": "Point", "coordinates": [-121.9151, 45.3465] }},
{"zip_code":"97269","country":"US","city":"Portland","state":"Oregon","state_ab":"OR","county":"Clackamas","geo_location":{ "type": "Point", "coordinates": [-122.2599, 45.1733] }},
{"zip_code":"97423","country":"US","city":"Coquille","state":"Oregon","state_ab":"OR","county":"Coos","geo_location":{ "type": "Point", "coordinates": [-124.2014, 43.1884] }},
{"zip_code":"97449","country":"US","city":"Lakeside","state":"Oregon","state_ab":"OR","county":"Coos","geo_location":{ "type": "Point", "coordinates": [-124.1624, 43.5833] }},
{"zip_code":"97450","country":"US","city":"Langlois","state":"Oregon","state_ab":"OR","county":"Curry","geo_location":{ "type": "Point", "coordinates": [-124.4413, 42.9154] }},
{"zip_code":"97476","country":"US","city":"Sixes","state":"Oregon","state_ab":"OR","county":"Curry","geo_location":{ "type": "Point", "coordinates": [-124.4409, 42.825] }},
{"zip_code":"97759","country":"US","city":"Sisters","state":"Oregon","state_ab":"OR","county":"Deschutes","geo_location":{ "type": "Point", "coordinates": [-121.5091, 44.3165] }},
{"zip_code":"97760","country":"US","city":"Terrebonne","state":"Oregon","state_ab":"OR","county":"Deschutes","geo_location":{ "type": "Point", "coordinates": [-121.2379, 44.3909] }},
{"zip_code":"97410","country":"US","city":"Azalea","state":"Oregon","state_ab":"OR","county":"Douglas","geo_location":{ "type": "Point", "coordinates": [-123.155, 42.845] }},
{"zip_code":"97436","country":"US","city":"Elkton","state":"Oregon","state_ab":"OR","county":"Douglas","geo_location":{ "type": "Point", "coordinates": [-123.59, 43.6378] }},
{"zip_code":"97823","country":"US","city":"Condon","state":"Oregon","state_ab":"OR","county":"Gilliam","geo_location":{ "type": "Point", "coordinates": [-120.1898, 45.2306] }},
{"zip_code":"97720","country":"US","city":"Burns","state":"Oregon","state_ab":"OR","county":"Harney","geo_location":{ "type": "Point", "coordinates": [-119.0504, 43.5145] }},
{"zip_code":"97539","country":"US","city":"Shady Cove","state":"Oregon","state_ab":"OR","county":"Jackson","geo_location":{ "type": "Point", "coordinates": [-122.7561, 42.6212] }},
{"zip_code":"97540","country":"US","city":"Talent","state":"Oregon","state_ab":"OR","county":"Jackson","geo_location":{ "type": "Point", "coordinates": [-122.7861, 42.2363] }},
{"zip_code":"97526","country":"US","city":"Grants Pass","state":"Oregon","state_ab":"OR","county":"Josephine","geo_location":{ "type": "Point", "coordinates": [-123.3457, 42.4638] }},
{"zip_code":"97603","country":"US","city":"Klamath Falls","state":"Oregon","state_ab":"OR","county":"Klamath","geo_location":{ "type": "Point", "coordinates": [-121.7241, 42.1919] }},
{"zip_code":"97733","country":"US","city":"Crescent","state":"Oregon","state_ab":"OR","county":"Klamath","geo_location":{ "type": "Point", "coordinates": [-121.7109, 43.4442] }},
{"zip_code":"97630","country":"US","city":"Lakeview","state":"Oregon","state_ab":"OR","county":"Lake","geo_location":{ "type": "Point", "coordinates": [-120.3775, 42.1854] }},
{"zip_code":"97409","country":"US","city":"Alvadore","state":"Oregon","state_ab":"OR","county":"Lane","geo_location":{ "type": "Point", "coordinates": [-123.2666, 44.1276] }},
{"zip_code":"97463","country":"US","city":"Oakridge","state":"Oregon","state_ab":"OR","county":"Lane","geo_location":{ "type": "Point", "coordinates": [-122.4377, 43.7376] }},
{"zip_code":"97489","country":"US","city":"Walterville","state":"Oregon","state_ab":"OR","county":"Lane","geo_location":{ "type": "Point", "coordinates": [-122.6376, 44.1288] }},
{"zip_code":"97490","country":"US","city":"Walton","state":"Oregon","state_ab":"OR","county":"Lane","geo_location":{ "type": "Point", "coordinates": [-123.5893, 44.0282] }},
{"zip_code":"97360","country":"US","city":"Mill City","state":"Oregon","state_ab":"OR","county":"Linn","geo_location":{ "type": "Point", "coordinates": [-122.4768, 44.7516] }},
{"zip_code":"97386","country":"US","city":"Sweet Home","state":"Oregon","state_ab":"OR","county":"Linn","geo_location":{ "type": "Point", "coordinates": [-122.7286, 44.3981] }},
{"zip_code":"97913","country":"US","city":"Nyssa","state":"Oregon","state_ab":"OR","county":"Malheur","geo_location":{ "type": "Point", "coordinates": [-117.0251, 43.8604] }},
{"zip_code":"97306","country":"US","city":"Salem","state":"Oregon","state_ab":"OR","county":"Marion","geo_location":{ "type": "Point", "coordinates": [-123.0438, 44.8685] }},
{"zip_code":"97346","country":"US","city":"Gates","state":"Oregon","state_ab":"OR","county":"Marion","geo_location":{ "type": "Point", "coordinates": [-122.3995, 44.7527] }},
{"zip_code":"97359","country":"US","city":"Marion","state":"Oregon","state_ab":"OR","county":"Marion","geo_location":{ "type": "Point", "coordinates": [-122.457, 44.9845] }},
{"zip_code":"97373","country":"US","city":"Saint Benedict","state":"Oregon","state_ab":"OR","county":"Marion","geo_location":{ "type": "Point", "coordinates": [-122.457, 44.9845] }},
{"zip_code":"97836","country":"US","city":"Heppner","state":"Oregon","state_ab":"OR","county":"Morrow","geo_location":{ "type": "Point", "coordinates": [-119.5369, 45.3486] }},
{"zip_code":"97010","country":"US","city":"Bridal Veil","state":"Oregon","state_ab":"OR","county":"Multnomah","geo_location":{ "type": "Point", "coordinates": [-122.1011, 45.583] }},
{"zip_code":"97089","country":"US","city":"Boring","state":"Oregon","state_ab":"OR","county":"Multnomah County","geo_location":{ "type": "Point", "coordinates": [-122.4509, 45.4242] }},
{"zip_code":"97203","country":"US","city":"Portland","state":"Oregon","state_ab":"OR","county":"Multnomah","geo_location":{ "type": "Point", "coordinates": [-122.7347, 45.5889] }},
{"zip_code":"97216","country":"US","city":"Portland","state":"Oregon","state_ab":"OR","county":"Multnomah","geo_location":{ "type": "Point", "coordinates": [-122.5569, 45.5137] }},
{"zip_code":"97230","country":"US","city":"Portland","state":"Oregon","state_ab":"OR","county":"Multnomah","geo_location":{ "type": "Point", "coordinates": [-122.5001, 45.5472] }},
{"zip_code":"97256","country":"US","city":"Portland","state":"Oregon","state_ab":"OR","county":"Multnomah","geo_location":{ "type": "Point", "coordinates": [-122.3748, 45.5806] }},
{"zip_code":"97283","country":"US","city":"Portland","state":"Oregon","state_ab":"OR","county":"Multnomah","geo_location":{ "type": "Point", "coordinates": [-122.3748, 45.5806] }},
{"zip_code":"97296","country":"US","city":"Portland","state":"Oregon","state_ab":"OR","county":"Multnomah","geo_location":{ "type": "Point", "coordinates": [-122.3748, 45.5806] }},
{"zip_code":"97050","country":"US","city":"Rufus","state":"Oregon","state_ab":"OR","county":"Sherman","geo_location":{ "type": "Point", "coordinates": [-120.7268, 45.6852] }},
{"zip_code":"97810","country":"US","city":"Adams","state":"Oregon","state_ab":"OR","county":"Umatilla","geo_location":{ "type": "Point", "coordinates": [-118.6176, 45.7497] }},
{"zip_code":"97850","country":"US","city":"La Grande","state":"Oregon","state_ab":"OR","county":"Union","geo_location":{ "type": "Point", "coordinates": [-118.0852, 45.3304] }},
{"zip_code":"97876","country":"US","city":"Summerville","state":"Oregon","state_ab":"OR","county":"Union","geo_location":{ "type": "Point", "coordinates": [-118.027, 45.5077] }},
{"zip_code":"97063","country":"US","city":"Tygh Valley","state":"Oregon","state_ab":"OR","county":"Wasco","geo_location":{ "type": "Point", "coordinates": [-121.2927, 45.2229] }},
{"zip_code":"97076","country":"US","city":"Beaverton","state":"Oregon","state_ab":"OR","county":"Washington","geo_location":{ "type": "Point", "coordinates": [-123.1147, 45.5486] }},
{"zip_code":"97113","country":"US","city":"Cornelius","state":"Oregon","state_ab":"OR","county":"Washington","geo_location":{ "type": "Point", "coordinates": [-123.0415, 45.529] }},
{"zip_code":"97140","country":"US","city":"Sherwood","state":"Oregon","state_ab":"OR","county":"Washington","geo_location":{ "type": "Point", "coordinates": [-122.8567, 45.3514] }},
{"zip_code":"97229","country":"US","city":"Portland","state":"Oregon","state_ab":"OR","county":"Washington","geo_location":{ "type": "Point", "coordinates": [-122.8276, 45.5483] }},
{"zip_code":"17306","country":"US","city":"Bendersville","state":"Pennsylvania","state_ab":"PA","county":"Adams","geo_location":{ "type": "Point", "coordinates": [-77.2496, 39.9792] }},
{"zip_code":"17320","country":"US","city":"Fairfield","state":"Pennsylvania","state_ab":"PA","county":"Adams","geo_location":{ "type": "Point", "coordinates": [-77.3619, 39.7808] }},
{"zip_code":"15030","country":"US","city":"Creighton","state":"Pennsylvania","state_ab":"PA","county":"Allegheny","geo_location":{ "type": "Point", "coordinates": [-79.7818, 40.5821] }},
{"zip_code":"15056","country":"US","city":"Leetsdale","state":"Pennsylvania","state_ab":"PA","county":"Allegheny","geo_location":{ "type": "Point", "coordinates": [-80.2099, 40.5662] }},
{"zip_code":"15096","country":"US","city":"Warrendale","state":"Pennsylvania","state_ab":"PA","county":"Allegheny","geo_location":{ "type": "Point", "coordinates": [-80.0248, 40.4344] }},
{"zip_code":"15106","country":"US","city":"Carnegie","state":"Pennsylvania","state_ab":"PA","county":"Allegheny","geo_location":{ "type": "Point", "coordinates": [-80.0915, 40.4029] }},
{"zip_code":"15120","country":"US","city":"Homestead","state":"Pennsylvania","state_ab":"PA","county":"Allegheny","geo_location":{ "type": "Point", "coordinates": [-79.9052, 40.3926] }},
{"zip_code":"15133","country":"US","city":"Mc Keesport","state":"Pennsylvania","state_ab":"PA","county":"Allegheny","geo_location":{ "type": "Point", "coordinates": [-79.8668, 40.3328] }},
{"zip_code":"15146","country":"US","city":"Monroeville","state":"Pennsylvania","state_ab":"PA","county":"Allegheny","geo_location":{ "type": "Point", "coordinates": [-79.7623, 40.429] }},
{"zip_code":"15209","country":"US","city":"Pittsburgh","state":"Pennsylvania","state_ab":"PA","county":"Allegheny","geo_location":{ "type": "Point", "coordinates": [-79.9739, 40.4999] }},
{"zip_code":"15210","country":"US","city":"Pittsburgh","state":"Pennsylvania","state_ab":"PA","county":"Allegheny","geo_location":{ "type": "Point", "coordinates": [-79.9839, 40.4072] }},
{"zip_code":"15223","country":"US","city":"Pittsburgh","state":"Pennsylvania","state_ab":"PA","county":"Allegheny","geo_location":{ "type": "Point", "coordinates": [-79.9528, 40.5051] }},
{"zip_code":"15236","country":"US","city":"Pittsburgh","state":"Pennsylvania","state_ab":"PA","county":"Allegheny","geo_location":{ "type": "Point", "coordinates": [-79.9832, 40.3351] }},
{"zip_code":"15250","country":"US","city":"Pittsburgh","state":"Pennsylvania","state_ab":"PA","county":"Allegheny","geo_location":{ "type": "Point", "coordinates": [-80.0248, 40.4344] }},
{"zip_code":"15263","country":"US","city":"Pittsburgh","state":"Pennsylvania","state_ab":"PA","county":"Allegheny","geo_location":{ "type": "Point", "coordinates": [-80.0248, 40.4344] }},
{"zip_code":"15276","country":"US","city":"Pittsburgh","state":"Pennsylvania","state_ab":"PA","county":"Allegheny","geo_location":{ "type": "Point", "coordinates": [-80.0248, 40.4344] }},
{"zip_code":"15289","country":"US","city":"Pittsburgh","state":"Pennsylvania","state_ab":"PA","county":"Allegheny County","geo_location":{ "type": "Point", "coordinates": [-79.9451, 40.4446] }},
{"zip_code":"15290","country":"US","city":"Pittsburgh","state":"Pennsylvania","state_ab":"PA","county":"Allegheny","geo_location":{ "type": "Point", "coordinates": [-80.0248, 40.4344] }},
{"zip_code":"7820","country":"US","city":"Allamuchy","state":"New Jersey","state_ab":"NJ","county":"Warren","geo_location":{ "type": "Point", "coordinates": [-74.8497, 40.8696] }},
{"zip_code":"7833","country":"US","city":"Delaware","state":"New Jersey","state_ab":"NJ","county":"Warren","geo_location":{ "type": "Point", "coordinates": [-75.0754, 40.9069] }},
{"zip_code":"7846","country":"US","city":"Johnsonburg","state":"New Jersey","state_ab":"NJ","county":"Warren","geo_location":{ "type": "Point", "coordinates": [-74.8733, 40.969] }},
{"zip_code":"87059","country":"US","city":"Tijeras","state":"New Mexico","state_ab":"NM","county":"Bernalillo","geo_location":{ "type": "Point", "coordinates": [-106.3062, 35.0446] }},
{"zip_code":"87109","country":"US","city":"Albuquerque","state":"New Mexico","state_ab":"NM","county":"Bernalillo","geo_location":{ "type": "Point", "coordinates": [-106.569, 35.1506] }},
{"zip_code":"87110","country":"US","city":"Albuquerque","state":"New Mexico","state_ab":"NM","county":"Bernalillo","geo_location":{ "type": "Point", "coordinates": [-106.5781, 35.1104] }},
{"zip_code":"87123","country":"US","city":"Albuquerque","state":"New Mexico","state_ab":"NM","county":"Bernalillo","geo_location":{ "type": "Point", "coordinates": [-106.509, 35.0717] }},
{"zip_code":"87176","country":"US","city":"Albuquerque","state":"New Mexico","state_ab":"NM","county":"Bernalillo","geo_location":{ "type": "Point", "coordinates": [-106.6729, 35.0443] }},
{"zip_code":"87190","country":"US","city":"Albuquerque","state":"New Mexico","state_ab":"NM","county":"Bernalillo","geo_location":{ "type": "Point", "coordinates": [-106.6729, 35.0443] }},
{"zip_code":"87820","country":"US","city":"Aragon","state":"New Mexico","state_ab":"NM","county":"Catron","geo_location":{ "type": "Point", "coordinates": [-108.5466, 33.8859] }},
{"zip_code":"88203","country":"US","city":"Roswell","state":"New Mexico","state_ab":"NM","county":"Chaves","geo_location":{ "type": "Point", "coordinates": [-104.5284, 33.3718] }},
{"zip_code":"88230","country":"US","city":"Dexter","state":"New Mexico","state_ab":"NM","county":"Chaves","geo_location":{ "type": "Point", "coordinates": [-104.3833, 33.191] }},
{"zip_code":"87020","country":"US","city":"Grants","state":"New Mexico","state_ab":"NM","county":"Cibola","geo_location":{ "type": "Point", "coordinates": [-107.8502, 35.0999] }},
{"zip_code":"87729","country":"US","city":"Miami","state":"New Mexico","state_ab":"NM","county":"Colfax","geo_location":{ "type": "Point", "coordinates": [-104.8118, 36.2895] }},
{"zip_code":"87936","country":"US","city":"Garfield","state":"New Mexico","state_ab":"NM","county":"Doña Ana","geo_location":{ "type": "Point", "coordinates": [-107.2704, 32.7557] }},
{"zip_code":"88063","country":"US","city":"Sunland Park","state":"New Mexico","state_ab":"NM","county":"Doña Ana","geo_location":{ "type": "Point", "coordinates": [-106.5997, 31.8186] }},
{"zip_code":"88256","country":"US","city":"Loving","state":"New Mexico","state_ab":"NM","county":"Eddy","geo_location":{ "type": "Point", "coordinates": [-104.0914, 32.274] }},
{"zip_code":"88023","country":"US","city":"Bayard","state":"New Mexico","state_ab":"NM","county":"Grant","geo_location":{ "type": "Point", "coordinates": [-107.9696, 32.8198] }},
{"zip_code":"88036","country":"US","city":"Fort Bayard","state":"New Mexico","state_ab":"NM","county":"Grant","geo_location":{ "type": "Point", "coordinates": [-108.0075, 32.7574] }},
{"zip_code":"88049","country":"US","city":"Mimbres","state":"New Mexico","state_ab":"NM","county":"Grant","geo_location":{ "type": "Point", "coordinates": [-108.0332, 32.909] }},
{"zip_code":"87730","country":"US","city":"Mills","state":"New Mexico","state_ab":"NM","county":"Harding","geo_location":{ "type": "Point", "coordinates": [-104.2277, 36.1281] }},
{"zip_code":"87743","country":"US","city":"Roy","state":"New Mexico","state_ab":"NM","county":"Harding","geo_location":{ "type": "Point", "coordinates": [-104.1497, 35.9522] }},
{"zip_code":"88009","country":"US","city":"Playas","state":"New Mexico","state_ab":"NM","county":"Hidalgo","geo_location":{ "type": "Point", "coordinates": [-108.6291, 32.055] }},
{"zip_code":"88346","country":"US","city":"Ruidoso Downs","state":"New Mexico","state_ab":"NM","county":"Lincoln","geo_location":{ "type": "Point", "coordinates": [-105.5383, 33.3577] }},
{"zip_code":"87316","country":"US","city":"Fort Wingate","state":"New Mexico","state_ab":"NM","county":"McKinley","geo_location":{ "type": "Point", "coordinates": [-108.4864, 35.5191] }},
{"zip_code":"87510","country":"US","city":"Abiquiu","state":"New Mexico","state_ab":"NM","county":"Rio Arriba","geo_location":{ "type": "Point", "coordinates": [-106.2449, 36.1769] }},
{"zip_code":"87523","country":"US","city":"Cordova","state":"New Mexico","state_ab":"NM","county":"Rio Arriba","geo_location":{ "type": "Point", "coordinates": [-105.9033, 36.0056] }},
{"zip_code":"88113","country":"US","city":"Causey","state":"New Mexico","state_ab":"NM","county":"Roosevelt","geo_location":{ "type": "Point", "coordinates": [-103.0865, 33.7781] }},
{"zip_code":"88126","country":"US","city":"Pep","state":"New Mexico","state_ab":"NM","county":"Roosevelt","geo_location":{ "type": "Point", "coordinates": [-103.2881, 33.8054] }},
{"zip_code":"87046","country":"US","city":"Regina","state":"New Mexico","state_ab":"NM","county":"Sandoval","geo_location":{ "type": "Point", "coordinates": [-106.9358, 35.7174] }},
{"zip_code":"87419","country":"US","city":"Navajo Dam","state":"New Mexico","state_ab":"NM","county":"San Juan","geo_location":{ "type": "Point", "coordinates": [-107.6528, 36.8689] }},
{"zip_code":"87420","country":"US","city":"Shiprock","state":"New Mexico","state_ab":"NM","county":"San Juan","geo_location":{ "type": "Point", "coordinates": [-108.7355, 36.656] }},
{"zip_code":"87499","country":"US","city":"Farmington","state":"New Mexico","state_ab":"NM","county":"San Juan","geo_location":{ "type": "Point", "coordinates": [-108.0692, 36.7745] }},
{"zip_code":"87509","country":"US","city":"Santa Fe","state":"New Mexico","state_ab":"NM","county":"Santa Fe","geo_location":{ "type": "Point", "coordinates": [-105.9818, 35.5212] }},
{"zip_code":"87549","country":"US","city":"Ojo Caliente","state":"New Mexico","state_ab":"NM","county":"Taos","geo_location":{ "type": "Point", "coordinates": [-106.0028, 36.3313] }},
{"zip_code":"87576","country":"US","city":"Trampas","state":"New Mexico","state_ab":"NM","county":"Taos","geo_location":{ "type": "Point", "coordinates": [-105.6292, 36.5045] }},
{"zip_code":"88410","country":"US","city":"Amistad","state":"New Mexico","state_ab":"NM","county":"Union","geo_location":{ "type": "Point", "coordinates": [-103.213, 35.8983] }},
{"zip_code":"88436","country":"US","city":"Sedan","state":"New Mexico","state_ab":"NM","county":"Union","geo_location":{ "type": "Point", "coordinates": [-103.1449, 36.226] }},
{"zip_code":"87006","country":"US","city":"Bosque","state":"New Mexico","state_ab":"NM","county":"Valencia","geo_location":{ "type": "Point", "coordinates": [-106.8038, 34.4996] }},
{"zip_code":"87060","country":"US","city":"Tome","state":"New Mexico","state_ab":"NM","county":"Valencia","geo_location":{ "type": "Point", "coordinates": [-106.7328, 34.7426] }},
{"zip_code":"89026","country":"US","city":"Jean","state":"Nevada","state_ab":"NV","county":"Clark","geo_location":{ "type": "Point", "coordinates": [-114.9721, 35.9279] }},
{"zip_code":"89039","country":"US","city":"Cal Nev Ari","state":"Nevada","state_ab":"NV","county":"Clark","geo_location":{ "type": "Point", "coordinates": [-114.8714, 35.2522] }},
{"zip_code":"89040","country":"US","city":"Overton","state":"Nevada","state_ab":"NV","county":"Clark","geo_location":{ "type": "Point", "coordinates": [-114.4732, 36.5703] }},
{"zip_code":"89053","country":"US","city":"Henderson","state":"Nevada","state_ab":"NV","county":"Clark","geo_location":{ "type": "Point", "coordinates": [-114.9721, 35.9279] }},
{"zip_code":"89103","country":"US","city":"Las Vegas","state":"Nevada","state_ab":"NV","county":"Clark","geo_location":{ "type": "Point", "coordinates": [-115.2161, 36.1149] }},
{"zip_code":"89116","country":"US","city":"Las Vegas","state":"Nevada","state_ab":"NV","county":"Clark","geo_location":{ "type": "Point", "coordinates": [-114.9721, 35.9279] }},
{"zip_code":"89129","country":"US","city":"Las Vegas","state":"Nevada","state_ab":"NV","county":"Clark","geo_location":{ "type": "Point", "coordinates": [-115.2743, 36.245] }},
{"zip_code":"89130","country":"US","city":"Las Vegas","state":"Nevada","state_ab":"NV","county":"Clark","geo_location":{ "type": "Point", "coordinates": [-115.221, 36.2471] }},
{"zip_code":"89143","country":"US","city":"Las Vegas","state":"Nevada","state_ab":"NV","county":"Clark","geo_location":{ "type": "Point", "coordinates": [-115.2932, 36.3223] }},
{"zip_code":"89156","country":"US","city":"Las Vegas","state":"Nevada","state_ab":"NV","county":"Clark","geo_location":{ "type": "Point", "coordinates": [-115.0364, 36.2034] }},
{"zip_code":"89169","country":"US","city":"Las Vegas","state":"Nevada","state_ab":"NV","county":"Clark County","geo_location":{ "type": "Point", "coordinates": [-115.1429, 36.1234] }},
{"zip_code":"89170","country":"US","city":"Las Vegas","state":"Nevada","state_ab":"NV","county":"Clark","geo_location":{ "type": "Point", "coordinates": [-114.9721, 35.9279] }},
{"zip_code":"89183","country":"US","city":"Las Vegas","state":"Nevada","state_ab":"NV","county":"Clark County","geo_location":{ "type": "Point", "coordinates": [-115.1576, 35.9959] }},
{"zip_code":"89413","country":"US","city":"Glenbrook","state":"Nevada","state_ab":"NV","county":"Douglas","geo_location":{ "type": "Point", "coordinates": [-119.9428, 39.0509] }},
{"zip_code":"89826","country":"US","city":"Jarbidge","state":"Nevada","state_ab":"NV","county":"Elko","geo_location":{ "type": "Point", "coordinates": [-115.3813, 41.8873] }},
{"zip_code":"89013","country":"US","city":"Goldfield","state":"Nevada","state_ab":"NV","county":"Esmeralda","geo_location":{ "type": "Point", "coordinates": [-117.2694, 37.8344] }},
{"zip_code":"89426","country":"US","city":"Paradise Valley","state":"Nevada","state_ab":"NV","county":"Humboldt","geo_location":{ "type": "Point", "coordinates": [-117.5728, 41.5057] }},
{"zip_code":"89310","country":"US","city":"Austin","state":"Nevada","state_ab":"NV","county":"Lander","geo_location":{ "type": "Point", "coordinates": [-117.0811, 39.508] }},
{"zip_code":"89440","country":"US","city":"Virginia City","state":"Nevada","state_ab":"NV","county":"Storey","geo_location":{ "type": "Point", "coordinates": [-119.6587, 39.2965] }},
{"zip_code":"89439","country":"US","city":"Verdi","state":"Nevada","state_ab":"NV","county":"Washoe","geo_location":{ "type": "Point", "coordinates": [-119.9833, 39.5165] }},
{"zip_code":"89503","country":"US","city":"Reno","state":"Nevada","state_ab":"NV","county":"Washoe","geo_location":{ "type": "Point", "coordinates": [-119.8374, 39.5354] }},
{"zip_code":"89570","country":"US","city":"Reno","state":"Nevada","state_ab":"NV","county":"Washoe","geo_location":{ "type": "Point", "coordinates": [-119.5869, 40.5412] }},
{"zip_code":"89710","country":"US","city":"Carson City","state":"Nevada","state_ab":"NV","county":"Carson City (city)","geo_location":{ "type": "Point", "coordinates": [-119.7764, 39.1678] }},
{"zip_code":"12046","country":"US","city":"Coeymans Hollow","state":"New York","state_ab":"NY","county":"Albany","geo_location":{ "type": "Point", "coordinates": [-73.9206, 42.4865] }},
{"zip_code":"12059","country":"US","city":"East Berne","state":"New York","state_ab":"NY","county":"Albany","geo_location":{ "type": "Point", "coordinates": [-74.0555, 42.6191] }},
{"zip_code":"12110","country":"US","city":"Latham","state":"New York","state_ab":"NY","county":"Albany","geo_location":{ "type": "Point", "coordinates": [-73.763, 42.7462] }},
{"zip_code":"12189","country":"US","city":"Watervliet","state":"New York","state_ab":"NY","county":"Albany","geo_location":{ "type": "Point", "coordinates": [-73.7123, 42.7298] }},
{"zip_code":"12226","country":"US","city":"Albany","state":"New York","state_ab":"NY","county":"Albany","geo_location":{ "type": "Point", "coordinates": [-73.9708, 42.6149] }},
{"zip_code":"12239","country":"US","city":"Albany","state":"New York","state_ab":"NY","county":"Albany","geo_location":{ "type": "Point", "coordinates": [-73.9708, 42.6149] }},
{"zip_code":"12240","country":"US","city":"Albany","state":"New York","state_ab":"NY","county":"Albany","geo_location":{ "type": "Point", "coordinates": [-73.9708, 42.6149] }},
{"zip_code":"14709","country":"US","city":"Angelica","state":"New York","state_ab":"NY","county":"Allegany","geo_location":{ "type": "Point", "coordinates": [-77.9947, 42.3263] }},
{"zip_code":"14776","country":"US","city":"Rossburg","state":"New York","state_ab":"NY","county":"Allegany","geo_location":{ "type": "Point", "coordinates": [-78.0161, 42.26] }},
{"zip_code":"14813","country":"US","city":"Belmont","state":"New York","state_ab":"NY","county":"Allegany","geo_location":{ "type": "Point", "coordinates": [-78.011, 42.2334] }},
{"zip_code":"14880","country":"US","city":"Scio","state":"New York","state_ab":"NY","county":"Allegany","geo_location":{ "type": "Point", "coordinates": [-77.99, 42.1697] }},
{"zip_code":"10400","country":"US","city":"Bronx","state":"New York","state_ab":"NY","county":"Bronx","geo_location":{ "type": "Point", "coordinates": [-73.8772, 40.849] }},
{"zip_code":"10453","country":"US","city":"Bronx","state":"New York","state_ab":"NY","county":"Bronx","geo_location":{ "type": "Point", "coordinates": [-73.9129, 40.852] }},
{"zip_code":"10466","country":"US","city":"Bronx","state":"New York","state_ab":"NY","county":"Bronx","geo_location":{ "type": "Point", "coordinates": [-73.8503, 40.8904] }},
{"zip_code":"13746","country":"US","city":"Chenango Forks","state":"New York","state_ab":"NY","county":"Broome","geo_location":{ "type": "Point", "coordinates": [-75.8462, 42.2778] }},
{"zip_code":"13760","country":"US","city":"Endicott","state":"New York","state_ab":"NY","county":"Broome","geo_location":{ "type": "Point", "coordinates": [-76.0551, 42.1506] }},
{"zip_code":"13850","country":"US","city":"Vestal","state":"New York","state_ab":"NY","county":"Broome","geo_location":{ "type": "Point", "coordinates": [-76.0118, 42.0771] }},
{"zip_code":"14129","country":"US","city":"Perrysburg","state":"New York","state_ab":"NY","county":"Cattaraugus","geo_location":{ "type": "Point", "coordinates": [-78.9981, 42.4723] }},
{"zip_code":"14749","country":"US","city":"Knapp Creek","state":"New York","state_ab":"NY","county":"Cattaraugus County","geo_location":{ "type": "Point", "coordinates": [-78.506, 42.0069] }},
{"zip_code":"13113","country":"US","city":"Meridian","state":"New York","state_ab":"NY","county":"Cayuga","geo_location":{ "type": "Point", "coordinates": [-76.6217, 43.0891] }},
{"zip_code":"13139","country":"US","city":"Poplar Ridge","state":"New York","state_ab":"NY","county":"Cayuga","geo_location":{ "type": "Point", "coordinates": [-76.6285, 42.7421] }},
{"zip_code":"13140","country":"US","city":"Port Byron","state":"New York","state_ab":"NY","county":"Cayuga","geo_location":{ "type": "Point", "coordinates": [-76.6449, 43.0427] }},
{"zip_code":"13166","country":"US","city":"Weedsport","state":"New York","state_ab":"NY","county":"Cayuga","geo_location":{ "type": "Point", "coordinates": [-76.5425, 43.0489] }},
{"zip_code":"14710","country":"US","city":"Ashville","state":"New York","state_ab":"NY","county":"Chautauqua","geo_location":{ "type": "Point", "coordinates": [-79.4056, 42.1084] }},
{"zip_code":"14723","country":"US","city":"Cherry Creek","state":"New York","state_ab":"NY","county":"Chautauqua","geo_location":{ "type": "Point", "coordinates": [-79.1203, 42.3127] }},
{"zip_code":"14736","country":"US","city":"Findley Lake","state":"New York","state_ab":"NY","county":"Chautauqua","geo_location":{ "type": "Point", "coordinates": [-79.7349, 42.1204] }},
{"zip_code":"14750","country":"US","city":"Lakewood","state":"New York","state_ab":"NY","county":"Chautauqua","geo_location":{ "type": "Point", "coordinates": [-79.3291, 42.0973] }},
{"zip_code":"14903","country":"US","city":"Elmira","state":"New York","state_ab":"NY","county":"Chemung","geo_location":{ "type": "Point", "coordinates": [-76.8877, 42.1198] }},
{"zip_code":"13733","country":"US","city":"Bainbridge","state":"New York","state_ab":"NY","county":"Chenango","geo_location":{ "type": "Point", "coordinates": [-75.4894, 42.312] }},
{"zip_code":"13809","country":"US","city":"Mount Upton","state":"New York","state_ab":"NY","county":"Chenango","geo_location":{ "type": "Point", "coordinates": [-75.4003, 42.4081] }},
{"zip_code":"12910","country":"US","city":"Altona","state":"New York","state_ab":"NY","county":"Clinton","geo_location":{ "type": "Point", "coordinates": [-73.6408, 44.8816] }},
{"zip_code":"12923","country":"US","city":"Churubusco","state":"New York","state_ab":"NY","county":"Clinton","geo_location":{ "type": "Point", "coordinates": [-73.9355, 44.9432] }},
{"zip_code":"12060","country":"US","city":"East Chatham","state":"New York","state_ab":"NY","county":"Columbia","geo_location":{ "type": "Point", "coordinates": [-73.4903, 42.433] }},
{"zip_code":"12136","country":"US","city":"Old Chatham","state":"New York","state_ab":"NY","county":"Columbia","geo_location":{ "type": "Point", "coordinates": [-73.5545, 42.4357] }},
{"zip_code":"12523","country":"US","city":"Elizaville","state":"New York","state_ab":"NY","county":"Columbia","geo_location":{ "type": "Point", "coordinates": [-73.7818, 42.0902] }},
{"zip_code":"13050","country":"US","city":"Cuyler","state":"New York","state_ab":"NY","county":"Cortland County","geo_location":{ "type": "Point", "coordinates": [-75.9403, 42.7365] }},
{"zip_code":"13863","country":"US","city":"Willet","state":"New York","state_ab":"NY","county":"Cortland","geo_location":{ "type": "Point", "coordinates": [-75.9014, 42.452] }},
{"zip_code":"12406","country":"US","city":"Arkville","state":"New York","state_ab":"NY","county":"Delaware","geo_location":{ "type": "Point", "coordinates": [-74.5721, 42.1417] }},
{"zip_code":"12459","country":"US","city":"New Kingston","state":"New York","state_ab":"NY","county":"Delaware","geo_location":{ "type": "Point", "coordinates": [-74.6837, 42.2094] }},
{"zip_code":"13786","country":"US","city":"Harpersfield","state":"New York","state_ab":"NY","county":"Delaware","geo_location":{ "type": "Point", "coordinates": [-74.6871, 42.4499] }},
{"zip_code":"12510","country":"US","city":"Billings","state":"New York","state_ab":"NY","county":"Dutchess","geo_location":{ "type": "Point", "coordinates": [-73.7437, 41.7599] }},
{"zip_code":"12590","country":"US","city":"Wappingers Falls","state":"New York","state_ab":"NY","county":"Dutchess","geo_location":{ "type": "Point", "coordinates": [-73.8876, 41.595] }},
{"zip_code":"12600","country":"US","city":"Poughkeepsie","state":"New York","state_ab":"NY","county":"Dutchess County","geo_location":{ "type": "Point", "coordinates": [-73.9108, 41.6952] }},
{"zip_code":"14026","country":"US","city":"Bowmansville","state":"New York","state_ab":"NY","county":"Erie","geo_location":{ "type": "Point", "coordinates": [-78.688, 42.941] }},
{"zip_code":"14080","country":"US","city":"Holland","state":"New York","state_ab":"NY","county":"Erie","geo_location":{ "type": "Point", "coordinates": [-78.5439, 42.6396] }},
{"zip_code":"14169","country":"US","city":"Wales Center","state":"New York","state_ab":"NY","county":"Erie","geo_location":{ "type": "Point", "coordinates": [-78.5856, 42.7673] }},
{"zip_code":"14170","country":"US","city":"West Falls","state":"New York","state_ab":"NY","county":"Erie","geo_location":{ "type": "Point", "coordinates": [-78.6779, 42.7053] }},
{"zip_code":"14206","country":"US","city":"Buffalo","state":"New York","state_ab":"NY","county":"Erie","geo_location":{ "type": "Point", "coordinates": [-78.8104, 42.8811] }},
{"zip_code":"14219","country":"US","city":"Buffalo","state":"New York","state_ab":"NY","county":"Erie","geo_location":{ "type": "Point", "coordinates": [-78.8264, 42.7863] }},
{"zip_code":"14220","country":"US","city":"Buffalo","state":"New York","state_ab":"NY","county":"Erie","geo_location":{ "type": "Point", "coordinates": [-78.8182, 42.8441] }},
{"zip_code":"14233","country":"US","city":"Buffalo","state":"New York","state_ab":"NY","county":"Erie","geo_location":{ "type": "Point", "coordinates": [-78.8871, 42.7684] }},
{"zip_code":"14260","country":"US","city":"Buffalo","state":"New York","state_ab":"NY","county":"Erie","geo_location":{ "type": "Point", "coordinates": [-78.8871, 42.7684] }},
{"zip_code":"14273","country":"US","city":"Buffalo","state":"New York","state_ab":"NY","county":"Erie","geo_location":{ "type": "Point", "coordinates": [-78.7849, 42.755] }},
{"zip_code":"12936","country":"US","city":"Essex","state":"New York","state_ab":"NY","county":"Essex","geo_location":{ "type": "Point", "coordinates": [-73.3731, 44.2807] }},
{"zip_code":"12950","country":"US","city":"Lewis","state":"New York","state_ab":"NY","county":"Essex","geo_location":{ "type": "Point", "coordinates": [-73.5491, 44.3075] }},
{"zip_code":"12976","country":"US","city":"Rainbow Lake","state":"New York","state_ab":"NY","county":"Franklin","geo_location":{ "type": "Point", "coordinates": [-74.318, 44.5527] }},
{"zip_code":"12989","country":"US","city":"Vermontville","state":"New York","state_ab":"NY","county":"Franklin","geo_location":{ "type": "Point", "coordinates": [-74.0573, 44.4601] }},
{"zip_code":"14013","country":"US","city":"Basom","state":"New York","state_ab":"NY","county":"Genesee","geo_location":{ "type": "Point", "coordinates": [-78.3951, 43.0807] }},
{"zip_code":"14040","country":"US","city":"Darien Center","state":"New York","state_ab":"NY","county":"Genesee","geo_location":{ "type": "Point", "coordinates": [-78.3878, 42.8948] }},
{"zip_code":"14143","country":"US","city":"Stafford","state":"New York","state_ab":"NY","county":"Genesee","geo_location":{ "type": "Point", "coordinates": [-78.0898, 42.9829] }},
{"zip_code":"12163","country":"US","city":"Cairo","state":"New York","state_ab":"NY","county":"Greene County","geo_location":{ "type": "Point", "coordinates": [-74.0273, 42.4477] }},
{"zip_code":"12176","country":"US","city":"Surprise","state":"New York","state_ab":"NY","county":"Greene","geo_location":{ "type": "Point", "coordinates": [-73.9587, 42.3851] }},
{"zip_code":"12460","country":"US","city":"Oak Hill","state":"New York","state_ab":"NY","county":"Greene","geo_location":{ "type": "Point", "coordinates": [-74.1528, 42.4069] }},
{"zip_code":"12473","country":"US","city":"Round Top","state":"New York","state_ab":"NY","county":"Greene","geo_location":{ "type": "Point", "coordinates": [-74.0523, 42.2678] }},
{"zip_code":"12190","country":"US","city":"Wells","state":"New York","state_ab":"NY","county":"Hamilton","geo_location":{ "type": "Point", "coordinates": [-74.2886, 43.4012] }},
{"zip_code":"13360","country":"US","city":"Inlet","state":"New York","state_ab":"NY","county":"Hamilton","geo_location":{ "type": "Point", "coordinates": [-74.7846, 43.748] }},
{"zip_code":"13436","country":"US","city":"Raquette Lake","state":"New York","state_ab":"NY","county":"Hamilton","geo_location":{ "type": "Point", "coordinates": [-74.4569, 43.6676] }},
{"zip_code":"13603","country":"US","city":"Watertown","state":"New York","state_ab":"NY","county":"Jefferson","geo_location":{ "type": "Point", "coordinates": [-75.8967, 43.9087] }},
{"zip_code":"13616","country":"US","city":"Calcium","state":"New York","state_ab":"NY","county":"Jefferson","geo_location":{ "type": "Point", "coordinates": [-75.8499, 44.0265] }},
{"zip_code":"13643","country":"US","city":"Great Bend","state":"New York","state_ab":"NY","county":"Jefferson","geo_location":{ "type": "Point", "coordinates": [-75.7284, 44.0147] }},
{"zip_code":"13656","country":"US","city":"La Fargeville","state":"New York","state_ab":"NY","county":"Jefferson","geo_location":{ "type": "Point", "coordinates": [-75.9569, 44.1987] }},
{"zip_code":"11209","country":"US","city":"Brooklyn","state":"New York","state_ab":"NY","county":"Kings","geo_location":{ "type": "Point", "coordinates": [-74.0303, 40.6251] }},
{"zip_code":"11210","country":"US","city":"Brooklyn","state":"New York","state_ab":"NY","county":"Kings","geo_location":{ "type": "Point", "coordinates": [-73.9467, 40.6281] }},
{"zip_code":"11223","country":"US","city":"Brooklyn","state":"New York","state_ab":"NY","county":"Kings","geo_location":{ "type": "Point", "coordinates": [-73.9743, 40.5979] }},
{"zip_code":"11236","country":"US","city":"Brooklyn","state":"New York","state_ab":"NY","county":"Kings","geo_location":{ "type": "Point", "coordinates": [-73.9028, 40.6407] }},
{"zip_code":"11249","country":"US","city":"Brooklyn","state":"New York","state_ab":"NY","county":"Kings","geo_location":{ "type": "Point", "coordinates": [-73.945, 40.6451] }},
{"zip_code":"13489","country":"US","city":"West Leyden","state":"New York","state_ab":"NY","county":"Lewis","geo_location":{ "type": "Point", "coordinates": [-75.5127, 43.4597] }},
{"zip_code":"14466","country":"US","city":"Hemlock","state":"New York","state_ab":"NY","county":"Livingston","geo_location":{ "type": "Point", "coordinates": [-77.582, 42.78] }},
{"zip_code":"14480","country":"US","city":"Lakeville","state":"New York","state_ab":"NY","county":"Livingston","geo_location":{ "type": "Point", "coordinates": [-77.7149, 42.8296] }},
{"zip_code":"14556","country":"US","city":"Sonyea","state":"New York","state_ab":"NY","county":"Livingston","geo_location":{ "type": "Point", "coordinates": [-77.7739, 42.7298] }},
{"zip_code":"13346","country":"US","city":"Hamilton","state":"New York","state_ab":"NY","county":"Madison","geo_location":{ "type": "Point", "coordinates": [-75.5434, 42.8231] }},
{"zip_code":"13409","country":"US","city":"Munnsville","state":"New York","state_ab":"NY","county":"Madison","geo_location":{ "type": "Point", "coordinates": [-75.594, 42.9863] }},
{"zip_code":"14543","country":"US","city":"Rush","state":"New York","state_ab":"NY","county":"Monroe","geo_location":{ "type": "Point", "coordinates": [-77.6665, 42.9966] }},
{"zip_code":"14606","country":"US","city":"Rochester","state":"New York","state_ab":"NY","county":"Monroe","geo_location":{ "type": "Point", "coordinates": [-77.6845, 43.1685] }},
{"zip_code":"14619","country":"US","city":"Rochester","state":"New York","state_ab":"NY","county":"Monroe","geo_location":{ "type": "Point", "coordinates": [-77.6481, 43.1367] }},
{"zip_code":"14620","country":"US","city":"Rochester","state":"New York","state_ab":"NY","county":"Monroe","geo_location":{ "type": "Point", "coordinates": [-77.6062, 43.1317] }},
{"zip_code":"14646","country":"US","city":"Rochester","state":"New York","state_ab":"NY","county":"Monroe","geo_location":{ "type": "Point", "coordinates": [-77.6843, 43.286] }},
{"zip_code":"14660","country":"US","city":"Rochester","state":"New York","state_ab":"NY","county":"Monroe","geo_location":{ "type": "Point", "coordinates": [-77.6843, 43.286] }},
{"zip_code":"14673","country":"US","city":"Rochester","state":"New York","state_ab":"NY","county":"Monroe","geo_location":{ "type": "Point", "coordinates": [-77.6843, 43.286] }},
{"zip_code":"12086","country":"US","city":"Hagaman","state":"New York","state_ab":"NY","county":"Montgomery","geo_location":{ "type": "Point", "coordinates": [-74.1556, 42.9695] }},
{"zip_code":"13410","country":"US","city":"Nelliston","state":"New York","state_ab":"NY","county":"Montgomery","geo_location":{ "type": "Point", "coordinates": [-74.6117, 42.9379] }},
{"zip_code":"11003","country":"US","city":"Elmont","state":"New York","state_ab":"NY","county":"Nassau","geo_location":{ "type": "Point", "coordinates": [-73.7049, 40.6976] }},
{"zip_code":"11030","country":"US","city":"Manhasset","state":"New York","state_ab":"NY","county":"Nassau","geo_location":{ "type": "Point", "coordinates": [-73.6888, 40.7934] }},
{"zip_code":"11043","country":"US","city":"New Hyde Park","state":"New York","state_ab":"NY","county":"Nassau","geo_location":{ "type": "Point", "coordinates": [-73.6018, 40.7548] }},
{"zip_code":"11096","country":"US","city":"Inwood","state":"New York","state_ab":"NY","county":"Nassau","geo_location":{ "type": "Point", "coordinates": [-73.7474, 40.6205] }},
{"zip_code":"11520","country":"US","city":"Freeport","state":"New York","state_ab":"NY","county":"Nassau","geo_location":{ "type": "Point", "coordinates": [-73.5866, 40.6536] }},
{"zip_code":"11559","country":"US","city":"Lawrence","state":"New York","state_ab":"NY","county":"Nassau","geo_location":{ "type": "Point", "coordinates": [-73.733, 40.614] }},
{"zip_code":"11560","country":"US","city":"Locust Valley","state":"New York","state_ab":"NY","county":"Nassau","geo_location":{ "type": "Point", "coordinates": [-73.5927, 40.8817] }},
{"zip_code":"11599","country":"US","city":"Garden City","state":"New York","state_ab":"NY","county":"Nassau","geo_location":{ "type": "Point", "coordinates": [-73.7427, 40.6076] }},
{"zip_code":"11753","country":"US","city":"Jericho","state":"New York","state_ab":"NY","county":"Nassau","geo_location":{ "type": "Point", "coordinates": [-73.5331, 40.7881] }},
{"zip_code":"11793","country":"US","city":"Wantagh","state":"New York","state_ab":"NY","county":"Nassau","geo_location":{ "type": "Point", "coordinates": [-73.5103, 40.685] }},
{"zip_code":"11803","country":"US","city":"Plainview","state":"New York","state_ab":"NY","county":"Nassau","geo_location":{ "type": "Point", "coordinates": [-73.4816, 40.7781] }},
{"zip_code":"10000","country":"US","city":"New York City","state":"New York","state_ab":"NY","county":"New York County","geo_location":{ "type": "Point", "coordinates": [-73.6731, 40.7069] }},
{"zip_code":"10013","country":"US","city":"New York City","state":"New York","state_ab":"NY","county":"New York","geo_location":{ "type": "Point", "coordinates": [-74.0025, 40.7185] }},
{"zip_code":"10026","country":"US","city":"New York City","state":"New York","state_ab":"NY","county":"New York","geo_location":{ "type": "Point", "coordinates": [-73.9531, 40.8019] }},
{"zip_code":"10039","country":"US","city":"New York City","state":"New York","state_ab":"NY","county":"New York","geo_location":{ "type": "Point", "coordinates": [-73.9383, 40.8265] }},
{"zip_code":"10040","country":"US","city":"New York City","state":"New York","state_ab":"NY","county":"New York","geo_location":{ "type": "Point", "coordinates": [-73.9296, 40.8583] }},
{"zip_code":"10079","country":"US","city":"New York City","state":"New York","state_ab":"NY","county":"New York","geo_location":{ "type": "Point", "coordinates": [-73.9772, 40.7808] }},
{"zip_code":"10080","country":"US","city":"New York City","state":"New York","state_ab":"NY","county":"New York","geo_location":{ "type": "Point", "coordinates": [-73.9772, 40.7808] }},
{"zip_code":"10103","country":"US","city":"New York City","state":"New York","state_ab":"NY","county":"New York","geo_location":{ "type": "Point", "coordinates": [-73.9762, 40.7603] }},
{"zip_code":"10116","country":"US","city":"New York City","state":"New York","state_ab":"NY","county":"New York","geo_location":{ "type": "Point", "coordinates": [-73.9772, 40.7808] }},
{"zip_code":"10129","country":"US","city":"New York City","state":"New York","state_ab":"NY","county":"New York","geo_location":{ "type": "Point", "coordinates": [-73.9772, 40.7808] }},
{"zip_code":"10130","country":"US","city":"New York City","state":"New York","state_ab":"NY","county":"New York","geo_location":{ "type": "Point", "coordinates": [-73.9772, 40.7808] }},
{"zip_code":"10156","country":"US","city":"New York City","state":"New York","state_ab":"NY","county":"New York","geo_location":{ "type": "Point", "coordinates": [-73.9772, 40.7808] }},
{"zip_code":"10169","country":"US","city":"New York City","state":"New York","state_ab":"NY","county":"New York","geo_location":{ "type": "Point", "coordinates": [-73.9766, 40.7547] }},
{"zip_code":"10170","country":"US","city":"New York City","state":"New York","state_ab":"NY","county":"New York","geo_location":{ "type": "Point", "coordinates": [-73.9755, 40.7526] }},
{"zip_code":"10196","country":"US","city":"New York City","state":"New York","state_ab":"NY","county":"New York","geo_location":{ "type": "Point", "coordinates": [-73.9772, 40.7808] }},
{"zip_code":"10259","country":"US","city":"New York City","state":"New York","state_ab":"NY","county":"New York","geo_location":{ "type": "Point", "coordinates": [-73.9772, 40.7808] }},
{"zip_code":"10260","country":"US","city":"New York City","state":"New York","state_ab":"NY","county":"New York","geo_location":{ "type": "Point", "coordinates": [-73.9772, 40.7808] }},
{"zip_code":"10273","country":"US","city":"New York City","state":"New York","state_ab":"NY","county":"New York","geo_location":{ "type": "Point", "coordinates": [-73.9772, 40.7808] }},
{"zip_code":"10286","country":"US","city":"New York City","state":"New York","state_ab":"NY","county":"New York","geo_location":{ "type": "Point", "coordinates": [-74.0119, 40.7142] }},
{"zip_code":"13319","country":"US","city":"Chadwicks","state":"New York","state_ab":"NY","county":"Oneida","geo_location":{ "type": "Point", "coordinates": [-75.2656, 43.0226] }},
{"zip_code":"2119","country":"US","city":"Boston","state":"Massachusetts","state_ab":"MA","county":"Suffolk","geo_location":{ "type": "Point", "coordinates": [-71.0846, 42.3231] }},
{"zip_code":"2120","country":"US","city":"Boston","state":"Massachusetts","state_ab":"MA","county":"Suffolk","geo_location":{ "type": "Point", "coordinates": [-71.0964, 42.3325] }},
{"zip_code":"2133","country":"US","city":"Boston","state":"Massachusetts","state_ab":"MA","county":"Suffolk","geo_location":{ "type": "Point", "coordinates": [-70.9196, 42.3389] }},
{"zip_code":"2199","country":"US","city":"Boston","state":"Massachusetts","state_ab":"MA","county":"Suffolk","geo_location":{ "type": "Point", "coordinates": [-71.0825, 42.3479] }},
{"zip_code":"2209","country":"US","city":"Boston","state":"Massachusetts","state_ab":"MA","county":"Suffolk","geo_location":{ "type": "Point", "coordinates": [-70.9196, 42.3389] }},
{"zip_code":"2210","country":"US","city":"Boston","state":"Massachusetts","state_ab":"MA","county":"Suffolk","geo_location":{ "type": "Point", "coordinates": [-71.0465, 42.3489] }},
{"zip_code":"1440","country":"US","city":"Gardner","state":"Massachusetts","state_ab":"MA","county":"Worcester","geo_location":{ "type": "Point", "coordinates": [-71.9898, 42.574] }},
{"zip_code":"1453","country":"US","city":"Leominster","state":"Massachusetts","state_ab":"MA","county":"Worcester","geo_location":{ "type": "Point", "coordinates": [-71.7563, 42.5274] }},
{"zip_code":"1503","country":"US","city":"Berlin","state":"Massachusetts","state_ab":"MA","county":"Worcester","geo_location":{ "type": "Point", "coordinates": [-71.6356, 42.3844] }},
{"zip_code":"1516","country":"US","city":"Douglas","state":"Massachusetts","state_ab":"MA","county":"Worcester","geo_location":{ "type": "Point", "coordinates": [-71.7509, 42.0528] }},
{"zip_code":"1529","country":"US","city":"Millville","state":"Massachusetts","state_ab":"MA","county":"Worcester","geo_location":{ "type": "Point", "coordinates": [-71.5798, 42.0331] }},
{"zip_code":"1543","country":"US","city":"Rutland","state":"Massachusetts","state_ab":"MA","county":"Worcester","geo_location":{ "type": "Point", "coordinates": [-71.949, 42.3762] }},
{"zip_code":"1569","country":"US","city":"Uxbridge","state":"Massachusetts","state_ab":"MA","county":"Worcester","geo_location":{ "type": "Point", "coordinates": [-71.6329, 42.0744] }},
{"zip_code":"1570","country":"US","city":"Webster","state":"Massachusetts","state_ab":"MA","county":"Worcester","geo_location":{ "type": "Point", "coordinates": [-71.8486, 42.0521] }},
{"zip_code":"1583","country":"US","city":"West Boylston","state":"Massachusetts","state_ab":"MA","county":"Worcester","geo_location":{ "type": "Point", "coordinates": [-71.7838, 42.3584] }},
{"zip_code":"1606","country":"US","city":"Worcester","state":"Massachusetts","state_ab":"MA","county":"Worcester","geo_location":{ "type": "Point", "coordinates": [-71.7958, 42.311] }},
{"zip_code":"20779","country":"US","city":"Tracys Landing","state":"Maryland","state_ab":"MD","county":"Anne Arundel","geo_location":{ "type": "Point", "coordinates": [-76.5752, 38.7671] }},
{"zip_code":"21060","country":"US","city":"Glen Burnie","state":"Maryland","state_ab":"MD","county":"Anne Arundel","geo_location":{ "type": "Point", "coordinates": [-76.5798, 39.1702] }},
{"zip_code":"21123","country":"US","city":"Pasadena","state":"Maryland","state_ab":"MD","county":"Anne Arundel","geo_location":{ "type": "Point", "coordinates": [-76.5949, 38.9742] }},
{"zip_code":"21226","country":"US","city":"Curtis Bay","state":"Maryland","state_ab":"MD","county":"Anne Arundel","geo_location":{ "type": "Point", "coordinates": [-76.5597, 39.2109] }},
{"zip_code":"21240","country":"US","city":"Baltimore","state":"Maryland","state_ab":"MD","county":"Anne Arundel","geo_location":{ "type": "Point", "coordinates": [-76.6732, 39.1753] }},
{"zip_code":"21020","country":"US","city":"Boring","state":"Maryland","state_ab":"MD","county":"Baltimore","geo_location":{ "type": "Point", "coordinates": [-76.8047, 39.5213] }},
{"zip_code":"21136","country":"US","city":"Reisterstown","state":"Maryland","state_ab":"MD","county":"Baltimore","geo_location":{ "type": "Point", "coordinates": [-76.8135, 39.46] }},
{"zip_code":"21163","country":"US","city":"Woodstock","state":"Maryland","state_ab":"MD","county":"Baltimore","geo_location":{ "type": "Point", "coordinates": [-76.8456, 39.3498] }},
{"zip_code":"20610","country":"US","city":"Barstow","state":"Maryland","state_ab":"MD","county":"Calvert","geo_location":{ "type": "Point", "coordinates": [-76.533, 38.4447] }},
{"zip_code":"20676","country":"US","city":"Port Republic","state":"Maryland","state_ab":"MD","county":"Calvert","geo_location":{ "type": "Point", "coordinates": [-76.5349, 38.4952] }},
{"zip_code":"20689","country":"US","city":"Sunderland","state":"Maryland","state_ab":"MD","county":"Calvert","geo_location":{ "type": "Point", "coordinates": [-76.5767, 38.649] }},
{"zip_code":"21639","country":"US","city":"Greensboro","state":"Maryland","state_ab":"MD","county":"Caroline","geo_location":{ "type": "Point", "coordinates": [-75.8059, 38.9616] }},
{"zip_code":"21640","country":"US","city":"Henderson","state":"Maryland","state_ab":"MD","county":"Caroline","geo_location":{ "type": "Point", "coordinates": [-75.7948, 39.0672] }},
{"zip_code":"21613","country":"US","city":"Cambridge","state":"Maryland","state_ab":"MD","county":"Dorchester","geo_location":{ "type": "Point", "coordinates": [-76.0874, 38.5643] }},
{"zip_code":"21626","country":"US","city":"Crapo","state":"Maryland","state_ab":"MD","county":"Dorchester","geo_location":{ "type": "Point", "coordinates": [-76.1142, 38.3295] }},
{"zip_code":"21703","country":"US","city":"Frederick","state":"Maryland","state_ab":"MD","county":"Frederick","geo_location":{ "type": "Point", "coordinates": [-77.4636, 39.3647] }},
{"zip_code":"21716","country":"US","city":"Brunswick","state":"Maryland","state_ab":"MD","county":"Frederick","geo_location":{ "type": "Point", "coordinates": [-77.623, 39.3164] }},
{"zip_code":"21769","country":"US","city":"Middletown","state":"Maryland","state_ab":"MD","county":"Frederick","geo_location":{ "type": "Point", "coordinates": [-77.5502, 39.4416] }},
{"zip_code":"21770","country":"US","city":"Monrovia","state":"Maryland","state_ab":"MD","county":"Frederick","geo_location":{ "type": "Point", "coordinates": [-77.2494, 39.3512] }},
{"zip_code":"21523","country":"US","city":"Bloomington","state":"Maryland","state_ab":"MD","county":"Garrett","geo_location":{ "type": "Point", "coordinates": [-79.083, 39.4861] }},
{"zip_code":"21536","country":"US","city":"Grantsville","state":"Maryland","state_ab":"MD","county":"Garrett","geo_location":{ "type": "Point", "coordinates": [-79.1241, 39.6551] }},
{"zip_code":"21550","country":"US","city":"Oakland","state":"Maryland","state_ab":"MD","county":"Garrett","geo_location":{ "type": "Point", "coordinates": [-79.3167, 39.4339] }},
{"zip_code":"21046","country":"US","city":"Columbia","state":"Maryland","state_ab":"MD","county":"Howard","geo_location":{ "type": "Point", "coordinates": [-76.8538, 39.1702] }},
{"zip_code":"21150","country":"US","city":"Simpsonville","state":"Maryland","state_ab":"MD","county":"Howard","geo_location":{ "type": "Point", "coordinates": [-76.9419, 39.2364] }},
{"zip_code":"20816","country":"US","city":"Bethesda","state":"Maryland","state_ab":"MD","county":"Montgomery","geo_location":{ "type": "Point", "coordinates": [-77.1153, 38.9585] }},
{"zip_code":"20830","country":"US","city":"Olney","state":"Maryland","state_ab":"MD","county":"Montgomery","geo_location":{ "type": "Point", "coordinates": [-77.0667, 39.1552] }},
{"zip_code":"20883","country":"US","city":"Gaithersburg","state":"Maryland","state_ab":"MD","county":"Montgomery County","geo_location":{ "type": "Point", "coordinates": [-77.1568, 39.0883] }},
{"zip_code":"20896","country":"US","city":"Garrett Park","state":"Maryland","state_ab":"MD","county":"Montgomery","geo_location":{ "type": "Point", "coordinates": [-77.0931, 39.0365] }},
{"zip_code":"20906","country":"US","city":"Silver Spring","state":"Maryland","state_ab":"MD","county":"Montgomery","geo_location":{ "type": "Point", "coordinates": [-77.0613, 39.084] }},
{"zip_code":"20623","country":"US","city":"Cheltenham","state":"Maryland","state_ab":"MD","county":"Prince George's","geo_location":{ "type": "Point", "coordinates": [-76.8369, 38.7531] }},
{"zip_code":"20726","country":"US","city":"Laurel","state":"Maryland","state_ab":"MD","county":"Prince George's","geo_location":{ "type": "Point", "coordinates": [-76.8777, 38.8336] }},
{"zip_code":"20740","country":"US","city":"College Park","state":"Maryland","state_ab":"MD","county":"Prince George's","geo_location":{ "type": "Point", "coordinates": [-76.9299, 38.9963] }},
{"zip_code":"20753","country":"US","city":"District Heights","state":"Maryland","state_ab":"MD","county":"Prince George's","geo_location":{ "type": "Point", "coordinates": [-76.8777, 38.8336] }},
{"zip_code":"20780","country":"US","city":"Hyattsville","state":"Maryland","state_ab":"MD","county":"Prince George's County","geo_location":{ "type": "Point", "coordinates": [-76.9457, 38.9558] }},
{"zip_code":"21666","country":"US","city":"Stevensville","state":"Maryland","state_ab":"MD","county":"Queen Anne's","geo_location":{ "type": "Point", "coordinates": [-76.3371, 38.9394] }},
{"zip_code":"20609","country":"US","city":"Avenue","state":"Maryland","state_ab":"MD","county":"St. Mary's","geo_location":{ "type": "Point", "coordinates": [-76.7466, 38.2826] }},
{"zip_code":"20636","country":"US","city":"Hollywood","state":"Maryland","state_ab":"MD","county":"St. Mary's","geo_location":{ "type": "Point", "coordinates": [-76.5626, 38.3524] }},
{"zip_code":"20650","country":"US","city":"Leonardtown","state":"Maryland","state_ab":"MD","county":"St. Mary's","geo_location":{ "type": "Point", "coordinates": [-76.638, 38.2774] }},
{"zip_code":"20690","country":"US","city":"Tall Timbers","state":"Maryland","state_ab":"MD","county":"St. Mary's","geo_location":{ "type": "Point", "coordinates": [-76.5399, 38.1653] }},
{"zip_code":"21820","country":"US","city":"Dames Quarter","state":"Maryland","state_ab":"MD","county":"Somerset County","geo_location":{ "type": "Point", "coordinates": [-75.9001, 38.1906] }},
{"zip_code":"21653","country":"US","city":"Newcomb","state":"Maryland","state_ab":"MD","county":"Talbot","geo_location":{ "type": "Point", "coordinates": [-76.178, 38.7518] }},
{"zip_code":"21679","country":"US","city":"Wye Mills","state":"Maryland","state_ab":"MD","county":"Talbot","geo_location":{ "type": "Point", "coordinates": [-76.0814, 38.9281] }},
{"zip_code":"21756","country":"US","city":"Keedysville","state":"Maryland","state_ab":"MD","county":"Washington","geo_location":{ "type": "Point", "coordinates": [-77.6944, 39.4563] }},
{"zip_code":"21783","country":"US","city":"Smithsburg","state":"Maryland","state_ab":"MD","county":"Washington","geo_location":{ "type": "Point", "coordinates": [-77.5706, 39.647] }},
{"zip_code":"21213","country":"US","city":"Baltimore","state":"Maryland","state_ab":"MD","county":"Baltimore (city)","geo_location":{ "type": "Point", "coordinates": [-76.581, 39.3127] }},
{"zip_code":"21239","country":"US","city":"Baltimore","state":"Maryland","state_ab":"MD","county":"Baltimore (city)","geo_location":{ "type": "Point", "coordinates": [-76.5891, 39.361] }},
{"zip_code":"21279","country":"US","city":"Baltimore","state":"Maryland","state_ab":"MD","county":"Baltimore (city)","geo_location":{ "type": "Point", "coordinates": [-76.6205, 39.2847] }},
{"zip_code":"21280","country":"US","city":"Baltimore","state":"Maryland","state_ab":"MD","county":"Baltimore (city)","geo_location":{ "type": "Point", "coordinates": [-76.6205, 39.2847] }},
{"zip_code":"4230","country":"US","city":"East Poland","state":"Maine","state_ab":"ME","county":"Androscoggin","geo_location":{ "type": "Point", "coordinates": [-70.327, 44.0627] }},
{"zip_code":"4243","country":"US","city":"Lewiston","state":"Maine","state_ab":"ME","county":"Androscoggin","geo_location":{ "type": "Point", "coordinates": [-70.2395, 44.197] }},
{"zip_code":"4256","country":"US","city":"Mechanic Falls","state":"Maine","state_ab":"ME","county":"Androscoggin","geo_location":{ "type": "Point", "coordinates": [-70.3682, 44.1] }},
{"zip_code":"4283","country":"US","city":"Turner Center","state":"Maine","state_ab":"ME","county":"Androscoggin","geo_location":{ "type": "Point", "coordinates": [-70.2395, 44.197] }},
{"zip_code":"4733","country":"US","city":"Benedicta","state":"Maine","state_ab":"ME","county":"Aroostook","geo_location":{ "type": "Point", "coordinates": [-68.4089, 45.8125] }},
{"zip_code":"4746","country":"US","city":"Grand Isle","state":"Maine","state_ab":"ME","county":"Aroostook","geo_location":{ "type": "Point", "coordinates": [-68.1542, 47.3044] }},
{"zip_code":"4759","country":"US","city":"Masardis","state":"Maine","state_ab":"ME","county":"Aroostook","geo_location":{ "type": "Point", "coordinates": [-68.8868, 46.5162] }},
{"zip_code":"4760","country":"US","city":"Monticello","state":"Maine","state_ab":"ME","county":"Aroostook","geo_location":{ "type": "Point", "coordinates": [-67.8414, 46.3007] }},
{"zip_code":"4773","country":"US","city":"Saint David","state":"Maine","state_ab":"ME","county":"Aroostook","geo_location":{ "type": "Point", "coordinates": [-68.2314, 47.3343] }},
{"zip_code":"4786","country":"US","city":"Washburn","state":"Maine","state_ab":"ME","county":"Aroostook","geo_location":{ "type": "Point", "coordinates": [-68.1338, 46.7883] }},
{"zip_code":"4009","country":"US","city":"Bridgton","state":"Maine","state_ab":"ME","county":"Cumberland","geo_location":{ "type": "Point", "coordinates": [-70.7241, 44.052] }},
{"zip_code":"4050","country":"US","city":"Long Island","state":"Maine","state_ab":"ME","county":"Cumberland","geo_location":{ "type": "Point", "coordinates": [-70.1551, 43.692] }},
{"zip_code":"4940","country":"US","city":"Farmington Falls","state":"Maine","state_ab":"ME","county":"Franklin","geo_location":{ "type": "Point", "coordinates": [-70.0752, 44.6226] }},
{"zip_code":"4966","country":"US","city":"Phillips","state":"Maine","state_ab":"ME","county":"Franklin","geo_location":{ "type": "Point", "coordinates": [-70.3601, 44.8375] }},
{"zip_code":"4476","country":"US","city":"Penobscot","state":"Maine","state_ab":"ME","county":"Hancock","geo_location":{ "type": "Point", "coordinates": [-68.7574, 44.4344] }},
{"zip_code":"4616","country":"US","city":"Brooklin","state":"Maine","state_ab":"ME","county":"Hancock","geo_location":{ "type": "Point", "coordinates": [-68.5565, 44.2541] }},
{"zip_code":"4629","country":"US","city":"East Blue Hill","state":"Maine","state_ab":"ME","county":"Hancock","geo_location":{ "type": "Point", "coordinates": [-68.3915, 44.6419] }},
{"zip_code":"4656","country":"US","city":"Manset","state":"Maine","state_ab":"ME","county":"Hancock","geo_location":{ "type": "Point", "coordinates": [-68.3915, 44.6419] }},
{"zip_code":"4669","country":"US","city":"Prospect Harbor","state":"Maine","state_ab":"ME","county":"Hancock","geo_location":{ "type": "Point", "coordinates": [-68.0141, 44.411] }},
{"zip_code":"4683","country":"US","city":"Sunset","state":"Maine","state_ab":"ME","county":"Hancock","geo_location":{ "type": "Point", "coordinates": [-68.3915, 44.6419] }},
{"zip_code":"4333","country":"US","city":"Augusta","state":"Maine","state_ab":"ME","county":"Kennebec","geo_location":{ "type": "Point", "coordinates": [-69.7519, 44.4141] }},
{"zip_code":"4346","country":"US","city":"Randolph","state":"Maine","state_ab":"ME","county":"Kennebec","geo_location":{ "type": "Point", "coordinates": [-69.7506, 44.2347] }},
{"zip_code":"4359","country":"US","city":"South Gardiner","state":"Maine","state_ab":"ME","county":"Kennebec","geo_location":{ "type": "Point", "coordinates": [-69.7772, 44.1833] }},
{"zip_code":"4360","country":"US","city":"Vienna","state":"Maine","state_ab":"ME","county":"Kennebec","geo_location":{ "type": "Point", "coordinates": [-70.003, 44.5475] }},
{"zip_code":"4926","country":"US","city":"China","state":"Maine","state_ab":"ME","county":"Kennebec","geo_location":{ "type": "Point", "coordinates": [-69.5383, 44.3912] }},
{"zip_code":"4863","country":"US","city":"Vinalhaven","state":"Maine","state_ab":"ME","county":"Knox","geo_location":{ "type": "Point", "coordinates": [-68.8368, 44.0397] }}]}