{"value": [{"zip_code":"60511","country":"US","city":"Big Rock","state":"Illinois","state_ab":"IL","county":"Kane","geo_location":{ "type": "Point", "coordinates": [-88.5376, 41.7593] }},
{"zip_code":"60964","country":"US","city":"Saint Anne","state":"Illinois","state_ab":"IL","county":"Kankakee","geo_location":{ "type": "Point", "coordinates": [-87.6564, 41.0487] }},
{"zip_code":"60537","country":"US","city":"Millington","state":"Illinois","state_ab":"IL","county":"Kendall","geo_location":{ "type": "Point", "coordinates": [-88.5975, 41.5614] }},
{"zip_code":"60047","country":"US","city":"Lake Zurich","state":"Illinois","state_ab":"IL","county":"Lake","geo_location":{ "type": "Point", "coordinates": [-88.0769, 42.2165] }},
{"zip_code":"60061","country":"US","city":"Vernon Hills","state":"Illinois","state_ab":"IL","county":"Lake","geo_location":{ "type": "Point", "coordinates": [-87.9719, 42.2288] }},
{"zip_code":"60087","country":"US","city":"Waukegan","state":"Illinois","state_ab":"IL","county":"Lake","geo_location":{ "type": "Point", "coordinates": [-87.8554, 42.3989] }},
{"zip_code":"60551","country":"US","city":"Sheridan","state":"Illinois","state_ab":"IL","county":"La Salle","geo_location":{ "type": "Point", "coordinates": [-88.6706, 41.5164] }},
{"zip_code":"61321","country":"US","city":"Dana","state":"Illinois","state_ab":"IL","county":"La Salle","geo_location":{ "type": "Point", "coordinates": [-88.9628, 40.9547] }},
{"zip_code":"61334","country":"US","city":"Lostant","state":"Illinois","state_ab":"IL","county":"La Salle","geo_location":{ "type": "Point", "coordinates": [-89.075, 41.145] }},
{"zip_code":"62634","country":"US","city":"Elkhart","state":"Illinois","state_ab":"IL","county":"Logan","geo_location":{ "type": "Point", "coordinates": [-89.452, 40.0132] }},
{"zip_code":"61411","country":"US","city":"Adair","state":"Illinois","state_ab":"IL","county":"McDonough","geo_location":{ "type": "Point", "coordinates": [-90.5037, 40.3852] }},
{"zip_code":"60021","country":"US","city":"Fox River Grove","state":"Illinois","state_ab":"IL","county":"McHenry","geo_location":{ "type": "Point", "coordinates": [-88.2205, 42.1936] }},
{"zip_code":"60034","country":"US","city":"Hebron","state":"Illinois","state_ab":"IL","county":"McHenry","geo_location":{ "type": "Point", "coordinates": [-88.4176, 42.4642] }},
{"zip_code":"67341","country":"US","city":"Dennis","state":"Kansas","state_ab":"KS","county":"Labette","geo_location":{ "type": "Point", "coordinates": [-95.4116, 37.3243] }},
{"zip_code":"67354","country":"US","city":"Mound Valley","state":"Kansas","state_ab":"KS","county":"Labette","geo_location":{ "type": "Point", "coordinates": [-95.4247, 37.2091] }},
{"zip_code":"66027","country":"US","city":"Fort Leavenworth","state":"Kansas","state_ab":"KS","county":"Leavenworth","geo_location":{ "type": "Point", "coordinates": [-94.9265, 39.3485] }},
{"zip_code":"66014","country":"US","city":"Centerville","state":"Kansas","state_ab":"KS","county":"Linn","geo_location":{ "type": "Point", "coordinates": [-94.9934, 38.213] }},
{"zip_code":"66801","country":"US","city":"Emporia","state":"Kansas","state_ab":"KS","county":"Lyon","geo_location":{ "type": "Point", "coordinates": [-96.1871, 38.4184] }},
{"zip_code":"66854","country":"US","city":"Hartford","state":"Kansas","state_ab":"KS","county":"Lyon","geo_location":{ "type": "Point", "coordinates": [-95.9997, 38.2833] }},
{"zip_code":"67107","country":"US","city":"Moundridge","state":"Kansas","state_ab":"KS","county":"McPherson","geo_location":{ "type": "Point", "coordinates": [-97.5088, 38.206] }},
{"zip_code":"66427","country":"US","city":"Frankfort","state":"Kansas","state_ab":"KS","county":"Marshall","geo_location":{ "type": "Point", "coordinates": [-96.5223, 39.7333] }},
{"zip_code":"66544","country":"US","city":"Vermillion","state":"Kansas","state_ab":"KS","county":"Marshall","geo_location":{ "type": "Point", "coordinates": [-96.278, 39.6946] }},
{"zip_code":"67844","country":"US","city":"Fowler","state":"Kansas","state_ab":"KS","county":"Meade","geo_location":{ "type": "Point", "coordinates": [-100.1981, 37.3542] }},
{"zip_code":"67301","country":"US","city":"Independence","state":"Kansas","state_ab":"KS","county":"Montgomery","geo_location":{ "type": "Point", "coordinates": [-95.7165, 37.2292] }},
{"zip_code":"67521","country":"US","city":"Brownell","state":"Kansas","state_ab":"KS","county":"Ness","geo_location":{ "type": "Point", "coordinates": [-99.7328, 38.6239] }},
{"zip_code":"66414","country":"US","city":"Carbondale","state":"Kansas","state_ab":"KS","county":"Osage","geo_location":{ "type": "Point", "coordinates": [-95.6871, 38.8206] }},
{"zip_code":"67651","country":"US","city":"Natoma","state":"Kansas","state_ab":"KS","county":"Osborne","geo_location":{ "type": "Point", "coordinates": [-98.9829, 39.2013] }},
{"zip_code":"67484","country":"US","city":"Tescott","state":"Kansas","state_ab":"KS","county":"Ottawa","geo_location":{ "type": "Point", "coordinates": [-97.8319, 38.9916] }},
{"zip_code":"67574","country":"US","city":"Rozel","state":"Kansas","state_ab":"KS","county":"Pawnee","geo_location":{ "type": "Point", "coordinates": [-99.4048, 38.2148] }},
{"zip_code":"67664","country":"US","city":"Prairie View","state":"Kansas","state_ab":"KS","county":"Phillips","geo_location":{ "type": "Point", "coordinates": [-99.5683, 39.837] }},
{"zip_code":"67134","country":"US","city":"Sawyer","state":"Kansas","state_ab":"KS","county":"Pratt","geo_location":{ "type": "Point", "coordinates": [-98.6642, 37.5101] }},
{"zip_code":"67561","country":"US","city":"Nickerson","state":"Kansas","state_ab":"KS","county":"Reno","geo_location":{ "type": "Point", "coordinates": [-98.0674, 38.1412] }},
{"zip_code":"67444","country":"US","city":"Geneseo","state":"Kansas","state_ab":"KS","county":"Rice","geo_location":{ "type": "Point", "coordinates": [-98.1858, 38.5037] }},
{"zip_code":"67457","country":"US","city":"Little River","state":"Kansas","state_ab":"KS","county":"Rice","geo_location":{ "type": "Point", "coordinates": [-98.0113, 38.4079] }},
{"zip_code":"66517","country":"US","city":"Ogden","state":"Kansas","state_ab":"KS","county":"Riley","geo_location":{ "type": "Point", "coordinates": [-96.7101, 39.1153] }},
{"zip_code":"66531","country":"US","city":"Riley","state":"Kansas","state_ab":"KS","county":"Riley","geo_location":{ "type": "Point", "coordinates": [-96.8222, 39.3005] }},
{"zip_code":"67871","country":"US","city":"Scott City","state":"Kansas","state_ab":"KS","county":"Scott","geo_location":{ "type": "Point", "coordinates": [-100.9064, 38.4823] }},
{"zip_code":"67147","country":"US","city":"Valley Center","state":"Kansas","state_ab":"KS","county":"Sedgwick","geo_location":{ "type": "Point", "coordinates": [-97.2621, 37.8616] }},
{"zip_code":"67211","country":"US","city":"Wichita","state":"Kansas","state_ab":"KS","county":"Sedgwick","geo_location":{ "type": "Point", "coordinates": [-97.3165, 37.6662] }},
{"zip_code":"67251","country":"US","city":"Wichita","state":"Kansas","state_ab":"KS","county":"Sedgwick","geo_location":{ "type": "Point", "coordinates": [-97.4804, 37.6936] }},
{"zip_code":"67277","country":"US","city":"Wichita","state":"Kansas","state_ab":"KS","county":"Sedgwick","geo_location":{ "type": "Point", "coordinates": [-97.4804, 37.6936] }},
{"zip_code":"66607","country":"US","city":"Topeka","state":"Kansas","state_ab":"KS","county":"Shawnee","geo_location":{ "type": "Point", "coordinates": [-95.6449, 39.0421] }},
{"zip_code":"66621","country":"US","city":"Topeka","state":"Kansas","state_ab":"KS","county":"Shawnee","geo_location":{ "type": "Point", "coordinates": [-95.7015, 39.0333] }},
{"zip_code":"66634","country":"US","city":"Topeka","state":"Kansas","state_ab":"KS","county":"Shawnee","geo_location":{ "type": "Point", "coordinates": [-95.7697, 39.0429] }},
{"zip_code":"66647","country":"US","city":"Topeka","state":"Kansas","state_ab":"KS","county":"Shawnee","geo_location":{ "type": "Point", "coordinates": [-95.7697, 39.0429] }},
{"zip_code":"67741","country":"US","city":"Kanorado","state":"Kansas","state_ab":"KS","county":"Sherman","geo_location":{ "type": "Point", "coordinates": [-102.0015, 39.3438] }},
{"zip_code":"67004","country":"US","city":"Argonia","state":"Kansas","state_ab":"KS","county":"Sumner","geo_location":{ "type": "Point", "coordinates": [-97.7557, 37.284] }},
{"zip_code":"67031","country":"US","city":"Conway Springs","state":"Kansas","state_ab":"KS","county":"Sumner","geo_location":{ "type": "Point", "coordinates": [-97.6284, 37.3903] }},
{"zip_code":"67701","country":"US","city":"Colby","state":"Kansas","state_ab":"KS","county":"Thomas","geo_location":{ "type": "Point", "coordinates": [-101.0442, 39.383] }},
{"zip_code":"66401","country":"US","city":"Alma","state":"Kansas","state_ab":"KS","county":"Wabaunsee","geo_location":{ "type": "Point", "coordinates": [-96.2923, 39.0092] }},
{"zip_code":"66944","country":"US","city":"Haddam","state":"Kansas","state_ab":"KS","county":"Washington","geo_location":{ "type": "Point", "coordinates": [-97.3081, 39.852] }},
{"zip_code":"66777","country":"US","city":"Toronto","state":"Kansas","state_ab":"KS","county":"Woodson","geo_location":{ "type": "Point", "coordinates": [-95.9368, 37.7953] }},
{"zip_code":"66104","country":"US","city":"Kansas City","state":"Kansas","state_ab":"KS","county":"Wyandotte","geo_location":{ "type": "Point", "coordinates": [-94.6792, 39.1375] }},
{"zip_code":"66117","country":"US","city":"Kansas City","state":"Kansas","state_ab":"KS","county":"Wyandotte","geo_location":{ "type": "Point", "coordinates": [-94.7495, 39.0966] }},
{"zip_code":"42164","country":"US","city":"Scottsville","state":"Kentucky","state_ab":"KY","county":"Allen","geo_location":{ "type": "Point", "coordinates": [-86.1929, 36.7614] }},
{"zip_code":"42087","country":"US","city":"Wickliffe","state":"Kentucky","state_ab":"KY","county":"Ballard","geo_location":{ "type": "Point", "coordinates": [-89.0177, 36.968] }},
{"zip_code":"41004","country":"US","city":"Brooksville","state":"Kentucky","state_ab":"KY","county":"Bracken","geo_location":{ "type": "Point", "coordinates": [-84.0786, 38.6644] }},
{"zip_code":"41044","country":"US","city":"Germantown","state":"Kentucky","state_ab":"KY","county":"Bracken","geo_location":{ "type": "Point", "coordinates": [-83.99, 38.6357] }},
{"zip_code":"40144","country":"US","city":"Harned","state":"Kentucky","state_ab":"KY","county":"Breckinridge","geo_location":{ "type": "Point", "coordinates": [-86.4148, 37.8023] }},
{"zip_code":"40171","country":"US","city":"Union Star","state":"Kentucky","state_ab":"KY","county":"Breckinridge","geo_location":{ "type": "Point", "coordinates": [-86.4615, 37.9616] }},
{"zip_code":"42201","country":"US","city":"Aberdeen","state":"Kentucky","state_ab":"KY","county":"Butler","geo_location":{ "type": "Point", "coordinates": [-86.6702, 37.2796] }},
{"zip_code":"42267","country":"US","city":"Provo","state":"Kentucky","state_ab":"KY","county":"Butler","geo_location":{ "type": "Point", "coordinates": [-86.8048, 37.2296] }},
{"zip_code":"41071","country":"US","city":"Newport","state":"Kentucky","state_ab":"KY","county":"Campbell","geo_location":{ "type": "Point", "coordinates": [-84.4787, 39.0563] }},
{"zip_code":"42021","country":"US","city":"Arlington","state":"Kentucky","state_ab":"KY","county":"Carlisle","geo_location":{ "type": "Point", "coordinates": [-88.9438, 36.8001] }},
{"zip_code":"42241","country":"US","city":"Hopkinsville","state":"Kentucky","state_ab":"KY","county":"Christian","geo_location":{ "type": "Point", "coordinates": [-87.4965, 36.8981] }},
{"zip_code":"42254","country":"US","city":"La Fayette","state":"Kentucky","state_ab":"KY","county":"Christian","geo_location":{ "type": "Point", "coordinates": [-87.6563, 36.6582] }},
{"zip_code":"40391","country":"US","city":"Winchester","state":"Kentucky","state_ab":"KY","county":"Clark","geo_location":{ "type": "Point", "coordinates": [-84.1789, 37.9872] }},
{"zip_code":"40917","country":"US","city":"Bluehole","state":"Kentucky","state_ab":"KY","county":"Clay County","geo_location":{ "type": "Point", "coordinates": [-83.755, 37.1103] }},
{"zip_code":"40931","country":"US","city":"Eriline","state":"Kentucky","state_ab":"KY","county":"Clay","geo_location":{ "type": "Point", "coordinates": [-83.737, 37.1477] }},
{"zip_code":"40944","country":"US","city":"Goose Rock","state":"Kentucky","state_ab":"KY","county":"Clay","geo_location":{ "type": "Point", "coordinates": [-83.737, 37.1477] }},
{"zip_code":"42601","country":"US","city":"Aaron","state":"Kentucky","state_ab":"KY","county":"Clinton County","geo_location":{ "type": "Point", "coordinates": [-85.1991, 36.8128] }},
{"zip_code":"42717","country":"US","city":"Burkesville","state":"Kentucky","state_ab":"KY","county":"Cumberland","geo_location":{ "type": "Point", "coordinates": [-85.397, 36.8068] }},
{"zip_code":"42731","country":"US","city":"Dubre","state":"Kentucky","state_ab":"KY","county":"Cumberland","geo_location":{ "type": "Point", "coordinates": [-85.5396, 36.8421] }},
{"zip_code":"42304","country":"US","city":"Owensboro","state":"Kentucky","state_ab":"KY","county":"Daviess","geo_location":{ "type": "Point", "coordinates": [-87.1128, 37.7455] }},
{"zip_code":"41211","country":"US","city":"Sandy Hook","state":"Kentucky","state_ab":"KY","county":"Elliott County","geo_location":{ "type": "Point", "coordinates": [-82.991, 38.0838] }},
{"zip_code":"40504","country":"US","city":"Lexington","state":"Kentucky","state_ab":"KY","county":"Fayette","geo_location":{ "type": "Point", "coordinates": [-84.5433, 38.0406] }},
{"zip_code":"40517","country":"US","city":"Lexington","state":"Kentucky","state_ab":"KY","county":"Fayette","geo_location":{ "type": "Point", "coordinates": [-84.4816, 37.9849] }},
{"zip_code":"40544","country":"US","city":"Lexington","state":"Kentucky","state_ab":"KY","county":"Fayette","geo_location":{ "type": "Point", "coordinates": [-84.4715, 38.0283] }},
{"zip_code":"40584","country":"US","city":"Lexington","state":"Kentucky","state_ab":"KY","county":"Fayette","geo_location":{ "type": "Point", "coordinates": [-84.4715, 38.0283] }},
{"zip_code":"41637","country":"US","city":"Hippo","state":"Kentucky","state_ab":"KY","county":"Floyd County","geo_location":{ "type": "Point", "coordinates": [-82.8644, 37.5138] }},
{"zip_code":"41651","country":"US","city":"Minnie","state":"Kentucky","state_ab":"KY","county":"Floyd","geo_location":{ "type": "Point", "coordinates": [-82.7646, 37.4548] }},
{"zip_code":"40621","country":"US","city":"Frankfort","state":"Kentucky","state_ab":"KY","county":"Franklin","geo_location":{ "type": "Point", "coordinates": [-84.8748, 38.2341] }},
{"zip_code":"41097","country":"US","city":"Williamstown","state":"Kentucky","state_ab":"KY","county":"Grant","geo_location":{ "type": "Point", "coordinates": [-84.5744, 38.6292] }},
{"zip_code":"42061","country":"US","city":"Lowes","state":"Kentucky","state_ab":"KY","county":"Graves","geo_location":{ "type": "Point", "coordinates": [-88.7728, 36.8862] }},
{"zip_code":"41121","country":"US","city":"Argillite","state":"Kentucky","state_ab":"KY","county":"Greenup","geo_location":{ "type": "Point", "coordinates": [-82.8094, 38.4322] }},
{"zip_code":"41174","country":"US","city":"South Portsmouth","state":"Kentucky","state_ab":"KY","county":"Greenup","geo_location":{ "type": "Point", "coordinates": [-83.0162, 38.7087] }},
{"zip_code":"42784","country":"US","city":"Upton","state":"Kentucky","state_ab":"KY","county":"Hardin","geo_location":{ "type": "Point", "coordinates": [-85.9086, 37.4568] }},
{"zip_code":"40801","country":"US","city":"Ages Brookside","state":"Kentucky","state_ab":"KY","county":"Harlan","geo_location":{ "type": "Point", "coordinates": [-83.2879, 36.8654] }},
{"zip_code":"40854","country":"US","city":"Loyall","state":"Kentucky","state_ab":"KY","county":"Harlan","geo_location":{ "type": "Point", "coordinates": [-83.353, 36.8481] }},
{"zip_code":"40867","country":"US","city":"Smith","state":"Kentucky","state_ab":"KY","county":"Harlan","geo_location":{ "type": "Point", "coordinates": [-83.3209, 36.7187] }},
{"zip_code":"41031","country":"US","city":"Cynthiana","state":"Kentucky","state_ab":"KY","county":"Harrison","geo_location":{ "type": "Point", "coordinates": [-84.2949, 38.3964] }},
{"zip_code":"40441","country":"US","city":"McKee","state":"Kentucky","state_ab":"KY","county":"Jackson County","geo_location":{ "type": "Point", "coordinates": [-84.1132, 37.5215] }},
{"zip_code":"40467","country":"US","city":"Peoples","state":"Kentucky","state_ab":"KY","county":"Jackson","geo_location":{ "type": "Point", "coordinates": [-83.9936, 37.416] }},
{"zip_code":"40481","country":"US","city":"Sandgap","state":"Kentucky","state_ab":"KY","county":"Jackson","geo_location":{ "type": "Point", "coordinates": [-84.0597, 37.4659] }},
{"zip_code":"40494","country":"US","city":"McKee","state":"Kentucky","state_ab":"KY","county":"Jackson County","geo_location":{ "type": "Point", "coordinates": [-83.9287, 37.5124] }},
{"zip_code":"40027","country":"US","city":"Harrods Creek","state":"Kentucky","state_ab":"KY","county":"Jefferson","geo_location":{ "type": "Point", "coordinates": [-85.633, 38.3297] }},
{"zip_code":"40041","country":"US","city":"Masonic Home","state":"Kentucky","state_ab":"KY","county":"Jefferson","geo_location":{ "type": "Point", "coordinates": [-85.6622, 38.2536] }},
{"zip_code":"40207","country":"US","city":"Louisville","state":"Kentucky","state_ab":"KY","county":"Jefferson","geo_location":{ "type": "Point", "coordinates": [-85.6663, 38.2628] }},
{"zip_code":"40221","country":"US","city":"Louisville","state":"Kentucky","state_ab":"KY","county":"Jefferson","geo_location":{ "type": "Point", "coordinates": [-85.6768, 38.189] }},
{"zip_code":"40261","country":"US","city":"Louisville","state":"Kentucky","state_ab":"KY","county":"Jefferson","geo_location":{ "type": "Point", "coordinates": [-85.6768, 38.189] }},
{"zip_code":"40287","country":"US","city":"Louisville","state":"Kentucky","state_ab":"KY","county":"Jefferson","geo_location":{ "type": "Point", "coordinates": [-85.6768, 38.189] }},
{"zip_code":"41237","country":"US","city":"Offutt","state":"Kentucky","state_ab":"KY","county":"Johnson County","geo_location":{ "type": "Point", "coordinates": [-82.7051, 37.8534] }},
{"zip_code":"41017","country":"US","city":"Ft Mitchell","state":"Kentucky","state_ab":"KY","county":"Kenton","geo_location":{ "type": "Point", "coordinates": [-84.559, 39.03] }},
{"zip_code":"41817","country":"US","city":"Garner","state":"Kentucky","state_ab":"KY","county":"Knott","geo_location":{ "type": "Point", "coordinates": [-82.9107, 37.3676] }},
{"zip_code":"41831","country":"US","city":"Leburn","state":"Kentucky","state_ab":"KY","county":"Knott","geo_location":{ "type": "Point", "coordinates": [-82.9523, 37.3794] }},
{"zip_code":"41844","country":"US","city":"Pippa Passes","state":"Kentucky","state_ab":"KY","county":"Knott","geo_location":{ "type": "Point", "coordinates": [-82.8742, 37.3491] }},
{"zip_code":"40997","country":"US","city":"Walker","state":"Kentucky","state_ab":"KY","county":"Knox","geo_location":{ "type": "Point", "coordinates": [-83.6616, 36.8911] }},
{"zip_code":"42757","country":"US","city":"Magnolia","state":"Kentucky","state_ab":"KY","county":"Larue","geo_location":{ "type": "Point", "coordinates": [-85.7308, 37.4165] }},
{"zip_code":"40724","country":"US","city":"Bush","state":"Kentucky","state_ab":"KY","county":"Laurel","geo_location":{ "type": "Point", "coordinates": [-84.1408, 37.1521] }},
{"zip_code":"40737","country":"US","city":"Keavy","state":"Kentucky","state_ab":"KY","county":"Laurel","geo_location":{ "type": "Point", "coordinates": [-84.1436, 37.0156] }},
{"zip_code":"40751","country":"US","city":"Marydell","state":"Kentucky","state_ab":"KY","county":"Laurel","geo_location":{ "type": "Point", "coordinates": [-84.1156, 37.1376] }},
{"zip_code":"41264","country":"US","city":"Ulysses","state":"Kentucky","state_ab":"KY","county":"Lawrence","geo_location":{ "type": "Point", "coordinates": [-82.6739, 37.9416] }},
{"zip_code":"40827","country":"US","city":"Essie","state":"Kentucky","state_ab":"KY","county":"Leslie","geo_location":{ "type": "Point", "coordinates": [-83.4561, 37.0547] }},
{"zip_code":"41714","country":"US","city":"Bear Branch","state":"Kentucky","state_ab":"KY","county":"Leslie","geo_location":{ "type": "Point", "coordinates": [-83.5035, 37.1939] }},
{"zip_code":"41804","country":"US","city":"Blackey","state":"Kentucky","state_ab":"KY","county":"Letcher","geo_location":{ "type": "Point", "coordinates": [-82.9956, 37.1551] }},
{"zip_code":"42047","country":"US","city":"Hampton","state":"Kentucky","state_ab":"KY","county":"Livingston","geo_location":{ "type": "Point", "coordinates": [-88.3649, 37.3348] }},
{"zip_code":"42371","country":"US","city":"Rumsey","state":"Kentucky","state_ab":"KY","county":"McLean","geo_location":{ "type": "Point", "coordinates": [-87.2806, 37.5076] }},
{"zip_code":"41444","country":"US","city":"Ivyton","state":"Kentucky","state_ab":"KY","county":"Magoffin","geo_location":{ "type": "Point", "coordinates": [-83.0746, 37.6906] }},
{"zip_code":"41224","country":"US","city":"Inez","state":"Kentucky","state_ab":"KY","county":"Martin","geo_location":{ "type": "Point", "coordinates": [-82.5337, 37.8754] }},
{"zip_code":"40104","country":"US","city":"Battletown","state":"Kentucky","state_ab":"KY","county":"Meade","geo_location":{ "type": "Point", "coordinates": [-86.2991, 38.0393] }},
{"zip_code":"40117","country":"US","city":"Ekron","state":"Kentucky","state_ab":"KY","county":"Meade","geo_location":{ "type": "Point", "coordinates": [-86.1542, 37.9113] }},
{"zip_code":"40157","country":"US","city":"Payneville","state":"Kentucky","state_ab":"KY","county":"Meade","geo_location":{ "type": "Point", "coordinates": [-86.4082, 38.0301] }},
{"zip_code":"42124","country":"US","city":"Beaumont","state":"Kentucky","state_ab":"KY","county":"Metcalfe","geo_location":{ "type": "Point", "coordinates": [-85.644, 36.8705] }},
{"zip_code":"42214","country":"US","city":"Center","state":"Kentucky","state_ab":"KY","county":"Metcalfe","geo_location":{ "type": "Point", "coordinates": [-85.7038, 37.1177] }},
{"zip_code":"42151","country":"US","city":"Hestand","state":"Kentucky","state_ab":"KY","county":"Monroe","geo_location":{ "type": "Point", "coordinates": [-85.5698, 36.6535] }},
{"zip_code":"40337","country":"US","city":"Jeffersonville","state":"Kentucky","state_ab":"KY","county":"Montgomery","geo_location":{ "type": "Point", "coordinates": [-83.8558, 37.964] }},
{"zip_code":"41417","country":"US","city":"West Liberty","state":"Kentucky","state_ab":"KY","county":"Morgan County","geo_location":{ "type": "Point", "coordinates": [-83.1021, 37.9079] }},
{"zip_code":"41457","country":"US","city":"Moon","state":"Kentucky","state_ab":"KY","county":"Morgan County","geo_location":{ "type": "Point", "coordinates": [-83.0487, 37.9733] }},
{"zip_code":"42344","country":"US","city":"Graham","state":"Kentucky","state_ab":"KY","county":"Muhlenberg","geo_location":{ "type": "Point", "coordinates": [-87.2976, 37.2467] }},
{"zip_code":"40311","country":"US","city":"Carlisle","state":"Kentucky","state_ab":"KY","county":"Nicholas","geo_location":{ "type": "Point", "coordinates": [-84.0279, 38.3212] }},
{"zip_code":"40014","country":"US","city":"Crestwood","state":"Kentucky","state_ab":"KY","county":"Oldham","geo_location":{ "type": "Point", "coordinates": [-85.461, 38.3326] }},
{"zip_code":"41314","country":"US","city":"Booneville","state":"Kentucky","state_ab":"KY","county":"Owsley","geo_location":{ "type": "Point", "coordinates": [-83.6574, 37.4965] }},
{"zip_code":"41367","country":"US","city":"Rowdy","state":"Kentucky","state_ab":"KY","county":"Perry","geo_location":{ "type": "Point", "coordinates": [-83.227, 37.397] }},
{"zip_code":"41701","country":"US","city":"Hazard","state":"Kentucky","state_ab":"KY","county":"Perry","geo_location":{ "type": "Point", "coordinates": [-83.1912, 37.2983] }},
{"zip_code":"41727","country":"US","city":"Chavies","state":"Kentucky","state_ab":"KY","county":"Perry","geo_location":{ "type": "Point", "coordinates": [-83.2627, 37.2778] }},
{"zip_code":"41754","country":"US","city":"Krypton","state":"Kentucky","state_ab":"KY","county":"Perry","geo_location":{ "type": "Point", "coordinates": [-83.3219, 37.3003] }},
{"zip_code":"41534","country":"US","city":"Hellier","state":"Kentucky","state_ab":"KY","county":"Pike","geo_location":{ "type": "Point", "coordinates": [-82.4808, 37.2819] }},
{"zip_code":"41547","country":"US","city":"Majestic","state":"Kentucky","state_ab":"KY","county":"Pike","geo_location":{ "type": "Point", "coordinates": [-82.0916, 37.5311] }},
{"zip_code":"41561","country":"US","city":"Rockhouse","state":"Kentucky","state_ab":"KY","county":"Pike","geo_location":{ "type": "Point", "coordinates": [-82.4626, 37.3316] }},
{"zip_code":"42564","country":"US","city":"West Somerset","state":"Kentucky","state_ab":"KY","county":"Pulaski","geo_location":{ "type": "Point", "coordinates": [-84.5929, 37.1114] }},
{"zip_code":"40351","country":"US","city":"Morehead","state":"Kentucky","state_ab":"KY","county":"Rowan","geo_location":{ "type": "Point", "coordinates": [-83.4436, 38.199] }},
{"zip_code":"40324","country":"US","city":"Georgetown","state":"Kentucky","state_ab":"KY","county":"Scott","geo_location":{ "type": "Point", "coordinates": [-84.5562, 38.2117] }},
{"zip_code":"40067","country":"US","city":"Simpsonville","state":"Kentucky","state_ab":"KY","county":"Shelby","geo_location":{ "type": "Point", "coordinates": [-85.3548, 38.2312] }},
{"zip_code":"42461","country":"US","city":"Uniontown","state":"Kentucky","state_ab":"KY","county":"Union","geo_location":{ "type": "Point", "coordinates": [-87.9263, 37.7677] }},
{"zip_code":"41301","country":"US","city":"Campton","state":"Kentucky","state_ab":"KY","county":"Wolfe","geo_location":{ "type": "Point", "coordinates": [-83.494, 37.7287] }},
{"zip_code":"41327","country":"US","city":"Gillmore","state":"Kentucky","state_ab":"KY","county":"Wolfe County","geo_location":{ "type": "Point", "coordinates": [-83.348, 37.6972] }},
{"zip_code":"70527","country":"US","city":"Crowley","state":"Louisiana","state_ab":"LA","county":"Acadia","geo_location":{ "type": "Point", "coordinates": [-92.3018, 30.2284] }},
{"zip_code":"70644","country":"US","city":"Grant","state":"Louisiana","state_ab":"LA","county":"Allen","geo_location":{ "type": "Point", "coordinates": [-92.9517, 30.7962] }},
{"zip_code":"70707","country":"US","city":"Gonzales","state":"Louisiana","state_ab":"LA","county":"Ascension","geo_location":{ "type": "Point", "coordinates": [-90.8695, 30.2047] }},
{"zip_code":"70734","country":"US","city":"Geismar","state":"Louisiana","state_ab":"LA","county":"Ascension","geo_location":{ "type": "Point", "coordinates": [-90.9758, 30.2363] }},
{"zip_code":"70774","country":"US","city":"Saint Amant","state":"Louisiana","state_ab":"LA","county":"Ascension","geo_location":{ "type": "Point", "coordinates": [-90.8435, 30.2385] }},
{"zip_code":"71351","country":"US","city":"Marksville","state":"Louisiana","state_ab":"LA","county":"Avoyelles","geo_location":{ "type": "Point", "coordinates": [-92.0831, 31.1396] }},
{"zip_code":"70657","country":"US","city":"Ragley","state":"Louisiana","state_ab":"LA","county":"Beauregard","geo_location":{ "type": "Point", "coordinates": [-93.2337, 30.4703] }},
{"zip_code":"71001","country":"US","city":"Arcadia","state":"Louisiana","state_ab":"LA","county":"Bienville","geo_location":{ "type": "Point", "coordinates": [-92.9245, 32.5556] }},
{"zip_code":"71067","country":"US","city":"Princeton","state":"Louisiana","state_ab":"LA","county":"Bossier","geo_location":{ "type": "Point", "coordinates": [-93.5226, 32.5791] }},
{"zip_code":"71171","country":"US","city":"Bossier City","state":"Louisiana","state_ab":"LA","county":"Bossier","geo_location":{ "type": "Point", "coordinates": [-93.609, 32.6276] }},
{"zip_code":"71104","country":"US","city":"Shreveport","state":"Louisiana","state_ab":"LA","county":"Caddo","geo_location":{ "type": "Point", "coordinates": [-93.7349, 32.483] }},
{"zip_code":"71441","country":"US","city":"Kelly","state":"Louisiana","state_ab":"LA","county":"Caldwell","geo_location":{ "type": "Point", "coordinates": [-92.1825, 31.9648] }},
{"zip_code":"70631","country":"US","city":"Cameron","state":"Louisiana","state_ab":"LA","county":"Cameron","geo_location":{ "type": "Point", "coordinates": [-93.438, 29.7911] }},
{"zip_code":"71401","country":"US","city":"Aimwell","state":"Louisiana","state_ab":"LA","county":"Catahoula","geo_location":{ "type": "Point", "coordinates": [-91.9925, 31.7619] }},
{"zip_code":"71377","country":"US","city":"Wildsville","state":"Louisiana","state_ab":"LA","county":"Concordia","geo_location":{ "type": "Point", "coordinates": [-91.7808, 31.6094] }},
{"zip_code":"71027","country":"US","city":"Frierson","state":"Louisiana","state_ab":"LA","county":"De Soto","geo_location":{ "type": "Point", "coordinates": [-93.6915, 32.245] }},
{"zip_code":"70811","country":"US","city":"Baton Rouge","state":"Louisiana","state_ab":"LA","county":"East Baton Rouge","geo_location":{ "type": "Point", "coordinates": [-91.1167, 30.5317] }},
{"zip_code":"70837","country":"US","city":"Baton Rouge","state":"Louisiana","state_ab":"LA","county":"East Baton Rouge","geo_location":{ "type": "Point", "coordinates": [-91.0804, 30.5159] }},
{"zip_code":"70891","country":"US","city":"Baton Rouge","state":"Louisiana","state_ab":"LA","county":"East Baton Rouge Parish","geo_location":{ "type": "Point", "coordinates": [-91.1547, 30.4492] }},
{"zip_code":"70761","country":"US","city":"Norwood","state":"Louisiana","state_ab":"LA","county":"East Feliciana","geo_location":{ "type": "Point", "coordinates": [-91.0629, 30.9518] }},
{"zip_code":"70554","country":"US","city":"Mamou","state":"Louisiana","state_ab":"LA","county":"Evangeline","geo_location":{ "type": "Point", "coordinates": [-92.4196, 30.6496] }},
{"zip_code":"71324","country":"US","city":"Chase","state":"Louisiana","state_ab":"LA","county":"Franklin","geo_location":{ "type": "Point", "coordinates": [-91.6919, 32.1389] }},
{"zip_code":"71454","country":"US","city":"Montgomery","state":"Louisiana","state_ab":"LA","county":"Grant","geo_location":{ "type": "Point", "coordinates": [-92.8412, 31.6674] }},
{"zip_code":"71467","country":"US","city":"Pollock","state":"Louisiana","state_ab":"LA","county":"Grant","geo_location":{ "type": "Point", "coordinates": [-92.4005, 31.5] }},
{"zip_code":"71481","country":"US","city":"Verda","state":"Louisiana","state_ab":"LA","county":"Grant","geo_location":{ "type": "Point", "coordinates": [-92.5848, 31.5925] }},
{"zip_code":"70721","country":"US","city":"Carville","state":"Louisiana","state_ab":"LA","county":"Iberville","geo_location":{ "type": "Point", "coordinates": [-91.0925, 30.2184] }},
{"zip_code":"71247","country":"US","city":"Hodge","state":"Louisiana","state_ab":"LA","county":"Jackson","geo_location":{ "type": "Point", "coordinates": [-92.735, 32.2632] }},
{"zip_code":"70011","country":"US","city":"Metairie","state":"Louisiana","state_ab":"LA","county":"Jefferson","geo_location":{ "type": "Point", "coordinates": [-90.0901, 29.6779] }},
{"zip_code":"70064","country":"US","city":"Kenner","state":"Louisiana","state_ab":"LA","county":"Jefferson","geo_location":{ "type": "Point", "coordinates": [-90.0901, 29.6779] }},
{"zip_code":"70141","country":"US","city":"New Orleans","state":"Louisiana","state_ab":"LA","county":"Jefferson","geo_location":{ "type": "Point", "coordinates": [-90.0901, 29.6779] }},
{"zip_code":"70181","country":"US","city":"New Orleans","state":"Louisiana","state_ab":"LA","county":"Jefferson","geo_location":{ "type": "Point", "coordinates": [-90.0901, 29.6779] }},
{"zip_code":"70581","country":"US","city":"Roanoke","state":"Louisiana","state_ab":"LA","county":"Jefferson Davis","geo_location":{ "type": "Point", "coordinates": [-92.7421, 30.2464] }},
{"zip_code":"70501","country":"US","city":"Lafayette","state":"Louisiana","state_ab":"LA","county":"Lafayette","geo_location":{ "type": "Point", "coordinates": [-92.0083, 30.2361] }},
{"zip_code":"92554","country":"US","city":"Moreno Valley","state":"California","state_ab":"CA","county":"Riverside","geo_location":{ "type": "Point", "coordinates": [-115.9159, 33.522] }},
{"zip_code":"92567","country":"US","city":"Nuevo","state":"California","state_ab":"CA","county":"Riverside","geo_location":{ "type": "Point", "coordinates": [-117.1048, 33.8123] }},
{"zip_code":"92581","country":"US","city":"San Jacinto","state":"California","state_ab":"CA","county":"Riverside","geo_location":{ "type": "Point", "coordinates": [-116.0556, 33.7529] }},
{"zip_code":"92877","country":"US","city":"Corona","state":"California","state_ab":"CA","county":"Riverside","geo_location":{ "type": "Point", "coordinates": [-116.0556, 33.7529] }},
{"zip_code":"94211","country":"US","city":"Sacramento","state":"California","state_ab":"CA","county":"Sacramento","geo_location":{ "type": "Point", "coordinates": [-121.4444, 38.3774] }},
{"zip_code":"94237","country":"US","city":"Sacramento","state":"California","state_ab":"CA","county":"Sacramento","geo_location":{ "type": "Point", "coordinates": [-121.4444, 38.3774] }},
{"zip_code":"94277","country":"US","city":"Sacramento","state":"California","state_ab":"CA","county":"Sacramento","geo_location":{ "type": "Point", "coordinates": [-121.4444, 38.3774] }},
{"zip_code":"94291","country":"US","city":"Sacramento","state":"California","state_ab":"CA","county":"Sacramento","geo_location":{ "type": "Point", "coordinates": [-121.4444, 38.3774] }},
{"zip_code":"95641","country":"US","city":"Isleton","state":"California","state_ab":"CA","county":"Sacramento","geo_location":{ "type": "Point", "coordinates": [-121.6066, 38.157] }},
{"zip_code":"95757","country":"US","city":"Elk Grove","state":"California","state_ab":"CA","county":"Sacramento County","geo_location":{ "type": "Point", "coordinates": [-121.4294, 38.4081] }},
{"zip_code":"95821","country":"US","city":"Sacramento","state":"California","state_ab":"CA","county":"Sacramento","geo_location":{ "type": "Point", "coordinates": [-121.3837, 38.6239] }},
{"zip_code":"95834","country":"US","city":"Sacramento","state":"California","state_ab":"CA","county":"Sacramento","geo_location":{ "type": "Point", "coordinates": [-121.5072, 38.6383] }},
{"zip_code":"95887","country":"US","city":"Sacramento","state":"California","state_ab":"CA","county":"Sacramento","geo_location":{ "type": "Point", "coordinates": [-121.4933, 38.5816] }},
{"zip_code":"91784","country":"US","city":"Upland","state":"California","state_ab":"CA","county":"San Bernardino","geo_location":{ "type": "Point", "coordinates": [-117.6581, 34.141] }},
{"zip_code":"92284","country":"US","city":"Yucca Valley","state":"California","state_ab":"CA","county":"San Bernardino","geo_location":{ "type": "Point", "coordinates": [-116.4313, 34.1559] }},
{"zip_code":"92307","country":"US","city":"Apple Valley","state":"California","state_ab":"CA","county":"San Bernardino","geo_location":{ "type": "Point", "coordinates": [-117.2132, 34.5291] }},
{"zip_code":"92321","country":"US","city":"Cedar Glen","state":"California","state_ab":"CA","county":"San Bernardino","geo_location":{ "type": "Point", "coordinates": [-117.1533, 34.2545] }},
{"zip_code":"92334","country":"US","city":"Fontana","state":"California","state_ab":"CA","county":"San Bernardino","geo_location":{ "type": "Point", "coordinates": [-115.9671, 34.84] }},
{"zip_code":"92347","country":"US","city":"Hinkley","state":"California","state_ab":"CA","county":"San Bernardino","geo_location":{ "type": "Point", "coordinates": [-117.1809, 34.9279] }},
{"zip_code":"92374","country":"US","city":"Redlands","state":"California","state_ab":"CA","county":"San Bernardino","geo_location":{ "type": "Point", "coordinates": [-117.1672, 34.065] }},
{"zip_code":"92411","country":"US","city":"San Bernardino","state":"California","state_ab":"CA","county":"San Bernardino","geo_location":{ "type": "Point", "coordinates": [-117.3172, 34.1214] }},
{"zip_code":"92424","country":"US","city":"San Bernardino","state":"California","state_ab":"CA","county":"San Bernardino","geo_location":{ "type": "Point", "coordinates": [-115.9671, 34.84] }},
{"zip_code":"91911","country":"US","city":"Chula Vista","state":"California","state_ab":"CA","county":"San Diego","geo_location":{ "type": "Point", "coordinates": [-117.0565, 32.6084] }},
{"zip_code":"91951","country":"US","city":"National City","state":"California","state_ab":"CA","county":"San Diego","geo_location":{ "type": "Point", "coordinates": [-116.846, 33.0169] }},
{"zip_code":"91977","country":"US","city":"Spring Valley","state":"California","state_ab":"CA","county":"San Diego","geo_location":{ "type": "Point", "coordinates": [-116.9976, 32.724] }},
{"zip_code":"92011","country":"US","city":"Carlsbad","state":"California","state_ab":"CA","county":"San Diego","geo_location":{ "type": "Point", "coordinates": [-117.2943, 33.1072] }},
{"zip_code":"92024","country":"US","city":"Encinitas","state":"California","state_ab":"CA","county":"San Diego","geo_location":{ "type": "Point", "coordinates": [-117.2689, 33.0535] }},
{"zip_code":"92037","country":"US","city":"La Jolla","state":"California","state_ab":"CA","county":"San Diego","geo_location":{ "type": "Point", "coordinates": [-117.2521, 32.8455] }},
{"zip_code":"92051","country":"US","city":"Oceanside","state":"California","state_ab":"CA","county":"San Diego","geo_location":{ "type": "Point", "coordinates": [-116.846, 33.0169] }},
{"zip_code":"92064","country":"US","city":"Poway","state":"California","state_ab":"CA","county":"San Diego","geo_location":{ "type": "Point", "coordinates": [-117.0402, 32.9756] }},
{"zip_code":"92091","country":"US","city":"Rancho Santa Fe","state":"California","state_ab":"CA","county":"San Diego","geo_location":{ "type": "Point", "coordinates": [-117.0462, 32.9623] }},
{"zip_code":"92101","country":"US","city":"San Diego","state":"California","state_ab":"CA","county":"San Diego","geo_location":{ "type": "Point", "coordinates": [-117.1593, 32.7185] }},
{"zip_code":"92114","country":"US","city":"San Diego","state":"California","state_ab":"CA","county":"San Diego","geo_location":{ "type": "Point", "coordinates": [-117.0524, 32.7059] }},
{"zip_code":"92127","country":"US","city":"San Diego","state":"California","state_ab":"CA","county":"San Diego","geo_location":{ "type": "Point", "coordinates": [-117.0856, 33.0279] }},
{"zip_code":"92154","country":"US","city":"San Diego","state":"California","state_ab":"CA","county":"San Diego","geo_location":{ "type": "Point", "coordinates": [-117.0707, 32.5753] }},
{"zip_code":"92167","country":"US","city":"San Diego","state":"California","state_ab":"CA","county":"San Diego","geo_location":{ "type": "Point", "coordinates": [-116.846, 33.0169] }},
{"zip_code":"92181","country":"US","city":"National City","state":"California","state_ab":"CA","county":"San Diego County","geo_location":{ "type": "Point", "coordinates": [-117.1563, 32.7151] }},
{"zip_code":"92194","country":"US","city":"San Diego","state":"California","state_ab":"CA","county":"San Diego","geo_location":{ "type": "Point", "coordinates": [-116.846, 33.0169] }},
{"zip_code":"94107","country":"US","city":"San Francisco","state":"California","state_ab":"CA","county":"San Francisco","geo_location":{ "type": "Point", "coordinates": [-122.3971, 37.7621] }},
{"zip_code":"94121","country":"US","city":"San Francisco","state":"California","state_ab":"CA","county":"San Francisco","geo_location":{ "type": "Point", "coordinates": [-122.4892, 37.7786] }},
{"zip_code":"94134","country":"US","city":"San Francisco","state":"California","state_ab":"CA","county":"San Francisco","geo_location":{ "type": "Point", "coordinates": [-122.4096, 37.719] }},
{"zip_code":"94147","country":"US","city":"San Francisco","state":"California","state_ab":"CA","county":"San Francisco","geo_location":{ "type": "Point", "coordinates": [-122.7278, 37.7848] }},
{"zip_code":"94161","country":"US","city":"San Francisco","state":"California","state_ab":"CA","county":"San Francisco","geo_location":{ "type": "Point", "coordinates": [-122.7278, 37.7848] }},
{"zip_code":"95201","country":"US","city":"Stockton","state":"California","state_ab":"CA","county":"San Joaquin","geo_location":{ "type": "Point", "coordinates": [-121.2876, 37.958] }},
{"zip_code":"95227","country":"US","city":"Clements","state":"California","state_ab":"CA","county":"San Joaquin","geo_location":{ "type": "Point", "coordinates": [-121.0811, 38.1929] }},
{"zip_code":"95241","country":"US","city":"Lodi","state":"California","state_ab":"CA","county":"San Joaquin","geo_location":{ "type": "Point", "coordinates": [-121.2724, 38.1327] }},
{"zip_code":"95267","country":"US","city":"Stockton","state":"California","state_ab":"CA","county":"San Joaquin","geo_location":{ "type": "Point", "coordinates": [-121.3174, 38.0003] }},
{"zip_code":"95304","country":"US","city":"Banta","state":"California","state_ab":"CA","county":"San Joaquin","geo_location":{ "type": "Point", "coordinates": [-121.385, 37.7149] }},
{"zip_code":"93401","country":"US","city":"San Luis Obispo","state":"California","state_ab":"CA","county":"San Luis Obispo","geo_location":{ "type": "Point", "coordinates": [-120.6509, 35.2635] }},
{"zip_code":"94017","country":"US","city":"Daly City","state":"California","state_ab":"CA","county":"San Mateo","geo_location":{ "type": "Point", "coordinates": [-122.3348, 37.3811] }},
{"zip_code":"94031","country":"US","city":"Millbrae","state":"California","state_ab":"CA","county":"San Mateo","geo_location":{ "type": "Point", "coordinates": [-122.3348, 37.3811] }},
{"zip_code":"94044","country":"US","city":"Pacifica","state":"California","state_ab":"CA","county":"San Mateo","geo_location":{ "type": "Point", "coordinates": [-122.4816, 37.6196] }},
{"zip_code":"94071","country":"US","city":"San Carlos","state":"California","state_ab":"CA","county":"San Mateo","geo_location":{ "type": "Point", "coordinates": [-122.3348, 37.3811] }},
{"zip_code":"94404","country":"US","city":"San Mateo","state":"California","state_ab":"CA","county":"San Mateo","geo_location":{ "type": "Point", "coordinates": [-122.27, 37.5538] }},
{"zip_code":"94497","country":"US","city":"San Mateo","state":"California","state_ab":"CA","county":"San Mateo","geo_location":{ "type": "Point", "coordinates": [-122.3259, 37.5347] }},
{"zip_code":"93014","country":"US","city":"Carpinteria","state":"California","state_ab":"CA","county":"Santa Barbara","geo_location":{ "type": "Point", "coordinates": [-119.8486, 34.2628] }},
{"zip_code":"93067","country":"US","city":"Summerland","state":"California","state_ab":"CA","county":"Santa Barbara","geo_location":{ "type": "Point", "coordinates": [-119.5926, 34.422] }},
{"zip_code":"93117","country":"US","city":"Goleta","state":"California","state_ab":"CA","county":"Santa Barbara","geo_location":{ "type": "Point", "coordinates": [-119.8612, 34.4296] }},
{"zip_code":"93427","country":"US","city":"Buellton","state":"California","state_ab":"CA","county":"Santa Barbara","geo_location":{ "type": "Point", "coordinates": [-120.1922, 34.6209] }},
{"zip_code":"93441","country":"US","city":"Los Olivos","state":"California","state_ab":"CA","county":"Santa Barbara","geo_location":{ "type": "Point", "coordinates": [-120.0685, 34.693] }},
{"zip_code":"93454","country":"US","city":"Santa Maria","state":"California","state_ab":"CA","county":"Santa Barbara","geo_location":{ "type": "Point", "coordinates": [-120.4325, 34.9545] }},
{"zip_code":"94301","country":"US","city":"Palo Alto","state":"California","state_ab":"CA","county":"Santa Clara","geo_location":{ "type": "Point", "coordinates": [-122.1497, 37.4443] }},
{"zip_code":"95021","country":"US","city":"Gilroy","state":"California","state_ab":"CA","county":"Santa Clara","geo_location":{ "type": "Point", "coordinates": [-121.5705, 37.0095] }},
{"zip_code":"95111","country":"US","city":"San Jose","state":"California","state_ab":"CA","county":"Santa Clara","geo_location":{ "type": "Point", "coordinates": [-121.8265, 37.2827] }},
{"zip_code":"95124","country":"US","city":"San Jose","state":"California","state_ab":"CA","county":"Santa Clara","geo_location":{ "type": "Point", "coordinates": [-121.9229, 37.2563] }},
{"zip_code":"95137","country":"US","city":"San Jose","state":"California","state_ab":"CA","county":"Santa Clara","geo_location":{ "type": "Point", "coordinates": [-121.897, 37.3866] }},
{"zip_code":"95151","country":"US","city":"San Jose","state":"California","state_ab":"CA","county":"Santa Clara","geo_location":{ "type": "Point", "coordinates": [-121.8262, 37.3198] }},
{"zip_code":"95164","country":"US","city":"San Jose","state":"California","state_ab":"CA","county":"Santa Clara","geo_location":{ "type": "Point", "coordinates": [-121.9203, 37.3916] }},
{"zip_code":"95191","country":"US","city":"San Jose","state":"California","state_ab":"CA","county":"Santa Clara","geo_location":{ "type": "Point", "coordinates": [-121.9158, 37.3262] }},
{"zip_code":"95007","country":"US","city":"Brookdale","state":"California","state_ab":"CA","county":"Santa Cruz","geo_location":{ "type": "Point", "coordinates": [-122.105, 37.1063] }},
{"zip_code":"95061","country":"US","city":"Santa Cruz","state":"California","state_ab":"CA","county":"Santa Cruz","geo_location":{ "type": "Point", "coordinates": [-122.162, 37.063] }},
{"zip_code":"96011","country":"US","city":"Big Bend","state":"California","state_ab":"CA","county":"Shasta","geo_location":{ "type": "Point", "coordinates": [-121.825, 40.9749] }},
{"zip_code":"96051","country":"US","city":"Lakehead","state":"California","state_ab":"CA","county":"Shasta","geo_location":{ "type": "Point", "coordinates": [-122.4106, 40.9105] }},
{"zip_code":"96037","country":"US","city":"Greenview","state":"California","state_ab":"CA","county":"Siskiyou","geo_location":{ "type": "Point", "coordinates": [-122.9366, 41.5403] }},
{"zip_code":"96064","country":"US","city":"Montague","state":"California","state_ab":"CA","county":"Siskiyou","geo_location":{ "type": "Point", "coordinates": [-122.4638, 41.7243] }},
{"zip_code":"94534","country":"US","city":"Fairfield","state":"California","state_ab":"CA","county":"Solano County","geo_location":{ "type": "Point", "coordinates": [-122.1314, 38.2423] }},
{"zip_code":"95407","country":"US","city":"Santa Rosa","state":"California","state_ab":"CA","county":"Sonoma","geo_location":{ "type": "Point", "coordinates": [-122.7339, 38.4089] }},
{"zip_code":"95421","country":"US","city":"Cazadero","state":"California","state_ab":"CA","county":"Sonoma","geo_location":{ "type": "Point", "coordinates": [-123.1965, 38.5918] }},
{"zip_code":"95487","country":"US","city":"Vineburg","state":"California","state_ab":"CA","county":"Sonoma","geo_location":{ "type": "Point", "coordinates": [-122.4375, 38.2725] }},
{"zip_code":"95357","country":"US","city":"Modesto","state":"California","state_ab":"CA","county":"Stanislaus","geo_location":{ "type": "Point", "coordinates": [-120.8817, 37.6693] }},
{"zip_code":"95397","country":"US","city":"Modesto","state":"California","state_ab":"CA","county":"Stanislaus","geo_location":{ "type": "Point", "coordinates": [-121.0191, 37.6566] }},
{"zip_code":"95991","country":"US","city":"Yuba City","state":"California","state_ab":"CA","county":"Sutter","geo_location":{ "type": "Point", "coordinates": [-121.6202, 39.1051] }},
{"zip_code":"96024","country":"US","city":"Douglas City","state":"California","state_ab":"CA","county":"Trinity","geo_location":{ "type": "Point", "coordinates": [-122.9239, 40.6342] }},
{"zip_code":"96091","country":"US","city":"Trinity Center","state":"California","state_ab":"CA","county":"Trinity","geo_location":{ "type": "Point", "coordinates": [-122.7239, 41.0615] }},
{"zip_code":"93207","country":"US","city":"California Hot Springs","state":"California","state_ab":"CA","county":"Tulare","geo_location":{ "type": "Point", "coordinates": [-118.6561, 35.8818] }},
{"zip_code":"93221","country":"US","city":"Exeter","state":"California","state_ab":"CA","county":"Tulare","geo_location":{ "type": "Point", "coordinates": [-119.1293, 36.3041] }},
{"zip_code":"93247","country":"US","city":"Lindsay","state":"California","state_ab":"CA","county":"Tulare","geo_location":{ "type": "Point", "coordinates": [-119.0884, 36.2096] }},
{"zip_code":"93261","country":"US","city":"Richgrove","state":"California","state_ab":"CA","county":"Tulare","geo_location":{ "type": "Point", "coordinates": [-119.1315, 35.805] }},
{"zip_code":"93274","country":"US","city":"Tulare","state":"California","state_ab":"CA","county":"Tulare","geo_location":{ "type": "Point", "coordinates": [-119.338, 36.2022] }},
{"zip_code":"93647","country":"US","city":"Orosi","state":"California","state_ab":"CA","county":"Tulare","geo_location":{ "type": "Point", "coordinates": [-119.2815, 36.5464] }},
{"zip_code":"93001","country":"US","city":"Ventura","state":"California","state_ab":"CA","county":"Ventura","geo_location":{ "type": "Point", "coordinates": [-119.3584, 34.3308] }},
{"zip_code":"93041","country":"US","city":"Port Hueneme","state":"California","state_ab":"CA","county":"Ventura","geo_location":{ "type": "Point", "coordinates": [-119.1973, 34.1626] }},
{"zip_code":"93094","country":"US","city":"Simi Valley","state":"California","state_ab":"CA","county":"Ventura","geo_location":{ "type": "Point", "coordinates": [-119.1343, 34.0324] }},
{"zip_code":"95627","country":"US","city":"Esparto","state":"California","state_ab":"CA","county":"Yolo","geo_location":{ "type": "Point", "coordinates": [-122.0152, 38.7061] }},
{"zip_code":"95694","country":"US","city":"Winters","state":"California","state_ab":"CA","county":"Yolo","geo_location":{ "type": "Point", "coordinates": [-121.9676, 38.5322] }},
{"zip_code":"95937","country":"US","city":"Dunnigan","state":"California","state_ab":"CA","county":"Yolo","geo_location":{ "type": "Point", "coordinates": [-121.9992, 38.887] }},
{"zip_code":"95977","country":"US","city":"Smartville","state":"California","state_ab":"CA","county":"Yuba","geo_location":{ "type": "Point", "coordinates": [-121.2807, 39.1948] }},
{"zip_code":"80221","country":"US","city":"Denver","state":"Colorado","state_ab":"CO","county":"Adams","geo_location":{ "type": "Point", "coordinates": [-104.9988, 39.838] }},
{"zip_code":"80234","country":"US","city":"Denver","state":"Colorado","state_ab":"CO","county":"Adams","geo_location":{ "type": "Point", "coordinates": [-105.0109, 39.9108] }},
{"zip_code":"80014","country":"US","city":"Aurora","state":"Colorado","state_ab":"CO","county":"Arapahoe","geo_location":{ "type": "Point", "coordinates": [-104.835, 39.6662] }},
{"zip_code":"80041","country":"US","city":"Aurora","state":"Colorado","state_ab":"CO","county":"Arapahoe","geo_location":{ "type": "Point", "coordinates": [-104.4083, 39.7388] }},
{"zip_code":"81121","country":"US","city":"Arboles","state":"Colorado","state_ab":"CO","county":"Archuleta","geo_location":{ "type": "Point", "coordinates": [-107.3118, 37.1092] }},
{"zip_code":"81147","country":"US","city":"Pagosa Springs","state":"Colorado","state_ab":"CO","county":"Archuleta","geo_location":{ "type": "Point", "coordinates": [-107.0385, 37.2523] }},
{"zip_code":"81084","country":"US","city":"Two Buttes","state":"Colorado","state_ab":"CO","county":"Baca","geo_location":{ "type": "Point", "coordinates": [-102.4332, 37.5214] }},
{"zip_code":"81044","country":"US","city":"Hasty","state":"Colorado","state_ab":"CO","county":"Bent","geo_location":{ "type": "Point", "coordinates": [-103.015, 37.959] }},
{"zip_code":"81057","country":"US","city":"Mc Clave","state":"Colorado","state_ab":"CO","county":"Bent","geo_location":{ "type": "Point", "coordinates": [-102.8869, 38.085] }},
{"zip_code":"80027","country":"US","city":"Louisville","state":"Colorado","state_ab":"CO","county":"Boulder","geo_location":{ "type": "Point", "coordinates": [-105.1456, 39.9789] }},
{"zip_code":"80481","country":"US","city":"Ward","state":"Colorado","state_ab":"CO","county":"Boulder","geo_location":{ "type": "Point", "coordinates": [-105.508, 40.0726] }},
{"zip_code":"80544","country":"US","city":"Niwot","state":"Colorado","state_ab":"CO","county":"Boulder","geo_location":{ "type": "Point", "coordinates": [-105.275, 40.177] }},
{"zip_code":"81211","country":"US","city":"Buena Vista","state":"Colorado","state_ab":"CO","county":"Chaffee","geo_location":{ "type": "Point", "coordinates": [-106.1471, 38.838] }},
{"zip_code":"81134","country":"US","city":"Garcia","state":"Colorado","state_ab":"CO","county":"Costilla","geo_location":{ "type": "Point", "coordinates": [-105.53, 37.0922] }},
{"zip_code":"80207","country":"US","city":"Denver","state":"Colorado","state_ab":"CO","county":"Denver","geo_location":{ "type": "Point", "coordinates": [-104.9177, 39.7584] }},
{"zip_code":"80247","country":"US","city":"Denver","state":"Colorado","state_ab":"CO","county":"Denver County","geo_location":{ "type": "Point", "coordinates": [-104.8819, 39.6971] }},
{"zip_code":"80261","country":"US","city":"Denver","state":"Colorado","state_ab":"CO","county":"Denver","geo_location":{ "type": "Point", "coordinates": [-104.985, 39.7379] }},
{"zip_code":"80274","country":"US","city":"Denver","state":"Colorado","state_ab":"CO","county":"Denver","geo_location":{ "type": "Point", "coordinates": [-104.9876, 39.7439] }},
{"zip_code":"80104","country":"US","city":"Castle Rock","state":"Colorado","state_ab":"CO","county":"Douglas","geo_location":{ "type": "Point", "coordinates": [-104.8602, 39.3926] }},
{"zip_code":"80131","country":"US","city":"Louviers","state":"Colorado","state_ab":"CO","county":"Douglas","geo_location":{ "type": "Point", "coordinates": [-105.0075, 39.4764] }},
{"zip_code":"81637","country":"US","city":"Gypsum","state":"Colorado","state_ab":"CO","county":"Eagle","geo_location":{ "type": "Point", "coordinates": [-106.9671, 39.6618] }},
{"zip_code":"80117","country":"US","city":"Kiowa","state":"Colorado","state_ab":"CO","county":"Elbert","geo_location":{ "type": "Point", "coordinates": [-104.4523, 39.324] }},
{"zip_code":"80841","country":"US","city":"U S A F Academy","state":"Colorado","state_ab":"CO","county":"El Paso","geo_location":{ "type": "Point", "coordinates": [-104.562, 38.8247] }},
{"zip_code":"80904","country":"US","city":"Colorado Springs","state":"Colorado","state_ab":"CO","county":"El Paso","geo_location":{ "type": "Point", "coordinates": [-104.8595, 38.8533] }},
{"zip_code":"80917","country":"US","city":"Colorado Springs","state":"Colorado","state_ab":"CO","county":"El Paso","geo_location":{ "type": "Point", "coordinates": [-104.7399, 38.886] }},
{"zip_code":"80931","country":"US","city":"Colorado Springs","state":"Colorado","state_ab":"CO","county":"El Paso","geo_location":{ "type": "Point", "coordinates": [-104.6092, 38.953] }},
{"zip_code":"80944","country":"US","city":"Colorado Springs","state":"Colorado","state_ab":"CO","county":"El Paso","geo_location":{ "type": "Point", "coordinates": [-104.562, 38.8247] }},
{"zip_code":"80997","country":"US","city":"Colorado Springs","state":"Colorado","state_ab":"CO","county":"El Paso","geo_location":{ "type": "Point", "coordinates": [-104.562, 38.8247] }},
{"zip_code":"80427","country":"US","city":"Central City","state":"Colorado","state_ab":"CO","county":"Gilpin","geo_location":{ "type": "Point", "coordinates": [-105.5456, 39.8216] }},
{"zip_code":"81224","country":"US","city":"Crested Butte","state":"Colorado","state_ab":"CO","county":"Gunnison","geo_location":{ "type": "Point", "coordinates": [-106.9619, 38.8691] }},
{"zip_code":"81237","country":"US","city":"Ohio City","state":"Colorado","state_ab":"CO","county":"Gunnison","geo_location":{ "type": "Point", "coordinates": [-106.6028, 38.5908] }},
{"zip_code":"80001","country":"US","city":"Arvada","state":"Colorado","state_ab":"CO","county":"Jefferson","geo_location":{ "type": "Point", "coordinates": [-105.2239, 39.522] }},
{"zip_code":"80401","country":"US","city":"Golden","state":"Colorado","state_ab":"CO","county":"Jefferson","geo_location":{ "type": "Point", "coordinates": [-105.1915, 39.7305] }},
{"zip_code":"80441","country":"US","city":"Foxton","state":"Colorado","state_ab":"CO","county":"Jefferson County","geo_location":{ "type": "Point", "coordinates": [-105.2517, 39.4713] }},
{"zip_code":"80454","country":"US","city":"Indian Hills","state":"Colorado","state_ab":"CO","county":"Jefferson","geo_location":{ "type": "Point", "coordinates": [-105.2514, 39.6296] }},
{"zip_code":"81071","country":"US","city":"Sheridan Lake","state":"Colorado","state_ab":"CO","county":"Kiowa","geo_location":{ "type": "Point", "coordinates": [-102.2664, 38.4484] }},
{"zip_code":"81251","country":"US","city":"Twin Lakes","state":"Colorado","state_ab":"CO","county":"Lake","geo_location":{ "type": "Point", "coordinates": [-106.4416, 39.1011] }},
{"zip_code":"81301","country":"US","city":"Durango","state":"Colorado","state_ab":"CO","county":"La Plata","geo_location":{ "type": "Point", "coordinates": [-107.8617, 37.2874] }},
{"zip_code":"80517","country":"US","city":"Estes Park","state":"Colorado","state_ab":"CO","county":"Larimer","geo_location":{ "type": "Point", "coordinates": [-105.5142, 40.3658] }},
{"zip_code":"80751","country":"US","city":"Sterling","state":"Colorado","state_ab":"CO","county":"Logan","geo_location":{ "type": "Point", "coordinates": [-103.2212, 40.6306] }},
{"zip_code":"81507","country":"US","city":"Grand Junction","state":"Colorado","state_ab":"CO","county":"Mesa","geo_location":{ "type": "Point", "coordinates": [-108.6129, 39.0157] }},
{"zip_code":"81521","country":"US","city":"Fruita","state":"Colorado","state_ab":"CO","county":"Mesa","geo_location":{ "type": "Point", "coordinates": [-108.7218, 39.1637] }},
{"zip_code":"81624","country":"US","city":"Collbran","state":"Colorado","state_ab":"CO","county":"Mesa","geo_location":{ "type": "Point", "coordinates": [-107.9249, 39.2453] }},
{"zip_code":"81327","country":"US","city":"Lewis","state":"Colorado","state_ab":"CO","county":"Montezuma","geo_location":{ "type": "Point", "coordinates": [-108.6546, 37.5177] }},
{"zip_code":"81431","country":"US","city":"Redvale","state":"Colorado","state_ab":"CO","county":"Montrose","geo_location":{ "type": "Point", "coordinates": [-108.3895, 38.1865] }},
{"zip_code":"80827","country":"US","city":"Lake George","state":"Colorado","state_ab":"CO","county":"Park","geo_location":{ "type": "Point", "coordinates": [-105.4347, 39.0342] }},
{"zip_code":"81611","country":"US","city":"Aspen","state":"Colorado","state_ab":"CO","county":"Pitkin","geo_location":{ "type": "Point", "coordinates": [-106.8236, 39.1951] }},
{"zip_code":"81004","country":"US","city":"Pueblo","state":"Colorado","state_ab":"CO","county":"Pueblo","geo_location":{ "type": "Point", "coordinates": [-104.6278, 38.2441] }},
{"zip_code":"80467","country":"US","city":"Oak Creek","state":"Colorado","state_ab":"CO","county":"Routt","geo_location":{ "type": "Point", "coordinates": [-106.9296, 40.2567] }},
{"zip_code":"80737","country":"US","city":"Julesburg","state":"Colorado","state_ab":"CO","county":"Sedgwick","geo_location":{ "type": "Point", "coordinates": [-102.2575, 40.9708] }},
{"zip_code":"80814","country":"US","city":"Divide","state":"Colorado","state_ab":"CO","county":"Teller","geo_location":{ "type": "Point", "coordinates": [-105.1994, 38.9576] }},
{"zip_code":"80801","country":"US","city":"Anton","state":"Colorado","state_ab":"CO","county":"Washington","geo_location":{ "type": "Point", "coordinates": [-103.1373, 39.6909] }},
{"zip_code":"80504","country":"US","city":"Longmont","state":"Colorado","state_ab":"CO","county":"Weld","geo_location":{ "type": "Point", "coordinates": [-104.9504, 40.1306] }},
{"zip_code":"80621","country":"US","city":"Fort Lupton","state":"Colorado","state_ab":"CO","county":"Weld","geo_location":{ "type": "Point", "coordinates": [-104.8013, 40.108] }},
{"zip_code":"80634","country":"US","city":"Greeley","state":"Colorado","state_ab":"CO","county":"Weld","geo_location":{ "type": "Point", "coordinates": [-104.7541, 40.4109] }},
{"zip_code":"6601","country":"US","city":"Bridgeport","state":"Connecticut","state_ab":"CT","county":"Fairfield","geo_location":{ "type": "Point", "coordinates": [-73.3637, 41.3089] }},
{"zip_code":"6614","country":"US","city":"Stratford","state":"Connecticut","state_ab":"CT","county":"Fairfield","geo_location":{ "type": "Point", "coordinates": [-73.1304, 41.216] }},
{"zip_code":"6784","country":"US","city":"Sherman","state":"Connecticut","state_ab":"CT","county":"Fairfield","geo_location":{ "type": "Point", "coordinates": [-73.4947, 41.5714] }},
{"zip_code":"6807","country":"US","city":"Cos Cob","state":"Connecticut","state_ab":"CT","county":"Fairfield","geo_location":{ "type": "Point", "coordinates": [-73.5935, 41.053] }},
{"zip_code":"61761","country":"US","city":"Normal","state":"Illinois","state_ab":"IL","county":"McLean","geo_location":{ "type": "Point", "coordinates": [-88.9883, 40.5124] }},
{"zip_code":"61774","country":"US","city":"Stanford","state":"Illinois","state_ab":"IL","county":"McLean","geo_location":{ "type": "Point", "coordinates": [-89.2164, 40.4376] }},
{"zip_code":"62544","country":"US","city":"Macon","state":"Illinois","state_ab":"IL","county":"Macon","geo_location":{ "type": "Point", "coordinates": [-88.988, 39.7041] }},
{"zip_code":"62014","country":"US","city":"Bunker Hill","state":"Illinois","state_ab":"IL","county":"Macoupin","geo_location":{ "type": "Point", "coordinates": [-89.9624, 39.0408] }},
{"zip_code":"62674","country":"US","city":"Palmyra","state":"Illinois","state_ab":"IL","county":"Macoupin","geo_location":{ "type": "Point", "coordinates": [-90.0311, 39.4227] }},
{"zip_code":"62001","country":"US","city":"Alhambra","state":"Illinois","state_ab":"IL","county":"Madison","geo_location":{ "type": "Point", "coordinates": [-89.7441, 38.8822] }},
{"zip_code":"62067","country":"US","city":"Moro","state":"Illinois","state_ab":"IL","county":"Madison","geo_location":{ "type": "Point", "coordinates": [-89.9618, 38.9318] }},
{"zip_code":"62234","country":"US","city":"Collinsville","state":"Illinois","state_ab":"IL","county":"Madison","geo_location":{ "type": "Point", "coordinates": [-89.9853, 38.6835] }},
{"zip_code":"62801","country":"US","city":"Centralia","state":"Illinois","state_ab":"IL","county":"Marion","geo_location":{ "type": "Point", "coordinates": [-89.1365, 38.5241] }},
{"zip_code":"62854","country":"US","city":"Kinmundy","state":"Illinois","state_ab":"IL","county":"Marion","geo_location":{ "type": "Point", "coordinates": [-88.813, 38.7559] }},
{"zip_code":"62881","country":"US","city":"Salem","state":"Illinois","state_ab":"IL","county":"Marion","geo_location":{ "type": "Point", "coordinates": [-88.9481, 38.6264] }},
{"zip_code":"61424","country":"US","city":"Camp Grove","state":"Illinois","state_ab":"IL","county":"Marshall","geo_location":{ "type": "Point", "coordinates": [-89.6332, 41.078] }},
{"zip_code":"61541","country":"US","city":"La Rose","state":"Illinois","state_ab":"IL","county":"Marshall","geo_location":{ "type": "Point", "coordinates": [-89.2269, 41.0063] }},
{"zip_code":"61567","country":"US","city":"Topeka","state":"Illinois","state_ab":"IL","county":"Mason","geo_location":{ "type": "Point", "coordinates": [-89.8859, 40.3443] }},
{"zip_code":"61231","country":"US","city":"Aledo","state":"Illinois","state_ab":"IL","county":"Mercer","geo_location":{ "type": "Point", "coordinates": [-90.7416, 41.2008] }},
{"zip_code":"62094","country":"US","city":"Witt","state":"Illinois","state_ab":"IL","county":"Montgomery","geo_location":{ "type": "Point", "coordinates": [-89.3414, 39.2469] }},
{"zip_code":"61914","country":"US","city":"Bethany","state":"Illinois","state_ab":"IL","county":"Moultrie","geo_location":{ "type": "Point", "coordinates": [-88.7543, 39.6348] }},
{"zip_code":"61064","country":"US","city":"Polo","state":"Illinois","state_ab":"IL","county":"Ogle","geo_location":{ "type": "Point", "coordinates": [-89.5984, 41.989] }},
{"zip_code":"61091","country":"US","city":"Woosung","state":"Illinois","state_ab":"IL","county":"Ogle","geo_location":{ "type": "Point", "coordinates": [-89.5404, 41.9031] }},
{"zip_code":"61451","country":"US","city":"Laura","state":"Illinois","state_ab":"IL","county":"Peoria","geo_location":{ "type": "Point", "coordinates": [-89.9349, 40.9335] }},
{"zip_code":"61604","country":"US","city":"Peoria","state":"Illinois","state_ab":"IL","county":"Peoria","geo_location":{ "type": "Point", "coordinates": [-89.6324, 40.7111] }},
{"zip_code":"61644","country":"US","city":"Peoria","state":"Illinois","state_ab":"IL","county":"Peoria","geo_location":{ "type": "Point", "coordinates": [-89.5692, 40.7653] }},
{"zip_code":"62274","country":"US","city":"Pinckneyville","state":"Illinois","state_ab":"IL","county":"Perry","geo_location":{ "type": "Point", "coordinates": [-89.3858, 38.0903] }},
{"zip_code":"62997","country":"US","city":"Willisville","state":"Illinois","state_ab":"IL","county":"Perry","geo_location":{ "type": "Point", "coordinates": [-89.5899, 37.9848] }},
{"zip_code":"62944","country":"US","city":"Hamletsburg","state":"Illinois","state_ab":"IL","county":"Pope","geo_location":{ "type": "Point", "coordinates": [-88.5614, 37.3336] }},
{"zip_code":"62261","country":"US","city":"Modoc","state":"Illinois","state_ab":"IL","county":"Randolph","geo_location":{ "type": "Point", "coordinates": [-90.0163, 38.0507] }},
{"zip_code":"61204","country":"US","city":"Rock Island","state":"Illinois","state_ab":"IL","county":"Rock Island","geo_location":{ "type": "Point", "coordinates": [-90.616, 41.5549] }},
{"zip_code":"61244","country":"US","city":"East Moline","state":"Illinois","state_ab":"IL","county":"Rock Island","geo_location":{ "type": "Point", "coordinates": [-90.4321, 41.5118] }},
{"zip_code":"61257","country":"US","city":"Hillsdale","state":"Illinois","state_ab":"IL","county":"Rock Island","geo_location":{ "type": "Point", "coordinates": [-90.2263, 41.5929] }},
{"zip_code":"61284","country":"US","city":"Taylor Ridge","state":"Illinois","state_ab":"IL","county":"Rock Island","geo_location":{ "type": "Point", "coordinates": [-90.734, 41.3828] }},
{"zip_code":"62207","country":"US","city":"East Saint Louis","state":"Illinois","state_ab":"IL","county":"St. Clair","geo_location":{ "type": "Point", "coordinates": [-90.1278, 38.587] }},
{"zip_code":"62221","country":"US","city":"Belleville","state":"Illinois","state_ab":"IL","county":"St. Clair","geo_location":{ "type": "Point", "coordinates": [-89.9583, 38.5396] }},
{"zip_code":"62917","country":"US","city":"Carrier Mills","state":"Illinois","state_ab":"IL","county":"Saline","geo_location":{ "type": "Point", "coordinates": [-88.6199, 37.6803] }},
{"zip_code":"62661","country":"US","city":"Loami","state":"Illinois","state_ab":"IL","county":"Sangamon","geo_location":{ "type": "Point", "coordinates": [-89.8588, 39.6704] }},
{"zip_code":"62711","country":"US","city":"Springfield","state":"Illinois","state_ab":"IL","county":"Sangamon County","geo_location":{ "type": "Point", "coordinates": [-89.7293, 39.7655] }},
{"zip_code":"62764","country":"US","city":"Springfield","state":"Illinois","state_ab":"IL","county":"Sangamon","geo_location":{ "type": "Point", "coordinates": [-89.606, 39.7495] }},
{"zip_code":"62777","country":"US","city":"Springfield","state":"Illinois","state_ab":"IL","county":"Sangamon","geo_location":{ "type": "Point", "coordinates": [-89.606, 39.7495] }},
{"zip_code":"62791","country":"US","city":"Springfield","state":"Illinois","state_ab":"IL","county":"Sangamon","geo_location":{ "type": "Point", "coordinates": [-89.606, 39.7495] }},
{"zip_code":"62621","country":"US","city":"Bluffs","state":"Illinois","state_ab":"IL","county":"Scott","geo_location":{ "type": "Point", "coordinates": [-90.5313, 39.7296] }},
{"zip_code":"62571","country":"US","city":"Tower Hill","state":"Illinois","state_ab":"IL","county":"Shelby","geo_location":{ "type": "Point", "coordinates": [-88.9597, 39.39] }},
{"zip_code":"61491","country":"US","city":"Wyoming","state":"Illinois","state_ab":"IL","county":"Stark","geo_location":{ "type": "Point", "coordinates": [-89.7782, 41.0599] }},
{"zip_code":"61554","country":"US","city":"Pekin","state":"Illinois","state_ab":"IL","county":"Tazewell","geo_location":{ "type": "Point", "coordinates": [-89.6243, 40.5674] }},
{"zip_code":"61721","country":"US","city":"Armington","state":"Illinois","state_ab":"IL","county":"Tazewell","geo_location":{ "type": "Point", "coordinates": [-89.3231, 40.3613] }},
{"zip_code":"61734","country":"US","city":"Delavan","state":"Illinois","state_ab":"IL","county":"Tazewell","geo_location":{ "type": "Point", "coordinates": [-89.5321, 40.369] }},
{"zip_code":"61747","country":"US","city":"Hopedale","state":"Illinois","state_ab":"IL","county":"Tazewell","geo_location":{ "type": "Point", "coordinates": [-89.4214, 40.4273] }},
{"zip_code":"61811","country":"US","city":"Alvin","state":"Illinois","state_ab":"IL","county":"Vermilion","geo_location":{ "type": "Point", "coordinates": [-87.608, 40.3007] }},
{"zip_code":"62827","country":"US","city":"Crossville","state":"Illinois","state_ab":"IL","county":"White","geo_location":{ "type": "Point", "coordinates": [-88.0595, 38.166] }},
{"zip_code":"61037","country":"US","city":"Galt","state":"Illinois","state_ab":"IL","county":"Whiteside","geo_location":{ "type": "Point", "coordinates": [-89.761, 41.7865] }},
{"zip_code":"60421","country":"US","city":"Elwood","state":"Illinois","state_ab":"IL","county":"Will","geo_location":{ "type": "Point", "coordinates": [-88.0864, 41.426] }},
{"zip_code":"60434","country":"US","city":"Joliet","state":"Illinois","state_ab":"IL","county":"Will","geo_location":{ "type": "Point", "coordinates": [-88.0842, 41.5254] }},
{"zip_code":"60487","country":"US","city":"Tinley Park","state":"Illinois","state_ab":"IL","county":"Will County","geo_location":{ "type": "Point", "coordinates": [-87.8342, 41.5636] }},
{"zip_code":"60564","country":"US","city":"Naperville","state":"Illinois","state_ab":"IL","county":"Will","geo_location":{ "type": "Point", "coordinates": [-88.1952, 41.704] }},
{"zip_code":"62841","country":"US","city":"Freeman Spur","state":"Illinois","state_ab":"IL","county":"Williamson","geo_location":{ "type": "Point", "coordinates": [-89.0092, 37.8031] }},
{"zip_code":"61024","country":"US","city":"Durand","state":"Illinois","state_ab":"IL","county":"Winnebago","geo_location":{ "type": "Point", "coordinates": [-89.3094, 42.4337] }},
{"zip_code":"61077","country":"US","city":"Seward","state":"Illinois","state_ab":"IL","county":"Winnebago","geo_location":{ "type": "Point", "coordinates": [-89.358, 42.2368] }},
{"zip_code":"61101","country":"US","city":"Rockford","state":"Illinois","state_ab":"IL","county":"Winnebago","geo_location":{ "type": "Point", "coordinates": [-89.1161, 42.2922] }},
{"zip_code":"61114","country":"US","city":"Rockford","state":"Illinois","state_ab":"IL","county":"Winnebago","geo_location":{ "type": "Point", "coordinates": [-88.9972, 42.3185] }},
{"zip_code":"46704","country":"US","city":"Arcola","state":"Indiana","state_ab":"IN","county":"Allen","geo_location":{ "type": "Point", "coordinates": [-85.2925, 41.1038] }},
{"zip_code":"46797","country":"US","city":"Woodburn","state":"Indiana","state_ab":"IN","county":"Allen","geo_location":{ "type": "Point", "coordinates": [-84.8929, 41.1361] }},
{"zip_code":"46807","country":"US","city":"Fort Wayne","state":"Indiana","state_ab":"IN","county":"Allen","geo_location":{ "type": "Point", "coordinates": [-85.1462, 41.0491] }},
{"zip_code":"46861","country":"US","city":"Fort Wayne","state":"Indiana","state_ab":"IN","county":"Allen","geo_location":{ "type": "Point", "coordinates": [-85.0707, 41.0938] }},
{"zip_code":"47244","country":"US","city":"Hartsville","state":"Indiana","state_ab":"IN","county":"Bartholomew","geo_location":{ "type": "Point", "coordinates": [-85.7176, 39.2186] }},
{"zip_code":"46977","country":"US","city":"Rockfield","state":"Indiana","state_ab":"IN","county":"Carroll","geo_location":{ "type": "Point", "coordinates": [-86.574, 40.5843] }},
{"zip_code":"47141","country":"US","city":"Marysville","state":"Indiana","state_ab":"IN","county":"Clark","geo_location":{ "type": "Point", "coordinates": [-85.6308, 38.5545] }},
{"zip_code":"47837","country":"US","city":"Carbon","state":"Indiana","state_ab":"IN","county":"Clay","geo_location":{ "type": "Point", "coordinates": [-87.1132, 39.5913] }},
{"zip_code":"47501","country":"US","city":"Washington","state":"Indiana","state_ab":"IN","county":"Daviess","geo_location":{ "type": "Point", "coordinates": [-87.1707, 38.6536] }},
{"zip_code":"47307","country":"US","city":"Muncie","state":"Indiana","state_ab":"IN","county":"Delaware","geo_location":{ "type": "Point", "coordinates": [-85.4428, 40.1621] }},
{"zip_code":"47334","country":"US","city":"Daleville","state":"Indiana","state_ab":"IN","county":"Delaware","geo_location":{ "type": "Point", "coordinates": [-85.511, 40.1257] }},
{"zip_code":"47527","country":"US","city":"Dubois","state":"Indiana","state_ab":"IN","county":"Dubois","geo_location":{ "type": "Point", "coordinates": [-86.7832, 38.4728] }},
{"zip_code":"47541","country":"US","city":"Holland","state":"Indiana","state_ab":"IN","county":"Dubois","geo_location":{ "type": "Point", "coordinates": [-87.0088, 38.2385] }},
{"zip_code":"47024","country":"US","city":"Laurel","state":"Indiana","state_ab":"IN","county":"Franklin","geo_location":{ "type": "Point", "coordinates": [-85.208, 39.4916] }},
{"zip_code":"47671","country":"US","city":"Princeton","state":"Indiana","state_ab":"IN","county":"Gibson County","geo_location":{ "type": "Point", "coordinates": [-87.5674, 38.3551] }},
{"zip_code":"46991","country":"US","city":"Van Buren","state":"Indiana","state_ab":"IN","county":"Grant","geo_location":{ "type": "Point", "coordinates": [-85.5148, 40.6174] }},
{"zip_code":"47424","country":"US","city":"Bloomfield","state":"Indiana","state_ab":"IN","county":"Greene","geo_location":{ "type": "Point", "coordinates": [-86.8675, 39.0295] }},
{"zip_code":"46034","country":"US","city":"Cicero","state":"Indiana","state_ab":"IN","county":"Hamilton","geo_location":{ "type": "Point", "coordinates": [-86.0381, 40.1298] }},
{"zip_code":"46061","country":"US","city":"Noblesville","state":"Indiana","state_ab":"IN","county":"Hamilton","geo_location":{ "type": "Point", "coordinates": [-86.0523, 40.0725] }},
{"zip_code":"46074","country":"US","city":"Westfield","state":"Indiana","state_ab":"IN","county":"Hamilton","geo_location":{ "type": "Point", "coordinates": [-86.1499, 40.0489] }},
{"zip_code":"47114","country":"US","city":"Crandall","state":"Indiana","state_ab":"IN","county":"Harrison","geo_location":{ "type": "Point", "coordinates": [-86.0718, 38.2883] }},
{"zip_code":"47361","country":"US","city":"Mount Summit","state":"Indiana","state_ab":"IN","county":"Henry","geo_location":{ "type": "Point", "coordinates": [-85.3851, 40.0042] }},
{"zip_code":"47387","country":"US","city":"Straughn","state":"Indiana","state_ab":"IN","county":"Henry","geo_location":{ "type": "Point", "coordinates": [-85.2724, 39.8319] }},
{"zip_code":"46937","country":"US","city":"Hemlock","state":"Indiana","state_ab":"IN","county":"Howard","geo_location":{ "type": "Point", "coordinates": [-86.0181, 40.4187] }},
{"zip_code":"47231","country":"US","city":"Dupont","state":"Indiana","state_ab":"IN","county":"Jefferson","geo_location":{ "type": "Point", "coordinates": [-85.5092, 38.8905] }},
{"zip_code":"46124","country":"US","city":"Edinburgh","state":"Indiana","state_ab":"IN","county":"Johnson","geo_location":{ "type": "Point", "coordinates": [-85.9707, 39.3626] }},
{"zip_code":"46164","country":"US","city":"Nineveh","state":"Indiana","state_ab":"IN","county":"Johnson","geo_location":{ "type": "Point", "coordinates": [-86.0976, 39.3656] }},
{"zip_code":"46524","country":"US","city":"Etna Green","state":"Indiana","state_ab":"IN","county":"Kosciusko","geo_location":{ "type": "Point", "coordinates": [-86.035, 41.2918] }},
{"zip_code":"46771","country":"US","city":"Mongo","state":"Indiana","state_ab":"IN","county":"LaGrange","geo_location":{ "type": "Point", "coordinates": [-85.2676, 41.6655] }},
{"zip_code":"46407","country":"US","city":"Gary","state":"Indiana","state_ab":"IN","county":"Lake","geo_location":{ "type": "Point", "coordinates": [-87.335, 41.5804] }},
{"zip_code":"46371","country":"US","city":"Rolling Prairie","state":"Indiana","state_ab":"IN","county":"LaPorte","geo_location":{ "type": "Point", "coordinates": [-86.5841, 41.7229] }},
{"zip_code":"47437","country":"US","city":"Huron","state":"Indiana","state_ab":"IN","county":"Lawrence","geo_location":{ "type": "Point", "coordinates": [-86.671, 38.7222] }},
{"zip_code":"47451","country":"US","city":"Oolitic","state":"Indiana","state_ab":"IN","county":"Lawrence","geo_location":{ "type": "Point", "coordinates": [-86.5246, 38.8938] }},
{"zip_code":"46201","country":"US","city":"Indianapolis","state":"Indiana","state_ab":"IN","county":"Marion","geo_location":{ "type": "Point", "coordinates": [-86.1093, 39.775] }},
{"zip_code":"46214","country":"US","city":"Indianapolis","state":"Indiana","state_ab":"IN","county":"Marion","geo_location":{ "type": "Point", "coordinates": [-86.2875, 39.7924] }},
{"zip_code":"46227","country":"US","city":"Indianapolis","state":"Indiana","state_ab":"IN","county":"Marion","geo_location":{ "type": "Point", "coordinates": [-86.1302, 39.6789] }},
{"zip_code":"46241","country":"US","city":"Indianapolis","state":"Indiana","state_ab":"IN","county":"Marion","geo_location":{ "type": "Point", "coordinates": [-86.2614, 39.7096] }},
{"zip_code":"46254","country":"US","city":"Indianapolis","state":"Indiana","state_ab":"IN","county":"Marion","geo_location":{ "type": "Point", "coordinates": [-86.272, 39.849] }},
{"zip_code":"46511","country":"US","city":"Culver","state":"Indiana","state_ab":"IN","county":"Marshall","geo_location":{ "type": "Point", "coordinates": [-86.4269, 41.22] }},
{"zip_code":"46537","country":"US","city":"Lapaz","state":"Indiana","state_ab":"IN","county":"Marshall","geo_location":{ "type": "Point", "coordinates": [-86.3102, 41.4599] }},
{"zip_code":"47581","country":"US","city":"Shoals","state":"Indiana","state_ab":"IN","county":"Martin","geo_location":{ "type": "Point", "coordinates": [-86.7761, 38.6791] }},
{"zip_code":"46911","country":"US","city":"Amboy","state":"Indiana","state_ab":"IN","county":"Miami","geo_location":{ "type": "Point", "coordinates": [-85.9497, 40.6105] }},
{"zip_code":"46951","country":"US","city":"Macy","state":"Indiana","state_ab":"IN","county":"Miami","geo_location":{ "type": "Point", "coordinates": [-86.1264, 40.9618] }},
{"zip_code":"47464","country":"US","city":"Stinesville","state":"Indiana","state_ab":"IN","county":"Monroe","geo_location":{ "type": "Point", "coordinates": [-86.6482, 39.2998] }},
{"zip_code":"47954","country":"US","city":"Ladoga","state":"Indiana","state_ab":"IN","county":"Montgomery","geo_location":{ "type": "Point", "coordinates": [-86.8031, 39.9132] }},
{"zip_code":"47967","country":"US","city":"New Richmond","state":"Indiana","state_ab":"IN","county":"Montgomery","geo_location":{ "type": "Point", "coordinates": [-86.9789, 40.1812] }},
{"zip_code":"47994","country":"US","city":"Wingate","state":"Indiana","state_ab":"IN","county":"Montgomery","geo_location":{ "type": "Point", "coordinates": [-87.0664, 40.1666] }},
{"zip_code":"46111","country":"US","city":"Brooklyn","state":"Indiana","state_ab":"IN","county":"Morgan","geo_location":{ "type": "Point", "coordinates": [-86.3701, 39.5396] }},
{"zip_code":"46151","country":"US","city":"Martinsville","state":"Indiana","state_ab":"IN","county":"Morgan","geo_location":{ "type": "Point", "coordinates": [-86.4668, 39.4776] }},
{"zip_code":"46784","country":"US","city":"Rome City","state":"Indiana","state_ab":"IN","county":"Noble","geo_location":{ "type": "Point", "coordinates": [-85.3743, 41.4849] }},
{"zip_code":"47514","country":"US","city":"Branchville","state":"Indiana","state_ab":"IN","county":"Perry","geo_location":{ "type": "Point", "coordinates": [-86.5859, 38.1572] }},
{"zip_code":"47567","country":"US","city":"Petersburg","state":"Indiana","state_ab":"IN","county":"Pike","geo_location":{ "type": "Point", "coordinates": [-87.2883, 38.4789] }},
{"zip_code":"46304","country":"US","city":"Chesterton","state":"Indiana","state_ab":"IN","county":"Porter","geo_location":{ "type": "Point", "coordinates": [-87.047, 41.6143] }},
{"zip_code":"46384","country":"US","city":"Valparaiso","state":"Indiana","state_ab":"IN","county":"Porter","geo_location":{ "type": "Point", "coordinates": [-87.0761, 41.4905] }},
{"zip_code":"47631","country":"US","city":"New Harmony","state":"Indiana","state_ab":"IN","county":"Posey","geo_location":{ "type": "Point", "coordinates": [-87.9172, 38.1245] }},
{"zip_code":"47037","country":"US","city":"Osgood","state":"Indiana","state_ab":"IN","county":"Ripley","geo_location":{ "type": "Point", "coordinates": [-85.2938, 39.1573] }},
{"zip_code":"46601","country":"US","city":"South Bend","state":"Indiana","state_ab":"IN","county":"St. Joseph","geo_location":{ "type": "Point", "coordinates": [-86.2535, 41.6727] }},
{"zip_code":"46614","country":"US","city":"South Bend","state":"Indiana","state_ab":"IN","county":"St. Joseph","geo_location":{ "type": "Point", "coordinates": [-86.2433, 41.6255] }},
{"zip_code":"47617","country":"US","city":"Hatfield","state":"Indiana","state_ab":"IN","county":"Spencer","geo_location":{ "type": "Point", "coordinates": [-87.2499, 37.9036] }},
{"zip_code":"46744","country":"US","city":"Helmer","state":"Indiana","state_ab":"IN","county":"Steuben County","geo_location":{ "type": "Point", "coordinates": [-85.1703, 41.5311] }},
{"zip_code":"47864","country":"US","city":"New Lebanon","state":"Indiana","state_ab":"IN","county":"Sullivan","geo_location":{ "type": "Point", "coordinates": [-87.4757, 39.0412] }},
{"zip_code":"47011","country":"US","city":"Bennington","state":"Indiana","state_ab":"IN","county":"Switzerland","geo_location":{ "type": "Point", "coordinates": [-85.0719, 38.876] }},
{"zip_code":"47901","country":"US","city":"Lafayette","state":"Indiana","state_ab":"IN","county":"Tippecanoe","geo_location":{ "type": "Point", "coordinates": [-86.8884, 40.4177] }},
{"zip_code":"47941","country":"US","city":"Dayton","state":"Indiana","state_ab":"IN","county":"Tippecanoe","geo_location":{ "type": "Point", "coordinates": [-86.774, 40.3761] }},
{"zip_code":"47981","country":"US","city":"Romney","state":"Indiana","state_ab":"IN","county":"Tippecanoe","geo_location":{ "type": "Point", "coordinates": [-86.9208, 40.258] }},
{"zip_code":"46047","country":"US","city":"Hobbs","state":"Indiana","state_ab":"IN","county":"Tipton","geo_location":{ "type": "Point", "coordinates": [-85.9455, 40.2841] }},
{"zip_code":"47721","country":"US","city":"Evansville","state":"Indiana","state_ab":"IN","county":"Vanderburgh","geo_location":{ "type": "Point", "coordinates": [-87.6008, 37.978] }},
{"zip_code":"47734","country":"US","city":"Evansville","state":"Indiana","state_ab":"IN","county":"Vanderburgh","geo_location":{ "type": "Point", "coordinates": [-87.575, 37.9971] }},
{"zip_code":"47747","country":"US","city":"Evansville","state":"Indiana","state_ab":"IN","county":"Vanderburgh","geo_location":{ "type": "Point", "coordinates": [-87.575, 37.9971] }},
{"zip_code":"47811","country":"US","city":"Terre Haute","state":"Indiana","state_ab":"IN","county":"Vigo","geo_location":{ "type": "Point", "coordinates": [-87.4101, 39.4336] }},
{"zip_code":"47851","country":"US","city":"Fontanet","state":"Indiana","state_ab":"IN","county":"Vigo","geo_location":{ "type": "Point", "coordinates": [-87.2454, 39.5737] }},
{"zip_code":"47877","country":"US","city":"Sandford","state":"Indiana","state_ab":"IN","county":"Vigo County","geo_location":{ "type": "Point", "coordinates": [-87.4762, 39.511] }},
{"zip_code":"47167","country":"US","city":"Salem","state":"Indiana","state_ab":"IN","county":"Washington","geo_location":{ "type": "Point", "coordinates": [-86.0787, 38.6071] }},
{"zip_code":"47374","country":"US","city":"Richmond","state":"Indiana","state_ab":"IN","county":"Wayne","geo_location":{ "type": "Point", "coordinates": [-84.8936, 39.8324] }},
{"zip_code":"46731","country":"US","city":"Craigville","state":"Indiana","state_ab":"IN","county":"Wells","geo_location":{ "type": "Point", "coordinates": [-85.0904, 40.793] }},
{"zip_code":"66751","country":"US","city":"La Harpe","state":"Kansas","state_ab":"KS","county":"Allen","geo_location":{ "type": "Point", "coordinates": [-95.2558, 37.9145] }},
{"zip_code":"66041","country":"US","city":"Lancaster","state":"Kansas","state_ab":"KS","county":"Atchison","geo_location":{ "type": "Point", "coordinates": [-95.3036, 39.5952] }},
{"zip_code":"67057","country":"US","city":"Hardtner","state":"Kansas","state_ab":"KS","county":"Barber","geo_location":{ "type": "Point", "coordinates": [-98.6547, 37.03] }},
{"zip_code":"67071","country":"US","city":"Lake City","state":"Kansas","state_ab":"KS","county":"Barber","geo_location":{ "type": "Point", "coordinates": [-98.8098, 37.3569] }},
{"zip_code":"67017","country":"US","city":"Benton","state":"Kansas","state_ab":"KS","county":"Butler","geo_location":{ "type": "Point", "coordinates": [-97.0971, 37.7946] }},
{"zip_code":"67831","country":"US","city":"Ashland","state":"Kansas","state_ab":"KS","county":"Clark","geo_location":{ "type": "Point", "coordinates": [-99.759, 37.1823] }},
{"zip_code":"66931","country":"US","city":"Ames","state":"Kansas","state_ab":"KS","county":"Cloud County","geo_location":{ "type": "Point", "coordinates": [-97.5382, 39.5339] }},
{"zip_code":"67417","country":"US","city":"Aurora","state":"Kansas","state_ab":"KS","county":"Cloud","geo_location":{ "type": "Point", "coordinates": [-97.5304, 39.4472] }},
{"zip_code":"66711","country":"US","city":"Arcadia","state":"Kansas","state_ab":"KS","county":"Crawford","geo_location":{ "type": "Point", "coordinates": [-94.6548, 37.6341] }},
{"zip_code":"66724","country":"US","city":"Cherokee","state":"Kansas","state_ab":"KS","county":"Crawford","geo_location":{ "type": "Point", "coordinates": [-94.8424, 37.3694] }},
{"zip_code":"67431","country":"US","city":"Chapman","state":"Kansas","state_ab":"KS","county":"Dickinson","geo_location":{ "type": "Point", "coordinates": [-97.017, 38.9722] }},
{"zip_code":"66094","country":"US","city":"White Cloud","state":"Kansas","state_ab":"KS","county":"Doniphan","geo_location":{ "type": "Point", "coordinates": [-95.2982, 39.9627] }},
{"zip_code":"67547","country":"US","city":"Kinsley","state":"Kansas","state_ab":"KS","county":"Edwards","geo_location":{ "type": "Point", "coordinates": [-99.4116, 37.9247] }},
{"zip_code":"67637","country":"US","city":"Ellis","state":"Kansas","state_ab":"KS","county":"Ellis","geo_location":{ "type": "Point", "coordinates": [-99.5285, 38.9471] }},
{"zip_code":"66067","country":"US","city":"Ottawa","state":"Kansas","state_ab":"KS","county":"Franklin","geo_location":{ "type": "Point", "coordinates": [-95.2745, 38.6142] }},
{"zip_code":"66441","country":"US","city":"Junction City","state":"Kansas","state_ab":"KS","county":"Geary","geo_location":{ "type": "Point", "coordinates": [-96.8396, 39.0299] }},
{"zip_code":"67857","country":"US","city":"Kendall","state":"Kansas","state_ab":"KS","county":"Hamilton","geo_location":{ "type": "Point", "coordinates": [-101.786, 37.9997] }},
{"zip_code":"66054","country":"US","city":"Mc Louth","state":"Kansas","state_ab":"KS","county":"Jefferson","geo_location":{ "type": "Point", "coordinates": [-95.2183, 39.1668] }},
{"zip_code":"66207","country":"US","city":"Shawnee Mission","state":"Kansas","state_ab":"KS","county":"Johnson","geo_location":{ "type": "Point", "coordinates": [-94.6452, 38.9575] }},
{"zip_code":"66221","country":"US","city":"Shawnee Mission","state":"Kansas","state_ab":"KS","county":"Johnson","geo_location":{ "type": "Point", "coordinates": [-94.7103, 38.8636] }},
{"zip_code":"85534","country":"US","city":"Duncan","state":"Arizona","state_ab":"AZ","county":"Greenlee","geo_location":{ "type": "Point", "coordinates": [-109.2157, 32.881] }},
{"zip_code":"85004","country":"US","city":"Phoenix","state":"Arizona","state_ab":"AZ","county":"Maricopa","geo_location":{ "type": "Point", "coordinates": [-112.0686, 33.4557] }},
{"zip_code":"85017","country":"US","city":"Phoenix","state":"Arizona","state_ab":"AZ","county":"Maricopa","geo_location":{ "type": "Point", "coordinates": [-112.1212, 33.5153] }},
{"zip_code":"85031","country":"US","city":"Phoenix","state":"Arizona","state_ab":"AZ","county":"Maricopa","geo_location":{ "type": "Point", "coordinates": [-112.1696, 33.4939] }},
{"zip_code":"85044","country":"US","city":"Phoenix","state":"Arizona","state_ab":"AZ","county":"Maricopa","geo_location":{ "type": "Point", "coordinates": [-111.9943, 33.3291] }},
{"zip_code":"85071","country":"US","city":"Phoenix","state":"Arizona","state_ab":"AZ","county":"Maricopa","geo_location":{ "type": "Point", "coordinates": [-112.1872, 33.2765] }},
{"zip_code":"85097","country":"US","city":"Phoenix","state":"Arizona","state_ab":"AZ","county":"Maricopa","geo_location":{ "type": "Point", "coordinates": [-112.1872, 33.2765] }},
{"zip_code":"85211","country":"US","city":"Mesa","state":"Arizona","state_ab":"AZ","county":"Maricopa","geo_location":{ "type": "Point", "coordinates": [-111.8373, 33.4663] }},
{"zip_code":"85224","country":"US","city":"Chandler","state":"Arizona","state_ab":"AZ","county":"Maricopa","geo_location":{ "type": "Point", "coordinates": [-111.8632, 33.3301] }},
{"zip_code":"85251","country":"US","city":"Scottsdale","state":"Arizona","state_ab":"AZ","county":"Maricopa","geo_location":{ "type": "Point", "coordinates": [-111.9167, 33.4936] }},
{"zip_code":"85264","country":"US","city":"Fort Mcdowell","state":"Arizona","state_ab":"AZ","county":"Maricopa","geo_location":{ "type": "Point", "coordinates": [-111.6806, 33.6118] }},
{"zip_code":"85277","country":"US","city":"Mesa","state":"Arizona","state_ab":"AZ","county":"Maricopa","geo_location":{ "type": "Point", "coordinates": [-112.1872, 33.2765] }},
{"zip_code":"85301","country":"US","city":"Glendale","state":"Arizona","state_ab":"AZ","county":"Maricopa","geo_location":{ "type": "Point", "coordinates": [-112.1767, 33.5311] }}]}