{"value": [{"zip_code":"16428","country":"US","city":"North East","state":"Pennsylvania","state_ab":"PA","county":"Erie","geo_location":{ "type": "Point", "coordinates": [-79.8332, 42.2008] }},
{"zip_code":"16442","country":"US","city":"Wattsburg","state":"Pennsylvania","state_ab":"PA","county":"Erie","geo_location":{ "type": "Point", "coordinates": [-79.8363, 42.0391] }},
{"zip_code":"16505","country":"US","city":"Erie","state":"Pennsylvania","state_ab":"PA","county":"Erie","geo_location":{ "type": "Point", "coordinates": [-80.1534, 42.1109] }},
{"zip_code":"16532","country":"US","city":"Erie","state":"Pennsylvania","state_ab":"PA","county":"Erie","geo_location":{ "type": "Point", "coordinates": [-80.0649, 42.1827] }},
{"zip_code":"16558","country":"US","city":"Erie","state":"Pennsylvania","state_ab":"PA","county":"Erie","geo_location":{ "type": "Point", "coordinates": [-80.0649, 42.1827] }},
{"zip_code":"15012","country":"US","city":"Belle Vernon","state":"Pennsylvania","state_ab":"PA","county":"Fayette","geo_location":{ "type": "Point", "coordinates": [-79.8122, 40.1588] }},
{"zip_code":"15425","country":"US","city":"Connellsville","state":"Pennsylvania","state_ab":"PA","county":"Fayette","geo_location":{ "type": "Point", "coordinates": [-79.5566, 40.0265] }},
{"zip_code":"15438","country":"US","city":"Fayette City","state":"Pennsylvania","state_ab":"PA","county":"Fayette","geo_location":{ "type": "Point", "coordinates": [-79.8366, 40.0988] }},
{"zip_code":"15465","country":"US","city":"Mount Braddock","state":"Pennsylvania","state_ab":"PA","county":"Fayette","geo_location":{ "type": "Point", "coordinates": [-79.6522, 39.9321] }},
{"zip_code":"15478","country":"US","city":"Smithfield","state":"Pennsylvania","state_ab":"PA","county":"Fayette","geo_location":{ "type": "Point", "coordinates": [-79.8127, 39.7923] }},
{"zip_code":"15492","country":"US","city":"Wickhaven","state":"Pennsylvania","state_ab":"PA","county":"Fayette","geo_location":{ "type": "Point", "coordinates": [-79.7623, 40.1194] }},
{"zip_code":"17225","country":"US","city":"Greencastle","state":"Pennsylvania","state_ab":"PA","county":"Franklin","geo_location":{ "type": "Point", "coordinates": [-77.747, 39.7818] }},
{"zip_code":"17252","country":"US","city":"Saint Thomas","state":"Pennsylvania","state_ab":"PA","county":"Franklin","geo_location":{ "type": "Point", "coordinates": [-77.7908, 39.9241] }},
{"zip_code":"17265","country":"US","city":"Upperstrasburg","state":"Pennsylvania","state_ab":"PA","county":"Franklin","geo_location":{ "type": "Point", "coordinates": [-77.7368, 40.058] }},
{"zip_code":"17212","country":"US","city":"Big Cove Tannery","state":"Pennsylvania","state_ab":"PA","county":"Fulton","geo_location":{ "type": "Point", "coordinates": [-78.0645, 39.8127] }},
{"zip_code":"17238","country":"US","city":"Needmore","state":"Pennsylvania","state_ab":"PA","county":"Fulton","geo_location":{ "type": "Point", "coordinates": [-78.1439, 39.8713] }},
{"zip_code":"15322","country":"US","city":"Clarksville","state":"Pennsylvania","state_ab":"PA","county":"Greene","geo_location":{ "type": "Point", "coordinates": [-80.0452, 39.9667] }},
{"zip_code":"15362","country":"US","city":"Spraggs","state":"Pennsylvania","state_ab":"PA","county":"Greene","geo_location":{ "type": "Point", "coordinates": [-80.2145, 39.7447] }},
{"zip_code":"16622","country":"US","city":"Calvin","state":"Pennsylvania","state_ab":"PA","county":"Huntingdon","geo_location":{ "type": "Point", "coordinates": [-77.967, 40.4025] }},
{"zip_code":"15748","country":"US","city":"Homer City","state":"Pennsylvania","state_ab":"PA","county":"Indiana","geo_location":{ "type": "Point", "coordinates": [-79.0843, 40.5245] }},
{"zip_code":"15825","country":"US","city":"Brookville","state":"Pennsylvania","state_ab":"PA","county":"Jefferson","geo_location":{ "type": "Point", "coordinates": [-79.0816, 41.1627] }},
{"zip_code":"15865","country":"US","city":"Sykesville","state":"Pennsylvania","state_ab":"PA","county":"Jefferson","geo_location":{ "type": "Point", "coordinates": [-78.8195, 41.0514] }},
{"zip_code":"17058","country":"US","city":"Mifflin","state":"Pennsylvania","state_ab":"PA","county":"Juniata","geo_location":{ "type": "Point", "coordinates": [-77.4001, 40.5553] }},
{"zip_code":"18448","country":"US","city":"Olyphant","state":"Pennsylvania","state_ab":"PA","county":"Lackawanna","geo_location":{ "type": "Point", "coordinates": [-75.5962, 41.4649] }},
{"zip_code":"18512","country":"US","city":"Scranton","state":"Pennsylvania","state_ab":"PA","county":"Lackawanna","geo_location":{ "type": "Point", "coordinates": [-75.6103, 41.435] }},
{"zip_code":"17508","country":"US","city":"Brownstown","state":"Pennsylvania","state_ab":"PA","county":"Lancaster","geo_location":{ "type": "Point", "coordinates": [-76.2176, 40.124] }},
{"zip_code":"17522","country":"US","city":"Ephrata","state":"Pennsylvania","state_ab":"PA","county":"Lancaster","geo_location":{ "type": "Point", "coordinates": [-76.1821, 40.1756] }},
{"zip_code":"17535","country":"US","city":"Kinzers","state":"Pennsylvania","state_ab":"PA","county":"Lancaster","geo_location":{ "type": "Point", "coordinates": [-76.0493, 40.0053] }},
{"zip_code":"17562","country":"US","city":"Paradise","state":"Pennsylvania","state_ab":"PA","county":"Lancaster","geo_location":{ "type": "Point", "coordinates": [-76.1081, 39.9852] }},
{"zip_code":"17575","country":"US","city":"Silver Spring","state":"Pennsylvania","state_ab":"PA","county":"Lancaster","geo_location":{ "type": "Point", "coordinates": [-76.4343, 40.0647] }},
{"zip_code":"16105","country":"US","city":"New Castle","state":"Pennsylvania","state_ab":"PA","county":"Lawrence","geo_location":{ "type": "Point", "coordinates": [-80.3454, 41.0241] }},
{"zip_code":"16132","country":"US","city":"Hillsville","state":"Pennsylvania","state_ab":"PA","county":"Lawrence","geo_location":{ "type": "Point", "coordinates": [-80.4975, 41.0113] }},
{"zip_code":"16172","country":"US","city":"New Wilmington","state":"Pennsylvania","state_ab":"PA","county":"Lawrence","geo_location":{ "type": "Point", "coordinates": [-80.3332, 41.12] }},
{"zip_code":"17085","country":"US","city":"Rexmont","state":"Pennsylvania","state_ab":"PA","county":"Lebanon","geo_location":{ "type": "Point", "coordinates": [-76.3857, 40.2771] }},
{"zip_code":"18062","country":"US","city":"Macungie","state":"Pennsylvania","state_ab":"PA","county":"Lehigh","geo_location":{ "type": "Point", "coordinates": [-75.5666, 40.5285] }},
{"zip_code":"18202","country":"US","city":"Hazleton","state":"Pennsylvania","state_ab":"PA","county":"Luzerne","geo_location":{ "type": "Point", "coordinates": [-76.0487, 40.9506] }},
{"zip_code":"18602","country":"US","city":"Bear Creek","state":"Pennsylvania","state_ab":"PA","county":"Luzerne","geo_location":{ "type": "Point", "coordinates": [-75.7161, 41.1922] }},
{"zip_code":"18642","country":"US","city":"Duryea","state":"Pennsylvania","state_ab":"PA","county":"Luzerne","geo_location":{ "type": "Point", "coordinates": [-75.7611, 41.3486] }},
{"zip_code":"18655","country":"US","city":"Shickshinny","state":"Pennsylvania","state_ab":"PA","county":"Luzerne","geo_location":{ "type": "Point", "coordinates": [-76.1081, 41.1513] }},
{"zip_code":"18705","country":"US","city":"Wilkes Barre","state":"Pennsylvania","state_ab":"PA","county":"Luzerne","geo_location":{ "type": "Point", "coordinates": [-75.8453, 41.2689] }},
{"zip_code":"17702","country":"US","city":"Williamsport","state":"Pennsylvania","state_ab":"PA","county":"Lycoming","geo_location":{ "type": "Point", "coordinates": [-77.0547, 41.1943] }},
{"zip_code":"17728","country":"US","city":"Cogan Station","state":"Pennsylvania","state_ab":"PA","county":"Lycoming","geo_location":{ "type": "Point", "coordinates": [-77.069, 41.3152] }},
{"zip_code":"17742","country":"US","city":"Lairdsville","state":"Pennsylvania","state_ab":"PA","county":"Lycoming","geo_location":{ "type": "Point", "coordinates": [-76.605, 41.2359] }},
{"zip_code":"16725","country":"US","city":"Custer City","state":"Pennsylvania","state_ab":"PA","county":"McKean","geo_location":{ "type": "Point", "coordinates": [-78.7232, 41.8855] }},
{"zip_code":"16738","country":"US","city":"Lewis Run","state":"Pennsylvania","state_ab":"PA","county":"McKean","geo_location":{ "type": "Point", "coordinates": [-78.6805, 41.8211] }},
{"zip_code":"16145","country":"US","city":"Sandy Lake","state":"Pennsylvania","state_ab":"PA","county":"Mercer","geo_location":{ "type": "Point", "coordinates": [-80.0497, 41.3383] }},
{"zip_code":"18332","country":"US","city":"Henryville","state":"Pennsylvania","state_ab":"PA","county":"Monroe","geo_location":{ "type": "Point", "coordinates": [-75.2798, 41.0889] }},
{"zip_code":"18372","country":"US","city":"Tannersville","state":"Pennsylvania","state_ab":"PA","county":"Monroe","geo_location":{ "type": "Point", "coordinates": [-75.3244, 41.0472] }},
{"zip_code":"19012","country":"US","city":"Cheltenham","state":"Pennsylvania","state_ab":"PA","county":"Montgomery","geo_location":{ "type": "Point", "coordinates": [-75.1048, 40.0603] }},
{"zip_code":"19025","country":"US","city":"Dresher","state":"Pennsylvania","state_ab":"PA","county":"Montgomery","geo_location":{ "type": "Point", "coordinates": [-75.1624, 40.1431] }},
{"zip_code":"19038","country":"US","city":"Glenside","state":"Pennsylvania","state_ab":"PA","county":"Montgomery","geo_location":{ "type": "Point", "coordinates": [-75.155, 40.1096] }},
{"zip_code":"19438","country":"US","city":"Harleysville","state":"Pennsylvania","state_ab":"PA","county":"Montgomery","geo_location":{ "type": "Point", "coordinates": [-75.3883, 40.2659] }},
{"zip_code":"19452","country":"US","city":"Miquon","state":"Pennsylvania","state_ab":"PA","county":"Montgomery","geo_location":{ "type": "Point", "coordinates": [-75.3559, 40.2119] }},
{"zip_code":"19478","country":"US","city":"Spring Mount","state":"Pennsylvania","state_ab":"PA","county":"Montgomery","geo_location":{ "type": "Point", "coordinates": [-75.4618, 40.2759] }},
{"zip_code":"19492","country":"US","city":"Zieglerville","state":"Pennsylvania","state_ab":"PA","county":"Montgomery","geo_location":{ "type": "Point", "coordinates": [-75.503, 40.2901] }},
{"zip_code":"18035","country":"US","city":"Cherryville","state":"Pennsylvania","state_ab":"PA","county":"Northampton","geo_location":{ "type": "Point", "coordinates": [-75.5394, 40.751] }},
{"zip_code":"18088","country":"US","city":"Walnutport","state":"Pennsylvania","state_ab":"PA","county":"Northampton","geo_location":{ "type": "Point", "coordinates": [-75.5657, 40.7615] }},
{"zip_code":"17832","country":"US","city":"Marion Heights","state":"Pennsylvania","state_ab":"PA","county":"Northumberland","geo_location":{ "type": "Point", "coordinates": [-76.4651, 40.8046] }},
{"zip_code":"17872","country":"US","city":"Shamokin","state":"Pennsylvania","state_ab":"PA","county":"Northumberland","geo_location":{ "type": "Point", "coordinates": [-76.6016, 40.792] }},
{"zip_code":"17045","country":"US","city":"Liverpool","state":"Pennsylvania","state_ab":"PA","county":"Perry","geo_location":{ "type": "Point", "coordinates": [-77.0083, 40.5753] }},
{"zip_code":"19092","country":"US","city":"Philadelphia","state":"Pennsylvania","state_ab":"PA","county":"Philadelphia","geo_location":{ "type": "Point", "coordinates": [-75.1179, 40.0018] }},
{"zip_code":"19102","country":"US","city":"Philadelphia","state":"Pennsylvania","state_ab":"PA","county":"Philadelphia","geo_location":{ "type": "Point", "coordinates": [-75.1661, 39.9489] }},
{"zip_code":"19115","country":"US","city":"Philadelphia","state":"Pennsylvania","state_ab":"PA","county":"Philadelphia","geo_location":{ "type": "Point", "coordinates": [-75.041, 40.0903] }},
{"zip_code":"19128","country":"US","city":"Philadelphia","state":"Pennsylvania","state_ab":"PA","county":"Philadelphia","geo_location":{ "type": "Point", "coordinates": [-75.2231, 40.0402] }},
{"zip_code":"19142","country":"US","city":"Philadelphia","state":"Pennsylvania","state_ab":"PA","county":"Philadelphia","geo_location":{ "type": "Point", "coordinates": [-75.2338, 39.9223] }},
{"zip_code":"19155","country":"US","city":"Philadelphia","state":"Pennsylvania","state_ab":"PA","county":"Philadelphia","geo_location":{ "type": "Point", "coordinates": [-75.1179, 40.0018] }},
{"zip_code":"19182","country":"US","city":"Philadelphia","state":"Pennsylvania","state_ab":"PA","county":"Philadelphia","geo_location":{ "type": "Point", "coordinates": [-75.1179, 40.0018] }},
{"zip_code":"19195","country":"US","city":"Philadelphia","state":"Pennsylvania","state_ab":"PA","county":"Philadelphia County","geo_location":{ "type": "Point", "coordinates": [-75.1645, 39.9525] }},
{"zip_code":"18435","country":"US","city":"Lackawaxen","state":"Pennsylvania","state_ab":"PA","county":"Pike","geo_location":{ "type": "Point", "coordinates": [-75.0094, 41.4754] }},
{"zip_code":"17922","country":"US","city":"Auburn","state":"Pennsylvania","state_ab":"PA","county":"Schuylkill","geo_location":{ "type": "Point", "coordinates": [-76.1344, 40.5962] }},
{"zip_code":"17935","country":"US","city":"Girardville","state":"Pennsylvania","state_ab":"PA","county":"Schuylkill","geo_location":{ "type": "Point", "coordinates": [-76.2858, 40.7922] }},
{"zip_code":"17948","country":"US","city":"Mahanoy City","state":"Pennsylvania","state_ab":"PA","county":"Schuylkill","geo_location":{ "type": "Point", "coordinates": [-76.1396, 40.8123] }},
{"zip_code":"18242","country":"US","city":"Oneida","state":"Pennsylvania","state_ab":"PA","county":"Schuylkill","geo_location":{ "type": "Point", "coordinates": [-76.1223, 40.911] }},
{"zip_code":"15502","country":"US","city":"Hidden Valley","state":"Pennsylvania","state_ab":"PA","county":"Somerset","geo_location":{ "type": "Point", "coordinates": [-79.2585, 40.046] }},
{"zip_code":"15542","country":"US","city":"Garrett","state":"Pennsylvania","state_ab":"PA","county":"Somerset","geo_location":{ "type": "Point", "coordinates": [-79.0616, 39.8646] }},
{"zip_code":"15555","country":"US","city":"Quecreek","state":"Pennsylvania","state_ab":"PA","county":"Somerset","geo_location":{ "type": "Point", "coordinates": [-79.0872, 40.0914] }},
{"zip_code":"15928","country":"US","city":"Davidsville","state":"Pennsylvania","state_ab":"PA","county":"Somerset","geo_location":{ "type": "Point", "coordinates": [-78.9363, 40.2245] }},
{"zip_code":"17768","country":"US","city":"Shunk","state":"Pennsylvania","state_ab":"PA","county":"Sullivan","geo_location":{ "type": "Point", "coordinates": [-76.7455, 41.5536] }},
{"zip_code":"18628","country":"US","city":"Lopez","state":"Pennsylvania","state_ab":"PA","county":"Sullivan","geo_location":{ "type": "Point", "coordinates": [-76.3002, 41.418] }},
{"zip_code":"18822","country":"US","city":"Hallstead","state":"Pennsylvania","state_ab":"PA","county":"Susquehanna","geo_location":{ "type": "Point", "coordinates": [-75.7826, 41.9598] }},
{"zip_code":"16918","country":"US","city":"Cowanesque","state":"Pennsylvania","state_ab":"PA","county":"Tioga","geo_location":{ "type": "Point", "coordinates": [-77.2422, 41.772] }},
{"zip_code":"16932","country":"US","city":"Mainesburg","state":"Pennsylvania","state_ab":"PA","county":"Tioga","geo_location":{ "type": "Point", "coordinates": [-76.9682, 41.79] }},
{"zip_code":"17845","country":"US","city":"Millmont","state":"Pennsylvania","state_ab":"PA","county":"Union","geo_location":{ "type": "Point", "coordinates": [-77.1941, 40.8803] }},
{"zip_code":"17885","country":"US","city":"Weikert","state":"Pennsylvania","state_ab":"PA","county":"Union","geo_location":{ "type": "Point", "coordinates": [-77.0818, 40.9781] }},
{"zip_code":"16312","country":"US","city":"Chandlers Valley","state":"Pennsylvania","state_ab":"PA","county":"Warren","geo_location":{ "type": "Point", "coordinates": [-79.3097, 41.9358] }},
{"zip_code":"16352","country":"US","city":"Tiona","state":"Pennsylvania","state_ab":"PA","county":"Warren","geo_location":{ "type": "Point", "coordinates": [-79.0528, 41.7434] }},
{"zip_code":"16365","country":"US","city":"Warren","state":"Pennsylvania","state_ab":"PA","county":"Warren","geo_location":{ "type": "Point", "coordinates": [-79.1726, 41.8436] }},
{"zip_code":"16402","country":"US","city":"Bear Lake","state":"Pennsylvania","state_ab":"PA","county":"Warren","geo_location":{ "type": "Point", "coordinates": [-79.4614, 41.9701] }},
{"zip_code":"15038","country":"US","city":"Elrama","state":"Pennsylvania","state_ab":"PA","county":"Washington","geo_location":{ "type": "Point", "coordinates": [-79.9252, 40.2521] }},
{"zip_code":"15078","country":"US","city":"Slovan","state":"Pennsylvania","state_ab":"PA","county":"Washington","geo_location":{ "type": "Point", "coordinates": [-80.3879, 40.3584] }},
{"zip_code":"15348","country":"US","city":"Millsboro","state":"Pennsylvania","state_ab":"PA","county":"Washington","geo_location":{ "type": "Point", "coordinates": [-79.9961, 39.9883] }},
{"zip_code":"15412","country":"US","city":"Allenport","state":"Pennsylvania","state_ab":"PA","county":"Washington","geo_location":{ "type": "Point", "coordinates": [-79.8499, 40.0959] }},
{"zip_code":"18462","country":"US","city":"Starrucca","state":"Pennsylvania","state_ab":"PA","county":"Wayne","geo_location":{ "type": "Point", "coordinates": [-75.449, 41.8907] }},
{"zip_code":"15605","country":"US","city":"Greensburg","state":"Pennsylvania","state_ab":"PA","county":"Westmoreland","geo_location":{ "type": "Point", "coordinates": [-79.4398, 40.3602] }},
{"zip_code":"15618","country":"US","city":"Avonmore","state":"Pennsylvania","state_ab":"PA","county":"Westmoreland","geo_location":{ "type": "Point", "coordinates": [-79.4853, 40.5221] }},
{"zip_code":"15632","country":"US","city":"Export","state":"Pennsylvania","state_ab":"PA","county":"Westmoreland","geo_location":{ "type": "Point", "coordinates": [-79.611, 40.4252] }},
{"zip_code":"15658","country":"US","city":"Ligonier","state":"Pennsylvania","state_ab":"PA","county":"Westmoreland","geo_location":{ "type": "Point", "coordinates": [-79.2511, 40.2713] }},
{"zip_code":"15672","country":"US","city":"New Stanton","state":"Pennsylvania","state_ab":"PA","county":"Westmoreland","geo_location":{ "type": "Point", "coordinates": [-79.6182, 40.2233] }},
{"zip_code":"15685","country":"US","city":"Southwest","state":"Pennsylvania","state_ab":"PA","county":"Westmoreland","geo_location":{ "type": "Point", "coordinates": [-79.4398, 40.3602] }},
{"zip_code":"15698","country":"US","city":"Yukon","state":"Pennsylvania","state_ab":"PA","county":"Westmoreland","geo_location":{ "type": "Point", "coordinates": [-79.6849, 40.2155] }},
{"zip_code":"18615","country":"US","city":"Falls","state":"Pennsylvania","state_ab":"PA","county":"Wyoming","geo_location":{ "type": "Point", "coordinates": [-75.856, 41.4667] }},
{"zip_code":"17302","country":"US","city":"Airville","state":"Pennsylvania","state_ab":"PA","county":"York","geo_location":{ "type": "Point", "coordinates": [-76.4012, 39.821] }},
{"zip_code":"17315","country":"US","city":"Dover","state":"Pennsylvania","state_ab":"PA","county":"York","geo_location":{ "type": "Point", "coordinates": [-76.8555, 40.0062] }},
{"zip_code":"17342","country":"US","city":"Loganville","state":"Pennsylvania","state_ab":"PA","county":"York","geo_location":{ "type": "Point", "coordinates": [-76.708, 39.8536] }},
{"zip_code":"17355","country":"US","city":"Railroad","state":"Pennsylvania","state_ab":"PA","county":"York","geo_location":{ "type": "Point", "coordinates": [-76.6994, 39.7573] }},
{"zip_code":"17368","country":"US","city":"Wrightsville","state":"Pennsylvania","state_ab":"PA","county":"York","geo_location":{ "type": "Point", "coordinates": [-76.527, 39.9966] }},
{"zip_code":"17405","country":"US","city":"York","state":"Pennsylvania","state_ab":"PA","county":"York","geo_location":{ "type": "Point", "coordinates": [-76.5972, 40.0086] }},
{"zip_code":"2878","country":"US","city":"Tiverton","state":"Rhode Island","state_ab":"RI","county":"Newport","geo_location":{ "type": "Point", "coordinates": [-71.1808, 41.6338] }},
{"zip_code":"2825","country":"US","city":"Foster","state":"Rhode Island","state_ab":"RI","county":"Providence","geo_location":{ "type": "Point", "coordinates": [-71.7187, 41.7815] }},
{"zip_code":"2838","country":"US","city":"Manville","state":"Rhode Island","state_ab":"RI","county":"Providence","geo_location":{ "type": "Point", "coordinates": [-71.4741, 41.9689] }},
{"zip_code":"2865","country":"US","city":"Lincoln","state":"Rhode Island","state_ab":"RI","county":"Providence","geo_location":{ "type": "Point", "coordinates": [-71.4348, 41.9089] }},
{"zip_code":"2902","country":"US","city":"Providence","state":"Rhode Island","state_ab":"RI","county":"Providence","geo_location":{ "type": "Point", "coordinates": [-71.4249, 41.8184] }},
{"zip_code":"2915","country":"US","city":"Riverside","state":"Rhode Island","state_ab":"RI","county":"Providence","geo_location":{ "type": "Point", "coordinates": [-71.3542, 41.7723] }},
{"zip_code":"2812","country":"US","city":"Carolina","state":"Rhode Island","state_ab":"RI","county":"Washington","geo_location":{ "type": "Point", "coordinates": [-71.6751, 41.4691] }},
{"zip_code":"2852","country":"US","city":"North Kingstown","state":"Rhode Island","state_ab":"RI","county":"Washington","geo_location":{ "type": "Point", "coordinates": [-71.4625, 41.5894] }},
{"zip_code":"2892","country":"US","city":"West Kingston","state":"Rhode Island","state_ab":"RI","county":"Washington","geo_location":{ "type": "Point", "coordinates": [-71.6211, 41.5058] }},
{"zip_code":"29802","country":"US","city":"Aiken","state":"South Carolina","state_ab":"SC","county":"Aiken","geo_location":{ "type": "Point", "coordinates": [-81.5907, 33.7235] }},
{"zip_code":"29828","country":"US","city":"Gloverville","state":"South Carolina","state_ab":"SC","county":"Aiken","geo_location":{ "type": "Point", "coordinates": [-81.8277, 33.5182] }},
{"zip_code":"29842","country":"US","city":"Beech Island","state":"South Carolina","state_ab":"SC","county":"Aiken","geo_location":{ "type": "Point", "coordinates": [-81.8639, 33.4707] }},
{"zip_code":"29622","country":"US","city":"Anderson","state":"South Carolina","state_ab":"SC","county":"Anderson","geo_location":{ "type": "Point", "coordinates": [-82.7829, 34.492] }},
{"zip_code":"29042","country":"US","city":"Denmark","state":"South Carolina","state_ab":"SC","county":"Bamberg","geo_location":{ "type": "Point", "coordinates": [-81.1407, 33.3209] }},
{"zip_code":"29905","country":"US","city":"Beaufort","state":"South Carolina","state_ab":"SC","county":"Beaufort","geo_location":{ "type": "Point", "coordinates": [-80.689, 32.3401] }},
{"zip_code":"29468","country":"US","city":"Pineville","state":"South Carolina","state_ab":"SC","county":"Berkeley","geo_location":{ "type": "Point", "coordinates": [-80.0932, 33.4199] }},
{"zip_code":"29402","country":"US","city":"Charleston","state":"South Carolina","state_ab":"SC","county":"Charleston","geo_location":{ "type": "Point", "coordinates": [-79.8577, 32.8488] }},
{"zip_code":"29415","country":"US","city":"Charleston","state":"South Carolina","state_ab":"SC","county":"Charleston","geo_location":{ "type": "Point", "coordinates": [-79.8577, 32.8488] }},
{"zip_code":"29455","country":"US","city":"Johns Island","state":"South Carolina","state_ab":"SC","county":"Charleston","geo_location":{ "type": "Point", "coordinates": [-79.8217, 32.8357] }},
{"zip_code":"29482","country":"US","city":"Sullivans Island","state":"South Carolina","state_ab":"SC","county":"Charleston","geo_location":{ "type": "Point", "coordinates": [-79.8399, 32.7637] }},
{"zip_code":"29055","country":"US","city":"Great Falls","state":"South Carolina","state_ab":"SC","county":"Chester","geo_location":{ "type": "Point", "coordinates": [-80.9133, 34.5705] }},
{"zip_code":"29712","country":"US","city":"Edgemoor","state":"South Carolina","state_ab":"SC","county":"Chester","geo_location":{ "type": "Point", "coordinates": [-80.9891, 34.797] }},
{"zip_code":"29082","country":"US","city":"Lodge","state":"South Carolina","state_ab":"SC","county":"Colleton","geo_location":{ "type": "Point", "coordinates": [-80.9417, 33.0377] }},
{"zip_code":"29532","country":"US","city":"Darlington","state":"South Carolina","state_ab":"SC","county":"Darlington","geo_location":{ "type": "Point", "coordinates": [-79.8732, 34.3003] }},
{"zip_code":"29015","country":"US","city":"Blair","state":"South Carolina","state_ab":"SC","county":"Fairfield","geo_location":{ "type": "Point", "coordinates": [-81.3459, 34.4967] }},
{"zip_code":"29132","country":"US","city":"Rion","state":"South Carolina","state_ab":"SC","county":"Fairfield","geo_location":{ "type": "Point", "coordinates": [-81.1252, 34.3074] }},
{"zip_code":"29505","country":"US","city":"Florence","state":"South Carolina","state_ab":"SC","county":"Florence","geo_location":{ "type": "Point", "coordinates": [-79.6893, 34.1231] }},
{"zip_code":"29442","country":"US","city":"Georgetown","state":"South Carolina","state_ab":"SC","county":"Georgetown","geo_location":{ "type": "Point", "coordinates": [-79.2264, 33.4037] }},
{"zip_code":"29585","country":"US","city":"Pawleys Island","state":"South Carolina","state_ab":"SC","county":"Georgetown","geo_location":{ "type": "Point", "coordinates": [-79.1341, 33.4508] }},
{"zip_code":"29608","country":"US","city":"Greenville","state":"South Carolina","state_ab":"SC","county":"Greenville","geo_location":{ "type": "Point", "coordinates": [-82.4538, 34.8497] }},
{"zip_code":"29635","country":"US","city":"Cleveland","state":"South Carolina","state_ab":"SC","county":"Greenville","geo_location":{ "type": "Point", "coordinates": [-82.6093, 35.0654] }},
{"zip_code":"29662","country":"US","city":"Mauldin","state":"South Carolina","state_ab":"SC","county":"Greenville","geo_location":{ "type": "Point", "coordinates": [-82.3035, 34.7807] }},
{"zip_code":"29688","country":"US","city":"Tigerville","state":"South Carolina","state_ab":"SC","county":"Greenville","geo_location":{ "type": "Point", "coordinates": [-82.353, 35.0477] }},
{"zip_code":"29648","country":"US","city":"Greenwood","state":"South Carolina","state_ab":"SC","county":"Greenwood","geo_location":{ "type": "Point", "coordinates": [-82.1681, 34.2124] }},
{"zip_code":"29918","country":"US","city":"Estill","state":"South Carolina","state_ab":"SC","county":"Hampton","geo_location":{ "type": "Point", "coordinates": [-81.2178, 32.7375] }},
{"zip_code":"29932","country":"US","city":"Luray","state":"South Carolina","state_ab":"SC","county":"Hampton","geo_location":{ "type": "Point", "coordinates": [-81.1269, 32.7888] }},
{"zip_code":"29945","country":"US","city":"Yemassee","state":"South Carolina","state_ab":"SC","county":"Hampton","geo_location":{ "type": "Point", "coordinates": [-80.8129, 32.643] }},
{"zip_code":"29545","country":"US","city":"Green Sea","state":"South Carolina","state_ab":"SC","county":"Horry","geo_location":{ "type": "Point", "coordinates": [-78.9589, 34.1668] }},
{"zip_code":"29572","country":"US","city":"Myrtle Beach","state":"South Carolina","state_ab":"SC","county":"Horry","geo_location":{ "type": "Point", "coordinates": [-78.8044, 33.7587] }},
{"zip_code":"29598","country":"US","city":"North Myrtle Beach","state":"South Carolina","state_ab":"SC","county":"Horry","geo_location":{ "type": "Point", "coordinates": [-78.9192, 33.9358] }},
{"zip_code":"29325","country":"US","city":"Clinton","state":"South Carolina","state_ab":"SC","county":"Laurens","geo_location":{ "type": "Point", "coordinates": [-81.8772, 34.4707] }},
{"zip_code":"29172","country":"US","city":"West Columbia","state":"South Carolina","state_ab":"SC","county":"Lexington","geo_location":{ "type": "Point", "coordinates": [-81.091, 33.9] }},
{"zip_code":"29145","country":"US","city":"Silverstreet","state":"South Carolina","state_ab":"SC","county":"Newberry","geo_location":{ "type": "Point", "coordinates": [-81.7741, 34.2207] }},
{"zip_code":"29675","country":"US","city":"Richland","state":"South Carolina","state_ab":"SC","county":"Oconee","geo_location":{ "type": "Point", "coordinates": [-83.0883, 34.7641] }},
{"zip_code":"29118","country":"US","city":"Orangeburg","state":"South Carolina","state_ab":"SC","county":"Orangeburg","geo_location":{ "type": "Point", "coordinates": [-80.9248, 33.5675] }},
{"zip_code":"29002","country":"US","city":"Ballentine","state":"South Carolina","state_ab":"SC","county":"Richland","geo_location":{ "type": "Point", "coordinates": [-81.2348, 34.1265] }},
{"zip_code":"29208","country":"US","city":"Columbia","state":"South Carolina","state_ab":"SC","county":"Richland","geo_location":{ "type": "Point", "coordinates": [-81.0199, 33.9937] }},
{"zip_code":"29222","country":"US","city":"Columbia","state":"South Carolina","state_ab":"SC","county":"Richland","geo_location":{ "type": "Point", "coordinates": [-80.9708, 34.006] }},
{"zip_code":"29105","country":"US","city":"Monetta","state":"South Carolina","state_ab":"SC","county":"Saluda","geo_location":{ "type": "Point", "coordinates": [-81.5956, 33.8084] }},
{"zip_code":"29338","country":"US","city":"Fingerville","state":"South Carolina","state_ab":"SC","county":"Spartanburg","geo_location":{ "type": "Point", "coordinates": [-82.0571, 34.9994] }},
{"zip_code":"29365","country":"US","city":"Lyman","state":"South Carolina","state_ab":"SC","county":"Spartanburg","geo_location":{ "type": "Point", "coordinates": [-82.1435, 34.9684] }},
{"zip_code":"29378","country":"US","city":"Una","state":"South Carolina","state_ab":"SC","county":"Spartanburg","geo_location":{ "type": "Point", "coordinates": [-81.7727, 34.853] }},
{"zip_code":"29518","country":"US","city":"Cades","state":"South Carolina","state_ab":"SC","county":"Williamsburg","geo_location":{ "type": "Point", "coordinates": [-79.848, 33.7886] }},
{"zip_code":"57368","country":"US","city":"Plankinton","state":"South Dakota","state_ab":"SD","county":"Aurora","geo_location":{ "type": "Point", "coordinates": [-98.4694, 43.7373] }},
{"zip_code":"57315","country":"US","city":"Avon","state":"South Dakota","state_ab":"SD","county":"Bon Homme","geo_location":{ "type": "Point", "coordinates": [-98.0283, 43.0397] }},
{"zip_code":"57432","country":"US","city":"Claremont","state":"South Dakota","state_ab":"SD","county":"Brown","geo_location":{ "type": "Point", "coordinates": [-98.0404, 45.6661] }},
{"zip_code":"57445","country":"US","city":"Groton","state":"South Dakota","state_ab":"SD","county":"Brown","geo_location":{ "type": "Point", "coordinates": [-98.1058, 45.4503] }},
{"zip_code":"57355","country":"US","city":"Kimball","state":"South Dakota","state_ab":"SD","county":"Brule","geo_location":{ "type": "Point", "coordinates": [-98.9343, 43.7129] }},
{"zip_code":"57742","country":"US","city":"Fruitdale","state":"South Dakota","state_ab":"SD","county":"Butte","geo_location":{ "type": "Point", "coordinates": [-103.6896, 44.66] }},
{"zip_code":"57342","country":"US","city":"Geddes","state":"South Dakota","state_ab":"SD","county":"Charles Mix","geo_location":{ "type": "Point", "coordinates": [-98.6926, 43.2597] }},
{"zip_code":"57225","country":"US","city":"Clark","state":"South Dakota","state_ab":"SD","county":"Clark","geo_location":{ "type": "Point", "coordinates": [-97.7265, 44.878] }},
{"zip_code":"57278","country":"US","city":"Willow Lake","state":"South Dakota","state_ab":"SD","county":"Clark","geo_location":{ "type": "Point", "coordinates": [-97.6747, 44.6272] }},
{"zip_code":"57238","country":"US","city":"Goodwin","state":"South Dakota","state_ab":"SD","county":"Deuel","geo_location":{ "type": "Point", "coordinates": [-96.8608, 44.8754] }},
{"zip_code":"57625","country":"US","city":"Eagle Butte","state":"South Dakota","state_ab":"SD","county":"Dewey","geo_location":{ "type": "Point", "coordinates": [-101.2329, 45.0016] }},
{"zip_code":"57652","country":"US","city":"Ridgeview","state":"South Dakota","state_ab":"SD","county":"Dewey","geo_location":{ "type": "Point", "coordinates": [-100.605, 45.2024] }},
{"zip_code":"57328","country":"US","city":"Corsica","state":"South Dakota","state_ab":"SD","county":"Douglas","geo_location":{ "type": "Point", "coordinates": [-98.3564, 43.4213] }},
{"zip_code":"57782","country":"US","city":"Smithwick","state":"South Dakota","state_ab":"SD","county":"Fall River","geo_location":{ "type": "Point", "coordinates": [-103.5278, 43.2397] }},
{"zip_code":"57252","country":"US","city":"Milbank","state":"South Dakota","state_ab":"SD","county":"Grant","geo_location":{ "type": "Point", "coordinates": [-96.6255, 45.2061] }},
{"zip_code":"57265","country":"US","city":"Strandburg","state":"South Dakota","state_ab":"SD","county":"Grant","geo_location":{ "type": "Point", "coordinates": [-96.7901, 45.0389] }},
{"zip_code":"57755","country":"US","city":"Ludlow","state":"South Dakota","state_ab":"SD","county":"Harding","geo_location":{ "type": "Point", "coordinates": [-103.3491, 45.8366] }},
{"zip_code":"57522","country":"US","city":"Blunt","state":"South Dakota","state_ab":"SD","county":"Hughes","geo_location":{ "type": "Point", "coordinates": [-99.9463, 44.5026] }},
{"zip_code":"57045","country":"US","city":"Menno","state":"South Dakota","state_ab":"SD","county":"Hutchinson","geo_location":{ "type": "Point", "coordinates": [-97.565, 43.234] }},
{"zip_code":"57382","country":"US","city":"Wessington Springs","state":"South Dakota","state_ab":"SD","county":"Jerauld","geo_location":{ "type": "Point", "coordinates": [-98.6751, 44.0664] }},
{"zip_code":"57562","country":"US","city":"Okaton","state":"South Dakota","state_ab":"SD","county":"Jones","geo_location":{ "type": "Point", "coordinates": [-100.7017, 43.938] }},
{"zip_code":"57212","country":"US","city":"Arlington","state":"South Dakota","state_ab":"SD","county":"Kingsbury","geo_location":{ "type": "Point", "coordinates": [-97.0687, 44.3668] }},
{"zip_code":"57032","country":"US","city":"Harrisburg","state":"South Dakota","state_ab":"SD","county":"Lincoln","geo_location":{ "type": "Point", "coordinates": [-96.6864, 43.446] }},
{"zip_code":"57548","country":"US","city":"Lower Brule","state":"South Dakota","state_ab":"SD","county":"Lyman","geo_location":{ "type": "Point", "coordinates": [-99.6139, 44.0937] }},
{"zip_code":"57058","country":"US","city":"Salem","state":"South Dakota","state_ab":"SD","county":"McCook","geo_location":{ "type": "Point", "coordinates": [-97.3797, 43.7356] }},
{"zip_code":"57005","country":"US","city":"Brandon","state":"South Dakota","state_ab":"SD","county":"Minnehaha","geo_location":{ "type": "Point", "coordinates": [-96.586, 43.5926] }},
{"zip_code":"57018","country":"US","city":"Colton","state":"South Dakota","state_ab":"SD","county":"Minnehaha","geo_location":{ "type": "Point", "coordinates": [-96.9572, 43.7951] }},
{"zip_code":"57108","country":"US","city":"Sioux Falls","state":"South Dakota","state_ab":"SD","county":"Minnehaha","geo_location":{ "type": "Point", "coordinates": [-96.7041, 43.4775] }},
{"zip_code":"57188","country":"US","city":"Sioux Falls","state":"South Dakota","state_ab":"SD","county":"Minnehaha","geo_location":{ "type": "Point", "coordinates": [-96.7913, 43.6746] }},
{"zip_code":"57702","country":"US","city":"Rapid City","state":"South Dakota","state_ab":"SD","county":"Pennington","geo_location":{ "type": "Point", "coordinates": [-103.3589, 44.0036] }},
{"zip_code":"57795","country":"US","city":"Zeona","state":"South Dakota","state_ab":"SD","county":"Pennington County","geo_location":{ "type": "Point", "coordinates": [-102.8229, 45.2609] }},
{"zip_code":"57638","country":"US","city":"Lemmon","state":"South Dakota","state_ab":"SD","county":"Perkins","geo_location":{ "type": "Point", "coordinates": [-102.1928, 45.9159] }},
{"zip_code":"57472","country":"US","city":"Selby","state":"South Dakota","state_ab":"SD","county":"Walworth","geo_location":{ "type": "Point", "coordinates": [-100.0541, 45.4786] }},
{"zip_code":"57072","country":"US","city":"Volin","state":"South Dakota","state_ab":"SD","county":"Yankton","geo_location":{ "type": "Point", "coordinates": [-97.2282, 42.9696] }},
{"zip_code":"37878","country":"US","city":"Tallassee","state":"Tennessee","state_ab":"TN","county":"Blount","geo_location":{ "type": "Point", "coordinates": [-83.9923, 35.5844] }},
{"zip_code":"37762","country":"US","city":"Jellico","state":"Tennessee","state_ab":"TN","county":"Campbell","geo_location":{ "type": "Point", "coordinates": [-84.126, 36.577] }},
{"zip_code":"38235","country":"US","city":"Mc Lemoresville","state":"Tennessee","state_ab":"TN","county":"Carroll","geo_location":{ "type": "Point", "coordinates": [-88.5744, 35.9778] }},
{"zip_code":"37658","country":"US","city":"Hampton","state":"Tennessee","state_ab":"TN","county":"Carter","geo_location":{ "type": "Point", "coordinates": [-82.1891, 36.2577] }},
{"zip_code":"38352","country":"US","city":"Luray","state":"Tennessee","state_ab":"TN","county":"Chester","geo_location":{ "type": "Point", "coordinates": [-88.5379, 35.5355] }},
{"zip_code":"37825","country":"US","city":"New Tazewell","state":"Tennessee","state_ab":"TN","county":"Claiborne","geo_location":{ "type": "Point", "coordinates": [-83.6469, 36.4245] }},
{"zip_code":"37722","country":"US","city":"Cosby","state":"Tennessee","state_ab":"TN","county":"Cocke","geo_location":{ "type": "Point", "coordinates": [-83.2187, 35.8347] }},
{"zip_code":"37388","country":"US","city":"Tullahoma","state":"Tennessee","state_ab":"TN","county":"Coffee","geo_location":{ "type": "Point", "coordinates": [-86.22, 35.3468] }},
{"zip_code":"38558","country":"US","city":"Crossville","state":"Tennessee","state_ab":"TN","county":"Cumberland","geo_location":{ "type": "Point", "coordinates": [-84.8719, 36.0077] }},
{"zip_code":"38572","country":"US","city":"Crossville","state":"Tennessee","state_ab":"TN","county":"Cumberland","geo_location":{ "type": "Point", "coordinates": [-85.1308, 35.8487] }},
{"zip_code":"37115","country":"US","city":"Madison","state":"Tennessee","state_ab":"TN","county":"Davidson","geo_location":{ "type": "Point", "coordinates": [-86.7046, 36.2604] }},
{"zip_code":"37205","country":"US","city":"Nashville","state":"Tennessee","state_ab":"TN","county":"Davidson","geo_location":{ "type": "Point", "coordinates": [-86.869, 36.1114] }},
{"zip_code":"37218","country":"US","city":"Nashville","state":"Tennessee","state_ab":"TN","county":"Davidson","geo_location":{ "type": "Point", "coordinates": [-86.8456, 36.2071] }},
{"zip_code":"37232","country":"US","city":"Nashville","state":"Tennessee","state_ab":"TN","county":"Davidson","geo_location":{ "type": "Point", "coordinates": [-86.7852, 36.1866] }},
{"zip_code":"37245","country":"US","city":"Nashville","state":"Tennessee","state_ab":"TN","county":"Davidson","geo_location":{ "type": "Point", "coordinates": [-86.7852, 36.1866] }},
{"zip_code":"37012","country":"US","city":"Alexandria","state":"Tennessee","state_ab":"TN","county":"DeKalb","geo_location":{ "type": "Point", "coordinates": [-86.0372, 36.0711] }},
{"zip_code":"38068","country":"US","city":"Somerville","state":"Tennessee","state_ab":"TN","county":"Fayette","geo_location":{ "type": "Point", "coordinates": [-89.3918, 35.2772] }},
{"zip_code":"37375","country":"US","city":"Sewanee","state":"Tennessee","state_ab":"TN","county":"Franklin","geo_location":{ "type": "Point", "coordinates": [-85.9126, 35.2011] }},
{"zip_code":"38338","country":"US","city":"Gibson","state":"Tennessee","state_ab":"TN","county":"Gibson","geo_location":{ "type": "Point", "coordinates": [-88.8464, 35.8708] }},
{"zip_code":"38455","country":"US","city":"Elkton","state":"Tennessee","state_ab":"TN","county":"Giles","geo_location":{ "type": "Point", "coordinates": [-86.8953, 35.0539] }},
{"zip_code":"37708","country":"US","city":"Bean Station","state":"Tennessee","state_ab":"TN","county":"Grainger","geo_location":{ "type": "Point", "coordinates": [-83.3142, 36.3249] }},
{"zip_code":"37308","country":"US","city":"Birchwood","state":"Tennessee","state_ab":"TN","county":"Hamilton","geo_location":{ "type": "Point", "coordinates": [-84.9618, 35.352] }},
{"zip_code":"37412","country":"US","city":"Chattanooga","state":"Tennessee","state_ab":"TN","county":"Hamilton","geo_location":{ "type": "Point", "coordinates": [-85.2384, 35.0015] }},
{"zip_code":"38042","country":"US","city":"Hickory Valley","state":"Tennessee","state_ab":"TN","county":"Hardeman","geo_location":{ "type": "Point", "coordinates": [-89.1309, 35.158] }},
{"zip_code":"38365","country":"US","city":"Pickwick Dam","state":"Tennessee","state_ab":"TN","county":"Hardin","geo_location":{ "type": "Point", "coordinates": [-88.2256, 35.0383] }},
{"zip_code":"37645","country":"US","city":"Mount Carmel","state":"Tennessee","state_ab":"TN","county":"Hawkins","geo_location":{ "type": "Point", "coordinates": [-82.6532, 36.5629] }},
{"zip_code":"38222","country":"US","city":"Buchanan","state":"Tennessee","state_ab":"TN","county":"Henry","geo_location":{ "type": "Point", "coordinates": [-88.1515, 36.4146] }},
{"zip_code":"37025","country":"US","city":"Bon Aqua","state":"Tennessee","state_ab":"TN","county":"Hickman","geo_location":{ "type": "Point", "coordinates": [-87.2996, 35.9471] }},
{"zip_code":"37078","country":"US","city":"Hurricane Mills","state":"Tennessee","state_ab":"TN","county":"Humphreys","geo_location":{ "type": "Point", "coordinates": [-87.8105, 35.924] }},
{"zip_code":"37902","country":"US","city":"Knoxville","state":"Tennessee","state_ab":"TN","county":"Knox","geo_location":{ "type": "Point", "coordinates": [-83.9209, 35.9625] }},
{"zip_code":"37915","country":"US","city":"Knoxville","state":"Tennessee","state_ab":"TN","county":"Knox","geo_location":{ "type": "Point", "coordinates": [-83.901, 35.9721] }},
{"zip_code":"37928","country":"US","city":"Knoxville","state":"Tennessee","state_ab":"TN","county":"Knox","geo_location":{ "type": "Point", "coordinates": [-83.9622, 35.9901] }},
{"zip_code":"37955","country":"US","city":"Knoxville","state":"Tennessee","state_ab":"TN","county":"Knox County","geo_location":{ "type": "Point", "coordinates": [-83.9168, 35.9626] }},
{"zip_code":"37995","country":"US","city":"Knoxville","state":"Tennessee","state_ab":"TN","county":"Knox","geo_location":{ "type": "Point", "coordinates": [-83.9622, 35.9901] }},
{"zip_code":"38468","country":"US","city":"Leoma","state":"Tennessee","state_ab":"TN","county":"Lawrence","geo_location":{ "type": "Point", "coordinates": [-87.3168, 35.1382] }},
{"zip_code":"37335","country":"US","city":"Flintville","state":"Tennessee","state_ab":"TN","county":"Lincoln","geo_location":{ "type": "Point", "coordinates": [-86.413, 35.0581] }},
{"zip_code":"37348","country":"US","city":"Kelso","state":"Tennessee","state_ab":"TN","county":"Lincoln","geo_location":{ "type": "Point", "coordinates": [-86.4683, 35.1024] }},
{"zip_code":"38378","country":"US","city":"Spring Creek","state":"Tennessee","state_ab":"TN","county":"Madison","geo_location":{ "type": "Point", "coordinates": [-88.6839, 35.7668] }},
{"zip_code":"38392","country":"US","city":"Mercer","state":"Tennessee","state_ab":"TN","county":"Madison","geo_location":{ "type": "Point", "coordinates": [-89.0271, 35.4816] }},
{"zip_code":"38402","country":"US","city":"Columbia","state":"Tennessee","state_ab":"TN","county":"Maury","geo_location":{ "type": "Point", "coordinates": [-87.0682, 35.6294] }},
{"zip_code":"38482","country":"US","city":"Santa Fe","state":"Tennessee","state_ab":"TN","county":"Maury","geo_location":{ "type": "Point", "coordinates": [-87.1515, 35.7588] }},
{"zip_code":"37322","country":"US","city":"Decatur","state":"Tennessee","state_ab":"TN","county":"Meigs","geo_location":{ "type": "Point", "coordinates": [-84.8081, 35.5072] }},
{"zip_code":"37052","country":"US","city":"Cunningham","state":"Tennessee","state_ab":"TN","county":"Montgomery","geo_location":{ "type": "Point", "coordinates": [-87.4245, 36.3789] }},
{"zip_code":"37142","country":"US","city":"Palmyra","state":"Tennessee","state_ab":"TN","county":"Montgomery","geo_location":{ "type": "Point", "coordinates": [-87.4914, 36.4176] }},
{"zip_code":"37155","country":"US","city":"Saint Bethlehem","state":"Tennessee","state_ab":"TN","county":"Montgomery","geo_location":{ "type": "Point", "coordinates": [-87.3772, 36.4774] }},
{"zip_code":"37362","country":"US","city":"Oldfort","state":"Tennessee","state_ab":"TN","county":"Polk","geo_location":{ "type": "Point", "coordinates": [-84.7219, 35.0365] }},
{"zip_code":"38505","country":"US","city":"Cookeville","state":"Tennessee","state_ab":"TN","county":"Putnam","geo_location":{ "type": "Point", "coordinates": [-85.4548, 36.1418] }},
{"zip_code":"38545","country":"US","city":"Bloomington Springs","state":"Tennessee","state_ab":"TN","county":"Putnam","geo_location":{ "type": "Point", "coordinates": [-85.6628, 36.2321] }},
{"zip_code":"37748","country":"US","city":"Harriman","state":"Tennessee","state_ab":"TN","county":"Roane","geo_location":{ "type": "Point", "coordinates": [-84.5155, 35.9348] }},
{"zip_code":"37128","country":"US","city":"Murfreesboro","state":"Tennessee","state_ab":"TN","county":"Rutherford","geo_location":{ "type": "Point", "coordinates": [-86.4867, 35.8454] }},
{"zip_code":"37852","country":"US","city":"Robbins","state":"Tennessee","state_ab":"TN","county":"Scott","geo_location":{ "type": "Point", "coordinates": [-84.5904, 36.3527] }},
{"zip_code":"37892","country":"US","city":"Winfield","state":"Tennessee","state_ab":"TN","county":"Scott","geo_location":{ "type": "Point", "coordinates": [-84.434, 36.5598] }},
{"zip_code":"37865","country":"US","city":"Seymour","state":"Tennessee","state_ab":"TN","county":"Sevier","geo_location":{ "type": "Point", "coordinates": [-83.7495, 35.87] }},
{"zip_code":"38002","country":"US","city":"Arlington","state":"Tennessee","state_ab":"TN","county":"Shelby","geo_location":{ "type": "Point", "coordinates": [-89.7295, 35.2752] }},
{"zip_code":"38028","country":"US","city":"Eads","state":"Tennessee","state_ab":"TN","county":"Shelby","geo_location":{ "type": "Point", "coordinates": [-89.676, 35.1551] }},
{"zip_code":"38055","country":"US","city":"Millington","state":"Tennessee","state_ab":"TN","county":"Shelby","geo_location":{ "type": "Point", "coordinates": [-89.9715, 35.2017] }},
{"zip_code":"38105","country":"US","city":"Memphis","state":"Tennessee","state_ab":"TN","county":"Shelby","geo_location":{ "type": "Point", "coordinates": [-90.033, 35.1497] }},
{"zip_code":"38118","country":"US","city":"Memphis","state":"Tennessee","state_ab":"TN","county":"Shelby","geo_location":{ "type": "Point", "coordinates": [-89.9265, 35.0514] }},
{"zip_code":"38132","country":"US","city":"Memphis","state":"Tennessee","state_ab":"TN","county":"Shelby","geo_location":{ "type": "Point", "coordinates": [-89.9886, 35.072] }},
{"zip_code":"38145","country":"US","city":"Memphis","state":"Tennessee","state_ab":"TN","county":"Shelby","geo_location":{ "type": "Point", "coordinates": [-89.9715, 35.2017] }},
{"zip_code":"37618","country":"US","city":"Bluff City","state":"Tennessee","state_ab":"TN","county":"Sullivan","geo_location":{ "type": "Point", "coordinates": [-82.2362, 36.4774] }},
{"zip_code":"38015","country":"US","city":"Burlison","state":"Tennessee","state_ab":"TN","county":"Tipton","geo_location":{ "type": "Point", "coordinates": [-89.8177, 35.5399] }},
{"zip_code":"38585","country":"US","city":"Spencer","state":"Tennessee","state_ab":"TN","county":"Van Buren","geo_location":{ "type": "Point", "coordinates": [-85.4287, 35.7279] }},
{"zip_code":"37605","country":"US","city":"Johnson City","state":"Tennessee","state_ab":"TN","county":"Washington","geo_location":{ "type": "Point", "coordinates": [-82.3838, 36.3158] }},
{"zip_code":"37065","country":"US","city":"Franklin","state":"Tennessee","state_ab":"TN","county":"Williamson","geo_location":{ "type": "Point", "coordinates": [-86.9214, 35.8951] }},
{"zip_code":"75832","country":"US","city":"Cayuga","state":"Texas","state_ab":"TX","county":"Anderson","geo_location":{ "type": "Point", "coordinates": [-95.662, 31.7942] }},
{"zip_code":"77452","country":"US","city":"Kenney","state":"Texas","state_ab":"TX","county":"Austin","geo_location":{ "type": "Point", "coordinates": [-96.3133, 29.8493] }},
{"zip_code":"78055","country":"US","city":"Medina","state":"Texas","state_ab":"TX","county":"Bandera","geo_location":{ "type": "Point", "coordinates": [-99.3215, 29.8475] }},
{"zip_code":"78662","country":"US","city":"Red Rock","state":"Texas","state_ab":"TX","county":"Bastrop","geo_location":{ "type": "Point", "coordinates": [-97.4081, 29.9906] }},
{"zip_code":"78145","country":"US","city":"Pawnee","state":"Texas","state_ab":"TX","county":"Bee","geo_location":{ "type": "Point", "coordinates": [-97.9921, 28.6526] }},
{"zip_code":"78002","country":"US","city":"Atascosa","state":"Texas","state_ab":"TX","county":"Bexar","geo_location":{ "type": "Point", "coordinates": [-98.7421, 29.2705] }},
{"zip_code":"78015","country":"US","city":"Boerne","state":"Texas","state_ab":"TX","county":"Bexar","geo_location":{ "type": "Point", "coordinates": [-98.6646, 29.7327] }},
{"zip_code":"78208","country":"US","city":"San Antonio","state":"Texas","state_ab":"TX","county":"Bexar","geo_location":{ "type": "Point", "coordinates": [-98.459, 29.44] }},
{"zip_code":"78222","country":"US","city":"San Antonio","state":"Texas","state_ab":"TX","county":"Bexar","geo_location":{ "type": "Point", "coordinates": [-98.396, 29.3831] }},
{"zip_code":"78235","country":"US","city":"San Antonio","state":"Texas","state_ab":"TX","county":"Bexar","geo_location":{ "type": "Point", "coordinates": [-98.4422, 29.3494] }},
{"zip_code":"78248","country":"US","city":"San Antonio","state":"Texas","state_ab":"TX","county":"Bexar","geo_location":{ "type": "Point", "coordinates": [-98.5201, 29.5894] }},
{"zip_code":"78262","country":"US","city":"San Antonio","state":"Texas","state_ab":"TX","county":"Bexar","geo_location":{ "type": "Point", "coordinates": [-98.2904, 29.4493] }},
{"zip_code":"78275","country":"US","city":"San Antonio","state":"Texas","state_ab":"TX","county":"Bexar","geo_location":{ "type": "Point", "coordinates": [-98.4616, 29.4375] }},
{"zip_code":"78288","country":"US","city":"San Antonio","state":"Texas","state_ab":"TX","county":"Bexar","geo_location":{ "type": "Point", "coordinates": [-98.4616, 29.4375] }},
{"zip_code":"78635","country":"US","city":"Hye","state":"Texas","state_ab":"TX","county":"Blanco","geo_location":{ "type": "Point", "coordinates": [-98.5396, 30.2269] }},
{"zip_code":"77515","country":"US","city":"Angleton","state":"Texas","state_ab":"TX","county":"Brazoria","geo_location":{ "type": "Point", "coordinates": [-95.4467, 29.181] }},
{"zip_code":"77542","country":"US","city":"Freeport","state":"Texas","state_ab":"TX","county":"Brazoria","geo_location":{ "type": "Point", "coordinates": [-95.4651, 29.184] }},
{"zip_code":"79832","country":"US","city":"Alpine","state":"Texas","state_ab":"TX","county":"Brewster","geo_location":{ "type": "Point", "coordinates": [-103.6539, 30.3631] }},
{"zip_code":"77838","country":"US","city":"Chriesman","state":"Texas","state_ab":"TX","county":"Burleson","geo_location":{ "type": "Point", "coordinates": [-96.618, 30.5131] }},
{"zip_code":"77852","country":"US","city":"Deanville","state":"Texas","state_ab":"TX","county":"Burleson","geo_location":{ "type": "Point", "coordinates": [-96.618, 30.5131] }},
{"zip_code":"77878","country":"US","city":"Snook","state":"Texas","state_ab":"TX","county":"Burleson","geo_location":{ "type": "Point", "coordinates": [-96.4804, 30.4702] }},
{"zip_code":"78608","country":"US","city":"Briggs","state":"Texas","state_ab":"TX","county":"Burnet","geo_location":{ "type": "Point", "coordinates": [-97.9702, 30.9325] }},
{"zip_code":"78622","country":"US","city":"Fentress","state":"Texas","state_ab":"TX","county":"Caldwell","geo_location":{ "type": "Point", "coordinates": [-97.7728, 29.7648] }},
{"zip_code":"78648","country":"US","city":"Luling","state":"Texas","state_ab":"TX","county":"Caldwell","geo_location":{ "type": "Point", "coordinates": [-97.6499, 29.6826] }},
{"zip_code":"77982","country":"US","city":"Port O Connor","state":"Texas","state_ab":"TX","county":"Calhoun","geo_location":{ "type": "Point", "coordinates": [-96.7751, 28.14] }},
{"zip_code":"75562","country":"US","city":"Kildare","state":"Texas","state_ab":"TX","county":"Cass","geo_location":{ "type": "Point", "coordinates": [-94.2539, 32.9468] }},
{"zip_code":"79085","country":"US","city":"Summerfield","state":"Texas","state_ab":"TX","county":"Castro","geo_location":{ "type": "Point", "coordinates": [-102.5064, 34.7437] }},
{"zip_code":"79238","country":"US","city":"Kirkland","state":"Texas","state_ab":"TX","county":"Childress","geo_location":{ "type": "Point", "coordinates": [-100.2076, 34.5297] }},
{"zip_code":"76228","country":"US","city":"Bellevue","state":"Texas","state_ab":"TX","county":"Clay","geo_location":{ "type": "Point", "coordinates": [-98.1574, 33.5879] }},
{"zip_code":"76888","country":"US","city":"Voss","state":"Texas","state_ab":"TX","county":"Coleman","geo_location":{ "type": "Point", "coordinates": [-99.6326, 31.5892] }},
{"zip_code":"75485","country":"US","city":"Westminster","state":"Texas","state_ab":"TX","county":"Collin","geo_location":{ "type": "Point", "coordinates": [-96.4635, 33.3627] }},
{"zip_code":"77412","country":"US","city":"Altair","state":"Texas","state_ab":"TX","county":"Colorado","geo_location":{ "type": "Point", "coordinates": [-96.5249, 29.6047] }},
{"zip_code":"78132","country":"US","city":"New Braunfels","state":"Texas","state_ab":"TX","county":"Comal","geo_location":{ "type": "Point", "coordinates": [-98.1983, 29.7565] }},
{"zip_code":"76862","country":"US","city":"Millersview","state":"Texas","state_ab":"TX","county":"Concho","geo_location":{ "type": "Point", "coordinates": [-99.7171, 31.4167] }},
{"zip_code":"76525","country":"US","city":"Evant","state":"Texas","state_ab":"TX","county":"Coryell","geo_location":{ "type": "Point", "coordinates": [-98.0535, 31.4388] }},
{"zip_code":"76538","country":"US","city":"Jonesboro","state":"Texas","state_ab":"TX","county":"Coryell","geo_location":{ "type": "Point", "coordinates": [-97.8456, 31.5599] }},
{"zip_code":"76552","country":"US","city":"Leon Junction","state":"Texas","state_ab":"TX","county":"Coryell","geo_location":{ "type": "Point", "coordinates": [-97.5485, 31.3512] }},
{"zip_code":"75045","country":"US","city":"Garland","state":"Texas","state_ab":"TX","county":"Dallas","geo_location":{ "type": "Point", "coordinates": [-96.6271, 32.9137] }},
{"zip_code":"75085","country":"US","city":"Richardson","state":"Texas","state_ab":"TX","county":"Dallas","geo_location":{ "type": "Point", "coordinates": [-96.7776, 32.7673] }},
{"zip_code":"75098","country":"US","city":"Wylie","state":"Texas","state_ab":"TX","county":"Dallas","geo_location":{ "type": "Point", "coordinates": [-96.5394, 33.0041] }},
{"zip_code":"75212","country":"US","city":"Dallas","state":"Texas","state_ab":"TX","county":"Dallas","geo_location":{ "type": "Point", "coordinates": [-96.8714, 32.7829] }},
{"zip_code":"75225","country":"US","city":"Dallas","state":"Texas","state_ab":"TX","county":"Dallas","geo_location":{ "type": "Point", "coordinates": [-96.7918, 32.8628] }},
{"zip_code":"75238","country":"US","city":"Dallas","state":"Texas","state_ab":"TX","county":"Dallas","geo_location":{ "type": "Point", "coordinates": [-96.708, 32.877] }},
{"zip_code":"75252","country":"US","city":"Dallas","state":"Texas","state_ab":"TX","county":"Dallas","geo_location":{ "type": "Point", "coordinates": [-96.7921, 32.9968] }},
{"zip_code":"75265","country":"US","city":"Dallas","state":"Texas","state_ab":"TX","county":"Dallas","geo_location":{ "type": "Point", "coordinates": [-96.7776, 32.7673] }},
{"zip_code":"75315","country":"US","city":"Dallas","state":"Texas","state_ab":"TX","county":"Dallas","geo_location":{ "type": "Point", "coordinates": [-96.7776, 32.7673] }},
{"zip_code":"75342","country":"US","city":"Dallas","state":"Texas","state_ab":"TX","county":"Dallas","geo_location":{ "type": "Point", "coordinates": [-96.7776, 32.7673] }},
{"zip_code":"75355","country":"US","city":"Dallas","state":"Texas","state_ab":"TX","county":"Dallas","geo_location":{ "type": "Point", "coordinates": [-96.7776, 32.7673] }},
{"zip_code":"75368","country":"US","city":"Dallas","state":"Texas","state_ab":"TX","county":"Dallas","geo_location":{ "type": "Point", "coordinates": [-96.7776, 32.7673] }},
{"zip_code":"75382","country":"US","city":"Dallas","state":"Texas","state_ab":"TX","county":"Dallas","geo_location":{ "type": "Point", "coordinates": [-96.7776, 32.7673] }},
{"zip_code":"75395","country":"US","city":"Dallas","state":"Texas","state_ab":"TX","county":"Dallas","geo_location":{ "type": "Point", "coordinates": [-96.7776, 32.7673] }},
{"zip_code":"79045","country":"US","city":"Hereford","state":"Texas","state_ab":"TX","county":"Deaf Smith","geo_location":{ "type": "Point", "coordinates": [-102.405, 34.837] }},
{"zip_code":"75432","country":"US","city":"Cooper","state":"Texas","state_ab":"TX","county":"Delta","geo_location":{ "type": "Point", "coordinates": [-95.6623, 33.3812] }},
{"zip_code":"76202","country":"US","city":"Denton","state":"Texas","state_ab":"TX","county":"Denton","geo_location":{ "type": "Point", "coordinates": [-97.1085, 33.2255] }},
{"zip_code":"76435","country":"US","city":"Carbon","state":"Texas","state_ab":"TX","county":"Eastland","geo_location":{ "type": "Point", "coordinates": [-98.8348, 32.2701] }},
{"zip_code":"76448","country":"US","city":"Eastland","state":"Texas","state_ab":"TX","county":"Eastland","geo_location":{ "type": "Point", "coordinates": [-98.8071, 32.3994] }},
{"zip_code":"79768","country":"US","city":"Odessa","state":"Texas","state_ab":"TX","county":"Ector","geo_location":{ "type": "Point", "coordinates": [-102.5429, 31.8691] }},
{"zip_code":"78828","country":"US","city":"Barksdale","state":"Texas","state_ab":"TX","county":"Edwards","geo_location":{ "type": "Point", "coordinates": [-100.105, 29.8282] }},
{"zip_code":"79908","country":"US","city":"El Paso","state":"Texas","state_ab":"TX","county":"El Paso","geo_location":{ "type": "Point", "coordinates": [-106.3857, 31.8265] }},
{"zip_code":"79922","country":"US","city":"El Paso","state":"Texas","state_ab":"TX","county":"El Paso","geo_location":{ "type": "Point", "coordinates": [-106.5732, 31.8218] }},
{"zip_code":"79935","country":"US","city":"El Paso","state":"Texas","state_ab":"TX","county":"El Paso","geo_location":{ "type": "Point", "coordinates": [-106.3303, 31.7718] }},
{"zip_code":"79948","country":"US","city":"El Paso","state":"Texas","state_ab":"TX","county":"El Paso","geo_location":{ "type": "Point", "coordinates": [-106.3, 31.6948] }},
{"zip_code":"79975","country":"US","city":"El Paso","state":"Texas","state_ab":"TX","county":"El Paso","geo_location":{ "type": "Point", "coordinates": [-106.3, 31.6948] }},
{"zip_code":"79988","country":"US","city":"El Paso","state":"Texas","state_ab":"TX","county":"El Paso","geo_location":{ "type": "Point", "coordinates": [-106.3, 31.6948] }},
{"zip_code":"88535","country":"US","city":"El Paso","state":"Texas","state_ab":"TX","county":"El Paso","geo_location":{ "type": "Point", "coordinates": [-106.3, 31.6948] }},
{"zip_code":"88548","country":"US","city":"El Paso","state":"Texas","state_ab":"TX","county":"El Paso","geo_location":{ "type": "Point", "coordinates": [-106.3, 31.6948] }},
{"zip_code":"88562","country":"US","city":"El Paso","state":"Texas","state_ab":"TX","county":"El Paso","geo_location":{ "type": "Point", "coordinates": [-106.3, 31.6948] }},
{"zip_code":"88575","country":"US","city":"El Paso","state":"Texas","state_ab":"TX","county":"El Paso","geo_location":{ "type": "Point", "coordinates": [-106.3, 31.6948] }},
{"zip_code":"88588","country":"US","city":"El Paso","state":"Texas","state_ab":"TX","county":"El Paso","geo_location":{ "type": "Point", "coordinates": [-106.3, 31.6948] }},
{"zip_code":"75418","country":"US","city":"Bonham","state":"Texas","state_ab":"TX","county":"Fannin","geo_location":{ "type": "Point", "coordinates": [-96.1836, 33.5806] }},
{"zip_code":"78932","country":"US","city":"Carmine","state":"Texas","state_ab":"TX","county":"Fayette","geo_location":{ "type": "Point", "coordinates": [-96.6861, 30.1404] }},
{"zip_code":"78945","country":"US","city":"La Grange","state":"Texas","state_ab":"TX","county":"Fayette","geo_location":{ "type": "Point", "coordinates": [-96.886, 29.904] }},
{"zip_code":"77478","country":"US","city":"Sugar Land","state":"Texas","state_ab":"TX","county":"Fort Bend","geo_location":{ "type": "Point", "coordinates": [-95.607, 29.6196] }},
{"zip_code":"79342","country":"US","city":"Loop","state":"Texas","state_ab":"TX","county":"Gaines","geo_location":{ "type": "Point", "coordinates": [-102.4221, 32.9162] }},
{"zip_code":"77555","country":"US","city":"Galveston","state":"Texas","state_ab":"TX","county":"Galveston","geo_location":{ "type": "Point", "coordinates": [-94.8002, 29.3305] }},
{"zip_code":"77568","country":"US","city":"La Marque","state":"Texas","state_ab":"TX","county":"Galveston","geo_location":{ "type": "Point", "coordinates": [-94.9742, 29.3676] }},
{"zip_code":"78675","country":"US","city":"Willow City","state":"Texas","state_ab":"TX","county":"Gillespie","geo_location":{ "type": "Point", "coordinates": [-98.6646, 30.4549] }},
{"zip_code":"75058","country":"US","city":"Gunter","state":"Texas","state_ab":"TX","county":"Grayson","geo_location":{ "type": "Point", "coordinates": [-96.7341, 33.4495] }},
{"zip_code":"76268","country":"US","city":"Southmayd","state":"Texas","state_ab":"TX","county":"Grayson","geo_location":{ "type": "Point", "coordinates": [-96.7618, 33.6153] }},
{"zip_code":"79032","country":"US","city":"Edmonson","state":"Texas","state_ab":"TX","county":"Hale","geo_location":{ "type": "Point", "coordinates": [-101.8941, 34.2789] }},
{"zip_code":"79072","country":"US","city":"Plainview","state":"Texas","state_ab":"TX","county":"Hale","geo_location":{ "type": "Point", "coordinates": [-101.7259, 34.1962] }},
{"zip_code":"76565","country":"US","city":"Pottsville","state":"Texas","state_ab":"TX","county":"Hamilton","geo_location":{ "type": "Point", "coordinates": [-98.3561, 31.6837] }},
{"zip_code":"79225","country":"US","city":"Chillicothe","state":"Texas","state_ab":"TX","county":"Hardeman","geo_location":{ "type": "Point", "coordinates": [-99.5157, 34.2439] }},
{"zip_code":"79252","country":"US","city":"Quanah","state":"Texas","state_ab":"TX","county":"Hardeman","geo_location":{ "type": "Point", "coordinates": [-99.7494, 34.2955] }},
{"zip_code":"77012","country":"US","city":"Houston","state":"Texas","state_ab":"TX","county":"Harris","geo_location":{ "type": "Point", "coordinates": [-95.2819, 29.7149] }},
{"zip_code":"77025","country":"US","city":"Houston","state":"Texas","state_ab":"TX","county":"Harris","geo_location":{ "type": "Point", "coordinates": [-95.4341, 29.6889] }},
{"zip_code":"77038","country":"US","city":"Houston","state":"Texas","state_ab":"TX","county":"Harris","geo_location":{ "type": "Point", "coordinates": [-95.4386, 29.9196] }},
{"zip_code":"77052","country":"US","city":"Houston","state":"Texas","state_ab":"TX","county":"Harris","geo_location":{ "type": "Point", "coordinates": [-95.1776, 29.6768] }},
{"zip_code":"77065","country":"US","city":"Houston","state":"Texas","state_ab":"TX","county":"Harris","geo_location":{ "type": "Point", "coordinates": [-95.6106, 29.9319] }},
{"zip_code":"77078","country":"US","city":"Houston","state":"Texas","state_ab":"TX","county":"Harris","geo_location":{ "type": "Point", "coordinates": [-95.2582, 29.8497] }},
{"zip_code":"77092","country":"US","city":"Houston","state":"Texas","state_ab":"TX","county":"Harris","geo_location":{ "type": "Point", "coordinates": [-95.472, 29.8324] }},
{"zip_code":"77205","country":"US","city":"Houston","state":"Texas","state_ab":"TX","county":"Harris","geo_location":{ "type": "Point", "coordinates": [-95.4342, 29.834] }},
{"zip_code":"77218","country":"US","city":"Houston","state":"Texas","state_ab":"TX","county":"Harris","geo_location":{ "type": "Point", "coordinates": [-95.4342, 29.834] }},
{"zip_code":"77245","country":"US","city":"Houston","state":"Texas","state_ab":"TX","county":"Harris","geo_location":{ "type": "Point", "coordinates": [-95.4342, 29.834] }},
{"zip_code":"77258","country":"US","city":"Houston","state":"Texas","state_ab":"TX","county":"Harris","geo_location":{ "type": "Point", "coordinates": [-95.4342, 29.834] }},
{"zip_code":"77272","country":"US","city":"Houston","state":"Texas","state_ab":"TX","county":"Harris","geo_location":{ "type": "Point", "coordinates": [-95.4342, 29.834] }},
{"zip_code":"77285","country":"US","city":"Houston","state":"Texas","state_ab":"TX","county":"Harris County","geo_location":{ "type": "Point", "coordinates": [-95.3678, 29.7554] }},
{"zip_code":"77298","country":"US","city":"Houston","state":"Texas","state_ab":"TX","county":"Harris","geo_location":{ "type": "Point", "coordinates": [-95.4342, 29.834] }},
{"zip_code":"77375","country":"US","city":"Tomball","state":"Texas","state_ab":"TX","county":"Harris","geo_location":{ "type": "Point", "coordinates": [-95.6201, 30.0739] }},
{"zip_code":"77388","country":"US","city":"Spring","state":"Texas","state_ab":"TX","county":"Harris","geo_location":{ "type": "Point", "coordinates": [-95.4695, 30.0505] }},
{"zip_code":"77492","country":"US","city":"Katy","state":"Texas","state_ab":"TX","county":"Harris","geo_location":{ "type": "Point", "coordinates": [-95.4342, 29.834] }},
{"zip_code":"77502","country":"US","city":"Pasadena","state":"Texas","state_ab":"TX","county":"Harris","geo_location":{ "type": "Point", "coordinates": [-95.1982, 29.6789] }},
{"zip_code":"75692","country":"US","city":"Waskom","state":"Texas","state_ab":"TX","county":"Harrison","geo_location":{ "type": "Point", "coordinates": [-94.1355, 32.5184] }},
{"zip_code":"79018","country":"US","city":"Channing","state":"Texas","state_ab":"TX","county":"Hartley","geo_location":{ "type": "Point", "coordinates": [-102.3343, 35.7826] }},
{"zip_code":"79548","country":"US","city":"Rule","state":"Texas","state_ab":"TX","county":"Haskell","geo_location":{ "type": "Point", "coordinates": [-99.959, 33.0771] }},
{"zip_code":"75148","country":"US","city":"Malakoff","state":"Texas","state_ab":"TX","county":"Henderson","geo_location":{ "type": "Point", "coordinates": [-96.006, 32.1705] }},
{"zip_code":"75782","country":"US","city":"Poynor","state":"Texas","state_ab":"TX","county":"Henderson","geo_location":{ "type": "Point", "coordinates": [-95.5938, 32.0797] }},
{"zip_code":"78505","country":"US","city":"Mcallen","state":"Texas","state_ab":"TX","county":"Hidalgo","geo_location":{ "type": "Point", "coordinates": [-98.2242, 26.4097] }},
{"zip_code":"78558","country":"US","city":"La Blanca","state":"Texas","state_ab":"TX","county":"Hidalgo","geo_location":{ "type": "Point", "coordinates": [-98.0335, 26.3125] }},
{"zip_code":"78572","country":"US","city":"Mission","state":"Texas","state_ab":"TX","county":"Hidalgo","geo_location":{ "type": "Point", "coordinates": [-98.3909, 26.2644] }},
{"zip_code":"76628","country":"US","city":"Brandon","state":"Texas","state_ab":"TX","county":"Hill","geo_location":{ "type": "Point", "coordinates": [-96.9756, 32.0544] }},
{"zip_code":"76035","country":"US","city":"Cresson","state":"Texas","state_ab":"TX","county":"Hood","geo_location":{ "type": "Point", "coordinates": [-97.6158, 32.5343] }},
{"zip_code":"76048","country":"US","city":"Granbury","state":"Texas","state_ab":"TX","county":"Hood","geo_location":{ "type": "Point", "coordinates": [-97.7742, 32.425] }},
{"zip_code":"76462","country":"US","city":"Lipan","state":"Texas","state_ab":"TX","county":"Hood","geo_location":{ "type": "Point", "coordinates": [-97.9536, 32.5072] }},
{"zip_code":"75858","country":"US","city":"Ratcliff","state":"Texas","state_ab":"TX","county":"Houston","geo_location":{ "type": "Point", "coordinates": [-95.0619, 31.3833] }},
{"zip_code":"75135","country":"US","city":"Caddo Mills","state":"Texas","state_ab":"TX","county":"Hunt","geo_location":{ "type": "Point", "coordinates": [-96.2391, 33.0683] }},
{"zip_code":"75458","country":"US","city":"Merit","state":"Texas","state_ab":"TX","county":"Hunt","geo_location":{ "type": "Point", "coordinates": [-96.2916, 33.2427] }},
{"zip_code":"77708","country":"US","city":"Beaumont","state":"Texas","state_ab":"TX","county":"Jefferson","geo_location":{ "type": "Point", "coordinates": [-94.1604, 30.14] }},
{"zip_code":"78118","country":"US","city":"Karnes City","state":"Texas","state_ab":"TX","county":"Karnes","geo_location":{ "type": "Point", "coordinates": [-97.9071, 28.8828] }},
{"zip_code":"78338","country":"US","city":"Armstrong","state":"Texas","state_ab":"TX","county":"Kenedy","geo_location":{ "type": "Point", "coordinates": [-97.7698, 26.8698] }},
{"zip_code":"78028","country":"US","city":"Kerrville","state":"Texas","state_ab":"TX","county":"Kerr","geo_location":{ "type": "Point", "coordinates": [-99.1408, 30.0416] }},
{"zip_code":"77995","country":"US","city":"Yoakum","state":"Texas","state_ab":"TX","county":"Lavaca","geo_location":{ "type": "Point", "coordinates": [-97.1306, 29.284] }},
{"zip_code":"77865","country":"US","city":"Marquez","state":"Texas","state_ab":"TX","county":"Leon","geo_location":{ "type": "Point", "coordinates": [-96.2375, 31.2309] }},
{"zip_code":"77582","country":"US","city":"Raywood","state":"Texas","state_ab":"TX","county":"Liberty","geo_location":{ "type": "Point", "coordinates": [-94.6764, 30.0542] }},
{"zip_code":"76642","country":"US","city":"Groesbeck","state":"Texas","state_ab":"TX","county":"Limestone","geo_location":{ "type": "Point", "coordinates": [-96.5234, 31.5357] }},
{"zip_code":"79005","country":"US","city":"Booker","state":"Texas","state_ab":"TX","county":"Lipscomb","geo_location":{ "type": "Point", "coordinates": [-100.5238, 36.4429] }},
{"zip_code":"79382","country":"US","city":"Wolfforth","state":"Texas","state_ab":"TX","county":"Lubbock","geo_location":{ "type": "Point", "coordinates": [-102.0261, 33.5304] }},
{"zip_code":"79405","country":"US","city":"Lubbock","state":"Texas","state_ab":"TX","county":"Lubbock","geo_location":{ "type": "Point", "coordinates": [-101.8507, 33.571] }},
{"zip_code":"76655","country":"US","city":"Lorena","state":"Texas","state_ab":"TX","county":"McLennan","geo_location":{ "type": "Point", "coordinates": [-97.2302, 31.4093] }},
{"zip_code":"76682","country":"US","city":"Riesel","state":"Texas","state_ab":"TX","county":"McLennan","geo_location":{ "type": "Point", "coordinates": [-96.9476, 31.5002] }},
{"zip_code":"76705","country":"US","city":"Waco","state":"Texas","state_ab":"TX","county":"McLennan","geo_location":{ "type": "Point", "coordinates": [-97.0963, 31.6403] }},
{"zip_code":"76798","country":"US","city":"Waco","state":"Texas","state_ab":"TX","county":"McLennan","geo_location":{ "type": "Point", "coordinates": [-97.1203, 31.547] }},
{"zip_code":"79782","country":"US","city":"Stanton","state":"Texas","state_ab":"TX","county":"Martin","geo_location":{ "type": "Point", "coordinates": [-101.8099, 32.14] }},
{"zip_code":"77465","country":"US","city":"Palacios","state":"Texas","state_ab":"TX","county":"Matagorda","geo_location":{ "type": "Point", "coordinates": [-96.2154, 28.715] }},
{"zip_code":"76848","country":"US","city":"Hext","state":"Texas","state_ab":"TX","county":"Menard","geo_location":{ "type": "Point", "coordinates": [-99.554, 30.8816] }},
{"zip_code":"79702","country":"US","city":"Midland","state":"Texas","state_ab":"TX","county":"Midland","geo_location":{ "type": "Point", "coordinates": [-102.0801, 31.9637] }},
{"zip_code":"76255","country":"US","city":"Nocona","state":"Texas","state_ab":"TX","county":"Montague","geo_location":{ "type": "Point", "coordinates": [-97.727, 33.7982] }},
{"zip_code":"77362","country":"US","city":"Pinehurst","state":"Texas","state_ab":"TX","county":"Montgomery","geo_location":{ "type": "Point", "coordinates": [-95.6814, 30.1581] }},
{"zip_code":"79058","country":"US","city":"Masterson","state":"Texas","state_ab":"TX","county":"Moore","geo_location":{ "type": "Point", "coordinates": [-101.8928, 35.8378] }},
{"zip_code":"75638","country":"US","city":"Daingerfield","state":"Texas","state_ab":"TX","county":"Morris","geo_location":{ "type": "Point", "coordinates": [-94.7359, 33.0313] }},
{"zip_code":"75962","country":"US","city":"Nacogdoches","state":"Texas","state_ab":"TX","county":"Nacogdoches","geo_location":{ "type": "Point", "coordinates": [-94.6074, 31.6995] }},
{"zip_code":"79535","country":"US","city":"Maryneal","state":"Texas","state_ab":"TX","county":"Nolan","geo_location":{ "type": "Point", "coordinates": [-100.4972, 32.2026] }},
{"zip_code":"78402","country":"US","city":"Corpus Christi","state":"Texas","state_ab":"TX","county":"Nueces","geo_location":{ "type": "Point", "coordinates": [-97.3857, 27.8262] }},
{"zip_code":"78415","country":"US","city":"Corpus Christi","state":"Texas","state_ab":"TX","county":"Nueces","geo_location":{ "type": "Point", "coordinates": [-97.4078, 27.7262] }},
{"zip_code":"78468","country":"US","city":"Corpus Christi","state":"Texas","state_ab":"TX","county":"Nueces","geo_location":{ "type": "Point", "coordinates": [-97.4632, 27.777] }},
{"zip_code":"79098","country":"US","city":"Wildorado","state":"Texas","state_ab":"TX","county":"Oldham","geo_location":{ "type": "Point", "coordinates": [-102.2118, 35.1916] }},
{"zip_code":"77632","country":"US","city":"Orange","state":"Texas","state_ab":"TX","county":"Orange","geo_location":{ "type": "Point", "coordinates": [-93.8409, 30.1775] }},
{"zip_code":"76475","country":"US","city":"Strawn","state":"Texas","state_ab":"TX","county":"Palo Pinto","geo_location":{ "type": "Point", "coordinates": [-98.4995, 32.5945] }},
{"zip_code":"76008","country":"US","city":"Aledo","state":"Texas","state_ab":"TX","county":"Parker","geo_location":{ "type": "Point", "coordinates": [-97.6039, 32.7004] }},
{"zip_code":"76088","country":"US","city":"Weatherford","state":"Texas","state_ab":"TX","county":"Parker","geo_location":{ "type": "Point", "coordinates": [-97.8606, 32.8478] }},
{"zip_code":"77335","country":"US","city":"Goodrich","state":"Texas","state_ab":"TX","county":"Polk","geo_location":{ "type": "Point", "coordinates": [-94.9592, 30.6079] }},
{"zip_code":"79108","country":"US","city":"Amarillo","state":"Texas","state_ab":"TX","county":"Potter","geo_location":{ "type": "Point", "coordinates": [-101.83, 35.2779] }},
{"zip_code":"79175","country":"US","city":"Amarillo","state":"Texas","state_ab":"TX","county":"Potter","geo_location":{ "type": "Point", "coordinates": [-101.8951, 35.4015] }},
{"zip_code":"79188","country":"US","city":"Amarillo","state":"Texas","state_ab":"TX","county":"Potter County","geo_location":{ "type": "Point", "coordinates": [-101.8165, 35.1885] }},
{"zip_code":"79845","country":"US","city":"Presidio","state":"Texas","state_ab":"TX","county":"Presidio","geo_location":{ "type": "Point", "coordinates": [-104.3551, 29.5573] }},
{"zip_code":"75472","country":"US","city":"Point","state":"Texas","state_ab":"TX","county":"Rains","geo_location":{ "type": "Point", "coordinates": [-95.8903, 32.9007] }},
{"zip_code":"75032","country":"US","city":"Rockwall","state":"Texas","state_ab":"TX","county":"Rockwall","geo_location":{ "type": "Point", "coordinates": [-96.4095, 32.886] }},
{"zip_code":"76875","country":"US","city":"Rowena","state":"Texas","state_ab":"TX","county":"Runnels","geo_location":{ "type": "Point", "coordinates": [-100.0191, 31.6436] }},
{"zip_code":"75652","country":"US","city":"Henderson","state":"Texas","state_ab":"TX","county":"Rusk","geo_location":{ "type": "Point", "coordinates": [-94.7834, 32.2131] }},
{"zip_code":"75948","country":"US","city":"Hemphill","state":"Texas","state_ab":"TX","county":"Sabine","geo_location":{ "type": "Point", "coordinates": [-93.7905, 31.3161] }},
{"zip_code":"78352","country":"US","city":"Edroy","state":"Texas","state_ab":"TX","county":"San Patricio","geo_location":{ "type": "Point", "coordinates": [-97.6898, 27.9906] }},
{"zip_code":"75935","country":"US","city":"Center","state":"Texas","state_ab":"TX","county":"Shelby","geo_location":{ "type": "Point", "coordinates": [-94.1869, 31.7865] }},
{"zip_code":"75975","country":"US","city":"Timpson","state":"Texas","state_ab":"TX","county":"Shelby","geo_location":{ "type": "Point", "coordinates": [-94.3967, 31.8841] }},
{"zip_code":"75702","country":"US","city":"Tyler","state":"Texas","state_ab":"TX","county":"Smith","geo_location":{ "type": "Point", "coordinates": [-95.3117, 32.362] }},
{"zip_code":"78545","country":"US","city":"Falcon Heights","state":"Texas","state_ab":"TX","county":"Starr","geo_location":{ "type": "Point", "coordinates": [-99.1335, 26.562] }},
{"zip_code":"78585","country":"US","city":"Salineno","state":"Texas","state_ab":"TX","county":"Starr","geo_location":{ "type": "Point", "coordinates": [-98.7464, 26.5104] }},
{"zip_code":"76022","country":"US","city":"Bedford","state":"Texas","state_ab":"TX","county":"Tarrant","geo_location":{ "type": "Point", "coordinates": [-97.1454, 32.8297] }},
{"zip_code":"76112","country":"US","city":"Fort Worth","state":"Texas","state_ab":"TX","county":"Tarrant","geo_location":{ "type": "Point", "coordinates": [-97.2181, 32.7493] }},
{"zip_code":"76178","country":"US","city":"Fort Worth","state":"Texas","state_ab":"TX","county":"Tarrant","geo_location":{ "type": "Point", "coordinates": [-97.2915, 32.7714] }},
{"zip_code":"76192","country":"US","city":"Fort Worth","state":"Texas","state_ab":"TX","county":"Tarrant","geo_location":{ "type": "Point", "coordinates": [-97.2915, 32.7714] }},
{"zip_code":"79508","country":"US","city":"Buffalo Gap","state":"Texas","state_ab":"TX","county":"Taylor","geo_location":{ "type": "Point", "coordinates": [-99.8103, 32.2894] }},
{"zip_code":"79562","country":"US","city":"Tuscola","state":"Texas","state_ab":"TX","county":"Taylor","geo_location":{ "type": "Point", "coordinates": [-99.8244, 32.235] }},
{"zip_code":"78712","country":"US","city":"Austin","state":"Texas","state_ab":"TX","county":"Travis","geo_location":{ "type": "Point", "coordinates": [-97.7354, 30.2852] }},
{"zip_code":"78725","country":"US","city":"Austin","state":"Texas","state_ab":"TX","county":"Travis","geo_location":{ "type": "Point", "coordinates": [-97.6243, 30.2562] }},
{"zip_code":"78738","country":"US","city":"Austin","state":"Texas","state_ab":"TX","county":"Travis","geo_location":{ "type": "Point", "coordinates": [-97.9824, 30.3337] }},
{"zip_code":"78752","country":"US","city":"Austin","state":"Texas","state_ab":"TX","county":"Travis","geo_location":{ "type": "Point", "coordinates": [-97.7004, 30.3316] }},
{"zip_code":"78765","country":"US","city":"Austin","state":"Texas","state_ab":"TX","county":"Travis","geo_location":{ "type": "Point", "coordinates": [-97.7713, 30.3264] }},
{"zip_code":"78778","country":"US","city":"Austin","state":"Texas","state_ab":"TX","county":"Travis","geo_location":{ "type": "Point", "coordinates": [-97.7713, 30.3264] }},
{"zip_code":"75845","country":"US","city":"Groveton","state":"Texas","state_ab":"TX","county":"Trinity","geo_location":{ "type": "Point", "coordinates": [-95.0969, 31.0651] }},
{"zip_code":"75755","country":"US","city":"Big Sandy","state":"Texas","state_ab":"TX","county":"Upshur","geo_location":{ "type": "Point", "coordinates": [-95.088, 32.6168] }},
{"zip_code":"79755","country":"US","city":"Midkiff","state":"Texas","state_ab":"TX","county":"Upton","geo_location":{ "type": "Point", "coordinates": [-101.9244, 31.5424] }},
{"zip_code":"78802","country":"US","city":"Uvalde","state":"Texas","state_ab":"TX","county":"Uvalde","geo_location":{ "type": "Point", "coordinates": [-99.7794, 29.2237] }},
{"zip_code":"78842","country":"US","city":"Del Rio","state":"Texas","state_ab":"TX","county":"Val Verde","geo_location":{ "type": "Point", "coordinates": [-100.9342, 29.412] }},
{"zip_code":"77902","country":"US","city":"Victoria","state":"Texas","state_ab":"TX","county":"Victoria","geo_location":{ "type": "Point", "coordinates": [-97.1006, 28.9255] }},
{"zip_code":"77968","country":"US","city":"Inez","state":"Texas","state_ab":"TX","county":"Victoria","geo_location":{ "type": "Point", "coordinates": [-96.8003, 28.8994] }},
{"zip_code":"77348","country":"US","city":"Huntsville","state":"Texas","state_ab":"TX","county":"Walker","geo_location":{ "type": "Point", "coordinates": [-95.5953, 30.7813] }},
{"zip_code":"79742","country":"US","city":"Grandfalls","state":"Texas","state_ab":"TX","county":"Ward","geo_location":{ "type": "Point", "coordinates": [-102.8568, 31.3459] }},
{"zip_code":"78042","country":"US","city":"Laredo","state":"Texas","state_ab":"TX","county":"Webb","geo_location":{ "type": "Point", "coordinates": [-99.4768, 27.5655] }},
{"zip_code":"76305","country":"US","city":"Wichita Falls","state":"Texas","state_ab":"TX","county":"Wichita","geo_location":{ "type": "Point", "coordinates": [-98.3938, 33.9995] }},
{"zip_code":"76385","country":"US","city":"Vernon","state":"Texas","state_ab":"TX","county":"Wilbarger","geo_location":{ "type": "Point", "coordinates": [-99.2141, 34.1464] }},
{"zip_code":"78598","country":"US","city":"Port Mansfield","state":"Texas","state_ab":"TX","county":"Willacy","geo_location":{ "type": "Point", "coordinates": [-97.3743, 26.543] }},
{"zip_code":"76578","country":"US","city":"Thrall","state":"Texas","state_ab":"TX","county":"Williamson","geo_location":{ "type": "Point", "coordinates": [-97.2893, 30.592] }},
{"zip_code":"79355","country":"US","city":"Plains","state":"Texas","state_ab":"TX","county":"Yoakum","geo_location":{ "type": "Point", "coordinates": [-102.8294, 33.1894] }},
{"zip_code":"76372","country":"US","city":"Newcastle","state":"Texas","state_ab":"TX","county":"Young","geo_location":{ "type": "Point", "coordinates": [-98.7446, 33.1901] }},
{"zip_code":"84302","country":"US","city":"Brigham City","state":"Utah","state_ab":"UT","county":"Box Elder","geo_location":{ "type": "Point", "coordinates": [-112.0152, 41.5079] }},
{"zip_code":"84328","country":"US","city":"Paradise","state":"Utah","state_ab":"UT","county":"Cache","geo_location":{ "type": "Point", "coordinates": [-111.8297, 41.56] }},
{"zip_code":"84072","country":"US","city":"Tabiona","state":"Utah","state_ab":"UT","county":"Duchesne","geo_location":{ "type": "Point", "coordinates": [-110.7021, 40.3827] }},
{"zip_code":"84522","country":"US","city":"Emery","state":"Utah","state_ab":"UT","county":"Emery","geo_location":{ "type": "Point", "coordinates": [-111.2512, 38.9226] }},
{"zip_code":"84742","country":"US","city":"Kanarraville","state":"Utah","state_ab":"UT","county":"Iron","geo_location":{ "type": "Point", "coordinates": [-113.2036, 37.5228] }},
{"zip_code":"84755","country":"US","city":"Mount Carmel","state":"Utah","state_ab":"UT","county":"Kane","geo_location":{ "type": "Point", "coordinates": [-112.67, 37.2378] }},
{"zip_code":"84638","country":"US","city":"Leamington","state":"Utah","state_ab":"UT","county":"Millard","geo_location":{ "type": "Point", "coordinates": [-112.2952, 39.5302] }},
{"zip_code":"84728","country":"US","city":"Garrison","state":"Utah","state_ab":"UT","county":"Millard","geo_location":{ "type": "Point", "coordinates": [-113.8949, 39.0744] }},
{"zip_code":"84018","country":"US","city":"Croydon","state":"Utah","state_ab":"UT","county":"Morgan","geo_location":{ "type": "Point", "coordinates": [-111.5231, 41.0689] }},
{"zip_code":"84108","country":"US","city":"Salt Lake City","state":"Utah","state_ab":"UT","county":"Salt Lake","geo_location":{ "type": "Point", "coordinates": [-111.8258, 40.7371] }},
{"zip_code":"84122","country":"US","city":"Salt Lake City","state":"Utah","state_ab":"UT","county":"Salt Lake","geo_location":{ "type": "Point", "coordinates": [-111.9083, 40.6681] }},
{"zip_code":"84135","country":"US","city":"Salt Lake City","state":"Utah","state_ab":"UT","county":"Salt Lake","geo_location":{ "type": "Point", "coordinates": [-111.9083, 40.6681] }},
{"zip_code":"84148","country":"US","city":"Salt Lake City","state":"Utah","state_ab":"UT","county":"Salt Lake","geo_location":{ "type": "Point", "coordinates": [-111.8376, 40.7568] }},
{"zip_code":"84535","country":"US","city":"Monticello","state":"Utah","state_ab":"UT","county":"San Juan","geo_location":{ "type": "Point", "coordinates": [-109.3153, 37.9217] }},
{"zip_code":"84665","country":"US","city":"Sterling","state":"Utah","state_ab":"UT","county":"Sanpete","geo_location":{ "type": "Point", "coordinates": [-111.7409, 39.1335] }},
{"zip_code":"84652","country":"US","city":"Redmond","state":"Utah","state_ab":"UT","county":"Sevier","geo_location":{ "type": "Point", "coordinates": [-111.9753, 38.9065] }},
{"zip_code":"84098","country":"US","city":"Park City","state":"Utah","state_ab":"UT","county":"Summit","geo_location":{ "type": "Point", "coordinates": [-111.5481, 40.7029] }},
{"zip_code":"84085","country":"US","city":"Whiterocks","state":"Utah","state_ab":"UT","county":"Uintah","geo_location":{ "type": "Point", "coordinates": [-109.9112, 40.3748] }},
{"zip_code":"84005","country":"US","city":"Eagle Mountain","state":"Utah","state_ab":"UT","county":"Utah County","geo_location":{ "type": "Point", "coordinates": [-111.991, 40.3802] }},
{"zip_code":"84045","country":"US","city":"Saratoga Springs","state":"Utah","state_ab":"UT","county":"Utah County","geo_location":{ "type": "Point", "coordinates": [-111.9043, 40.3495] }},
{"zip_code":"84058","country":"US","city":"Orem","state":"Utah","state_ab":"UT","county":"Utah","geo_location":{ "type": "Point", "coordinates": [-111.7209, 40.2818] }},
{"zip_code":"84032","country":"US","city":"Heber City","state":"Utah","state_ab":"UT","county":"Wasatch","geo_location":{ "type": "Point", "coordinates": [-111.4051, 40.4947] }},
{"zip_code":"84782","country":"US","city":"Veyo","state":"Utah","state_ab":"UT","county":"Washington","geo_location":{ "type": "Point", "coordinates": [-113.6668, 37.359] }},
{"zip_code":"84715","country":"US","city":"Bicknell","state":"Utah","state_ab":"UT","county":"Wayne","geo_location":{ "type": "Point", "coordinates": [-111.5264, 38.3278] }},
{"zip_code":"84315","country":"US","city":"Hooper","state":"Utah","state_ab":"UT","county":"Weber","geo_location":{ "type": "Point", "coordinates": [-112.1364, 41.1668] }},
{"zip_code":"84405","country":"US","city":"Ogden","state":"Utah","state_ab":"UT","county":"Weber","geo_location":{ "type": "Point", "coordinates": [-111.9809, 41.1739] }},
{"zip_code":"23345","country":"US","city":"Davis Wharf","state":"Virginia","state_ab":"VA","county":"Accomack","geo_location":{ "type": "Point", "coordinates": [-75.7014, 37.7382] }},
{"zip_code":"23358","country":"US","city":"Hacksneck","state":"Virginia","state_ab":"VA","county":"Accomack","geo_location":{ "type": "Point", "coordinates": [-75.865, 37.6393] }},
{"zip_code":"23422","country":"US","city":"Pungoteague","state":"Virginia","state_ab":"VA","county":"Accomack","geo_location":{ "type": "Point", "coordinates": [-75.7915, 37.6162] }},
{"zip_code":"23488","country":"US","city":"Withams","state":"Virginia","state_ab":"VA","county":"Accomack","geo_location":{ "type": "Point", "coordinates": [-75.6019, 37.9482] }},
{"zip_code":"24595","country":"US","city":"Sweet Briar","state":"Virginia","state_ab":"VA","county":"Amherst","geo_location":{ "type": "Point", "coordinates": [-79.0756, 37.5674] }},
{"zip_code":"22212","country":"US","city":"Arlington","state":"Virginia","state_ab":"VA","county":"Arlington","geo_location":{ "type": "Point", "coordinates": [-77.1129, 38.8808] }},
{"zip_code":"22225","country":"US","city":"Arlington","state":"Virginia","state_ab":"VA","county":"Arlington","geo_location":{ "type": "Point", "coordinates": [-77.1129, 38.8808] }},
{"zip_code":"24412","country":"US","city":"Bacova","state":"Virginia","state_ab":"VA","county":"Bath","geo_location":{ "type": "Point", "coordinates": [-79.7464, 38.0553] }},
{"zip_code":"24438","country":"US","city":"Glen Wilton","state":"Virginia","state_ab":"VA","county":"Botetourt","geo_location":{ "type": "Point", "coordinates": [-79.7862, 37.5551] }},
{"zip_code":"24618","country":"US","city":"Harman","state":"Virginia","state_ab":"VA","county":"Buchanan","geo_location":{ "type": "Point", "coordinates": [-82.0274, 37.288] }},
{"zip_code":"24658","country":"US","city":"Wolford","state":"Virginia","state_ab":"VA","county":"Buchanan","geo_location":{ "type": "Point", "coordinates": [-82.0274, 37.288] }},
{"zip_code":"24528","country":"US","city":"Brookneal","state":"Virginia","state_ab":"VA","county":"Campbell","geo_location":{ "type": "Point", "coordinates": [-78.9227, 37.0827] }},
{"zip_code":"22535","country":"US","city":"Port Royal","state":"Virginia","state_ab":"VA","county":"Caroline","geo_location":{ "type": "Point", "coordinates": [-77.1837, 38.1621] }},
{"zip_code":"23112","country":"US","city":"Midlothian","state":"Virginia","state_ab":"VA","county":"Chesterfield","geo_location":{ "type": "Point", "coordinates": [-77.6545, 37.431] }},
{"zip_code":"24272","country":"US","city":"Nora","state":"Virginia","state_ab":"VA","county":"Dickenson","geo_location":{ "type": "Point", "coordinates": [-82.35, 37.0182] }},
{"zip_code":"23822","country":"US","city":"Ammon","state":"Virginia","state_ab":"VA","county":"Dinwiddie","geo_location":{ "type": "Point", "coordinates": [-77.6475, 37.0724] }},
{"zip_code":"20195","country":"US","city":"Reston","state":"Virginia","state_ab":"VA","county":"Fairfax","geo_location":{ "type": "Point", "coordinates": [-77.2888, 38.8318] }},
{"zip_code":"22032","country":"US","city":"Fairfax","state":"Virginia","state_ab":"VA","county":"Fairfax","geo_location":{ "type": "Point", "coordinates": [-77.2925, 38.8177] }},
{"zip_code":"22108","country":"US","city":"McLean","state":"Virginia","state_ab":"VA","county":"Fairfax County","geo_location":{ "type": "Point", "coordinates": [-77.1882, 38.9363] }},
{"zip_code":"22122","country":"US","city":"Newington","state":"Virginia","state_ab":"VA","county":"Fairfax","geo_location":{ "type": "Point", "coordinates": [-77.2888, 38.8318] }},
{"zip_code":"22315","country":"US","city":"Alexandria","state":"Virginia","state_ab":"VA","county":"Fairfax","geo_location":{ "type": "Point", "coordinates": [-77.1485, 38.7596] }}]}