{"value": [{"zip_code":"37312","country":"US","city":"Cleveland","state":"Tennessee","state_ab":"TN","county":"Bradley","geo_location":{ "type": "Point", "coordinates": [-84.8476, 35.2023] }},
{"zip_code":"38342","country":"US","city":"Hollow Rock","state":"Tennessee","state_ab":"TN","county":"Carroll","geo_location":{ "type": "Point", "coordinates": [-88.2919, 36.0504] }},
{"zip_code":"37015","country":"US","city":"Ashland City","state":"Tennessee","state_ab":"TN","county":"Cheatham","geo_location":{ "type": "Point", "coordinates": [-87.0447, 36.2731] }},
{"zip_code":"37082","country":"US","city":"Kingston Springs","state":"Tennessee","state_ab":"TN","county":"Cheatham","geo_location":{ "type": "Point", "coordinates": [-87.1156, 36.0953] }},
{"zip_code":"37752","country":"US","city":"Harrogate","state":"Tennessee","state_ab":"TN","county":"Claiborne","geo_location":{ "type": "Point", "coordinates": [-83.6073, 36.5767] }},
{"zip_code":"38575","country":"US","city":"Moss","state":"Tennessee","state_ab":"TN","county":"Clay","geo_location":{ "type": "Point", "coordinates": [-85.6772, 36.5966] }},
{"zip_code":"37842","country":"US","city":"Ozone","state":"Tennessee","state_ab":"TN","county":"Cumberland","geo_location":{ "type": "Point", "coordinates": [-84.7929, 35.8754] }},
{"zip_code":"37208","country":"US","city":"Nashville","state":"Tennessee","state_ab":"TN","county":"Davidson","geo_location":{ "type": "Point", "coordinates": [-86.8076, 36.1762] }},
{"zip_code":"37222","country":"US","city":"Nashville","state":"Tennessee","state_ab":"TN","county":"Davidson","geo_location":{ "type": "Point", "coordinates": [-86.9801, 36.0562] }},
{"zip_code":"37235","country":"US","city":"Nashville","state":"Tennessee","state_ab":"TN","county":"Davidson","geo_location":{ "type": "Point", "coordinates": [-86.7852, 36.1866] }},
{"zip_code":"37248","country":"US","city":"Nashville","state":"Tennessee","state_ab":"TN","county":"Davidson","geo_location":{ "type": "Point", "coordinates": [-86.7852, 36.1866] }},
{"zip_code":"37095","country":"US","city":"Liberty","state":"Tennessee","state_ab":"TN","county":"DeKalb","geo_location":{ "type": "Point", "coordinates": [-85.9447, 35.9993] }},
{"zip_code":"37055","country":"US","city":"Dickson","state":"Tennessee","state_ab":"TN","county":"Dickson","geo_location":{ "type": "Point", "coordinates": [-87.3995, 36.076] }},
{"zip_code":"38045","country":"US","city":"Laconia","state":"Tennessee","state_ab":"TN","county":"Fayette","geo_location":{ "type": "Point", "coordinates": [-89.2322, 35.2904] }},
{"zip_code":"38355","country":"US","city":"Medina","state":"Tennessee","state_ab":"TN","county":"Gibson","geo_location":{ "type": "Point", "coordinates": [-88.7627, 35.8081] }},
{"zip_code":"38382","country":"US","city":"Trenton","state":"Tennessee","state_ab":"TN","county":"Gibson","geo_location":{ "type": "Point", "coordinates": [-88.9507, 35.9712] }},
{"zip_code":"38472","country":"US","city":"Lynnville","state":"Tennessee","state_ab":"TN","county":"Giles","geo_location":{ "type": "Point", "coordinates": [-87.0629, 35.3792] }},
{"zip_code":"37365","country":"US","city":"Palmer","state":"Tennessee","state_ab":"TN","county":"Grundy","geo_location":{ "type": "Point", "coordinates": [-85.5643, 35.3741] }},
{"zip_code":"37778","country":"US","city":"Lowland","state":"Tennessee","state_ab":"TN","county":"Hamblen","geo_location":{ "type": "Point", "coordinates": [-83.2752, 36.2133] }},
{"zip_code":"37815","country":"US","city":"Morristown","state":"Tennessee","state_ab":"TN","county":"Hamblen","geo_location":{ "type": "Point", "coordinates": [-83.2752, 36.2133] }},
{"zip_code":"37402","country":"US","city":"Chattanooga","state":"Tennessee","state_ab":"TN","county":"Hamilton","geo_location":{ "type": "Point", "coordinates": [-85.3161, 35.0463] }},
{"zip_code":"37415","country":"US","city":"Chattanooga","state":"Tennessee","state_ab":"TN","county":"Hamilton","geo_location":{ "type": "Point", "coordinates": [-85.2802, 35.1273] }},
{"zip_code":"37765","country":"US","city":"Kyles Ford","state":"Tennessee","state_ab":"TN","county":"Hancock","geo_location":{ "type": "Point", "coordinates": [-83.0507, 36.5721] }},
{"zip_code":"38328","country":"US","city":"Darden","state":"Tennessee","state_ab":"TN","county":"Henderson","geo_location":{ "type": "Point", "coordinates": [-88.2177, 35.663] }},
{"zip_code":"38368","country":"US","city":"Reagan","state":"Tennessee","state_ab":"TN","county":"Henderson","geo_location":{ "type": "Point", "coordinates": [-88.3508, 35.5096] }},
{"zip_code":"37185","country":"US","city":"Waverly","state":"Tennessee","state_ab":"TN","county":"Humphreys","geo_location":{ "type": "Point", "coordinates": [-87.7991, 36.0997] }},
{"zip_code":"38562","country":"US","city":"Gainesboro","state":"Tennessee","state_ab":"TN","county":"Jackson","geo_location":{ "type": "Point", "coordinates": [-85.6355, 36.3438] }},
{"zip_code":"38588","country":"US","city":"Whitleyville","state":"Tennessee","state_ab":"TN","county":"Jackson","geo_location":{ "type": "Point", "coordinates": [-85.6899, 36.5158] }},
{"zip_code":"37725","country":"US","city":"Dandridge","state":"Tennessee","state_ab":"TN","county":"Jefferson","geo_location":{ "type": "Point", "coordinates": [-83.4233, 36.0008] }},
{"zip_code":"37688","country":"US","city":"Shady Valley","state":"Tennessee","state_ab":"TN","county":"Johnson","geo_location":{ "type": "Point", "coordinates": [-81.9068, 36.5272] }},
{"zip_code":"37918","country":"US","city":"Knoxville","state":"Tennessee","state_ab":"TN","county":"Knox","geo_location":{ "type": "Point", "coordinates": [-83.9226, 36.0501] }},
{"zip_code":"37932","country":"US","city":"Knoxville","state":"Tennessee","state_ab":"TN","county":"Knox","geo_location":{ "type": "Point", "coordinates": [-84.1481, 35.9335] }},
{"zip_code":"37998","country":"US","city":"Knoxville","state":"Tennessee","state_ab":"TN","county":"Knox","geo_location":{ "type": "Point", "coordinates": [-83.7503, 35.9351] }},
{"zip_code":"38315","country":"US","city":"Bethel Springs","state":"Tennessee","state_ab":"TN","county":"McNairy","geo_location":{ "type": "Point", "coordinates": [-88.644, 35.2289] }},
{"zip_code":"38302","country":"US","city":"Jackson","state":"Tennessee","state_ab":"TN","county":"Madison","geo_location":{ "type": "Point", "coordinates": [-88.8412, 35.6124] }},
{"zip_code":"37042","country":"US","city":"Clarksville","state":"Tennessee","state_ab":"TN","county":"Montgomery","geo_location":{ "type": "Point", "coordinates": [-87.4186, 36.5853] }},
{"zip_code":"37352","country":"US","city":"Lynchburg","state":"Tennessee","state_ab":"TN","county":"Moore","geo_location":{ "type": "Point", "coordinates": [-86.372, 35.2706] }},
{"zip_code":"37325","country":"US","city":"Delano","state":"Tennessee","state_ab":"TN","county":"Polk","geo_location":{ "type": "Point", "coordinates": [-84.6024, 35.2612] }},
{"zip_code":"38548","country":"US","city":"Buffalo Valley","state":"Tennessee","state_ab":"TN","county":"Putnam","geo_location":{ "type": "Point", "coordinates": [-85.7589, 36.1833] }},
{"zip_code":"37338","country":"US","city":"Graysville","state":"Tennessee","state_ab":"TN","county":"Rhea","geo_location":{ "type": "Point", "coordinates": [-85.179, 35.4484] }},
{"zip_code":"37172","country":"US","city":"Springfield","state":"Tennessee","state_ab":"TN","county":"Robertson","geo_location":{ "type": "Point", "coordinates": [-86.8769, 36.5018] }},
{"zip_code":"37118","country":"US","city":"Milton","state":"Tennessee","state_ab":"TN","county":"Rutherford","geo_location":{ "type": "Point", "coordinates": [-86.1824, 35.9221] }},
{"zip_code":"37132","country":"US","city":"Murfreesboro","state":"Tennessee","state_ab":"TN","county":"Rutherford","geo_location":{ "type": "Point", "coordinates": [-86.421, 35.8596] }},
{"zip_code":"37738","country":"US","city":"Gatlinburg","state":"Tennessee","state_ab":"TN","county":"Sevier","geo_location":{ "type": "Point", "coordinates": [-83.4874, 35.729] }},
{"zip_code":"37868","country":"US","city":"Pigeon Forge","state":"Tennessee","state_ab":"TN","county":"Sevier","geo_location":{ "type": "Point", "coordinates": [-83.5561, 35.8809] }},
{"zip_code":"38018","country":"US","city":"Cordova","state":"Tennessee","state_ab":"TN","county":"Shelby","geo_location":{ "type": "Point", "coordinates": [-89.7789, 35.1563] }},
{"zip_code":"38108","country":"US","city":"Memphis","state":"Tennessee","state_ab":"TN","county":"Shelby","geo_location":{ "type": "Point", "coordinates": [-89.9682, 35.1787] }},
{"zip_code":"38122","country":"US","city":"Memphis","state":"Tennessee","state_ab":"TN","county":"Shelby","geo_location":{ "type": "Point", "coordinates": [-89.9268, 35.1572] }},
{"zip_code":"38135","country":"US","city":"Memphis","state":"Tennessee","state_ab":"TN","county":"Shelby","geo_location":{ "type": "Point", "coordinates": [-89.8509, 35.2323] }},
{"zip_code":"38148","country":"US","city":"Memphis","state":"Tennessee","state_ab":"TN","county":"Shelby","geo_location":{ "type": "Point", "coordinates": [-89.9715, 35.2017] }},
{"zip_code":"38175","country":"US","city":"Memphis","state":"Tennessee","state_ab":"TN","county":"Shelby","geo_location":{ "type": "Point", "coordinates": [-89.9715, 35.2017] }},
{"zip_code":"38188","country":"US","city":"Memphis","state":"Tennessee","state_ab":"TN","county":"Shelby","geo_location":{ "type": "Point", "coordinates": [-89.9715, 35.2017] }},
{"zip_code":"37145","country":"US","city":"Pleasant Shade","state":"Tennessee","state_ab":"TN","county":"Smith","geo_location":{ "type": "Point", "coordinates": [-85.9189, 36.3462] }},
{"zip_code":"37028","country":"US","city":"Bumpus Mills","state":"Tennessee","state_ab":"TN","county":"Stewart","geo_location":{ "type": "Point", "coordinates": [-87.8614, 36.6226] }},
{"zip_code":"37662","country":"US","city":"Kingsport","state":"Tennessee","state_ab":"TN","county":"Sullivan","geo_location":{ "type": "Point", "coordinates": [-82.5298, 36.5305] }},
{"zip_code":"38058","country":"US","city":"Munford","state":"Tennessee","state_ab":"TN","county":"Tipton","geo_location":{ "type": "Point", "coordinates": [-89.8197, 35.459] }},
{"zip_code":"37378","country":"US","city":"Smartt","state":"Tennessee","state_ab":"TN","county":"Warren","geo_location":{ "type": "Point", "coordinates": [-85.7776, 35.6784] }},
{"zip_code":"38485","country":"US","city":"Waynesboro","state":"Tennessee","state_ab":"TN","county":"Wayne","geo_location":{ "type": "Point", "coordinates": [-87.7395, 35.322] }},
{"zip_code":"38225","country":"US","city":"Dresden","state":"Tennessee","state_ab":"TN","county":"Weakley","geo_location":{ "type": "Point", "coordinates": [-88.6963, 36.295] }},
{"zip_code":"38238","country":"US","city":"Martin","state":"Tennessee","state_ab":"TN","county":"Weakley","geo_location":{ "type": "Point", "coordinates": [-88.7381, 36.2824] }},
{"zip_code":"37068","country":"US","city":"Franklin","state":"Tennessee","state_ab":"TN","county":"Williamson","geo_location":{ "type": "Point", "coordinates": [-86.9076, 35.8746] }},
{"zip_code":"78382","country":"US","city":"Rockport","state":"Texas","state_ab":"TX","county":"Aransas","geo_location":{ "type": "Point", "coordinates": [-97.0688, 28.0308] }},
{"zip_code":"78885","country":"US","city":"Vanderpool","state":"Texas","state_ab":"TX","county":"Bandera","geo_location":{ "type": "Point", "coordinates": [-99.5555, 29.7418] }},
{"zip_code":"78612","country":"US","city":"Cedar Creek","state":"Texas","state_ab":"TX","county":"Bastrop","geo_location":{ "type": "Point", "coordinates": [-97.4976, 30.0966] }},
{"zip_code":"78162","country":"US","city":"Tuleta","state":"Texas","state_ab":"TX","county":"Bee","geo_location":{ "type": "Point", "coordinates": [-97.7327, 28.4245] }},
{"zip_code":"76502","country":"US","city":"Temple","state":"Texas","state_ab":"TX","county":"Bell","geo_location":{ "type": "Point", "coordinates": [-97.3898, 31.071] }},
{"zip_code":"76542","country":"US","city":"Killeen","state":"Texas","state_ab":"TX","county":"Bell","geo_location":{ "type": "Point", "coordinates": [-97.6809, 31.0376] }},
{"zip_code":"78148","country":"US","city":"Universal City","state":"Texas","state_ab":"TX","county":"Bexar","geo_location":{ "type": "Point", "coordinates": [-98.2954, 29.5465] }},
{"zip_code":"78212","country":"US","city":"San Antonio","state":"Texas","state_ab":"TX","county":"Bexar","geo_location":{ "type": "Point", "coordinates": [-98.4935, 29.4388] }},
{"zip_code":"78225","country":"US","city":"San Antonio","state":"Texas","state_ab":"TX","county":"Bexar","geo_location":{ "type": "Point", "coordinates": [-98.5245, 29.3875] }},
{"zip_code":"78238","country":"US","city":"San Antonio","state":"Texas","state_ab":"TX","county":"Bexar","geo_location":{ "type": "Point", "coordinates": [-98.6169, 29.451] }},
{"zip_code":"78252","country":"US","city":"San Antonio","state":"Texas","state_ab":"TX","county":"Bexar","geo_location":{ "type": "Point", "coordinates": [-98.6464, 29.346] }},
{"zip_code":"78265","country":"US","city":"San Antonio","state":"Texas","state_ab":"TX","county":"Bexar","geo_location":{ "type": "Point", "coordinates": [-98.4616, 29.4375] }},
{"zip_code":"78278","country":"US","city":"San Antonio","state":"Texas","state_ab":"TX","county":"Bexar","geo_location":{ "type": "Point", "coordinates": [-98.4616, 29.4375] }},
{"zip_code":"78292","country":"US","city":"San Antonio","state":"Texas","state_ab":"TX","county":"Bexar","geo_location":{ "type": "Point", "coordinates": [-98.4616, 29.4375] }},
{"zip_code":"77802","country":"US","city":"Bryan","state":"Texas","state_ab":"TX","county":"Brazos","geo_location":{ "type": "Point", "coordinates": [-96.3351, 30.6582] }},
{"zip_code":"77842","country":"US","city":"College Station","state":"Texas","state_ab":"TX","county":"Brazos","geo_location":{ "type": "Point", "coordinates": [-96.341, 30.6521] }},
{"zip_code":"79255","country":"US","city":"Quitaque","state":"Texas","state_ab":"TX","county":"Briscoe","geo_location":{ "type": "Point", "coordinates": [-101.0465, 34.3796] }},
{"zip_code":"78355","country":"US","city":"Falfurrias","state":"Texas","state_ab":"TX","county":"Brooks","geo_location":{ "type": "Point", "coordinates": [-98.1408, 27.2242] }},
{"zip_code":"77972","country":"US","city":"Long Mott","state":"Texas","state_ab":"TX","county":"Calhoun","geo_location":{ "type": "Point", "coordinates": [-96.6948, 28.5255] }},
{"zip_code":"78522","country":"US","city":"Brownsville","state":"Texas","state_ab":"TX","county":"Cameron","geo_location":{ "type": "Point", "coordinates": [-97.7643, 26.1889] }},
{"zip_code":"78535","country":"US","city":"Combes","state":"Texas","state_ab":"TX","county":"Cameron","geo_location":{ "type": "Point", "coordinates": [-97.7416, 26.2451] }},
{"zip_code":"78575","country":"US","city":"Olmito","state":"Texas","state_ab":"TX","county":"Cameron","geo_location":{ "type": "Point", "coordinates": [-97.5496, 26.0353] }},
{"zip_code":"75565","country":"US","city":"Mc Leod","state":"Texas","state_ab":"TX","county":"Cass","geo_location":{ "type": "Point", "coordinates": [-94.0808, 32.9511] }},
{"zip_code":"75772","country":"US","city":"Maydelle","state":"Texas","state_ab":"TX","county":"Cherokee","geo_location":{ "type": "Point", "coordinates": [-95.3001, 31.8008] }},
{"zip_code":"75785","country":"US","city":"Rusk","state":"Texas","state_ab":"TX","county":"Cherokee","geo_location":{ "type": "Point", "coordinates": [-95.0965, 31.8136] }},
{"zip_code":"75925","country":"US","city":"Alto","state":"Texas","state_ab":"TX","county":"Cherokee","geo_location":{ "type": "Point", "coordinates": [-95.0762, 31.6103] }},
{"zip_code":"76878","country":"US","city":"Santa Anna","state":"Texas","state_ab":"TX","county":"Coleman","geo_location":{ "type": "Point", "coordinates": [-99.3212, 31.7215] }},
{"zip_code":"79538","country":"US","city":"Novice","state":"Texas","state_ab":"TX","county":"Coleman","geo_location":{ "type": "Point", "coordinates": [-99.6809, 31.9781] }},
{"zip_code":"75035","country":"US","city":"Frisco","state":"Texas","state_ab":"TX","county":"Collin","geo_location":{ "type": "Point", "coordinates": [-96.7524, 33.1377] }},
{"zip_code":"75075","country":"US","city":"Plano","state":"Texas","state_ab":"TX","county":"Collin","geo_location":{ "type": "Point", "coordinates": [-96.7397, 33.025] }},
{"zip_code":"77442","country":"US","city":"Garwood","state":"Texas","state_ab":"TX","county":"Colorado","geo_location":{ "type": "Point", "coordinates": [-96.4919, 29.476] }},
{"zip_code":"78935","country":"US","city":"Alleyton","state":"Texas","state_ab":"TX","county":"Colorado","geo_location":{ "type": "Point", "coordinates": [-96.4865, 29.7092] }},
{"zip_code":"78962","country":"US","city":"Weimar","state":"Texas","state_ab":"TX","county":"Colorado","geo_location":{ "type": "Point", "coordinates": [-96.755, 29.6787] }},
{"zip_code":"78135","country":"US","city":"New Braunfels","state":"Texas","state_ab":"TX","county":"Comal","geo_location":{ "type": "Point", "coordinates": [-98.0872, 29.7385] }},
{"zip_code":"76452","country":"US","city":"Energy","state":"Texas","state_ab":"TX","county":"Comanche","geo_location":{ "type": "Point", "coordinates": [-98.3999, 31.7633] }},
{"zip_code":"76272","country":"US","city":"Valley View","state":"Texas","state_ab":"TX","county":"Cooke","geo_location":{ "type": "Point", "coordinates": [-97.2311, 33.5022] }},
{"zip_code":"76528","country":"US","city":"Gatesville","state":"Texas","state_ab":"TX","county":"Coryell","geo_location":{ "type": "Point", "coordinates": [-97.833, 31.4177] }},
{"zip_code":"79022","country":"US","city":"Dalhart","state":"Texas","state_ab":"TX","county":"Dallam","geo_location":{ "type": "Point", "coordinates": [-102.5177, 36.0732] }},
{"zip_code":"75048","country":"US","city":"Garland","state":"Texas","state_ab":"TX","county":"Dallas","geo_location":{ "type": "Point", "coordinates": [-96.5753, 32.9504] }},
{"zip_code":"75062","country":"US","city":"Irving","state":"Texas","state_ab":"TX","county":"Dallas","geo_location":{ "type": "Point", "coordinates": [-96.974, 32.8479] }},
{"zip_code":"75088","country":"US","city":"Rowlett","state":"Texas","state_ab":"TX","county":"Dallas","geo_location":{ "type": "Point", "coordinates": [-96.5472, 32.9031] }},
{"zip_code":"75138","country":"US","city":"Duncanville","state":"Texas","state_ab":"TX","county":"Dallas","geo_location":{ "type": "Point", "coordinates": [-96.7776, 32.7673] }},
{"zip_code":"75202","country":"US","city":"Dallas","state":"Texas","state_ab":"TX","county":"Dallas","geo_location":{ "type": "Point", "coordinates": [-96.8054, 32.7781] }},
{"zip_code":"75215","country":"US","city":"Dallas","state":"Texas","state_ab":"TX","county":"Dallas","geo_location":{ "type": "Point", "coordinates": [-96.7623, 32.7582] }},
{"zip_code":"75228","country":"US","city":"Dallas","state":"Texas","state_ab":"TX","county":"Dallas","geo_location":{ "type": "Point", "coordinates": [-96.6784, 32.825] }},
{"zip_code":"75242","country":"US","city":"Dallas","state":"Texas","state_ab":"TX","county":"Dallas","geo_location":{ "type": "Point", "coordinates": [-96.7776, 32.7673] }},
{"zip_code":"75295","country":"US","city":"Dallas","state":"Texas","state_ab":"TX","county":"Dallas","geo_location":{ "type": "Point", "coordinates": [-96.7776, 32.7673] }},
{"zip_code":"75358","country":"US","city":"Dallas","state":"Texas","state_ab":"TX","county":"Dallas County","geo_location":{ "type": "Point", "coordinates": [-96.7652, 32.7942] }},
{"zip_code":"75372","country":"US","city":"Dallas","state":"Texas","state_ab":"TX","county":"Dallas","geo_location":{ "type": "Point", "coordinates": [-96.7776, 32.7673] }},
{"zip_code":"75398","country":"US","city":"Dallas","state":"Texas","state_ab":"TX","county":"Dallas","geo_location":{ "type": "Point", "coordinates": [-96.7776, 32.7673] }},
{"zip_code":"75448","country":"US","city":"Klondike","state":"Texas","state_ab":"TX","county":"Delta","geo_location":{ "type": "Point", "coordinates": [-95.8018, 33.3034] }},
{"zip_code":"75008","country":"US","city":"Carrollton","state":"Texas","state_ab":"TX","county":"Denton","geo_location":{ "type": "Point", "coordinates": [-97.1163, 33.2074] }},
{"zip_code":"75022","country":"US","city":"Flower Mound","state":"Texas","state_ab":"TX","county":"Denton","geo_location":{ "type": "Point", "coordinates": [-97.1193, 33.0268] }},
{"zip_code":"76205","country":"US","city":"Denton","state":"Texas","state_ab":"TX","county":"Denton","geo_location":{ "type": "Point", "coordinates": [-97.1282, 33.1903] }},
{"zip_code":"76258","country":"US","city":"Pilot Point","state":"Texas","state_ab":"TX","county":"Denton","geo_location":{ "type": "Point", "coordinates": [-96.9446, 33.371] }},
{"zip_code":"79758","country":"US","city":"Gardendale","state":"Texas","state_ab":"TX","county":"Ector","geo_location":{ "type": "Point", "coordinates": [-102.3572, 32.0245] }},
{"zip_code":"75125","country":"US","city":"Ferris","state":"Texas","state_ab":"TX","county":"Ellis","geo_location":{ "type": "Point", "coordinates": [-96.6643, 32.5223] }},
{"zip_code":"75152","country":"US","city":"Palmer","state":"Texas","state_ab":"TX","county":"Ellis","geo_location":{ "type": "Point", "coordinates": [-96.6794, 32.4387] }},
{"zip_code":"75165","country":"US","city":"Waxahachie","state":"Texas","state_ab":"TX","county":"Ellis","geo_location":{ "type": "Point", "coordinates": [-96.8374, 32.3808] }},
{"zip_code":"76065","country":"US","city":"Midlothian","state":"Texas","state_ab":"TX","county":"Ellis","geo_location":{ "type": "Point", "coordinates": [-96.9936, 32.4757] }},
{"zip_code":"79835","country":"US","city":"Canutillo","state":"Texas","state_ab":"TX","county":"El Paso","geo_location":{ "type": "Point", "coordinates": [-106.5929, 31.9344] }},
{"zip_code":"79912","country":"US","city":"El Paso","state":"Texas","state_ab":"TX","county":"El Paso","geo_location":{ "type": "Point", "coordinates": [-106.5364, 31.8383] }},
{"zip_code":"79925","country":"US","city":"El Paso","state":"Texas","state_ab":"TX","county":"El Paso","geo_location":{ "type": "Point", "coordinates": [-106.3613, 31.7814] }},
{"zip_code":"79938","country":"US","city":"El Paso","state":"Texas","state_ab":"TX","county":"El Paso","geo_location":{ "type": "Point", "coordinates": [-105.9661, 31.8045] }},
{"zip_code":"79952","country":"US","city":"El Paso","state":"Texas","state_ab":"TX","county":"El Paso","geo_location":{ "type": "Point", "coordinates": [-106.3, 31.6948] }},
{"zip_code":"79978","country":"US","city":"El Paso","state":"Texas","state_ab":"TX","county":"El Paso","geo_location":{ "type": "Point", "coordinates": [-106.3828, 31.7993] }},
{"zip_code":"79992","country":"US","city":"El Paso","state":"Texas","state_ab":"TX","county":"El Paso","geo_location":{ "type": "Point", "coordinates": [-106.3, 31.6948] }},
{"zip_code":"88512","country":"US","city":"El Paso","state":"Texas","state_ab":"TX","county":"El Paso","geo_location":{ "type": "Point", "coordinates": [-106.3, 31.6948] }},
{"zip_code":"88525","country":"US","city":"El Paso","state":"Texas","state_ab":"TX","county":"El Paso","geo_location":{ "type": "Point", "coordinates": [-106.3, 31.6948] }},
{"zip_code":"88538","country":"US","city":"El Paso","state":"Texas","state_ab":"TX","county":"El Paso","geo_location":{ "type": "Point", "coordinates": [-106.3, 31.6948] }},
{"zip_code":"88565","country":"US","city":"El Paso","state":"Texas","state_ab":"TX","county":"El Paso","geo_location":{ "type": "Point", "coordinates": [-106.3, 31.6948] }},
{"zip_code":"88578","country":"US","city":"El Paso","state":"Texas","state_ab":"TX","county":"El Paso","geo_location":{ "type": "Point", "coordinates": [-106.3, 31.6948] }},
{"zip_code":"76465","country":"US","city":"Morgan Mill","state":"Texas","state_ab":"TX","county":"Erath","geo_location":{ "type": "Point", "coordinates": [-98.208, 32.2153] }},
{"zip_code":"76632","country":"US","city":"Chilton","state":"Texas","state_ab":"TX","county":"Falls","geo_location":{ "type": "Point", "coordinates": [-97.09, 31.31] }},
{"zip_code":"76685","country":"US","city":"Satin","state":"Texas","state_ab":"TX","county":"Falls","geo_location":{ "type": "Point", "coordinates": [-97.0108, 31.3601] }},
{"zip_code":"75475","country":"US","city":"Randolph","state":"Texas","state_ab":"TX","county":"Fannin","geo_location":{ "type": "Point", "coordinates": [-96.2541, 33.4846] }},
{"zip_code":"75488","country":"US","city":"Telephone","state":"Texas","state_ab":"TX","county":"Fannin","geo_location":{ "type": "Point", "coordinates": [-96.0449, 33.7979] }},
{"zip_code":"77545","country":"US","city":"Fresno","state":"Texas","state_ab":"TX","county":"Fort Bend","geo_location":{ "type": "Point", "coordinates": [-95.4626, 29.5293] }},
{"zip_code":"75848","country":"US","city":"Kirvin","state":"Texas","state_ab":"TX","county":"Freestone","geo_location":{ "type": "Point", "coordinates": [-96.3218, 31.8231] }},
{"zip_code":"78005","country":"US","city":"Bigfoot","state":"Texas","state_ab":"TX","county":"Frio","geo_location":{ "type": "Point", "coordinates": [-98.8582, 29.0531] }},
{"zip_code":"77518","country":"US","city":"Bacliff","state":"Texas","state_ab":"TX","county":"Galveston","geo_location":{ "type": "Point", "coordinates": [-94.9893, 29.5055] }},
{"zip_code":"78122","country":"US","city":"Leesville","state":"Texas","state_ab":"TX","county":"Gonzales","geo_location":{ "type": "Point", "coordinates": [-97.7566, 29.3961] }},
{"zip_code":"76245","country":"US","city":"Gordonville","state":"Texas","state_ab":"TX","county":"Grayson","geo_location":{ "type": "Point", "coordinates": [-96.8403, 33.8343] }},
{"zip_code":"75602","country":"US","city":"Longview","state":"Texas","state_ab":"TX","county":"Gregg","geo_location":{ "type": "Point", "coordinates": [-94.7101, 32.4724] }},
{"zip_code":"75615","country":"US","city":"Longview","state":"Texas","state_ab":"TX","county":"Gregg","geo_location":{ "type": "Point", "coordinates": [-94.7835, 32.5112] }},
{"zip_code":"77868","country":"US","city":"Navasota","state":"Texas","state_ab":"TX","county":"Grimes","geo_location":{ "type": "Point", "coordinates": [-96.0594, 30.3576] }},
{"zip_code":"78108","country":"US","city":"Cibolo","state":"Texas","state_ab":"TX","county":"Guadalupe","geo_location":{ "type": "Point", "coordinates": [-98.228, 29.575] }},
{"zip_code":"78638","country":"US","city":"Kingsbury","state":"Texas","state_ab":"TX","county":"Guadalupe","geo_location":{ "type": "Point", "coordinates": [-97.8306, 29.6726] }},
{"zip_code":"79062","country":"US","city":"Morse","state":"Texas","state_ab":"TX","county":"Hansford","geo_location":{ "type": "Point", "coordinates": [-101.4729, 36.0596] }},
{"zip_code":"77585","country":"US","city":"Saratoga","state":"Texas","state_ab":"TX","county":"Hardin","geo_location":{ "type": "Point", "coordinates": [-94.5717, 30.3398] }},
{"zip_code":"77002","country":"US","city":"Houston","state":"Texas","state_ab":"TX","county":"Harris","geo_location":{ "type": "Point", "coordinates": [-95.3594, 29.7594] }},
{"zip_code":"77015","country":"US","city":"Houston","state":"Texas","state_ab":"TX","county":"Harris","geo_location":{ "type": "Point", "coordinates": [-95.1852, 29.7853] }},
{"zip_code":"77028","country":"US","city":"Houston","state":"Texas","state_ab":"TX","county":"Harris","geo_location":{ "type": "Point", "coordinates": [-95.2879, 29.8297] }},
{"zip_code":"77042","country":"US","city":"Houston","state":"Texas","state_ab":"TX","county":"Harris","geo_location":{ "type": "Point", "coordinates": [-95.5589, 29.7404] }},
{"zip_code":"77055","country":"US","city":"Houston","state":"Texas","state_ab":"TX","county":"Harris","geo_location":{ "type": "Point", "coordinates": [-95.4958, 29.7971] }},
{"zip_code":"77068","country":"US","city":"Houston","state":"Texas","state_ab":"TX","county":"Harris","geo_location":{ "type": "Point", "coordinates": [-95.4897, 30.0069] }},
{"zip_code":"77082","country":"US","city":"Houston","state":"Texas","state_ab":"TX","county":"Harris","geo_location":{ "type": "Point", "coordinates": [-95.6285, 29.7223] }},
{"zip_code":"77095","country":"US","city":"Houston","state":"Texas","state_ab":"TX","county":"Harris","geo_location":{ "type": "Point", "coordinates": [-95.6481, 29.8941] }},
{"zip_code":"77208","country":"US","city":"Houston","state":"Texas","state_ab":"TX","county":"Harris","geo_location":{ "type": "Point", "coordinates": [-95.4342, 29.834] }},
{"zip_code":"77222","country":"US","city":"Houston","state":"Texas","state_ab":"TX","county":"Harris","geo_location":{ "type": "Point", "coordinates": [-95.4342, 29.834] }},
{"zip_code":"77235","country":"US","city":"Houston","state":"Texas","state_ab":"TX","county":"Harris","geo_location":{ "type": "Point", "coordinates": [-95.4342, 29.834] }},
{"zip_code":"77248","country":"US","city":"Houston","state":"Texas","state_ab":"TX","county":"Harris","geo_location":{ "type": "Point", "coordinates": [-95.4342, 29.834] }},
{"zip_code":"77262","country":"US","city":"Houston","state":"Texas","state_ab":"TX","county":"Harris","geo_location":{ "type": "Point", "coordinates": [-95.4342, 29.834] }},
{"zip_code":"77275","country":"US","city":"Houston","state":"Texas","state_ab":"TX","county":"Harris","geo_location":{ "type": "Point", "coordinates": [-95.4342, 29.834] }},
{"zip_code":"77288","country":"US","city":"Houston","state":"Texas","state_ab":"TX","county":"Harris","geo_location":{ "type": "Point", "coordinates": [-95.4342, 29.834] }},
{"zip_code":"77325","country":"US","city":"Humble","state":"Texas","state_ab":"TX","county":"Harris","geo_location":{ "type": "Point", "coordinates": [-95.4342, 29.834] }},
{"zip_code":"77338","country":"US","city":"Humble","state":"Texas","state_ab":"TX","county":"Harris","geo_location":{ "type": "Point", "coordinates": [-95.2825, 30.0041] }},
{"zip_code":"77402","country":"US","city":"Bellaire","state":"Texas","state_ab":"TX","county":"Harris","geo_location":{ "type": "Point", "coordinates": [-95.4342, 29.834] }},
{"zip_code":"77505","country":"US","city":"Pasadena","state":"Texas","state_ab":"TX","county":"Harris","geo_location":{ "type": "Point", "coordinates": [-95.1464, 29.6518] }},
{"zip_code":"77532","country":"US","city":"Crosby","state":"Texas","state_ab":"TX","county":"Harris","geo_location":{ "type": "Point", "coordinates": [-95.0578, 29.9249] }},
{"zip_code":"77572","country":"US","city":"La Porte","state":"Texas","state_ab":"TX","county":"Harris","geo_location":{ "type": "Point", "coordinates": [-95.4342, 29.834] }},
{"zip_code":"77598","country":"US","city":"Webster","state":"Texas","state_ab":"TX","county":"Harris","geo_location":{ "type": "Point", "coordinates": [-95.144, 29.5564] }},
{"zip_code":"75642","country":"US","city":"Elysian Fields","state":"Texas","state_ab":"TX","county":"Harrison","geo_location":{ "type": "Point", "coordinates": [-94.2105, 32.3863] }},
{"zip_code":"76388","country":"US","city":"Weinert","state":"Texas","state_ab":"TX","county":"Haskell","geo_location":{ "type": "Point", "coordinates": [-99.6664, 33.3249] }},
{"zip_code":"75758","country":"US","city":"Chandler","state":"Texas","state_ab":"TX","county":"Henderson","geo_location":{ "type": "Point", "coordinates": [-95.5393, 32.2572] }},
{"zip_code":"78562","country":"US","city":"La Villa","state":"Texas","state_ab":"TX","county":"Hidalgo","geo_location":{ "type": "Point", "coordinates": [-97.9247, 26.2999] }},
{"zip_code":"76645","country":"US","city":"Hillsboro","state":"Texas","state_ab":"TX","county":"Hill","geo_location":{ "type": "Point", "coordinates": [-97.1198, 32.0149] }},
{"zip_code":"79358","country":"US","city":"Ropesville","state":"Texas","state_ab":"TX","county":"Hockley","geo_location":{ "type": "Point", "coordinates": [-102.1584, 33.4575] }},
{"zip_code":"79372","country":"US","city":"Sundown","state":"Texas","state_ab":"TX","county":"Hockley","geo_location":{ "type": "Point", "coordinates": [-102.4898, 33.4482] }},
{"zip_code":"75835","country":"US","city":"Crockett","state":"Texas","state_ab":"TX","county":"Houston","geo_location":{ "type": "Point", "coordinates": [-95.3928, 31.3208] }},
{"zip_code":"75422","country":"US","city":"Campbell","state":"Texas","state_ab":"TX","county":"Hunt","geo_location":{ "type": "Point", "coordinates": [-95.9439, 33.151] }},
{"zip_code":"79008","country":"US","city":"Borger","state":"Texas","state_ab":"TX","county":"Hutchinson","geo_location":{ "type": "Point", "coordinates": [-101.5994, 35.6316] }},
{"zip_code":"77622","country":"US","city":"Hamshire","state":"Texas","state_ab":"TX","county":"Jefferson","geo_location":{ "type": "Point", "coordinates": [-94.3187, 29.8668] }},
{"zip_code":"77725","country":"US","city":"Beaumont","state":"Texas","state_ab":"TX","county":"Jefferson","geo_location":{ "type": "Point", "coordinates": [-94.1297, 29.8476] }},
{"zip_code":"78342","country":"US","city":"Ben Bolt","state":"Texas","state_ab":"TX","county":"Jim Wells","geo_location":{ "type": "Point", "coordinates": [-98.0123, 27.6595] }},
{"zip_code":"79525","country":"US","city":"Hawley","state":"Texas","state_ab":"TX","county":"Jones","geo_location":{ "type": "Point", "coordinates": [-99.9239, 32.6423] }},
{"zip_code":"78058","country":"US","city":"Mountain Home","state":"Texas","state_ab":"TX","county":"Kerr","geo_location":{ "type": "Point", "coordinates": [-99.485, 30.1725] }},
{"zip_code":"78832","country":"US","city":"Brackettville","state":"Texas","state_ab":"TX","county":"Kinney","geo_location":{ "type": "Point", "coordinates": [-100.4155, 29.3096] }},
{"zip_code":"75435","country":"US","city":"Deport","state":"Texas","state_ab":"TX","county":"Lamar","geo_location":{ "type": "Point", "coordinates": [-95.3654, 33.5221] }},
{"zip_code":"75462","country":"US","city":"Paris","state":"Texas","state_ab":"TX","county":"Lamar","geo_location":{ "type": "Point", "coordinates": [-95.4905, 33.6805] }},
{"zip_code":"77985","country":"US","city":"Speaks","state":"Texas","state_ab":"TX","county":"Lavaca","geo_location":{ "type": "Point", "coordinates": [-96.9003, 29.348] }},
{"zip_code":"78948","country":"US","city":"Lincoln","state":"Texas","state_ab":"TX","county":"Lee","geo_location":{ "type": "Point", "coordinates": [-96.9702, 30.3177] }},
{"zip_code":"77855","country":"US","city":"Flynn","state":"Texas","state_ab":"TX","county":"Leon","geo_location":{ "type": "Point", "coordinates": [-96.1234, 31.1593] }},
{"zip_code":"79408","country":"US","city":"Lubbock","state":"Texas","state_ab":"TX","county":"Lubbock","geo_location":{ "type": "Point", "coordinates": [-101.9267, 33.5659] }},
{"zip_code":"76825","country":"US","city":"Brady","state":"Texas","state_ab":"TX","county":"McCulloch","geo_location":{ "type": "Point", "coordinates": [-99.3372, 31.1509] }},
{"zip_code":"76852","country":"US","city":"Lohn","state":"Texas","state_ab":"TX","county":"McCulloch","geo_location":{ "type": "Point", "coordinates": [-99.3833, 31.3173] }},
{"zip_code":"76708","country":"US","city":"Waco","state":"Texas","state_ab":"TX","county":"McLennan","geo_location":{ "type": "Point", "coordinates": [-97.1786, 31.5765] }},
{"zip_code":"78072","country":"US","city":"Tilden","state":"Texas","state_ab":"TX","county":"McMullen","geo_location":{ "type": "Point", "coordinates": [-98.5693, 28.4198] }},
{"zip_code":"77415","country":"US","city":"Cedar Lane","state":"Texas","state_ab":"TX","county":"Matagorda","geo_location":{ "type": "Point", "coordinates": [-95.7247, 28.9235] }},
{"zip_code":"77428","country":"US","city":"Collegeport","state":"Texas","state_ab":"TX","county":"Matagorda","geo_location":{ "type": "Point", "coordinates": [-96.1434, 28.7175] }},
{"zip_code":"77468","country":"US","city":"Pledger","state":"Texas","state_ab":"TX","county":"Matagorda","geo_location":{ "type": "Point", "coordinates": [-95.8986, 29.1792] }},
{"zip_code":"77482","country":"US","city":"Van Vleck","state":"Texas","state_ab":"TX","county":"Matagorda","geo_location":{ "type": "Point", "coordinates": [-95.8905, 29.016] }},
{"zip_code":"79705","country":"US","city":"Midland","state":"Texas","state_ab":"TX","county":"Midland","geo_location":{ "type": "Point", "coordinates": [-102.0915, 32.0295] }},
{"zip_code":"76555","country":"US","city":"Maysfield","state":"Texas","state_ab":"TX","county":"Milam","geo_location":{ "type": "Point", "coordinates": [-96.9638, 30.7842] }},
{"zip_code":"79512","country":"US","city":"Colorado City","state":"Texas","state_ab":"TX","county":"Mitchell","geo_location":{ "type": "Point", "coordinates": [-100.8609, 32.3987] }},
{"zip_code":"79565","country":"US","city":"Westbrook","state":"Texas","state_ab":"TX","county":"Mitchell","geo_location":{ "type": "Point", "coordinates": [-101.043, 32.3627] }},
{"zip_code":"77365","country":"US","city":"Porter","state":"Texas","state_ab":"TX","county":"Montgomery","geo_location":{ "type": "Point", "coordinates": [-95.2686, 30.1237] }},
{"zip_code":"77378","country":"US","city":"Willis","state":"Texas","state_ab":"TX","county":"Montgomery","geo_location":{ "type": "Point", "coordinates": [-95.4506, 30.4441] }},
{"zip_code":"75668","country":"US","city":"Lone Star","state":"Texas","state_ab":"TX","county":"Morris","geo_location":{ "type": "Point", "coordinates": [-94.7049, 32.9252] }},
{"zip_code":"75965","country":"US","city":"Nacogdoches","state":"Texas","state_ab":"TX","county":"Nacogdoches","geo_location":{ "type": "Point", "coordinates": [-94.6168, 31.7195] }},
{"zip_code":"75978","country":"US","city":"Woden","state":"Texas","state_ab":"TX","county":"Nacogdoches","geo_location":{ "type": "Point", "coordinates": [-94.525, 31.5037] }},
{"zip_code":"78405","country":"US","city":"Corpus Christi","state":"Texas","state_ab":"TX","county":"Nueces","geo_location":{ "type": "Point", "coordinates": [-97.4271, 27.7762] }},
{"zip_code":"78418","country":"US","city":"Corpus Christi","state":"Texas","state_ab":"TX","county":"Nueces","geo_location":{ "type": "Point", "coordinates": [-97.3103, 27.6349] }},
{"zip_code":"78472","country":"US","city":"Corpus Christi","state":"Texas","state_ab":"TX","county":"Nueces","geo_location":{ "type": "Point", "coordinates": [-97.5792, 27.7402] }},
{"zip_code":"77662","country":"US","city":"Vidor","state":"Texas","state_ab":"TX","county":"Orange","geo_location":{ "type": "Point", "coordinates": [-94.0008, 30.1502] }},
{"zip_code":"79035","country":"US","city":"Friona","state":"Texas","state_ab":"TX","county":"Parmer","geo_location":{ "type": "Point", "coordinates": [-102.7844, 34.6274] }},
{"zip_code":"79165","country":"US","city":"Amarillo","state":"Texas","state_ab":"TX","county":"Potter","geo_location":{ "type": "Point", "coordinates": [-101.8951, 35.4015] }},
{"zip_code":"79178","country":"US","city":"Amarillo","state":"Texas","state_ab":"TX","county":"Potter","geo_location":{ "type": "Point", "coordinates": [-101.8951, 35.4015] }},
{"zip_code":"79718","country":"US","city":"Balmorhea","state":"Texas","state_ab":"TX","county":"Reeves","geo_location":{ "type": "Point", "coordinates": [-103.7699, 30.9478] }},
{"zip_code":"79772","country":"US","city":"Pecos","state":"Texas","state_ab":"TX","county":"Reeves","geo_location":{ "type": "Point", "coordinates": [-103.5791, 31.4467] }},
{"zip_code":"79785","country":"US","city":"Toyah","state":"Texas","state_ab":"TX","county":"Reeves","geo_location":{ "type": "Point", "coordinates": [-103.8057, 31.282] }},
{"zip_code":"77882","country":"US","city":"Wheelock","state":"Texas","state_ab":"TX","county":"Robertson","geo_location":{ "type": "Point", "coordinates": [-96.4211, 30.9121] }},
{"zip_code":"76865","country":"US","city":"Norton","state":"Texas","state_ab":"TX","county":"Runnels","geo_location":{ "type": "Point", "coordinates": [-100.1315, 31.8795] }},
{"zip_code":"75682","country":"US","city":"New London","state":"Texas","state_ab":"TX","county":"Rusk","geo_location":{ "type": "Point", "coordinates": [-94.9322, 32.2542] }},
{"zip_code":"78368","country":"US","city":"Mathis","state":"Texas","state_ab":"TX","county":"San Patricio","geo_location":{ "type": "Point", "coordinates": [-97.8097, 28.0802] }},
{"zip_code":"75705","country":"US","city":"Tyler","state":"Texas","state_ab":"TX","county":"Smith","geo_location":{ "type": "Point", "coordinates": [-95.1252, 32.3766] }},
{"zip_code":"75798","country":"US","city":"Tyler","state":"Texas","state_ab":"TX","county":"Smith","geo_location":{ "type": "Point", "coordinates": [-95.2899, 32.4112] }},
{"zip_code":"78548","country":"US","city":"Grulla","state":"Texas","state_ab":"TX","county":"Starr","geo_location":{ "type": "Point", "coordinates": [-98.6479, 26.2897] }},
{"zip_code":"78588","country":"US","city":"San Isidro","state":"Texas","state_ab":"TX","county":"Starr","geo_location":{ "type": "Point", "coordinates": [-98.4819, 26.7342] }},
{"zip_code":"79088","country":"US","city":"Tulia","state":"Texas","state_ab":"TX","county":"Swisher","geo_location":{ "type": "Point", "coordinates": [-101.8039, 34.5583] }},
{"zip_code":"76012","country":"US","city":"Arlington","state":"Texas","state_ab":"TX","county":"Tarrant","geo_location":{ "type": "Point", "coordinates": [-97.1348, 32.754] }},
{"zip_code":"76052","country":"US","city":"Haslet","state":"Texas","state_ab":"TX","county":"Tarrant","geo_location":{ "type": "Point", "coordinates": [-97.3372, 32.9557] }},
{"zip_code":"76092","country":"US","city":"Southlake","state":"Texas","state_ab":"TX","county":"Tarrant","geo_location":{ "type": "Point", "coordinates": [-97.1524, 32.9485] }},
{"zip_code":"76102","country":"US","city":"Fort Worth","state":"Texas","state_ab":"TX","county":"Tarrant","geo_location":{ "type": "Point", "coordinates": [-97.328, 32.7589] }},
{"zip_code":"76115","country":"US","city":"Fort Worth","state":"Texas","state_ab":"TX","county":"Tarrant","geo_location":{ "type": "Point", "coordinates": [-97.3336, 32.6796] }},
{"zip_code":"76155","country":"US","city":"Fort Worth","state":"Texas","state_ab":"TX","county":"Tarrant","geo_location":{ "type": "Point", "coordinates": [-97.0503, 32.8247] }},
{"zip_code":"76182","country":"US","city":"North Richland Hills","state":"Texas","state_ab":"TX","county":"Tarrant","geo_location":{ "type": "Point", "coordinates": [-97.2098, 32.8828] }},
{"zip_code":"76195","country":"US","city":"Fort Worth","state":"Texas","state_ab":"TX","county":"Tarrant","geo_location":{ "type": "Point", "coordinates": [-97.2915, 32.7714] }},
{"zip_code":"79602","country":"US","city":"Abilene","state":"Texas","state_ab":"TX","county":"Taylor","geo_location":{ "type": "Point", "coordinates": [-99.7214, 32.4178] }},
{"zip_code":"79848","country":"US","city":"Sanderson","state":"Texas","state_ab":"TX","county":"Terrell","geo_location":{ "type": "Point", "coordinates": [-102.3974, 30.1221] }},
{"zip_code":"79345","country":"US","city":"Meadow","state":"Texas","state_ab":"TX","county":"Terry","geo_location":{ "type": "Point", "coordinates": [-102.2492, 33.3321] }},
{"zip_code":"76902","country":"US","city":"San Angelo","state":"Texas","state_ab":"TX","county":"Tom Green","geo_location":{ "type": "Point", "coordinates": [-100.6896, 31.3958] }},
{"zip_code":"76955","country":"US","city":"Vancourt","state":"Texas","state_ab":"TX","county":"Tom Green","geo_location":{ "type": "Point", "coordinates": [-100.1328, 31.3132] }},
{"zip_code":"78652","country":"US","city":"Manchaca","state":"Texas","state_ab":"TX","county":"Travis","geo_location":{ "type": "Point", "coordinates": [-97.8393, 30.1238] }},
{"zip_code":"78702","country":"US","city":"Austin","state":"Texas","state_ab":"TX","county":"Travis","geo_location":{ "type": "Point", "coordinates": [-97.7166, 30.2638] }},
{"zip_code":"78715","country":"US","city":"Austin","state":"Texas","state_ab":"TX","county":"Travis","geo_location":{ "type": "Point", "coordinates": [-97.4865, 30.4501] }},
{"zip_code":"78728","country":"US","city":"Austin","state":"Texas","state_ab":"TX","county":"Travis","geo_location":{ "type": "Point", "coordinates": [-97.6811, 30.4417] }},
{"zip_code":"78742","country":"US","city":"Austin","state":"Texas","state_ab":"TX","county":"Travis","geo_location":{ "type": "Point", "coordinates": [-97.6703, 30.2313] }},
{"zip_code":"78755","country":"US","city":"Austin","state":"Texas","state_ab":"TX","county":"Travis","geo_location":{ "type": "Point", "coordinates": [-97.7713, 30.3264] }},
{"zip_code":"78768","country":"US","city":"Austin","state":"Texas","state_ab":"TX","county":"Travis","geo_location":{ "type": "Point", "coordinates": [-97.7713, 30.3264] }},
{"zip_code":"78782","country":"US","city":"Austin","state":"Texas","state_ab":"TX","county":"Travis","geo_location":{ "type": "Point", "coordinates": [-97.7713, 30.3264] }},
{"zip_code":"75862","country":"US","city":"Trinity","state":"Texas","state_ab":"TX","county":"Trinity","geo_location":{ "type": "Point", "coordinates": [-95.3403, 30.942] }},
{"zip_code":"75938","country":"US","city":"Colmesneil","state":"Texas","state_ab":"TX","county":"Tyler","geo_location":{ "type": "Point", "coordinates": [-94.3916, 30.9007] }},
{"zip_code":"77905","country":"US","city":"Victoria","state":"Texas","state_ab":"TX","county":"Victoria","geo_location":{ "type": "Point", "coordinates": [-97.0338, 28.7525] }},
{"zip_code":"78045","country":"US","city":"Laredo","state":"Texas","state_ab":"TX","county":"Webb","geo_location":{ "type": "Point", "coordinates": [-99.5923, 27.6357] }},
{"zip_code":"77455","country":"US","city":"Louise","state":"Texas","state_ab":"TX","county":"Wharton","geo_location":{ "type": "Point", "coordinates": [-96.3924, 29.1491] }},
{"zip_code":"76308","country":"US","city":"Wichita Falls","state":"Texas","state_ab":"TX","county":"Wichita","geo_location":{ "type": "Point", "coordinates": [-98.534, 33.8633] }},
{"zip_code":"78665","country":"US","city":"Round Rock","state":"Texas","state_ab":"TX","county":"Williamson","geo_location":{ "type": "Point", "coordinates": [-97.668, 30.5145] }},
{"zip_code":"79745","country":"US","city":"Kermit","state":"Texas","state_ab":"TX","county":"Winkler","geo_location":{ "type": "Point", "coordinates": [-103.0913, 31.855] }},
{"zip_code":"76078","country":"US","city":"Rhome","state":"Texas","state_ab":"TX","county":"Wise","geo_location":{ "type": "Point", "coordinates": [-97.4817, 33.054] }},
{"zip_code":"78872","country":"US","city":"La Pryor","state":"Texas","state_ab":"TX","county":"Zavala","geo_location":{ "type": "Point", "coordinates": [-99.8507, 28.9488] }},
{"zip_code":"84305","country":"US","city":"Clarkston","state":"Utah","state_ab":"UT","county":"Cache","geo_location":{ "type": "Point", "coordinates": [-112.0486, 41.9188] }},
{"zip_code":"84318","country":"US","city":"Hyde Park","state":"Utah","state_ab":"UT","county":"Cache","geo_location":{ "type": "Point", "coordinates": [-111.8123, 41.8] }},
{"zip_code":"84332","country":"US","city":"Providence","state":"Utah","state_ab":"UT","county":"Cache","geo_location":{ "type": "Point", "coordinates": [-111.8123, 41.7] }},
{"zip_code":"84075","country":"US","city":"Syracuse","state":"Utah","state_ab":"UT","county":"Davis","geo_location":{ "type": "Point", "coordinates": [-112.0451, 41.0864] }},
{"zip_code":"84525","country":"US","city":"Green River","state":"Utah","state_ab":"UT","county":"Emery","geo_location":{ "type": "Point", "coordinates": [-110.1598, 39.0002] }},
{"zip_code":"84718","country":"US","city":"Cannonville","state":"Utah","state_ab":"UT","county":"Garfield","geo_location":{ "type": "Point", "coordinates": [-112.0451, 37.5396] }},
{"zip_code":"84772","country":"US","city":"Summit","state":"Utah","state_ab":"UT","county":"Iron","geo_location":{ "type": "Point", "coordinates": [-112.9, 37.8159] }},
{"zip_code":"84628","country":"US","city":"Eureka","state":"Utah","state_ab":"UT","county":"Juab","geo_location":{ "type": "Point", "coordinates": [-112.1174, 39.9541] }},
{"zip_code":"84758","country":"US","city":"Orderville","state":"Utah","state_ab":"UT","county":"Kane","geo_location":{ "type": "Point", "coordinates": [-112.642, 37.2744] }},
{"zip_code":"84732","country":"US","city":"Greenwich","state":"Utah","state_ab":"UT","county":"Piute","geo_location":{ "type": "Point", "coordinates": [-111.9023, 38.4454] }},
{"zip_code":"84088","country":"US","city":"West Jordan","state":"Utah","state_ab":"UT","county":"Salt Lake","geo_location":{ "type": "Point", "coordinates": [-111.9644, 40.5959] }},
{"zip_code":"84112","country":"US","city":"Salt Lake City","state":"Utah","state_ab":"UT","county":"Salt Lake","geo_location":{ "type": "Point", "coordinates": [-111.8403, 40.7659] }},
{"zip_code":"84125","country":"US","city":"Salt Lake City","state":"Utah","state_ab":"UT","county":"Salt Lake","geo_location":{ "type": "Point", "coordinates": [-111.9083, 40.6681] }},
{"zip_code":"84138","country":"US","city":"Salt Lake City","state":"Utah","state_ab":"UT","county":"Salt Lake","geo_location":{ "type": "Point", "coordinates": [-111.7483, 40.6716] }},
{"zip_code":"84152","country":"US","city":"Salt Lake City","state":"Utah","state_ab":"UT","county":"Salt Lake","geo_location":{ "type": "Point", "coordinates": [-111.6627, 40.7286] }},
{"zip_code":"84165","country":"US","city":"Salt Lake City","state":"Utah","state_ab":"UT","county":"Salt Lake","geo_location":{ "type": "Point", "coordinates": [-111.9083, 40.6681] }},
{"zip_code":"84512","country":"US","city":"Bluff","state":"Utah","state_ab":"UT","county":"San Juan","geo_location":{ "type": "Point", "coordinates": [-109.4799, 37.6247] }},
{"zip_code":"84642","country":"US","city":"Manti","state":"Utah","state_ab":"UT","county":"Sanpete","geo_location":{ "type": "Point", "coordinates": [-111.6514, 39.2354] }},
{"zip_code":"84022","country":"US","city":"Dugway","state":"Utah","state_ab":"UT","county":"Tooele","geo_location":{ "type": "Point", "coordinates": [-112.6898, 40.2708] }},
{"zip_code":"84008","country":"US","city":"Bonanza","state":"Utah","state_ab":"UT","county":"Uintah","geo_location":{ "type": "Point", "coordinates": [-109.5056, 40.4431] }},
{"zip_code":"84035","country":"US","city":"Jensen","state":"Utah","state_ab":"UT","county":"Uintah","geo_location":{ "type": "Point", "coordinates": [-109.351, 40.3787] }},
{"zip_code":"84062","country":"US","city":"Pleasant Grove","state":"Utah","state_ab":"UT","county":"Utah","geo_location":{ "type": "Point", "coordinates": [-111.7333, 40.372] }},
{"zip_code":"84602","country":"US","city":"Provo","state":"Utah","state_ab":"UT","county":"Utah","geo_location":{ "type": "Point", "coordinates": [-111.7325, 40.3563] }},
{"zip_code":"84655","country":"US","city":"Santaquin","state":"Utah","state_ab":"UT","county":"Utah","geo_location":{ "type": "Point", "coordinates": [-111.8037, 39.9737] }},
{"zip_code":"84745","country":"US","city":"La Verkin","state":"Utah","state_ab":"UT","county":"Washington","geo_location":{ "type": "Point", "coordinates": [-113.2446, 37.2316] }},
{"zip_code":"84408","country":"US","city":"Ogden","state":"Utah","state_ab":"UT","county":"Weber","geo_location":{ "type": "Point", "coordinates": [-111.9485, 41.1956] }},
{"zip_code":"23308","country":"US","city":"Bloxom","state":"Virginia","state_ab":"VA","county":"Accomack","geo_location":{ "type": "Point", "coordinates": [-75.6156, 37.8273] }},
{"zip_code":"23412","country":"US","city":"Modest Town","state":"Virginia","state_ab":"VA","county":"Accomack","geo_location":{ "type": "Point", "coordinates": [-75.6035, 37.7904] }},
{"zip_code":"24572","country":"US","city":"Madison Heights","state":"Virginia","state_ab":"VA","county":"Amherst","geo_location":{ "type": "Point", "coordinates": [-79.1141, 37.4531] }},
{"zip_code":"22202","country":"US","city":"Arlington","state":"Virginia","state_ab":"VA","county":"Arlington","geo_location":{ "type": "Point", "coordinates": [-77.0592, 38.8565] }},
{"zip_code":"22215","country":"US","city":"Arlington","state":"Virginia","state_ab":"VA","county":"Arlington","geo_location":{ "type": "Point", "coordinates": [-77.1129, 38.8808] }},
{"zip_code":"22242","country":"US","city":"Arlington","state":"Virginia","state_ab":"VA","county":"Arlington","geo_location":{ "type": "Point", "coordinates": [-77.0523, 38.8509] }},
{"zip_code":"22952","country":"US","city":"Lyndhurst","state":"Virginia","state_ab":"VA","county":"Augusta","geo_location":{ "type": "Point", "coordinates": [-78.9361, 37.9744] }},
{"zip_code":"24482","country":"US","city":"Verona","state":"Virginia","state_ab":"VA","county":"Augusta","geo_location":{ "type": "Point", "coordinates": [-79.0059, 38.2037] }},
{"zip_code":"24095","country":"US","city":"Goodview","state":"Virginia","state_ab":"VA","county":"Bedford","geo_location":{ "type": "Point", "coordinates": [-79.7429, 37.2123] }},
{"zip_code":"22538","country":"US","city":"Rappahannock Academy","state":"Virginia","state_ab":"VA","county":"Caroline","geo_location":{ "type": "Point", "coordinates": [-77.2502, 38.2079] }},
{"zip_code":"22552","country":"US","city":"Sparta","state":"Virginia","state_ab":"VA","county":"Caroline","geo_location":{ "type": "Point", "coordinates": [-77.2251, 38.0094] }},
{"zip_code":"24325","country":"US","city":"Dugspur","state":"Virginia","state_ab":"VA","county":"Carroll","geo_location":{ "type": "Point", "coordinates": [-80.6123, 36.8145] }},
{"zip_code":"24352","country":"US","city":"Laurel Fork","state":"Virginia","state_ab":"VA","county":"Carroll","geo_location":{ "type": "Point", "coordinates": [-80.5148, 36.7073] }},
{"zip_code":"23838","country":"US","city":"Chesterfield","state":"Virginia","state_ab":"VA","county":"Chesterfield","geo_location":{ "type": "Point", "coordinates": [-77.6343, 37.3333] }},
{"zip_code":"22718","country":"US","city":"Elkwood","state":"Virginia","state_ab":"VA","county":"Culpeper","geo_location":{ "type": "Point", "coordinates": [-77.817, 38.4652] }},
{"zip_code":"23115","country":"US","city":"Millers Tavern","state":"Virginia","state_ab":"VA","county":"Essex","geo_location":{ "type": "Point", "coordinates": [-76.9138, 37.8364] }},
{"zip_code":"20172","country":"US","city":"Herndon","state":"Virginia","state_ab":"VA","county":"Fairfax","geo_location":{ "type": "Point", "coordinates": [-77.2888, 38.8318] }},
{"zip_code":"22022","country":"US","city":"Chantilly","state":"Virginia","state_ab":"VA","county":"Fairfax County","geo_location":{ "type": "Point", "coordinates": [-77.4312, 38.8941] }},
{"zip_code":"22035","country":"US","city":"Fairfax","state":"Virginia","state_ab":"VA","county":"Fairfax","geo_location":{ "type": "Point", "coordinates": [-77.3616, 38.8557] }},
{"zip_code":"22152","country":"US","city":"Springfield","state":"Virginia","state_ab":"VA","county":"Fairfax","geo_location":{ "type": "Point", "coordinates": [-77.2337, 38.7757] }},
{"zip_code":"20185","country":"US","city":"Upperville","state":"Virginia","state_ab":"VA","county":"Fauquier","geo_location":{ "type": "Point", "coordinates": [-77.8799, 38.993] }},
{"zip_code":"20198","country":"US","city":"The Plains","state":"Virginia","state_ab":"VA","county":"Fauquier","geo_location":{ "type": "Point", "coordinates": [-77.7608, 38.8707] }},
{"zip_code":"24105","country":"US","city":"Indian Valley","state":"Virginia","state_ab":"VA","county":"Floyd","geo_location":{ "type": "Point", "coordinates": [-80.5757, 36.899] }},
{"zip_code":"22602","country":"US","city":"Winchester","state":"Virginia","state_ab":"VA","county":"Frederick","geo_location":{ "type": "Point", "coordinates": [-78.269, 39.1501] }},
{"zip_code":"22655","country":"US","city":"Stephens City","state":"Virginia","state_ab":"VA","county":"Frederick","geo_location":{ "type": "Point", "coordinates": [-78.1907, 39.0834] }},
{"zip_code":"23155","country":"US","city":"Severn","state":"Virginia","state_ab":"VA","county":"Gloucester","geo_location":{ "type": "Point", "coordinates": [-76.5084, 37.4182] }},
{"zip_code":"23038","country":"US","city":"Columbia","state":"Virginia","state_ab":"VA","county":"Goochland","geo_location":{ "type": "Point", "coordinates": [-78.1794, 37.7147] }},
{"zip_code":"23065","country":"US","city":"Gum Spring","state":"Virginia","state_ab":"VA","county":"Goochland","geo_location":{ "type": "Point", "coordinates": [-77.9375, 37.7982] }},
{"zip_code":"23102","country":"US","city":"Maidens","state":"Virginia","state_ab":"VA","county":"Goochland","geo_location":{ "type": "Point", "coordinates": [-77.8315, 37.7126] }},
{"zip_code":"24378","country":"US","city":"Trout Dale","state":"Virginia","state_ab":"VA","county":"Grayson","geo_location":{ "type": "Point", "coordinates": [-81.435, 36.6855] }},
{"zip_code":"22965","country":"US","city":"Quinque","state":"Virginia","state_ab":"VA","county":"Greene","geo_location":{ "type": "Point", "coordinates": [-78.475, 38.3301] }},
{"zip_code":"24558","country":"US","city":"Halifax","state":"Virginia","state_ab":"VA","county":"Halifax","geo_location":{ "type": "Point", "coordinates": [-78.9415, 36.7626] }},
{"zip_code":"24585","country":"US","city":"Republican Grove","state":"Virginia","state_ab":"VA","county":"Halifax","geo_location":{ "type": "Point", "coordinates": [-78.8839, 36.8015] }},
{"zip_code":"24598","country":"US","city":"Virgilina","state":"Virginia","state_ab":"VA","county":"Halifax","geo_location":{ "type": "Point", "coordinates": [-78.7605, 36.6062] }},
{"zip_code":"24055","country":"US","city":"Bassett","state":"Virginia","state_ab":"VA","county":"Henry","geo_location":{ "type": "Point", "coordinates": [-80.0055, 36.7534] }},
{"zip_code":"24442","country":"US","city":"Head Waters","state":"Virginia","state_ab":"VA","county":"Highland","geo_location":{ "type": "Point", "coordinates": [-79.4353, 38.2946] }},
{"zip_code":"24468","country":"US","city":"Mustoe","state":"Virginia","state_ab":"VA","county":"Highland","geo_location":{ "type": "Point", "coordinates": [-79.5592, 38.386] }},
{"zip_code":"23168","country":"US","city":"Toano","state":"Virginia","state_ab":"VA","county":"James City","geo_location":{ "type": "Point", "coordinates": [-76.8253, 37.3901] }},
{"zip_code":"22448","country":"US","city":"Dahlgren","state":"Virginia","state_ab":"VA","county":"King George","geo_location":{ "type": "Point", "coordinates": [-77.0429, 38.3375] }},
{"zip_code":"22578","country":"US","city":"White Stone","state":"Virginia","state_ab":"VA","county":"Lancaster","geo_location":{ "type": "Point", "coordinates": [-76.3616, 37.6886] }},
{"zip_code":"24248","country":"US","city":"Ewing","state":"Virginia","state_ab":"VA","county":"Lee","geo_location":{ "type": "Point", "coordinates": [-83.5047, 36.6237] }},
{"zip_code":"20105","country":"US","city":"Aldie","state":"Virginia","state_ab":"VA","county":"Loudoun","geo_location":{ "type": "Point", "coordinates": [-77.6038, 38.9577] }},
{"zip_code":"20118","country":"US","city":"Middleburg","state":"Virginia","state_ab":"VA","county":"Loudoun","geo_location":{ "type": "Point", "coordinates": [-77.7656, 39.0075] }},
{"zip_code":"20132","country":"US","city":"Purcellville","state":"Virginia","state_ab":"VA","county":"Loudoun","geo_location":{ "type": "Point", "coordinates": [-77.7342, 39.1436] }},
{"zip_code":"20158","country":"US","city":"Hamilton","state":"Virginia","state_ab":"VA","county":"Loudoun","geo_location":{ "type": "Point", "coordinates": [-77.6573, 39.1383] }},
{"zip_code":"22075","country":"US","city":"Leesburg","state":"Virginia","state_ab":"VA","county":"Loudoun County","geo_location":{ "type": "Point", "coordinates": [-77.5652, 39.1144] }},
{"zip_code":"22732","country":"US","city":"Radiant","state":"Virginia","state_ab":"VA","county":"Madison","geo_location":{ "type": "Point", "coordinates": [-78.1899, 38.3146] }},
{"zip_code":"23025","country":"US","city":"Cardinal","state":"Virginia","state_ab":"VA","county":"Mathews","geo_location":{ "type": "Point", "coordinates": [-76.3616, 37.4128] }},
{"zip_code":"23128","country":"US","city":"North","state":"Virginia","state_ab":"VA","county":"Mathews","geo_location":{ "type": "Point", "coordinates": [-76.4238, 37.4401] }},
{"zip_code":"23915","country":"US","city":"Baskerville","state":"Virginia","state_ab":"VA","county":"Mecklenburg","geo_location":{ "type": "Point", "coordinates": [-78.279, 36.7236] }},
{"zip_code":"23968","country":"US","city":"Skipwith","state":"Virginia","state_ab":"VA","county":"Mecklenburg","geo_location":{ "type": "Point", "coordinates": [-78.5306, 36.7317] }},
{"zip_code":"23092","country":"US","city":"Locust Hill","state":"Virginia","state_ab":"VA","county":"Middlesex","geo_location":{ "type": "Point", "coordinates": [-76.4984, 37.5826] }},
{"zip_code":"24068","country":"US","city":"Christiansburg","state":"Virginia","state_ab":"VA","county":"Montgomery","geo_location":{ "type": "Point", "coordinates": [-80.4184, 37.1548] }},
{"zip_code":"22938","country":"US","city":"Faber","state":"Virginia","state_ab":"VA","county":"Nelson","geo_location":{ "type": "Point", "coordinates": [-78.7565, 37.8475] }},
{"zip_code":"22435","country":"US","city":"Callao","state":"Virginia","state_ab":"VA","county":"Northumberland","geo_location":{ "type": "Point", "coordinates": [-76.5732, 37.9773] }},
{"zip_code":"23825","country":"US","city":"Blackstone","state":"Virginia","state_ab":"VA","county":"Nottoway County","geo_location":{ "type": "Point", "coordinates": [-77.9955, 37.0862] }},
{"zip_code":"23955","country":"US","city":"Nottoway","state":"Virginia","state_ab":"VA","county":"Nottoway","geo_location":{ "type": "Point", "coordinates": [-78.0578, 37.1161] }},
{"zip_code":"22835","country":"US","city":"Luray","state":"Virginia","state_ab":"VA","county":"Page","geo_location":{ "type": "Point", "coordinates": [-78.4596, 38.6548] }},
{"zip_code":"24082","country":"US","city":"Critz","state":"Virginia","state_ab":"VA","county":"Patrick","geo_location":{ "type": "Point", "coordinates": [-80.1298, 36.6211] }},
{"zip_code":"24185","country":"US","city":"Woolwine","state":"Virginia","state_ab":"VA","county":"Patrick","geo_location":{ "type": "Point", "coordinates": [-80.2774, 36.7921] }},
{"zip_code":"23942","country":"US","city":"Green Bay","state":"Virginia","state_ab":"VA","county":"Prince Edward","geo_location":{ "type": "Point", "coordinates": [-78.3072, 37.1234] }},
{"zip_code":"22125","country":"US","city":"Occoquan","state":"Virginia","state_ab":"VA","county":"Prince William","geo_location":{ "type": "Point", "coordinates": [-77.2605, 38.6816] }},
{"zip_code":"22192","country":"US","city":"Woodbridge","state":"Virginia","state_ab":"VA","county":"Prince William","geo_location":{ "type": "Point", "coordinates": [-77.3163, 38.676] }},
{"zip_code":"24132","country":"US","city":"Parrott","state":"Virginia","state_ab":"VA","county":"Pulaski","geo_location":{ "type": "Point", "coordinates": [-80.6205, 37.2048] }},
{"zip_code":"24415","country":"US","city":"Brownsburg","state":"Virginia","state_ab":"VA","county":"Rockbridge","geo_location":{ "type": "Point", "coordinates": [-79.3292, 37.9265] }},
{"zip_code":"22848","country":"US","city":"Pleasant Valley","state":"Virginia","state_ab":"VA","county":"Rockingham","geo_location":{ "type": "Point", "coordinates": [-78.8914, 38.3847] }},
{"zip_code":"23878","country":"US","city":"Sedley","state":"Virginia","state_ab":"VA","county":"Southampton","geo_location":{ "type": "Point", "coordinates": [-77.0125, 36.7908] }},
{"zip_code":"22408","country":"US","city":"Fredericksburg","state":"Virginia","state_ab":"VA","county":"Spotsylvania","geo_location":{ "type": "Point", "coordinates": [-77.4681, 38.2481] }},
{"zip_code":"22565","country":"US","city":"Thornburg","state":"Virginia","state_ab":"VA","county":"Spotsylvania","geo_location":{ "type": "Point", "coordinates": [-77.5189, 38.1372] }},
{"zip_code":"24608","country":"US","city":"Burkes Garden","state":"Virginia","state_ab":"VA","county":"Tazewell","geo_location":{ "type": "Point", "coordinates": [-81.5634, 37.1355] }},
{"zip_code":"24622","country":"US","city":"Jewell Ridge","state":"Virginia","state_ab":"VA","county":"Tazewell","geo_location":{ "type": "Point", "coordinates": [-81.7956, 37.2094] }},
{"zip_code":"24635","country":"US","city":"Pocahontas","state":"Virginia","state_ab":"VA","county":"Tazewell","geo_location":{ "type": "Point", "coordinates": [-81.3425, 37.3054] }},
{"zip_code":"22642","country":"US","city":"Linden","state":"Virginia","state_ab":"VA","county":"Warren","geo_location":{ "type": "Point", "coordinates": [-78.0478, 38.8812] }},
{"zip_code":"22488","country":"US","city":"Kinsale","state":"Virginia","state_ab":"VA","county":"Westmoreland","geo_location":{ "type": "Point", "coordinates": [-76.5855, 38.0505] }},
{"zip_code":"24312","country":"US","city":"Austinville","state":"Virginia","state_ab":"VA","county":"Wythe","geo_location":{ "type": "Point", "coordinates": [-80.8583, 36.8195] }},
{"zip_code":"22305","country":"US","city":"Alexandria","state":"Virginia","state_ab":"VA","county":"Alexandria (city)","geo_location":{ "type": "Point", "coordinates": [-77.064, 38.8372] }},
{"zip_code":"22332","country":"US","city":"Alexandria","state":"Virginia","state_ab":"VA","county":"Alexandria (city)","geo_location":{ "type": "Point", "coordinates": [-77.0727, 38.8031] }},
{"zip_code":"23322","country":"US","city":"Chesapeake","state":"Virginia","state_ab":"VA","county":"Chesapeake (city)","geo_location":{ "type": "Point", "coordinates": [-76.242, 36.6434] }},
{"zip_code":"24505","country":"US","city":"Lynchburg","state":"Virginia","state_ab":"VA","county":"Lynchburg (city)","geo_location":{ "type": "Point", "coordinates": [-79.1785, 37.4009] }},
{"zip_code":"23605","country":"US","city":"Newport News","state":"Virginia","state_ab":"VA","county":"Newport News (city)","geo_location":{ "type": "Point", "coordinates": [-76.4332, 37.0156] }},
{"zip_code":"23502","country":"US","city":"Norfolk","state":"Virginia","state_ab":"VA","county":"Norfolk (city)","geo_location":{ "type": "Point", "coordinates": [-76.2143, 36.8546] }},
{"zip_code":"23515","country":"US","city":"Norfolk","state":"Virginia","state_ab":"VA","county":"Norfolk (city)","geo_location":{ "type": "Point", "coordinates": [-76.2397, 36.9312] }},
{"zip_code":"23708","country":"US","city":"Portsmouth","state":"Virginia","state_ab":"VA","county":"Portsmouth (city)","geo_location":{ "type": "Point", "coordinates": [-76.3552, 36.8686] }},
{"zip_code":"23205","country":"US","city":"Richmond","state":"Virginia","state_ab":"VA","county":"City of Richmond","geo_location":{ "type": "Point", "coordinates": [-77.4471, 37.5593] }},
{"zip_code":"23218","country":"US","city":"Richmond","state":"Virginia","state_ab":"VA","county":"Richmond (city)","geo_location":{ "type": "Point", "coordinates": [-77.4932, 37.5242] }},
{"zip_code":"23232","country":"US","city":"Richmond","state":"Virginia","state_ab":"VA","county":"Richmond (city)","geo_location":{ "type": "Point", "coordinates": [-77.4084, 37.5202] }},
{"zip_code":"23272","country":"US","city":"Richmond","state":"Virginia","state_ab":"VA","county":"Richmond (city)","geo_location":{ "type": "Point", "coordinates": [-77.4932, 37.5242] }},
{"zip_code":"23285","country":"US","city":"Richmond","state":"Virginia","state_ab":"VA","county":"Richmond (city)","geo_location":{ "type": "Point", "coordinates": [-77.4932, 37.5242] }},
{"zip_code":"23298","country":"US","city":"Richmond","state":"Virginia","state_ab":"VA","county":"Richmond (city)","geo_location":{ "type": "Point", "coordinates": [-77.4316, 37.5406] }},
{"zip_code":"24002","country":"US","city":"Roanoke","state":"Virginia","state_ab":"VA","county":"Roanoke (city)","geo_location":{ "type": "Point", "coordinates": [-79.9579, 37.2742] }},
{"zip_code":"24015","country":"US","city":"Roanoke","state":"Virginia","state_ab":"VA","county":"Roanoke (city)","geo_location":{ "type": "Point", "coordinates": [-79.9807, 37.2584] }},
{"zip_code":"24028","country":"US","city":"Roanoke","state":"Virginia","state_ab":"VA","county":"Roanoke (city)","geo_location":{ "type": "Point", "coordinates": [-79.9579, 37.2742] }},
{"zip_code":"24042","country":"US","city":"Roanoke","state":"Virginia","state_ab":"VA","county":"Roanoke (city)","geo_location":{ "type": "Point", "coordinates": [-79.9392, 37.2717] }},
{"zip_code":"24402","country":"US","city":"Staunton","state":"Virginia","state_ab":"VA","county":"Staunton (city)","geo_location":{ "type": "Point", "coordinates": [-79.0629, 38.1593] }},
{"zip_code":"23438","country":"US","city":"Suffolk","state":"Virginia","state_ab":"VA","county":"Suffolk (city)","geo_location":{ "type": "Point", "coordinates": [-76.6871, 36.5913] }},
{"zip_code":"23452","country":"US","city":"Virginia Beach","state":"Virginia","state_ab":"VA","county":"Virginia Beach (city)","geo_location":{ "type": "Point", "coordinates": [-76.0961, 36.8348] }},
{"zip_code":"23465","country":"US","city":"Virginia Beach","state":"Virginia","state_ab":"VA","county":"Virginia Beach (city)","geo_location":{ "type": "Point", "coordinates": [-76.1692, 36.8512] }},
{"zip_code":"5748","country":"US","city":"Hancock","state":"Vermont","state_ab":"VT","county":"Addison","geo_location":{ "type": "Point", "coordinates": [-72.9133, 43.9125] }},
{"zip_code":"5838","country":"US","city":"East Saint Johnsbury","state":"Vermont","state_ab":"VT","county":"Caledonia","geo_location":{ "type": "Point", "coordinates": [-71.9301, 44.4685] }},
{"zip_code":"5452","country":"US","city":"Essex Junction","state":"Vermont","state_ab":"VT","county":"Chittenden","geo_location":{ "type": "Point", "coordinates": [-73.0906, 44.5035] }},
{"zip_code":"5465","country":"US","city":"Jericho","state":"Vermont","state_ab":"VT","county":"Chittenden","geo_location":{ "type": "Point", "coordinates": [-72.9552, 44.459] }},
{"zip_code":"5902","country":"US","city":"Beecher Falls","state":"Vermont","state_ab":"VT","county":"Essex","geo_location":{ "type": "Point", "coordinates": [-71.4907, 45.0085] }},
{"zip_code":"5478","country":"US","city":"Saint Albans","state":"Vermont","state_ab":"VT","county":"Franklin","geo_location":{ "type": "Point", "coordinates": [-73.089, 44.8111] }},
{"zip_code":"5492","country":"US","city":"Waterville","state":"Vermont","state_ab":"VT","county":"Lamoille","geo_location":{ "type": "Point", "coordinates": [-72.7596, 44.7124] }},
{"zip_code":"5672","country":"US","city":"Stowe","state":"Vermont","state_ab":"VT","county":"Lamoille","geo_location":{ "type": "Point", "coordinates": [-72.6923, 44.4695] }},
{"zip_code":"5038","country":"US","city":"Chelsea","state":"Vermont","state_ab":"VT","county":"Orange","geo_location":{ "type": "Point", "coordinates": [-72.4793, 44.0039] }},
{"zip_code":"5825","country":"US","city":"Coventry","state":"Vermont","state_ab":"VT","county":"Orleans","geo_location":{ "type": "Point", "coordinates": [-72.2264, 44.7756] }},
{"zip_code":"5735","country":"US","city":"Castleton","state":"Vermont","state_ab":"VT","county":"Rutland","geo_location":{ "type": "Point", "coordinates": [-73.1708, 43.6223] }},
{"zip_code":"5762","country":"US","city":"Pittsfield","state":"Vermont","state_ab":"VT","county":"Rutland","geo_location":{ "type": "Point", "coordinates": [-72.8181, 43.592] }},
{"zip_code":"5775","country":"US","city":"West Pawlet","state":"Vermont","state_ab":"VT","county":"Rutland","geo_location":{ "type": "Point", "coordinates": [-73.2313, 43.3667] }},
{"zip_code":"5658","country":"US","city":"Marshfield","state":"Vermont","state_ab":"VT","county":"Washington","geo_location":{ "type": "Point", "coordinates": [-72.375, 44.3218] }},
{"zip_code":"5155","country":"US","city":"South Londonderry","state":"Vermont","state_ab":"VT","county":"Windham","geo_location":{ "type": "Point", "coordinates": [-72.8515, 43.1699] }},
{"zip_code":"5362","country":"US","city":"Williamsville","state":"Vermont","state_ab":"VT","county":"Windham","geo_location":{ "type": "Point", "coordinates": [-72.6611, 42.9364] }},
{"zip_code":"5052","country":"US","city":"North Hartland","state":"Vermont","state_ab":"VT","county":"Windsor","geo_location":{ "type": "Point", "coordinates": [-72.3526, 43.5967] }},
{"zip_code":"5065","country":"US","city":"Sharon","state":"Vermont","state_ab":"VT","county":"Windsor","geo_location":{ "type": "Point", "coordinates": [-72.4243, 43.7748] }},
{"zip_code":"5142","country":"US","city":"Cavendish","state":"Vermont","state_ab":"VT","county":"Windsor","geo_location":{ "type": "Point", "coordinates": [-72.6092, 43.3766] }},
{"zip_code":"99105","country":"US","city":"Benge","state":"Washington","state_ab":"WA","county":"Adams","geo_location":{ "type": "Point", "coordinates": [-118.1611, 46.8591] }},
{"zip_code":"99402","country":"US","city":"Asotin","state":"Washington","state_ab":"WA","county":"Asotin","geo_location":{ "type": "Point", "coordinates": [-117.0015, 46.1343] }},
{"zip_code":"99338","country":"US","city":"Kennewick","state":"Washington","state_ab":"WA","county":"Benton","geo_location":{ "type": "Point", "coordinates": [-119.264, 46.156] }},
{"zip_code":"99352","country":"US","city":"Richland","state":"Washington","state_ab":"WA","county":"Benton","geo_location":{ "type": "Point", "coordinates": [-119.288, 46.2522] }},
{"zip_code":"98852","country":"US","city":"Stehekin","state":"Washington","state_ab":"WA","county":"Chelan","geo_location":{ "type": "Point", "coordinates": [-120.5202, 47.9058] }},
{"zip_code":"98362","country":"US","city":"Port Angeles","state":"Washington","state_ab":"WA","county":"Clallam","geo_location":{ "type": "Point", "coordinates": [-123.4384, 48.1065] }},
{"zip_code":"98685","country":"US","city":"Vancouver","state":"Washington","state_ab":"WA","county":"Clark","geo_location":{ "type": "Point", "coordinates": [-122.6899, 45.7162] }},
{"zip_code":"98632","country":"US","city":"Longview","state":"Washington","state_ab":"WA","county":"Cowlitz","geo_location":{ "type": "Point", "coordinates": [-122.9634, 46.1514] }},
{"zip_code":"98645","country":"US","city":"Silverlake","state":"Washington","state_ab":"WA","county":"Cowlitz","geo_location":{ "type": "Point", "coordinates": [-122.7649, 46.3163] }},
{"zip_code":"99118","country":"US","city":"Curlew","state":"Washington","state_ab":"WA","county":"Ferry","geo_location":{ "type": "Point", "coordinates": [-118.6452, 48.9108] }},
{"zip_code":"98568","country":"US","city":"Oakville","state":"Washington","state_ab":"WA","county":"Grays Harbor","geo_location":{ "type": "Point", "coordinates": [-123.2493, 46.8434] }},
{"zip_code":"98595","country":"US","city":"Westport","state":"Washington","state_ab":"WA","county":"Grays Harbor","geo_location":{ "type": "Point", "coordinates": [-124.1061, 46.8836] }},
{"zip_code":"98025","country":"US","city":"Hobart","state":"Washington","state_ab":"WA","county":"King","geo_location":{ "type": "Point", "coordinates": [-122.056, 47.5916] }},
{"zip_code":"98038","country":"US","city":"Maple Valley","state":"Washington","state_ab":"WA","county":"King","geo_location":{ "type": "Point", "coordinates": [-122.0574, 47.3845] }},
{"zip_code":"98052","country":"US","city":"Redmond","state":"Washington","state_ab":"WA","county":"King","geo_location":{ "type": "Point", "coordinates": [-122.1232, 47.6718] }},
{"zip_code":"98065","country":"US","city":"Snoqualmie","state":"Washington","state_ab":"WA","county":"King","geo_location":{ "type": "Point", "coordinates": [-121.8225, 47.5293] }},
{"zip_code":"98092","country":"US","city":"Auburn","state":"Washington","state_ab":"WA","county":"King","geo_location":{ "type": "Point", "coordinates": [-122.098, 47.2884] }},
{"zip_code":"98102","country":"US","city":"Seattle","state":"Washington","state_ab":"WA","county":"King","geo_location":{ "type": "Point", "coordinates": [-122.321, 47.6302] }},
{"zip_code":"98115","country":"US","city":"Seattle","state":"Washington","state_ab":"WA","county":"King","geo_location":{ "type": "Point", "coordinates": [-122.2968, 47.6849] }},
{"zip_code":"98155","country":"US","city":"Seattle","state":"Washington","state_ab":"WA","county":"King","geo_location":{ "type": "Point", "coordinates": [-122.3003, 47.7559] }},
{"zip_code":"98168","country":"US","city":"Seattle","state":"Washington","state_ab":"WA","county":"King","geo_location":{ "type": "Point", "coordinates": [-122.3012, 47.4889] }},
{"zip_code":"98195","country":"US","city":"Seattle","state":"Washington","state_ab":"WA","county":"King","geo_location":{ "type": "Point", "coordinates": [-122.3048, 47.6564] }},
{"zip_code":"98322","country":"US","city":"Burley","state":"Washington","state_ab":"WA","county":"Kitsap","geo_location":{ "type": "Point", "coordinates": [-122.7293, 47.688] }},
{"zip_code":"98605","country":"US","city":"Bingen","state":"Washington","state_ab":"WA","county":"Klickitat","geo_location":{ "type": "Point", "coordinates": [-121.6328, 45.7751] }},
{"zip_code":"98672","country":"US","city":"White Salmon","state":"Washington","state_ab":"WA","county":"Klickitat","geo_location":{ "type": "Point", "coordinates": [-121.4795, 45.7551] }},
{"zip_code":"98542","country":"US","city":"Ethel","state":"Washington","state_ab":"WA","county":"Lewis","geo_location":{ "type": "Point", "coordinates": [-122.724, 46.53] }},
{"zip_code":"98582","country":"US","city":"Salkum","state":"Washington","state_ab":"WA","county":"Lewis","geo_location":{ "type": "Point", "coordinates": [-122.6454, 46.5151] }},
{"zip_code":"99185","country":"US","city":"Wilbur","state":"Washington","state_ab":"WA","county":"Lincoln","geo_location":{ "type": "Point", "coordinates": [-118.7063, 47.741] }},
{"zip_code":"98528","country":"US","city":"Belfair","state":"Washington","state_ab":"WA","county":"Mason","geo_location":{ "type": "Point", "coordinates": [-122.9289, 47.4325] }},
{"zip_code":"98555","country":"US","city":"Lilliwaup","state":"Washington","state_ab":"WA","county":"Mason","geo_location":{ "type": "Point", "coordinates": [-123.0631, 47.5128] }},
{"zip_code":"98812","country":"US","city":"Brewster","state":"Washington","state_ab":"WA","county":"Okanogan","geo_location":{ "type": "Point", "coordinates": [-119.772, 48.1206] }},
{"zip_code":"98335","country":"US","city":"Gig Harbor","state":"Washington","state_ab":"WA","county":"Pierce","geo_location":{ "type": "Point", "coordinates": [-122.6084, 47.3002] }},
{"zip_code":"98348","country":"US","city":"La Grande","state":"Washington","state_ab":"WA","county":"Pierce","geo_location":{ "type": "Point", "coordinates": [-122.1132, 47.0662] }},
{"zip_code":"98375","country":"US","city":"Puyallup","state":"Washington","state_ab":"WA","county":"Pierce","geo_location":{ "type": "Point", "coordinates": [-122.3235, 47.1037] }},
{"zip_code":"98388","country":"US","city":"Steilacoom","state":"Washington","state_ab":"WA","county":"Pierce","geo_location":{ "type": "Point", "coordinates": [-122.5888, 47.1704] }},
{"zip_code":"98412","country":"US","city":"Tacoma","state":"Washington","state_ab":"WA","county":"Pierce","geo_location":{ "type": "Point", "coordinates": [-122.1132, 47.0662] }},
{"zip_code":"98438","country":"US","city":"Tacoma","state":"Washington","state_ab":"WA","county":"Pierce","geo_location":{ "type": "Point", "coordinates": [-122.497, 47.1316] }},
{"zip_code":"98465","country":"US","city":"Tacoma","state":"Washington","state_ab":"WA","county":"Pierce","geo_location":{ "type": "Point", "coordinates": [-122.5273, 47.2491] }},
{"zip_code":"98492","country":"US","city":"Lakewood","state":"Washington","state_ab":"WA","county":"Pierce","geo_location":{ "type": "Point", "coordinates": [-122.1132, 47.0662] }},
{"zip_code":"98245","country":"US","city":"Eastsound","state":"Washington","state_ab":"WA","county":"San Juan","geo_location":{ "type": "Point", "coordinates": [-122.937, 48.6656] }},
{"zip_code":"98232","country":"US","city":"Bow","state":"Washington","state_ab":"WA","county":"Skagit","geo_location":{ "type": "Point", "coordinates": [-122.4134, 48.562] }},
{"zip_code":"98012","country":"US","city":"Bothell","state":"Washington","state_ab":"WA","county":"Snohomish","geo_location":{ "type": "Point", "coordinates": [-122.1972, 47.8401] }},
{"zip_code":"98205","country":"US","city":"Everett","state":"Washington","state_ab":"WA","county":"Snohomish","geo_location":{ "type": "Point", "coordinates": [-122.1158, 47.9901] }},
{"zip_code":"98258","country":"US","city":"Lake Stevens","state":"Washington","state_ab":"WA","county":"Snohomish","geo_location":{ "type": "Point", "coordinates": [-122.0672, 48.0171] }},
{"zip_code":"98272","country":"US","city":"Monroe","state":"Washington","state_ab":"WA","county":"Snohomish","geo_location":{ "type": "Point", "coordinates": [-121.9474, 47.8585] }},
{"zip_code":"99015","country":"US","city":"Freeman","state":"Washington","state_ab":"WA","county":"Spokane","geo_location":{ "type": "Point", "coordinates": [-117.4317, 47.6536] }},
{"zip_code":"99028","country":"US","city":"Spangle","state":"Washington","state_ab":"WA","county":"Spokane County","geo_location":{ "type": "Point", "coordinates": [-117.3788, 47.4305] }},
{"zip_code":"99208","country":"US","city":"Spokane","state":"Washington","state_ab":"WA","county":"Spokane","geo_location":{ "type": "Point", "coordinates": [-117.4352, 47.7374] }},
{"zip_code":"98502","country":"US","city":"Olympia","state":"Washington","state_ab":"WA","county":"Thurston","geo_location":{ "type": "Point", "coordinates": [-123.0552, 47.1043] }},
{"zip_code":"99158","country":"US","city":"Oakesdale","state":"Washington","state_ab":"WA","county":"Whitman","geo_location":{ "type": "Point", "coordinates": [-117.2803, 47.0806] }},
{"zip_code":"98902","country":"US","city":"Yakima","state":"Washington","state_ab":"WA","county":"Yakima","geo_location":{ "type": "Point", "coordinates": [-120.5311, 46.5934] }},
{"zip_code":"98942","country":"US","city":"Selah","state":"Washington","state_ab":"WA","county":"Yakima","geo_location":{ "type": "Point", "coordinates": [-120.5408, 46.6767] }},
{"zip_code":"54528","country":"US","city":"Odanah","state":"Wisconsin","state_ab":"WI","county":"Ashland County","geo_location":{ "type": "Point", "coordinates": [-90.5079, 46.4727] }},
{"zip_code":"54762","country":"US","city":"Prairie Farm","state":"Wisconsin","state_ab":"WI","county":"Barron","geo_location":{ "type": "Point", "coordinates": [-91.9742, 45.2462] }},
{"zip_code":"54812","country":"US","city":"Barron","state":"Wisconsin","state_ab":"WI","county":"Barron","geo_location":{ "type": "Point", "coordinates": [-91.85, 45.4005] }},
{"zip_code":"54865","country":"US","city":"Port Wing","state":"Wisconsin","state_ab":"WI","county":"Bayfield","geo_location":{ "type": "Point", "coordinates": [-91.392, 46.762] }},
{"zip_code":"54115","country":"US","city":"De Pere","state":"Wisconsin","state_ab":"WI","county":"Brown","geo_location":{ "type": "Point", "coordinates": [-88.0806, 44.4388] }},
{"zip_code":"54308","country":"US","city":"Green Bay","state":"Wisconsin","state_ab":"WI","county":"Brown","geo_location":{ "type": "Point", "coordinates": [-87.8059, 44.4595] }},
{"zip_code":"53062","country":"US","city":"New Holstein","state":"Wisconsin","state_ab":"WI","county":"Calumet","geo_location":{ "type": "Point", "coordinates": [-88.2231, 44.0679] }},
{"zip_code":"53088","country":"US","city":"Stockbridge","state":"Wisconsin","state_ab":"WI","county":"Calumet","geo_location":{ "type": "Point", "coordinates": [-88.3124, 44.0805] }},
{"zip_code":"54748","country":"US","city":"Jim Falls","state":"Wisconsin","state_ab":"WI","county":"Chippewa","geo_location":{ "type": "Point", "coordinates": [-91.2568, 45.0889] }},
{"zip_code":"54425","country":"US","city":"Dorchester","state":"Wisconsin","state_ab":"WI","county":"Clark","geo_location":{ "type": "Point", "coordinates": [-90.3596, 45.0042] }},
{"zip_code":"53925","country":"US","city":"Columbus","state":"Wisconsin","state_ab":"WI","county":"Columbia","geo_location":{ "type": "Point", "coordinates": [-89.0271, 43.3315] }},
{"zip_code":"53965","country":"US","city":"Wisconsin Dells","state":"Wisconsin","state_ab":"WI","county":"Columbia","geo_location":{ "type": "Point", "coordinates": [-89.7665, 43.6508] }},
{"zip_code":"54645","country":"US","city":"Mount Sterling","state":"Wisconsin","state_ab":"WI","county":"Crawford","geo_location":{ "type": "Point", "coordinates": [-90.9405, 43.2064] }},
{"zip_code":"53705","country":"US","city":"Madison","state":"Wisconsin","state_ab":"WI","county":"Dane","geo_location":{ "type": "Point", "coordinates": [-89.4528, 43.073] }},
{"zip_code":"53718","country":"US","city":"Madison","state":"Wisconsin","state_ab":"WI","county":"Dane","geo_location":{ "type": "Point", "coordinates": [-89.2734, 43.0984] }},
{"zip_code":"53785","country":"US","city":"Madison","state":"Wisconsin","state_ab":"WI","county":"Dane","geo_location":{ "type": "Point", "coordinates": [-89.4239, 43.0696] }},
{"zip_code":"53035","country":"US","city":"Iron Ridge","state":"Wisconsin","state_ab":"WI","county":"Dodge","geo_location":{ "type": "Point", "coordinates": [-88.5441, 43.3934] }},
{"zip_code":"53048","country":"US","city":"Lomira","state":"Wisconsin","state_ab":"WI","county":"Dodge","geo_location":{ "type": "Point", "coordinates": [-88.4513, 43.5795] }},
{"zip_code":"54838","country":"US","city":"Gordon","state":"Wisconsin","state_ab":"WI","county":"Douglas","geo_location":{ "type": "Point", "coordinates": [-91.8033, 46.2336] }},
{"zip_code":"54735","country":"US","city":"Downsville","state":"Wisconsin","state_ab":"WI","county":"Dunn","geo_location":{ "type": "Point", "coordinates": [-91.9034, 44.9465] }},
{"zip_code":"54722","country":"US","city":"Augusta","state":"Wisconsin","state_ab":"WI","county":"Eau Claire","geo_location":{ "type": "Point", "coordinates": [-91.1232, 44.6947] }},
{"zip_code":"54542","country":"US","city":"Long Lake","state":"Wisconsin","state_ab":"WI","county":"Florence","geo_location":{ "type": "Point", "coordinates": [-88.6235, 45.9138] }},
{"zip_code":"53808","country":"US","city":"Dickeyville","state":"Wisconsin","state_ab":"WI","county":"Grant","geo_location":{ "type": "Point", "coordinates": [-90.5931, 42.6263] }},
{"zip_code":"54968","country":"US","city":"Princeton","state":"Wisconsin","state_ab":"WI","county":"Green Lake","geo_location":{ "type": "Point", "coordinates": [-89.1249, 43.8438] }},
{"zip_code":"53565","country":"US","city":"Mineral Point","state":"Wisconsin","state_ab":"WI","county":"Iowa","geo_location":{ "type": "Point", "coordinates": [-90.1646, 42.8547] }},
{"zip_code":"53178","country":"US","city":"Sullivan","state":"Wisconsin","state_ab":"WI","county":"Jefferson","geo_location":{ "type": "Point", "coordinates": [-88.6026, 42.9982] }},
{"zip_code":"53538","country":"US","city":"Fort Atkinson","state":"Wisconsin","state_ab":"WI","county":"Jefferson","geo_location":{ "type": "Point", "coordinates": [-88.8467, 42.9229] }},
{"zip_code":"54618","country":"US","city":"Camp Douglas","state":"Wisconsin","state_ab":"WI","county":"Juneau","geo_location":{ "type": "Point", "coordinates": [-90.2393, 43.9885] }},
{"zip_code":"53152","country":"US","city":"New Munster","state":"Wisconsin","state_ab":"WI","county":"Kenosha","geo_location":{ "type": "Point", "coordinates": [-88.2326, 42.5746] }},
{"zip_code":"53192","country":"US","city":"Wilmot","state":"Wisconsin","state_ab":"WI","county":"Kenosha","geo_location":{ "type": "Point", "coordinates": [-88.1913, 42.5072] }},
{"zip_code":"54205","country":"US","city":"Casco","state":"Wisconsin","state_ab":"WI","county":"Kewaunee","geo_location":{ "type": "Point", "coordinates": [-87.6231, 44.5833] }},
{"zip_code":"54465","country":"US","city":"Pickerel","state":"Wisconsin","state_ab":"WI","county":"Langlade","geo_location":{ "type": "Point", "coordinates": [-88.9137, 45.3567] }},
{"zip_code":"54452","country":"US","city":"Merrill","state":"Wisconsin","state_ab":"WI","county":"Lincoln","geo_location":{ "type": "Point", "coordinates": [-89.6907, 45.1809] }},
{"zip_code":"54232","country":"US","city":"Saint Nazianz","state":"Wisconsin","state_ab":"WI","county":"Manitowoc","geo_location":{ "type": "Point", "coordinates": [-87.9229, 44.0064] }},
{"zip_code":"54245","country":"US","city":"Valders","state":"Wisconsin","state_ab":"WI","county":"Manitowoc","geo_location":{ "type": "Point", "coordinates": [-87.8812, 44.042] }},
{"zip_code":"54102","country":"US","city":"Amberg","state":"Wisconsin","state_ab":"WI","county":"Marinette","geo_location":{ "type": "Point", "coordinates": [-87.9643, 45.4989] }},
{"zip_code":"53952","country":"US","city":"Oxford","state":"Wisconsin","state_ab":"WI","county":"Marquette","geo_location":{ "type": "Point", "coordinates": [-89.5632, 43.7799] }},
{"zip_code":"53202","country":"US","city":"Milwaukee","state":"Wisconsin","state_ab":"WI","county":"Milwaukee","geo_location":{ "type": "Point", "coordinates": [-87.8968, 43.0506] }},
{"zip_code":"53215","country":"US","city":"Milwaukee","state":"Wisconsin","state_ab":"WI","county":"Milwaukee","geo_location":{ "type": "Point", "coordinates": [-87.9429, 43.006] }},
{"zip_code":"53228","country":"US","city":"Milwaukee","state":"Wisconsin","state_ab":"WI","county":"Milwaukee","geo_location":{ "type": "Point", "coordinates": [-88.0434, 42.9676] }},
{"zip_code":"53268","country":"US","city":"Milwaukee","state":"Wisconsin","state_ab":"WI","county":"Milwaukee","geo_location":{ "type": "Point", "coordinates": [-87.9096, 43.0385] }},
{"zip_code":"53295","country":"US","city":"Milwaukee","state":"Wisconsin","state_ab":"WI","county":"Milwaukee","geo_location":{ "type": "Point", "coordinates": [-87.5697, 43.0174] }},
{"zip_code":"54568","country":"US","city":"Woodruff","state":"Wisconsin","state_ab":"WI","county":"Oneida","geo_location":{ "type": "Point", "coordinates": [-89.6954, 45.9186] }},
{"zip_code":"54155","country":"US","city":"Oneida","state":"Wisconsin","state_ab":"WI","county":"Outagamie","geo_location":{ "type": "Point", "coordinates": [-88.1859, 44.5166] }}]}