{"value": [{"zip_code":"43016","country":"US","city":"Dublin","state":"Ohio","state_ab":"OH","county":"Franklin","geo_location":{ "type": "Point", "coordinates": [-83.1537, 40.0985] }},
{"zip_code":"43069","country":"US","city":"Reynoldsburg","state":"Ohio","state_ab":"OH","county":"Franklin County","geo_location":{ "type": "Point", "coordinates": [-82.7992, 39.9555] }},
{"zip_code":"43119","country":"US","city":"Galloway","state":"Ohio","state_ab":"OH","county":"Franklin","geo_location":{ "type": "Point", "coordinates": [-83.1838, 39.9366] }},
{"zip_code":"43199","country":"US","city":"Groveport","state":"Ohio","state_ab":"OH","county":"Franklin","geo_location":{ "type": "Point", "coordinates": [-83.0114, 39.969] }},
{"zip_code":"43209","country":"US","city":"Columbus","state":"Ohio","state_ab":"OH","county":"Franklin","geo_location":{ "type": "Point", "coordinates": [-82.9301, 39.9539] }},
{"zip_code":"43210","country":"US","city":"Columbus","state":"Ohio","state_ab":"OH","county":"Franklin","geo_location":{ "type": "Point", "coordinates": [-83.0164, 40.0028] }},
{"zip_code":"43223","country":"US","city":"Columbus","state":"Ohio","state_ab":"OH","county":"Franklin","geo_location":{ "type": "Point", "coordinates": [-83.0463, 39.9388] }},
{"zip_code":"43236","country":"US","city":"Columbus","state":"Ohio","state_ab":"OH","county":"Franklin","geo_location":{ "type": "Point", "coordinates": [-83.0076, 40.1357] }},
{"zip_code":"43533","country":"US","city":"Lyons","state":"Ohio","state_ab":"OH","county":"Fulton","geo_location":{ "type": "Point", "coordinates": [-84.0624, 41.6905] }},
{"zip_code":"45643","country":"US","city":"Kerr","state":"Ohio","state_ab":"OH","county":"Gallia","geo_location":{ "type": "Point", "coordinates": [-82.2562, 38.8683] }},
{"zip_code":"44033","country":"US","city":"East Claridon","state":"Ohio","state_ab":"OH","county":"Geauga","geo_location":{ "type": "Point", "coordinates": [-81.1112, 41.5333] }},
{"zip_code":"44046","country":"US","city":"Huntsburg","state":"Ohio","state_ab":"OH","county":"Geauga","geo_location":{ "type": "Point", "coordinates": [-81.0734, 41.5384] }},
{"zip_code":"44073","country":"US","city":"Novelty","state":"Ohio","state_ab":"OH","county":"Geauga","geo_location":{ "type": "Point", "coordinates": [-80.9555, 41.837] }},
{"zip_code":"44086","country":"US","city":"Thompson","state":"Ohio","state_ab":"OH","county":"Geauga","geo_location":{ "type": "Point", "coordinates": [-81.0573, 41.6762] }},
{"zip_code":"43780","country":"US","city":"Senecaville","state":"Ohio","state_ab":"OH","county":"Guernsey","geo_location":{ "type": "Point", "coordinates": [-81.458, 39.9337] }},
{"zip_code":"45203","country":"US","city":"Cincinnati","state":"Ohio","state_ab":"OH","county":"Hamilton","geo_location":{ "type": "Point", "coordinates": [-84.5257, 39.1075] }},
{"zip_code":"45216","country":"US","city":"Cincinnati","state":"Ohio","state_ab":"OH","county":"Hamilton","geo_location":{ "type": "Point", "coordinates": [-84.4859, 39.2003] }},
{"zip_code":"45229","country":"US","city":"Cincinnati","state":"Ohio","state_ab":"OH","county":"Hamilton","geo_location":{ "type": "Point", "coordinates": [-84.4892, 39.149] }},
{"zip_code":"45230","country":"US","city":"Cincinnati","state":"Ohio","state_ab":"OH","county":"Hamilton","geo_location":{ "type": "Point", "coordinates": [-84.3758, 39.0713] }},
{"zip_code":"45243","country":"US","city":"Cincinnati","state":"Ohio","state_ab":"OH","county":"Hamilton","geo_location":{ "type": "Point", "coordinates": [-84.3448, 39.1848] }},
{"zip_code":"45269","country":"US","city":"Cincinnati","state":"Ohio","state_ab":"OH","county":"Hamilton","geo_location":{ "type": "Point", "coordinates": [-84.5382, 39.1668] }},
{"zip_code":"45270","country":"US","city":"Cincinnati","state":"Ohio","state_ab":"OH","county":"Hamilton","geo_location":{ "type": "Point", "coordinates": [-84.5382, 39.1668] }},
{"zip_code":"45296","country":"US","city":"Cincinnati","state":"Ohio","state_ab":"OH","county":"Hamilton","geo_location":{ "type": "Point", "coordinates": [-84.5382, 39.1668] }},
{"zip_code":"45889","country":"US","city":"Van Buren","state":"Ohio","state_ab":"OH","county":"Hancock","geo_location":{ "type": "Point", "coordinates": [-83.6473, 41.1327] }},
{"zip_code":"45890","country":"US","city":"Vanlue","state":"Ohio","state_ab":"OH","county":"Hancock","geo_location":{ "type": "Point", "coordinates": [-83.4971, 40.9583] }},
{"zip_code":"43326","country":"US","city":"Kenton","state":"Ohio","state_ab":"OH","county":"Hardin","geo_location":{ "type": "Point", "coordinates": [-83.6111, 40.6404] }},
{"zip_code":"43340","country":"US","city":"Mount Victory","state":"Ohio","state_ab":"OH","county":"Hardin","geo_location":{ "type": "Point", "coordinates": [-83.4942, 40.5232] }},
{"zip_code":"45810","country":"US","city":"Ada","state":"Ohio","state_ab":"OH","county":"Hardin","geo_location":{ "type": "Point", "coordinates": [-83.8154, 40.7709] }},
{"zip_code":"45836","country":"US","city":"Dunkirk","state":"Ohio","state_ab":"OH","county":"Hardin","geo_location":{ "type": "Point", "coordinates": [-83.6339, 40.7824] }},
{"zip_code":"43973","country":"US","city":"Freeport","state":"Ohio","state_ab":"OH","county":"Harrison","geo_location":{ "type": "Point", "coordinates": [-81.277, 40.1925] }},
{"zip_code":"43986","country":"US","city":"Jewett","state":"Ohio","state_ab":"OH","county":"Harrison","geo_location":{ "type": "Point", "coordinates": [-81.0004, 40.3745] }},
{"zip_code":"44693","country":"US","city":"Deersville","state":"Ohio","state_ab":"OH","county":"Harrison","geo_location":{ "type": "Point", "coordinates": [-81.1839, 40.2947] }},
{"zip_code":"45656","country":"US","city":"Oak Hill","state":"Ohio","state_ab":"OH","county":"Jackson","geo_location":{ "type": "Point", "coordinates": [-82.5883, 38.8916] }},
{"zip_code":"44060","country":"US","city":"Mentor","state":"Ohio","state_ab":"OH","county":"Lake","geo_location":{ "type": "Point", "coordinates": [-81.3421, 41.6895] }},
{"zip_code":"45669","country":"US","city":"Proctorville","state":"Ohio","state_ab":"OH","county":"Lawrence","geo_location":{ "type": "Point", "coordinates": [-82.3523, 38.4635] }},
{"zip_code":"45696","country":"US","city":"Willow Wood","state":"Ohio","state_ab":"OH","county":"Lawrence","geo_location":{ "type": "Point", "coordinates": [-82.453, 38.594] }},
{"zip_code":"43030","country":"US","city":"Jacksontown","state":"Ohio","state_ab":"OH","county":"Licking","geo_location":{ "type": "Point", "coordinates": [-82.43, 39.9688] }},
{"zip_code":"43056","country":"US","city":"Heath","state":"Ohio","state_ab":"OH","county":"Licking","geo_location":{ "type": "Point", "coordinates": [-82.3875, 40.0197] }},
{"zip_code":"43740","country":"US","city":"Gratiot","state":"Ohio","state_ab":"OH","county":"Licking","geo_location":{ "type": "Point", "coordinates": [-82.2128, 39.9522] }},
{"zip_code":"43560","country":"US","city":"Sylvania","state":"Ohio","state_ab":"OH","county":"Lucas","geo_location":{ "type": "Point", "coordinates": [-83.7068, 41.708] }},
{"zip_code":"43609","country":"US","city":"Toledo","state":"Ohio","state_ab":"OH","county":"Lucas","geo_location":{ "type": "Point", "coordinates": [-83.5773, 41.6298] }},
{"zip_code":"43610","country":"US","city":"Toledo","state":"Ohio","state_ab":"OH","county":"Lucas","geo_location":{ "type": "Point", "coordinates": [-83.5573, 41.6767] }},
{"zip_code":"43623","country":"US","city":"Toledo","state":"Ohio","state_ab":"OH","county":"Lucas","geo_location":{ "type": "Point", "coordinates": [-83.6434, 41.708] }},
{"zip_code":"44406","country":"US","city":"Canfield","state":"Ohio","state_ab":"OH","county":"Mahoning","geo_location":{ "type": "Point", "coordinates": [-80.7564, 41.0293] }},
{"zip_code":"44509","country":"US","city":"Youngstown","state":"Ohio","state_ab":"OH","county":"Mahoning","geo_location":{ "type": "Point", "coordinates": [-80.6945, 41.105] }},
{"zip_code":"44510","country":"US","city":"Youngstown","state":"Ohio","state_ab":"OH","county":"Mahoning","geo_location":{ "type": "Point", "coordinates": [-80.6672, 41.1197] }},
{"zip_code":"44149","country":"US","city":"Strongsville","state":"Ohio","state_ab":"OH","county":"Medina","geo_location":{ "type": "Point", "coordinates": [-81.8562, 41.3134] }},
{"zip_code":"44253","country":"US","city":"Litchfield","state":"Ohio","state_ab":"OH","county":"Medina","geo_location":{ "type": "Point", "coordinates": [-82.0157, 41.1668] }},
{"zip_code":"44280","country":"US","city":"Valley City","state":"Ohio","state_ab":"OH","county":"Medina","geo_location":{ "type": "Point", "coordinates": [-81.9245, 41.2368] }},
{"zip_code":"45720","country":"US","city":"Chester","state":"Ohio","state_ab":"OH","county":"Meigs","geo_location":{ "type": "Point", "coordinates": [-81.9214, 39.0856] }},
{"zip_code":"45760","country":"US","city":"Middleport","state":"Ohio","state_ab":"OH","county":"Meigs","geo_location":{ "type": "Point", "coordinates": [-82.06, 38.9993] }},
{"zip_code":"45359","country":"US","city":"Pleasant Hill","state":"Ohio","state_ab":"OH","county":"Miami","geo_location":{ "type": "Point", "coordinates": [-84.3436, 40.0531] }},
{"zip_code":"45373","country":"US","city":"Troy","state":"Ohio","state_ab":"OH","county":"Miami","geo_location":{ "type": "Point", "coordinates": [-84.2032, 40.0374] }},
{"zip_code":"43793","country":"US","city":"Woodsfield","state":"Ohio","state_ab":"OH","county":"Monroe","geo_location":{ "type": "Point", "coordinates": [-81.0759, 39.7515] }},
{"zip_code":"43946","country":"US","city":"Sardis","state":"Ohio","state_ab":"OH","county":"Monroe","geo_location":{ "type": "Point", "coordinates": [-80.9243, 39.6526] }},
{"zip_code":"45409","country":"US","city":"Dayton","state":"Ohio","state_ab":"OH","county":"Montgomery","geo_location":{ "type": "Point", "coordinates": [-84.1854, 39.7238] }},
{"zip_code":"45410","country":"US","city":"Dayton","state":"Ohio","state_ab":"OH","county":"Montgomery","geo_location":{ "type": "Point", "coordinates": [-84.16, 39.7474] }},
{"zip_code":"45423","country":"US","city":"Dayton","state":"Ohio","state_ab":"OH","county":"Montgomery","geo_location":{ "type": "Point", "coordinates": [-84.2686, 39.7505] }},
{"zip_code":"45449","country":"US","city":"Dayton","state":"Ohio","state_ab":"OH","county":"Montgomery","geo_location":{ "type": "Point", "coordinates": [-84.2401, 39.6651] }},
{"zip_code":"45463","country":"US","city":"Dayton","state":"Ohio","state_ab":"OH","county":"Montgomery","geo_location":{ "type": "Point", "coordinates": [-84.2686, 39.7505] }},
{"zip_code":"45490","country":"US","city":"Dayton","state":"Ohio","state_ab":"OH","county":"Montgomery","geo_location":{ "type": "Point", "coordinates": [-84.2686, 39.7505] }},
{"zip_code":"43830","country":"US","city":"Nashport","state":"Ohio","state_ab":"OH","county":"Muskingum","geo_location":{ "type": "Point", "coordinates": [-82.0998, 40.0386] }},
{"zip_code":"43779","country":"US","city":"Sarahsville","state":"Ohio","state_ab":"OH","county":"Noble","geo_location":{ "type": "Point", "coordinates": [-81.4243, 39.8162] }},
{"zip_code":"43416","country":"US","city":"Elmore","state":"Ohio","state_ab":"OH","county":"Ottawa","geo_location":{ "type": "Point", "coordinates": [-83.2767, 41.4681] }},
{"zip_code":"43430","country":"US","city":"Genoa","state":"Ohio","state_ab":"OH","county":"Ottawa","geo_location":{ "type": "Point", "coordinates": [-83.359, 41.53] }},
{"zip_code":"43456","country":"US","city":"Put In Bay","state":"Ohio","state_ab":"OH","county":"Ottawa","geo_location":{ "type": "Point", "coordinates": [-82.8226, 41.6514] }},
{"zip_code":"45849","country":"US","city":"Grover Hill","state":"Ohio","state_ab":"OH","county":"Paulding","geo_location":{ "type": "Point", "coordinates": [-84.4956, 41.0245] }},
{"zip_code":"43739","country":"US","city":"Glenford","state":"Ohio","state_ab":"OH","county":"Perry","geo_location":{ "type": "Point", "coordinates": [-82.3026, 39.8699] }},
{"zip_code":"43766","country":"US","city":"New Straitsville","state":"Ohio","state_ab":"OH","county":"Perry","geo_location":{ "type": "Point", "coordinates": [-82.2488, 39.5869] }},
{"zip_code":"43146","country":"US","city":"Orient","state":"Ohio","state_ab":"OH","county":"Pickaway","geo_location":{ "type": "Point", "coordinates": [-83.1543, 39.7954] }},
{"zip_code":"45683","country":"US","city":"Stockdale","state":"Ohio","state_ab":"OH","county":"Pike","geo_location":{ "type": "Point", "coordinates": [-82.8584, 38.9555] }},
{"zip_code":"44240","country":"US","city":"Kent","state":"Ohio","state_ab":"OH","county":"Portage","geo_location":{ "type": "Point", "coordinates": [-81.3498, 41.1449] }},
{"zip_code":"44266","country":"US","city":"Ravenna","state":"Ohio","state_ab":"OH","county":"Portage","geo_location":{ "type": "Point", "coordinates": [-81.2337, 41.1649] }},
{"zip_code":"45320","country":"US","city":"Eaton","state":"Ohio","state_ab":"OH","county":"Preble","geo_location":{ "type": "Point", "coordinates": [-84.6508, 39.7426] }},
{"zip_code":"45876","country":"US","city":"Ottoville","state":"Ohio","state_ab":"OH","county":"Putnam","geo_location":{ "type": "Point", "coordinates": [-84.2388, 41.0276] }},
{"zip_code":"43469","country":"US","city":"Woodville","state":"Ohio","state_ab":"OH","county":"Sandusky","geo_location":{ "type": "Point", "coordinates": [-83.3646, 41.4512] }},
{"zip_code":"45629","country":"US","city":"Franklin Furnace","state":"Ohio","state_ab":"OH","county":"Scioto","geo_location":{ "type": "Point", "coordinates": [-82.8145, 38.6282] }},
{"zip_code":"45630","country":"US","city":"Friendship","state":"Ohio","state_ab":"OH","county":"Scioto","geo_location":{ "type": "Point", "coordinates": [-83.0916, 38.6991] }},
{"zip_code":"45306","country":"US","city":"Botkins","state":"Ohio","state_ab":"OH","county":"Shelby","geo_location":{ "type": "Point", "coordinates": [-84.178, 40.4659] }},
{"zip_code":"45333","country":"US","city":"Houston","state":"Ohio","state_ab":"OH","county":"Shelby","geo_location":{ "type": "Point", "coordinates": [-84.3521, 40.2535] }},
{"zip_code":"45360","country":"US","city":"Port Jefferson","state":"Ohio","state_ab":"OH","county":"Shelby","geo_location":{ "type": "Point", "coordinates": [-84.0926, 40.3307] }},
{"zip_code":"44613","country":"US","city":"Brewster","state":"Ohio","state_ab":"OH","county":"Stark","geo_location":{ "type": "Point", "coordinates": [-81.5957, 40.7142] }},
{"zip_code":"44626","country":"US","city":"East Sparta","state":"Ohio","state_ab":"OH","county":"Stark","geo_location":{ "type": "Point", "coordinates": [-81.3687, 40.6971] }},
{"zip_code":"44640","country":"US","city":"Limaville","state":"Ohio","state_ab":"OH","county":"Stark","geo_location":{ "type": "Point", "coordinates": [-81.1497, 40.9836] }},
{"zip_code":"44666","country":"US","city":"North Lawrence","state":"Ohio","state_ab":"OH","county":"Stark","geo_location":{ "type": "Point", "coordinates": [-81.6299, 40.8387] }},
{"zip_code":"44703","country":"US","city":"Canton","state":"Ohio","state_ab":"OH","county":"Stark","geo_location":{ "type": "Point", "coordinates": [-81.3814, 40.8098] }},
{"zip_code":"44730","country":"US","city":"Canton","state":"Ohio","state_ab":"OH","county":"Stark","geo_location":{ "type": "Point", "coordinates": [-81.266, 40.7705] }},
{"zip_code":"44303","country":"US","city":"Akron","state":"Ohio","state_ab":"OH","county":"Summit","geo_location":{ "type": "Point", "coordinates": [-81.5386, 41.1025] }},
{"zip_code":"44316","country":"US","city":"Akron","state":"Ohio","state_ab":"OH","county":"Summit","geo_location":{ "type": "Point", "coordinates": [-81.4847, 41.0675] }},
{"zip_code":"44329","country":"US","city":"Akron","state":"Ohio","state_ab":"OH","county":"Summit County","geo_location":{ "type": "Point", "coordinates": [-81.5203, 41.0655] }},
{"zip_code":"44396","country":"US","city":"Akron","state":"Ohio","state_ab":"OH","county":"Summit","geo_location":{ "type": "Point", "coordinates": [-81.54, 41.1287] }},
{"zip_code":"44420","country":"US","city":"Girard","state":"Ohio","state_ab":"OH","county":"Trumbull","geo_location":{ "type": "Point", "coordinates": [-80.6933, 41.1611] }},
{"zip_code":"44446","country":"US","city":"Niles","state":"Ohio","state_ab":"OH","county":"Trumbull","geo_location":{ "type": "Point", "coordinates": [-80.7558, 41.1824] }},
{"zip_code":"44473","country":"US","city":"Vienna","state":"Ohio","state_ab":"OH","county":"Trumbull","geo_location":{ "type": "Point", "coordinates": [-80.655, 41.2175] }},
{"zip_code":"44486","country":"US","city":"Warren","state":"Ohio","state_ab":"OH","county":"Trumbull","geo_location":{ "type": "Point", "coordinates": [-80.7613, 41.3174] }},
{"zip_code":"44653","country":"US","city":"Midvale","state":"Ohio","state_ab":"OH","county":"Tuscarawas","geo_location":{ "type": "Point", "coordinates": [-81.3729, 40.438] }},
{"zip_code":"44679","country":"US","city":"Stillwater","state":"Ohio","state_ab":"OH","county":"Tuscarawas","geo_location":{ "type": "Point", "coordinates": [-81.4885, 40.4404] }},
{"zip_code":"44680","country":"US","city":"Strasburg","state":"Ohio","state_ab":"OH","county":"Tuscarawas","geo_location":{ "type": "Point", "coordinates": [-81.5366, 40.6003] }},
{"zip_code":"43029","country":"US","city":"Irwin","state":"Ohio","state_ab":"OH","county":"Union","geo_location":{ "type": "Point", "coordinates": [-83.4587, 40.1284] }},
{"zip_code":"45863","country":"US","city":"Middle Point","state":"Ohio","state_ab":"OH","county":"Van Wert","geo_location":{ "type": "Point", "coordinates": [-84.4541, 40.8993] }},
{"zip_code":"45670","country":"US","city":"Radcliff","state":"Ohio","state_ab":"OH","county":"Vinton County","geo_location":{ "type": "Point", "coordinates": [-82.3542, 39.1052] }},
{"zip_code":"45036","country":"US","city":"Lebanon","state":"Ohio","state_ab":"OH","county":"Warren","geo_location":{ "type": "Point", "coordinates": [-84.1735, 39.4293] }},
{"zip_code":"45746","country":"US","city":"Macksburg","state":"Ohio","state_ab":"OH","county":"Washington","geo_location":{ "type": "Point", "coordinates": [-81.4471, 39.6204] }},
{"zip_code":"45773","country":"US","city":"Reno","state":"Ohio","state_ab":"OH","county":"Washington","geo_location":{ "type": "Point", "coordinates": [-81.2673, 39.4585] }},
{"zip_code":"45786","country":"US","city":"Waterford","state":"Ohio","state_ab":"OH","county":"Washington","geo_location":{ "type": "Point", "coordinates": [-81.6559, 39.5159] }},
{"zip_code":"43506","country":"US","city":"Bryan","state":"Ohio","state_ab":"OH","county":"Williams","geo_location":{ "type": "Point", "coordinates": [-84.5629, 41.4748] }},
{"zip_code":"43403","country":"US","city":"Bowling Green","state":"Ohio","state_ab":"OH","county":"Wood","geo_location":{ "type": "Point", "coordinates": [-83.6371, 41.377] }},
{"zip_code":"43443","country":"US","city":"Luckey","state":"Ohio","state_ab":"OH","county":"Wood","geo_location":{ "type": "Point", "coordinates": [-83.4674, 41.4517] }},
{"zip_code":"74960","country":"US","city":"Stilwell","state":"Oklahoma","state_ab":"OK","county":"Adair","geo_location":{ "type": "Point", "coordinates": [-94.6313, 35.8107] }},
{"zip_code":"73723","country":"US","city":"Byron","state":"Oklahoma","state_ab":"OK","county":"Alfalfa County","geo_location":{ "type": "Point", "coordinates": [-98.2445, 36.8799] }},
{"zip_code":"73749","country":"US","city":"Jet","state":"Oklahoma","state_ab":"OK","county":"Alfalfa","geo_location":{ "type": "Point", "coordinates": [-98.1721, 36.6929] }},
{"zip_code":"74533","country":"US","city":"Caney","state":"Oklahoma","state_ab":"OK","county":"Atoka","geo_location":{ "type": "Point", "coordinates": [-96.2584, 34.2221] }},
{"zip_code":"73040","country":"US","city":"Geary","state":"Oklahoma","state_ab":"OK","county":"Blaine","geo_location":{ "type": "Point", "coordinates": [-98.3905, 35.6217] }},
{"zip_code":"73763","country":"US","city":"Okeene","state":"Oklahoma","state_ab":"OK","county":"Blaine","geo_location":{ "type": "Point", "coordinates": [-98.3254, 36.1165] }},
{"zip_code":"74726","country":"US","city":"Bokchito","state":"Oklahoma","state_ab":"OK","county":"Bryan","geo_location":{ "type": "Point", "coordinates": [-96.1621, 33.9859] }},
{"zip_code":"74753","country":"US","city":"Platter","state":"Oklahoma","state_ab":"OK","county":"Bryan","geo_location":{ "type": "Point", "coordinates": [-96.5501, 33.9171] }},
{"zip_code":"73053","country":"US","city":"Lookeba","state":"Oklahoma","state_ab":"OK","county":"Caddo","geo_location":{ "type": "Point", "coordinates": [-98.3898, 35.3679] }},
{"zip_code":"73026","country":"US","city":"Norman","state":"Oklahoma","state_ab":"OK","county":"Cleveland","geo_location":{ "type": "Point", "coordinates": [-97.2914, 35.2343] }},
{"zip_code":"73170","country":"US","city":"Oklahoma City","state":"Oklahoma","state_ab":"OK","county":"Cleveland","geo_location":{ "type": "Point", "coordinates": [-97.5556, 35.327] }},
{"zip_code":"73503","country":"US","city":"Fort Sill","state":"Oklahoma","state_ab":"OK","county":"Comanche","geo_location":{ "type": "Point", "coordinates": [-98.4004, 34.6595] }},
{"zip_code":"73543","country":"US","city":"Geronimo","state":"Oklahoma","state_ab":"OK","county":"Comanche","geo_location":{ "type": "Point", "coordinates": [-98.3875, 34.4805] }},
{"zip_code":"74030","country":"US","city":"Drumright","state":"Oklahoma","state_ab":"OK","county":"Creek","geo_location":{ "type": "Point", "coordinates": [-96.5198, 35.9931] }},
{"zip_code":"73620","country":"US","city":"Arapaho","state":"Oklahoma","state_ab":"OK","county":"Custer","geo_location":{ "type": "Point", "coordinates": [-98.9595, 35.5789] }},
{"zip_code":"73646","country":"US","city":"Fay","state":"Oklahoma","state_ab":"OK","county":"Dewey","geo_location":{ "type": "Point", "coordinates": [-98.6587, 35.8204] }},
{"zip_code":"73659","country":"US","city":"Putnam","state":"Oklahoma","state_ab":"OK","county":"Dewey","geo_location":{ "type": "Point", "coordinates": [-98.9638, 35.8539] }},
{"zip_code":"73840","country":"US","city":"Fargo","state":"Oklahoma","state_ab":"OK","county":"Ellis","geo_location":{ "type": "Point", "coordinates": [-99.6506, 36.4053] }},
{"zip_code":"73736","country":"US","city":"Fairmont","state":"Oklahoma","state_ab":"OK","county":"Garfield","geo_location":{ "type": "Point", "coordinates": [-97.6848, 36.34] }},
{"zip_code":"73079","country":"US","city":"Pocasset","state":"Oklahoma","state_ab":"OK","county":"Grady","geo_location":{ "type": "Point", "coordinates": [-97.979, 35.1544] }},
{"zip_code":"74636","country":"US","city":"Deer Creek","state":"Oklahoma","state_ab":"OK","county":"Grant","geo_location":{ "type": "Point", "coordinates": [-97.5136, 36.8048] }},
{"zip_code":"73673","country":"US","city":"Willow","state":"Oklahoma","state_ab":"OK","county":"Greer","geo_location":{ "type": "Point", "coordinates": [-99.5421, 35.0702] }},
{"zip_code":"74883","country":"US","city":"Wetumka","state":"Oklahoma","state_ab":"OK","county":"Hughes","geo_location":{ "type": "Point", "coordinates": [-96.2421, 35.2396] }},
{"zip_code":"73556","country":"US","city":"Martha","state":"Oklahoma","state_ab":"OK","county":"Jackson","geo_location":{ "type": "Point", "coordinates": [-99.4154, 34.7192] }},
{"zip_code":"73569","country":"US","city":"Terral","state":"Oklahoma","state_ab":"OK","county":"Jefferson","geo_location":{ "type": "Point", "coordinates": [-97.8053, 33.9379] }},
{"zip_code":"74856","country":"US","city":"Mill Creek","state":"Oklahoma","state_ab":"OK","county":"Johnston","geo_location":{ "type": "Point", "coordinates": [-96.7884, 34.3098] }},
{"zip_code":"73750","country":"US","city":"Kingfisher","state":"Oklahoma","state_ab":"OK","county":"Kingfisher","geo_location":{ "type": "Point", "coordinates": [-97.9473, 35.8636] }},
{"zip_code":"74559","country":"US","city":"Panola","state":"Oklahoma","state_ab":"OK","county":"Latimer","geo_location":{ "type": "Point", "coordinates": [-95.2211, 34.8695] }},
{"zip_code":"74959","country":"US","city":"Spiro","state":"Oklahoma","state_ab":"OK","county":"Le Flore","geo_location":{ "type": "Point", "coordinates": [-94.6265, 35.2492] }},
{"zip_code":"74869","country":"US","city":"Sparks","state":"Oklahoma","state_ab":"OK","county":"Lincoln","geo_location":{ "type": "Point", "coordinates": [-96.8163, 35.6138] }},
{"zip_code":"73453","country":"US","city":"Overbrook","state":"Oklahoma","state_ab":"OK","county":"Love","geo_location":{ "type": "Point", "coordinates": [-97.1324, 34.0539] }},
{"zip_code":"73080","country":"US","city":"Purcell","state":"Oklahoma","state_ab":"OK","county":"McClain","geo_location":{ "type": "Point", "coordinates": [-97.4255, 35.0103] }},
{"zip_code":"73093","country":"US","city":"Washington","state":"Oklahoma","state_ab":"OK","county":"McClain","geo_location":{ "type": "Point", "coordinates": [-97.487, 35.1324] }},
{"zip_code":"74740","country":"US","city":"Haworth","state":"Oklahoma","state_ab":"OK","county":"McCurtain","geo_location":{ "type": "Point", "coordinates": [-94.633, 33.785] }},
{"zip_code":"74766","country":"US","city":"Wright City","state":"Oklahoma","state_ab":"OK","county":"McCurtain","geo_location":{ "type": "Point", "coordinates": [-94.9929, 34.0799] }},
{"zip_code":"73439","country":"US","city":"Kingston","state":"Oklahoma","state_ab":"OK","county":"Marshall","geo_location":{ "type": "Point", "coordinates": [-96.712, 33.9517] }},
{"zip_code":"73440","country":"US","city":"Lebanon","state":"Oklahoma","state_ab":"OK","county":"Marshall","geo_location":{ "type": "Point", "coordinates": [-96.9064, 33.9687] }},
{"zip_code":"74340","country":"US","city":"Disney","state":"Oklahoma","state_ab":"OK","county":"Mayes","geo_location":{ "type": "Point", "coordinates": [-95.024, 36.4759] }},
{"zip_code":"74353","country":"US","city":"Mazie","state":"Oklahoma","state_ab":"OK","county":"Mayes","geo_location":{ "type": "Point", "coordinates": [-95.2228, 36.2925] }},
{"zip_code":"74366","country":"US","city":"Spavinaw","state":"Oklahoma","state_ab":"OK","county":"Mayes","geo_location":{ "type": "Point", "coordinates": [-95.0285, 36.4155] }},
{"zip_code":"74403","country":"US","city":"Muskogee","state":"Oklahoma","state_ab":"OK","county":"Muskogee","geo_location":{ "type": "Point", "coordinates": [-95.3449, 35.7411] }},
{"zip_code":"74469","country":"US","city":"Warner","state":"Oklahoma","state_ab":"OK","county":"Muskogee","geo_location":{ "type": "Point", "coordinates": [-95.3064, 35.4945] }},
{"zip_code":"74470","country":"US","city":"Webbers Falls","state":"Oklahoma","state_ab":"OK","county":"Muskogee","geo_location":{ "type": "Point", "coordinates": [-95.1659, 35.5138] }},
{"zip_code":"74083","country":"US","city":"Wann","state":"Oklahoma","state_ab":"OK","county":"Nowata","geo_location":{ "type": "Point", "coordinates": [-95.7768, 36.9402] }},
{"zip_code":"74829","country":"US","city":"Boley","state":"Oklahoma","state_ab":"OK","county":"Okfuskee","geo_location":{ "type": "Point", "coordinates": [-96.4704, 35.4913] }},
{"zip_code":"73013","country":"US","city":"Edmond","state":"Oklahoma","state_ab":"OK","county":"Oklahoma","geo_location":{ "type": "Point", "coordinates": [-97.4733, 35.6215] }},
{"zip_code":"73039","country":"US","city":"Davis","state":"Oklahoma","state_ab":"OK","county":"Oklahoma County","geo_location":{ "type": "Point", "coordinates": [-97.1131, 34.506] }},
{"zip_code":"73066","country":"US","city":"Nicoma Park","state":"Oklahoma","state_ab":"OK","county":"Oklahoma","geo_location":{ "type": "Point", "coordinates": [-97.3276, 35.4928] }},
{"zip_code":"64426","country":"US","city":"Blythedale","state":"Missouri","state_ab":"MO","county":"Harrison","geo_location":{ "type": "Point", "coordinates": [-93.8954, 40.5024] }},
{"zip_code":"65779","country":"US","city":"Wheatland","state":"Missouri","state_ab":"MO","county":"Hickory","geo_location":{ "type": "Point", "coordinates": [-93.3981, 37.9103] }},
{"zip_code":"64466","country":"US","city":"Maitland","state":"Missouri","state_ab":"MO","county":"Holt","geo_location":{ "type": "Point", "coordinates": [-95.0927, 40.1991] }},
{"zip_code":"65250","country":"US","city":"Franklin","state":"Missouri","state_ab":"MO","county":"Howard","geo_location":{ "type": "Point", "coordinates": [-92.8316, 39.0668] }},
{"zip_code":"65793","country":"US","city":"Willow Springs","state":"Missouri","state_ab":"MO","county":"Howell","geo_location":{ "type": "Point", "coordinates": [-91.9405, 36.9958] }},
{"zip_code":"63656","country":"US","city":"Middle Brook","state":"Missouri","state_ab":"MO","county":"Iron","geo_location":{ "type": "Point", "coordinates": [-90.845, 37.5055] }},
{"zip_code":"64013","country":"US","city":"Blue Springs","state":"Missouri","state_ab":"MO","county":"Jackson","geo_location":{ "type": "Point", "coordinates": [-94.3703, 38.9645] }},
{"zip_code":"64053","country":"US","city":"Independence","state":"Missouri","state_ab":"MO","county":"Jackson","geo_location":{ "type": "Point", "coordinates": [-94.4625, 39.105] }},
{"zip_code":"64066","country":"US","city":"Levasy","state":"Missouri","state_ab":"MO","county":"Jackson","geo_location":{ "type": "Point", "coordinates": [-94.1337, 39.1292] }},
{"zip_code":"64129","country":"US","city":"Kansas City","state":"Missouri","state_ab":"MO","county":"Jackson","geo_location":{ "type": "Point", "coordinates": [-94.4951, 39.0401] }},
{"zip_code":"64130","country":"US","city":"Kansas City","state":"Missouri","state_ab":"MO","county":"Jackson","geo_location":{ "type": "Point", "coordinates": [-94.5467, 39.0351] }},
{"zip_code":"64170","country":"US","city":"Kansas City","state":"Missouri","state_ab":"MO","county":"Jackson","geo_location":{ "type": "Point", "coordinates": [-94.3567, 39.035] }},
{"zip_code":"64183","country":"US","city":"Kansas City","state":"Missouri","state_ab":"MO","county":"Jackson","geo_location":{ "type": "Point", "coordinates": [-94.3567, 39.035] }},
{"zip_code":"64196","country":"US","city":"Kansas City","state":"Missouri","state_ab":"MO","county":"Jackson","geo_location":{ "type": "Point", "coordinates": [-94.3567, 39.035] }},
{"zip_code":"63010","country":"US","city":"Arnold","state":"Missouri","state_ab":"MO","county":"Jefferson","geo_location":{ "type": "Point", "coordinates": [-90.387, 38.4305] }},
{"zip_code":"63023","country":"US","city":"Dittmer","state":"Missouri","state_ab":"MO","county":"Jefferson","geo_location":{ "type": "Point", "coordinates": [-90.6911, 38.3155] }},
{"zip_code":"63049","country":"US","city":"High Ridge","state":"Missouri","state_ab":"MO","county":"Jefferson","geo_location":{ "type": "Point", "coordinates": [-90.5281, 38.4728] }},
{"zip_code":"63050","country":"US","city":"Hillsboro","state":"Missouri","state_ab":"MO","county":"Jefferson","geo_location":{ "type": "Point", "coordinates": [-90.5782, 38.2586] }},
{"zip_code":"64040","country":"US","city":"Holden","state":"Missouri","state_ab":"MO","county":"Johnson","geo_location":{ "type": "Point", "coordinates": [-93.9856, 38.7186] }},
{"zip_code":"64093","country":"US","city":"Warrensburg","state":"Missouri","state_ab":"MO","county":"Johnson","geo_location":{ "type": "Point", "coordinates": [-93.7273, 38.7667] }},
{"zip_code":"65470","country":"US","city":"Falcon","state":"Missouri","state_ab":"MO","county":"Laclede","geo_location":{ "type": "Point", "coordinates": [-92.3466, 37.6061] }},
{"zip_code":"64659","country":"US","city":"Meadville","state":"Missouri","state_ab":"MO","county":"Linn","geo_location":{ "type": "Point", "coordinates": [-93.3014, 39.7795] }},
{"zip_code":"64686","country":"US","city":"Utica","state":"Missouri","state_ab":"MO","county":"Livingston","geo_location":{ "type": "Point", "coordinates": [-93.6289, 39.7417] }},
{"zip_code":"63539","country":"US","city":"Ethel","state":"Missouri","state_ab":"MO","county":"Macon","geo_location":{ "type": "Point", "coordinates": [-92.7664, 39.9146] }},
{"zip_code":"65443","country":"US","city":"Brinktown","state":"Missouri","state_ab":"MO","county":"Maries","geo_location":{ "type": "Point", "coordinates": [-92.1015, 38.1483] }},
{"zip_code":"63463","country":"US","city":"Philadelphia","state":"Missouri","state_ab":"MO","county":"Marion","geo_location":{ "type": "Point", "coordinates": [-91.7538, 39.8359] }},
{"zip_code":"64673","country":"US","city":"Princeton","state":"Missouri","state_ab":"MO","county":"Mercer","geo_location":{ "type": "Point", "coordinates": [-93.5774, 40.3855] }},
{"zip_code":"65083","country":"US","city":"Ulman","state":"Missouri","state_ab":"MO","county":"Miller","geo_location":{ "type": "Point", "coordinates": [-92.433, 38.1505] }},
{"zip_code":"63823","country":"US","city":"Bertrand","state":"Missouri","state_ab":"MO","county":"Mississippi","geo_location":{ "type": "Point", "coordinates": [-89.4483, 36.8927] }},
{"zip_code":"65263","country":"US","city":"Madison","state":"Missouri","state_ab":"MO","county":"Monroe","geo_location":{ "type": "Point", "coordinates": [-92.2287, 39.4615] }},
{"zip_code":"63333","country":"US","city":"Bellflower","state":"Missouri","state_ab":"MO","county":"Montgomery","geo_location":{ "type": "Point", "coordinates": [-91.3489, 39.0012] }},
{"zip_code":"63359","country":"US","city":"Middletown","state":"Missouri","state_ab":"MO","county":"Montgomery","geo_location":{ "type": "Point", "coordinates": [-91.3873, 39.1055] }},
{"zip_code":"65069","country":"US","city":"Rhineland","state":"Missouri","state_ab":"MO","county":"Montgomery","geo_location":{ "type": "Point", "coordinates": [-91.5737, 38.7942] }},
{"zip_code":"64840","country":"US","city":"Diamond","state":"Missouri","state_ab":"MO","county":"Newton","geo_location":{ "type": "Point", "coordinates": [-94.3204, 37.006] }},
{"zip_code":"64853","country":"US","city":"Newtonia","state":"Missouri","state_ab":"MO","county":"Newton","geo_location":{ "type": "Point", "coordinates": [-94.1521, 36.8284] }},
{"zip_code":"64866","country":"US","city":"Stark City","state":"Missouri","state_ab":"MO","county":"Newton","geo_location":{ "type": "Point", "coordinates": [-94.1548, 36.8785] }},
{"zip_code":"64479","country":"US","city":"Ravenwood","state":"Missouri","state_ab":"MO","county":"Nodaway","geo_location":{ "type": "Point", "coordinates": [-94.6805, 40.3579] }},
{"zip_code":"65690","country":"US","city":"Couch","state":"Missouri","state_ab":"MO","county":"Oregon","geo_location":{ "type": "Point", "coordinates": [-91.2724, 36.5853] }},
{"zip_code":"65016","country":"US","city":"Bonnots Mill","state":"Missouri","state_ab":"MO","county":"Osage","geo_location":{ "type": "Point", "coordinates": [-91.9293, 38.5533] }},
{"zip_code":"65609","country":"US","city":"Bakersfield","state":"Missouri","state_ab":"MO","county":"Ozark","geo_location":{ "type": "Point", "coordinates": [-92.1507, 36.5332] }},
{"zip_code":"65676","country":"US","city":"Isabella","state":"Missouri","state_ab":"MO","county":"Ozark","geo_location":{ "type": "Point", "coordinates": [-92.6053, 36.5749] }},
{"zip_code":"65766","country":"US","city":"Udall","state":"Missouri","state_ab":"MO","county":"Ozark","geo_location":{ "type": "Point", "coordinates": [-92.2335, 36.5253] }},
{"zip_code":"63849","country":"US","city":"Gobler","state":"Missouri","state_ab":"MO","county":"Pemiscot","geo_location":{ "type": "Point", "coordinates": [-89.9349, 36.159] }},
{"zip_code":"63746","country":"US","city":"Farrar","state":"Missouri","state_ab":"MO","county":"Perry","geo_location":{ "type": "Point", "coordinates": [-89.6948, 37.7078] }},
{"zip_code":"65559","country":"US","city":"Saint James","state":"Missouri","state_ab":"MO","county":"Phelps","geo_location":{ "type": "Point", "coordinates": [-91.6076, 38.0056] }},
{"zip_code":"64079","country":"US","city":"Platte City","state":"Missouri","state_ab":"MO","county":"Platte","geo_location":{ "type": "Point", "coordinates": [-94.789, 39.3602] }},
{"zip_code":"64439","country":"US","city":"Dearborn","state":"Missouri","state_ab":"MO","county":"Platte","geo_location":{ "type": "Point", "coordinates": [-94.7664, 39.5172] }},
{"zip_code":"65649","country":"US","city":"Fair Play","state":"Missouri","state_ab":"MO","county":"Polk","geo_location":{ "type": "Point", "coordinates": [-93.6064, 37.6335] }},
{"zip_code":"65650","country":"US","city":"Flemington","state":"Missouri","state_ab":"MO","county":"Polk","geo_location":{ "type": "Point", "coordinates": [-93.4471, 37.7803] }},
{"zip_code":"65663","country":"US","city":"Half Way","state":"Missouri","state_ab":"MO","county":"Polk","geo_location":{ "type": "Point", "coordinates": [-93.242, 37.6018] }},
{"zip_code":"63436","country":"US","city":"Center","state":"Missouri","state_ab":"MO","county":"Ralls","geo_location":{ "type": "Point", "coordinates": [-91.5398, 39.5154] }},
{"zip_code":"63629","country":"US","city":"Bunker","state":"Missouri","state_ab":"MO","county":"Reynolds","geo_location":{ "type": "Point", "coordinates": [-91.1927, 37.4772] }},
{"zip_code":"63939","country":"US","city":"Fairdealing","state":"Missouri","state_ab":"MO","county":"Ripley","geo_location":{ "type": "Point", "coordinates": [-90.6335, 36.6704] }},
{"zip_code":"63953","country":"US","city":"Naylor","state":"Missouri","state_ab":"MO","county":"Ripley","geo_location":{ "type": "Point", "coordinates": [-90.6124, 36.5843] }},
{"zip_code":"63346","country":"US","city":"Flinthill","state":"Missouri","state_ab":"MO","county":"St. Charles","geo_location":{ "type": "Point", "coordinates": [-90.5368, 38.7509] }},
{"zip_code":"63373","country":"US","city":"Portage Des Sioux","state":"Missouri","state_ab":"MO","county":"St. Charles","geo_location":{ "type": "Point", "coordinates": [-90.3863, 38.9259] }},
{"zip_code":"63386","country":"US","city":"West Alton","state":"Missouri","state_ab":"MO","county":"St. Charles","geo_location":{ "type": "Point", "coordinates": [-90.2384, 38.8758] }},
{"zip_code":"64763","country":"US","city":"Lowry City","state":"Missouri","state_ab":"MO","county":"St. Clair","geo_location":{ "type": "Point", "coordinates": [-93.7114, 38.1404] }},
{"zip_code":"64776","country":"US","city":"Osceola","state":"Missouri","state_ab":"MO","county":"St. Clair","geo_location":{ "type": "Point", "coordinates": [-93.7536, 38.0286] }},
{"zip_code":"64789","country":"US","city":"Vista","state":"Missouri","state_ab":"MO","county":"St. Clair","geo_location":{ "type": "Point", "coordinates": [-93.7815, 38.0241] }},
{"zip_code":"63670","country":"US","city":"Sainte Genevieve","state":"Missouri","state_ab":"MO","county":"Ste. Genevieve","geo_location":{ "type": "Point", "coordinates": [-90.1752, 37.8655] }},
{"zip_code":"63036","country":"US","city":"French Village","state":"Missouri","state_ab":"MO","county":"St. Francois","geo_location":{ "type": "Point", "coordinates": [-90.4005, 37.9961] }},
{"zip_code":"63126","country":"US","city":"Saint Louis","state":"Missouri","state_ab":"MO","county":"St. Louis","geo_location":{ "type": "Point", "coordinates": [-90.3811, 38.5495] }},
{"zip_code":"63140","country":"US","city":"Saint Louis","state":"Missouri","state_ab":"MO","county":"St. Louis","geo_location":{ "type": "Point", "coordinates": [-90.3265, 38.7375] }},
{"zip_code":"65339","country":"US","city":"Malta Bend","state":"Missouri","state_ab":"MO","county":"Saline","geo_location":{ "type": "Point", "coordinates": [-93.3776, 39.1481] }},
{"zip_code":"65340","country":"US","city":"Marshall","state":"Missouri","state_ab":"MO","county":"Saline","geo_location":{ "type": "Point", "coordinates": [-93.2444, 39.1614] }},
{"zip_code":"63786","country":"US","city":"Wittenberg","state":"Missouri","state_ab":"MO","county":"Scott County","geo_location":{ "type": "Point", "coordinates": [-89.5622, 37.6799] }},
{"zip_code":"65546","country":"US","city":"Montier","state":"Missouri","state_ab":"MO","county":"Shannon","geo_location":{ "type": "Point", "coordinates": [-91.3375, 37.1533] }},
{"zip_code":"65573","country":"US","city":"Teresita","state":"Missouri","state_ab":"MO","county":"Shannon","geo_location":{ "type": "Point", "coordinates": [-91.3375, 37.1533] }},
{"zip_code":"63450","country":"US","city":"Lentner","state":"Missouri","state_ab":"MO","county":"Shelby","geo_location":{ "type": "Point", "coordinates": [-92.1489, 39.7123] }},
{"zip_code":"63850","country":"US","city":"Grayridge","state":"Missouri","state_ab":"MO","county":"Stoddard","geo_location":{ "type": "Point", "coordinates": [-89.7565, 36.8283] }},
{"zip_code":"63566","country":"US","city":"Winigan","state":"Missouri","state_ab":"MO","county":"Sullivan","geo_location":{ "type": "Point", "coordinates": [-92.9301, 40.0371] }},
{"zip_code":"64646","country":"US","city":"Humphreys","state":"Missouri","state_ab":"MO","county":"Sullivan","geo_location":{ "type": "Point", "coordinates": [-93.3015, 40.1144] }},
{"zip_code":"65726","country":"US","city":"Point Lookout","state":"Missouri","state_ab":"MO","county":"Taney","geo_location":{ "type": "Point", "coordinates": [-93.2418, 36.6165] }},
{"zip_code":"65739","country":"US","city":"Ridgedale","state":"Missouri","state_ab":"MO","county":"Taney","geo_location":{ "type": "Point", "coordinates": [-93.2778, 36.5247] }},
{"zip_code":"65740","country":"US","city":"Rockaway Beach","state":"Missouri","state_ab":"MO","county":"Taney","geo_location":{ "type": "Point", "coordinates": [-93.1715, 36.7137] }},
{"zip_code":"65483","country":"US","city":"Houston","state":"Missouri","state_ab":"MO","county":"Texas","geo_location":{ "type": "Point", "coordinates": [-91.953, 37.3218] }},
{"zip_code":"65689","country":"US","city":"Cabool","state":"Missouri","state_ab":"MO","county":"Texas","geo_location":{ "type": "Point", "coordinates": [-92.1144, 37.1314] }},
{"zip_code":"64750","country":"US","city":"Harwood","state":"Missouri","state_ab":"MO","county":"Vernon","geo_location":{ "type": "Point", "coordinates": [-94.1402, 37.953] }},
{"zip_code":"64790","country":"US","city":"Walker","state":"Missouri","state_ab":"MO","county":"Vernon","geo_location":{ "type": "Point", "coordinates": [-94.2293, 37.893] }},
{"zip_code":"63630","country":"US","city":"Cadet","state":"Missouri","state_ab":"MO","county":"Washington","geo_location":{ "type": "Point", "coordinates": [-90.7439, 38.0125] }},
{"zip_code":"63966","country":"US","city":"Wappapello","state":"Missouri","state_ab":"MO","county":"Wayne","geo_location":{ "type": "Point", "coordinates": [-90.2848, 36.9766] }},
{"zip_code":"65636","country":"US","city":"Diggins","state":"Missouri","state_ab":"MO","county":"Webster","geo_location":{ "type": "Point", "coordinates": [-92.8779, 37.2772] }},
{"zip_code":"65713","country":"US","city":"Niangua","state":"Missouri","state_ab":"MO","county":"Webster","geo_location":{ "type": "Point", "coordinates": [-92.7763, 37.3985] }},
{"zip_code":"63113","country":"US","city":"Saint Louis","state":"Missouri","state_ab":"MO","county":"St. Louis (city)","geo_location":{ "type": "Point", "coordinates": [-90.2496, 38.659] }},
{"zip_code":"63139","country":"US","city":"Saint Louis","state":"Missouri","state_ab":"MO","county":"St. Louis (city)","geo_location":{ "type": "Point", "coordinates": [-90.292, 38.6108] }},
{"zip_code":"63153","country":"US","city":"Saint Louis","state":"Missouri","state_ab":"MO","county":"St. Louis (city)","geo_location":{ "type": "Point", "coordinates": [-90.2435, 38.6531] }},
{"zip_code":"63166","country":"US","city":"Saint Louis","state":"Missouri","state_ab":"MO","county":"St. Louis (city)","geo_location":{ "type": "Point", "coordinates": [-90.2435, 38.6531] }},
{"zip_code":"63179","country":"US","city":"Saint Louis","state":"Missouri","state_ab":"MO","county":"St. Louis (city)","geo_location":{ "type": "Point", "coordinates": [-90.2435, 38.6531] }},
{"zip_code":"63180","country":"US","city":"Saint Louis","state":"Missouri","state_ab":"MO","county":"St. Louis (city)","geo_location":{ "type": "Point", "coordinates": [-90.2435, 38.6531] }},
{"zip_code":"39190","country":"US","city":"Washington","state":"Mississippi","state_ab":"MS","county":"Adams","geo_location":{ "type": "Point", "coordinates": [-91.4044, 31.4706] }},
{"zip_code":"38726","country":"US","city":"Beulah","state":"Mississippi","state_ab":"MS","county":"Bolivar","geo_location":{ "type": "Point", "coordinates": [-90.9795, 33.788] }},
{"zip_code":"38740","country":"US","city":"Duncan","state":"Mississippi","state_ab":"MS","county":"Bolivar","geo_location":{ "type": "Point", "coordinates": [-90.7652, 34.047] }},
{"zip_code":"39176","country":"US","city":"Vaiden","state":"Mississippi","state_ab":"MS","county":"Carroll","geo_location":{ "type": "Point", "coordinates": [-89.757, 33.3343] }},
{"zip_code":"39086","country":"US","city":"Hermanville","state":"Mississippi","state_ab":"MS","county":"Claiborne","geo_location":{ "type": "Point", "coordinates": [-90.8446, 31.9564] }},
{"zip_code":"39150","country":"US","city":"Port Gibson","state":"Mississippi","state_ab":"MS","county":"Claiborne","geo_location":{ "type": "Point", "coordinates": [-91.023, 31.9266] }},
{"zip_code":"39330","country":"US","city":"Enterprise","state":"Mississippi","state_ab":"MS","county":"Clarke","geo_location":{ "type": "Point", "coordinates": [-88.8474, 32.1563] }},
{"zip_code":"38739","country":"US","city":"Dublin","state":"Mississippi","state_ab":"MS","county":"Coahoma","geo_location":{ "type": "Point", "coordinates": [-90.5011, 34.0604] }},
{"zip_code":"39059","country":"US","city":"Crystal Springs","state":"Mississippi","state_ab":"MS","county":"Copiah","geo_location":{ "type": "Point", "coordinates": [-90.3744, 31.9933] }},
{"zip_code":"39406","country":"US","city":"Hattiesburg","state":"Mississippi","state_ab":"MS","county":"Forrest","geo_location":{ "type": "Point", "coordinates": [-89.2948, 31.1721] }},
{"zip_code":"39653","country":"US","city":"Meadville","state":"Mississippi","state_ab":"MS","county":"Franklin","geo_location":{ "type": "Point", "coordinates": [-90.8578, 31.4285] }},
{"zip_code":"38960","country":"US","city":"Tie Plant","state":"Mississippi","state_ab":"MS","county":"Grenada","geo_location":{ "type": "Point", "coordinates": [-89.8219, 33.7872] }},
{"zip_code":"39576","country":"US","city":"Waveland","state":"Mississippi","state_ab":"MS","county":"Hancock","geo_location":{ "type": "Point", "coordinates": [-89.3837, 30.2914] }},
{"zip_code":"39060","country":"US","city":"Clinton","state":"Mississippi","state_ab":"MS","county":"Hinds","geo_location":{ "type": "Point", "coordinates": [-90.3972, 32.3113] }},
{"zip_code":"39200","country":"US","city":"Jackson","state":"Mississippi","state_ab":"MS","county":"Hinds County","geo_location":{ "type": "Point", "coordinates": [-90.2076, 32.3205] }},
{"zip_code":"39213","country":"US","city":"Jackson","state":"Mississippi","state_ab":"MS","county":"Hinds","geo_location":{ "type": "Point", "coordinates": [-90.2171, 32.3553] }},
{"zip_code":"38843","country":"US","city":"Fulton","state":"Mississippi","state_ab":"MS","county":"Itawamba","geo_location":{ "type": "Point", "coordinates": [-88.3793, 34.2745] }},
{"zip_code":"39563","country":"US","city":"Moss Point","state":"Mississippi","state_ab":"MS","county":"Jackson","geo_location":{ "type": "Point", "coordinates": [-88.5233, 30.425] }},
{"zip_code":"39356","country":"US","city":"Rose Hill","state":"Mississippi","state_ab":"MS","county":"Jasper","geo_location":{ "type": "Point", "coordinates": [-89.0011, 32.1489] }},
{"zip_code":"39460","country":"US","city":"Moss","state":"Mississippi","state_ab":"MS","county":"Jasper","geo_location":{ "type": "Point", "coordinates": [-89.1166, 32.0132] }},
{"zip_code":"39459","country":"US","city":"Moselle","state":"Mississippi","state_ab":"MS","county":"Jones","geo_location":{ "type": "Point", "coordinates": [-89.3206, 31.4836] }},
{"zip_code":"39303","country":"US","city":"Meridian","state":"Mississippi","state_ab":"MS","county":"Lauderdale","geo_location":{ "type": "Point", "coordinates": [-88.6523, 32.4012] }},
{"zip_code":"39109","country":"US","city":"Madden","state":"Mississippi","state_ab":"MS","county":"Leake","geo_location":{ "type": "Point", "coordinates": [-89.3554, 32.6909] }},
{"zip_code":"39189","country":"US","city":"Walnut Grove","state":"Mississippi","state_ab":"MS","county":"Leake","geo_location":{ "type": "Point", "coordinates": [-89.4105, 32.6134] }},
{"zip_code":"38803","country":"US","city":"Tupelo","state":"Mississippi","state_ab":"MS","county":"Lee","geo_location":{ "type": "Point", "coordinates": [-88.7785, 34.1876] }},
{"zip_code":"38946","country":"US","city":"Morgan City","state":"Mississippi","state_ab":"MS","county":"Leflore","geo_location":{ "type": "Point", "coordinates": [-90.372, 33.4046] }},
{"zip_code":"38959","country":"US","city":"Swiftown","state":"Mississippi","state_ab":"MS","county":"Leflore","geo_location":{ "type": "Point", "coordinates": [-90.3496, 33.3809] }},
{"zip_code":"39703","country":"US","city":"Columbus","state":"Mississippi","state_ab":"MS","county":"Lowndes","geo_location":{ "type": "Point", "coordinates": [-88.284, 33.4841] }},
{"zip_code":"39743","country":"US","city":"Crawford","state":"Mississippi","state_ab":"MS","county":"Lowndes","geo_location":{ "type": "Point", "coordinates": [-88.5671, 33.3219] }},
{"zip_code":"39046","country":"US","city":"Canton","state":"Mississippi","state_ab":"MS","county":"Madison","geo_location":{ "type": "Point", "coordinates": [-90.0061, 32.6205] }},
{"zip_code":"39110","country":"US","city":"Madison","state":"Mississippi","state_ab":"MS","county":"Madison","geo_location":{ "type": "Point", "coordinates": [-90.1087, 32.4671] }},
{"zip_code":"39163","country":"US","city":"Sharon","state":"Mississippi","state_ab":"MS","county":"Madison","geo_location":{ "type": "Point", "coordinates": [-90.0907, 32.6424] }},
{"zip_code":"38649","country":"US","city":"Mount Pleasant","state":"Mississippi","state_ab":"MS","county":"Marshall","geo_location":{ "type": "Point", "coordinates": [-89.523, 34.9536] }},
{"zip_code":"38870","country":"US","city":"Smithville","state":"Mississippi","state_ab":"MS","county":"Monroe","geo_location":{ "type": "Point", "coordinates": [-88.39, 34.0648] }},
{"zip_code":"39730","country":"US","city":"Aberdeen","state":"Mississippi","state_ab":"MS","county":"Monroe","geo_location":{ "type": "Point", "coordinates": [-88.538, 33.8284] }},
{"zip_code":"39756","country":"US","city":"Prairie","state":"Mississippi","state_ab":"MS","county":"Monroe","geo_location":{ "type": "Point", "coordinates": [-88.6642, 33.7836] }},
{"zip_code":"39769","country":"US","city":"Sturgis","state":"Mississippi","state_ab":"MS","county":"Oktibbeha","geo_location":{ "type": "Point", "coordinates": [-89.0473, 33.357] }},
{"zip_code":"39666","country":"US","city":"Summit","state":"Mississippi","state_ab":"MS","county":"Pike","geo_location":{ "type": "Point", "coordinates": [-90.4654, 31.2975] }},
{"zip_code":"38869","country":"US","city":"Sherman","state":"Mississippi","state_ab":"MS","county":"Pontotoc","geo_location":{ "type": "Point", "coordinates": [-88.8351, 34.3575] }},
{"zip_code":"38829","country":"US","city":"Booneville","state":"Mississippi","state_ab":"MS","county":"Prentiss","geo_location":{ "type": "Point", "coordinates": [-88.5443, 34.6694] }},
{"zip_code":"38856","country":"US","city":"Marietta","state":"Mississippi","state_ab":"MS","county":"Prentiss","geo_location":{ "type": "Point", "coordinates": [-88.4498, 34.5011] }},
{"zip_code":"38609","country":"US","city":"Belen","state":"Mississippi","state_ab":"MS","county":"Quitman","geo_location":{ "type": "Point", "coordinates": [-90.2927, 34.2351] }},
{"zip_code":"38623","country":"US","city":"Darling","state":"Mississippi","state_ab":"MS","county":"Quitman","geo_location":{ "type": "Point", "coordinates": [-90.2927, 34.2916] }},
{"zip_code":"39073","country":"US","city":"Florence","state":"Mississippi","state_ab":"MS","county":"Rankin","geo_location":{ "type": "Point", "coordinates": [-90.1217, 32.153] }},
{"zip_code":"39149","country":"US","city":"Pinola","state":"Mississippi","state_ab":"MS","county":"Simpson","geo_location":{ "type": "Point", "coordinates": [-90.0088, 31.8277] }},
{"zip_code":"38753","country":"US","city":"Inverness","state":"Mississippi","state_ab":"MS","county":"Sunflower","geo_location":{ "type": "Point", "coordinates": [-90.6051, 33.349] }},
{"zip_code":"38920","country":"US","city":"Cascilla","state":"Mississippi","state_ab":"MS","county":"Tallahatchie","geo_location":{ "type": "Point", "coordinates": [-90.0362, 33.9079] }},
{"zip_code":"38610","country":"US","city":"Blue Mountain","state":"Mississippi","state_ab":"MS","county":"Tippah","geo_location":{ "type": "Point", "coordinates": [-89.0088, 34.671] }},
{"zip_code":"38663","country":"US","city":"Ripley","state":"Mississippi","state_ab":"MS","county":"Tippah","geo_location":{ "type": "Point", "coordinates": [-88.924, 34.7509] }},
{"zip_code":"38676","country":"US","city":"Tunica","state":"Mississippi","state_ab":"MS","county":"Tunica","geo_location":{ "type": "Point", "coordinates": [-90.3685, 34.6884] }},
{"zip_code":"38650","country":"US","city":"Myrtle","state":"Mississippi","state_ab":"MS","county":"Union","geo_location":{ "type": "Point", "coordinates": [-89.1157, 34.5402] }},
{"zip_code":"38779","country":"US","city":"Tribbett","state":"Mississippi","state_ab":"MS","county":"Washington County","geo_location":{ "type": "Point", "coordinates": [-88.7098, 34.1966] }},
{"zip_code":"38780","country":"US","city":"Wayside","state":"Mississippi","state_ab":"MS","county":"Washington","geo_location":{ "type": "Point", "coordinates": [-90.9954, 33.2727] }},
{"zip_code":"59736","country":"US","city":"Jackson","state":"Montana","state_ab":"MT","county":"Beaverhead","geo_location":{ "type": "Point", "coordinates": [-113.3598, 45.3687] }},
{"zip_code":"59066","country":"US","city":"Pryor","state":"Montana","state_ab":"MT","county":"Big Horn","geo_location":{ "type": "Point", "coordinates": [-107.4817, 45.5187] }},
{"zip_code":"59529","country":"US","city":"Hogeland","state":"Montana","state_ab":"MT","county":"Blaine","geo_location":{ "type": "Point", "coordinates": [-108.6677, 48.8571] }},
{"zip_code":"59013","country":"US","city":"Boyd","state":"Montana","state_ab":"MT","county":"Carbon","geo_location":{ "type": "Point", "coordinates": [-109.1365, 45.4101] }},
{"zip_code":"59026","country":"US","city":"Edgar","state":"Montana","state_ab":"MT","county":"Carbon","geo_location":{ "type": "Point", "coordinates": [-108.8487, 45.4443] }},
{"zip_code":"59080","country":"US","city":"Joliet","state":"Montana","state_ab":"MT","county":"Carbon County","geo_location":{ "type": "Point", "coordinates": [-108.8455, 45.5801] }},
{"zip_code":"59480","country":"US","city":"Stockett","state":"Montana","state_ab":"MT","county":"Cascade","geo_location":{ "type": "Point", "coordinates": [-111.1287, 47.3217] }},
{"zip_code":"59440","country":"US","city":"Floweree","state":"Montana","state_ab":"MT","county":"Chouteau","geo_location":{ "type": "Point", "coordinates": [-111.1214, 47.6584] }},
{"zip_code":"59336","country":"US","city":"Ismay","state":"Montana","state_ab":"MT","county":"Custer","geo_location":{ "type": "Point", "coordinates": [-105.2091, 46.4132] }},
{"zip_code":"59259","country":"US","city":"Richey","state":"Montana","state_ab":"MT","county":"Dawson","geo_location":{ "type": "Point", "coordinates": [-105.017, 47.6229] }},
{"zip_code":"59903","country":"US","city":"Kalispell","state":"Montana","state_ab":"MT","county":"Flathead","geo_location":{ "type": "Point", "coordinates": [-114.4296, 48.2237] }},
{"zip_code":"59916","country":"US","city":"Essex","state":"Montana","state_ab":"MT","county":"Flathead","geo_location":{ "type": "Point", "coordinates": [-113.5285, 48.2809] }},
{"zip_code":"59530","country":"US","city":"Inverness","state":"Montana","state_ab":"MT","county":"Hill","geo_location":{ "type": "Point", "coordinates": [-110.688, 48.593] }},
{"zip_code":"59479","country":"US","city":"Stanford","state":"Montana","state_ab":"MT","county":"Judith Basin","geo_location":{ "type": "Point", "coordinates": [-110.1961, 47.1489] }},
{"zip_code":"59929","country":"US","city":"Proctor","state":"Montana","state_ab":"MT","county":"Lake","geo_location":{ "type": "Point", "coordinates": [-114.3832, 47.9404] }},
{"zip_code":"59620","country":"US","city":"Helena","state":"Montana","state_ab":"MT","county":"Lewis and Clark","geo_location":{ "type": "Point", "coordinates": [-112.3302, 47.1842] }},
{"zip_code":"59633","country":"US","city":"Canyon Creek","state":"Montana","state_ab":"MT","county":"Lewis and Clark","geo_location":{ "type": "Point", "coordinates": [-112.2795, 46.7627] }},
{"zip_code":"59930","country":"US","city":"Rexford","state":"Montana","state_ab":"MT","county":"Lincoln","geo_location":{ "type": "Point", "coordinates": [-115.2129, 48.9179] }},
{"zip_code":"59710","country":"US","city":"Alder","state":"Montana","state_ab":"MT","county":"Madison","geo_location":{ "type": "Point", "coordinates": [-112.0568, 45.1939] }},
{"zip_code":"59749","country":"US","city":"Sheridan","state":"Montana","state_ab":"MT","county":"Madison","geo_location":{ "type": "Point", "coordinates": [-112.1735, 45.423] }},
{"zip_code":"59053","country":"US","city":"Martinsdale","state":"Montana","state_ab":"MT","county":"Meagher","geo_location":{ "type": "Point", "coordinates": [-110.4324, 46.4581] }},
{"zip_code":"59866","country":"US","city":"Saint Regis","state":"Montana","state_ab":"MT","county":"Mineral","geo_location":{ "type": "Point", "coordinates": [-115.1703, 47.3369] }},
{"zip_code":"59826","country":"US","city":"Condon","state":"Montana","state_ab":"MT","county":"Missoula","geo_location":{ "type": "Point", "coordinates": [-113.7075, 47.5097] }},
{"zip_code":"59349","country":"US","city":"Terry","state":"Montana","state_ab":"MT","county":"Prairie","geo_location":{ "type": "Point", "coordinates": [-105.3706, 46.829] }},
{"zip_code":"59840","country":"US","city":"Hamilton","state":"Montana","state_ab":"MT","county":"Ravalli","geo_location":{ "type": "Point", "coordinates": [-114.1679, 46.2395] }},
{"zip_code":"59039","country":"US","city":"Ingomar","state":"Montana","state_ab":"MT","county":"Rosebud","geo_location":{ "type": "Point", "coordinates": [-107.5517, 46.6542] }},
{"zip_code":"59323","country":"US","city":"Colstrip","state":"Montana","state_ab":"MT","county":"Rosebud","geo_location":{ "type": "Point", "coordinates": [-106.6368, 45.9344] }},
{"zip_code":"59853","country":"US","city":"Noxon","state":"Montana","state_ab":"MT","county":"Sanders","geo_location":{ "type": "Point", "coordinates": [-115.8582, 48.0768] }},
{"zip_code":"59219","country":"US","city":"Dagmar","state":"Montana","state_ab":"MT","county":"Sheridan","geo_location":{ "type": "Point", "coordinates": [-104.2401, 48.6093] }},
{"zip_code":"59750","country":"US","city":"Butte","state":"Montana","state_ab":"MT","county":"Silver Bow","geo_location":{ "type": "Point", "coordinates": [-112.7159, 46.0033] }},
{"zip_code":"59466","country":"US","city":"Oilmont","state":"Montana","state_ab":"MT","county":"Toole","geo_location":{ "type": "Point", "coordinates": [-111.6911, 48.8259] }},
{"zip_code":"59260","country":"US","city":"Richland","state":"Montana","state_ab":"MT","county":"Valley","geo_location":{ "type": "Point", "coordinates": [-106.1192, 48.6507] }},
{"zip_code":"59273","country":"US","city":"Vandalia","state":"Montana","state_ab":"MT","county":"Valley","geo_location":{ "type": "Point", "coordinates": [-106.6097, 48.3302] }},
{"zip_code":"59453","country":"US","city":"Judith Gap","state":"Montana","state_ab":"MT","county":"Wheatland","geo_location":{ "type": "Point", "coordinates": [-109.6755, 46.6623] }},
{"zip_code":"59079","country":"US","city":"Shepherd","state":"Montana","state_ab":"MT","county":"Yellowstone","geo_location":{ "type": "Point", "coordinates": [-108.3426, 45.9461] }},
{"zip_code":"59103","country":"US","city":"Billings","state":"Montana","state_ab":"MT","county":"Yellowstone","geo_location":{ "type": "Point", "coordinates": [-108.1945, 45.9783] }},
{"zip_code":"59116","country":"US","city":"Billings","state":"Montana","state_ab":"MT","county":"Yellowstone","geo_location":{ "type": "Point", "coordinates": [-108.1945, 45.9783] }},
{"zip_code":"27216","country":"US","city":"Burlington","state":"North Carolina","state_ab":"NC","county":"Alamance","geo_location":{ "type": "Point", "coordinates": [-79.4797, 36.0475] }},
{"zip_code":"27359","country":"US","city":"Swepsonville","state":"North Carolina","state_ab":"NC","county":"Alamance","geo_location":{ "type": "Point", "coordinates": [-79.3574, 36.0214] }},
{"zip_code":"28170","country":"US","city":"Wadesboro","state":"North Carolina","state_ab":"NC","county":"Anson","geo_location":{ "type": "Point", "coordinates": [-80.0696, 34.9809] }},
{"zip_code":"28646","country":"US","city":"Linville","state":"North Carolina","state_ab":"NC","county":"Avery","geo_location":{ "type": "Point", "coordinates": [-81.9177, 36.041] }},
{"zip_code":"27810","country":"US","city":"Belhaven","state":"North Carolina","state_ab":"NC","county":"Beaufort","geo_location":{ "type": "Point", "coordinates": [-76.6391, 35.4458] }},
{"zip_code":"27889","country":"US","city":"Washington","state":"North Carolina","state_ab":"NC","county":"Beaufort","geo_location":{ "type": "Point", "coordinates": [-77.1404, 35.5884] }},
{"zip_code":"27849","country":"US","city":"Lewiston Woodville","state":"North Carolina","state_ab":"NC","county":"Bertie","geo_location":{ "type": "Point", "coordinates": [-77.1439, 36.0933] }},
{"zip_code":"28479","country":"US","city":"Winnabow","state":"North Carolina","state_ab":"NC","county":"Brunswick","geo_location":{ "type": "Point", "coordinates": [-78.0558, 34.1553] }},
{"zip_code":"28709","country":"US","city":"Barnardsville","state":"North Carolina","state_ab":"NC","county":"Buncombe","geo_location":{ "type": "Point", "coordinates": [-82.4567, 35.7748] }},
{"zip_code":"28776","country":"US","city":"Skyland","state":"North Carolina","state_ab":"NC","county":"Buncombe","geo_location":{ "type": "Point", "coordinates": [-82.5207, 35.4835] }},
{"zip_code":"28813","country":"US","city":"Asheville","state":"North Carolina","state_ab":"NC","county":"Buncombe","geo_location":{ "type": "Point", "coordinates": [-82.5026, 35.5004] }},
{"zip_code":"28619","country":"US","city":"Drexel","state":"North Carolina","state_ab":"NC","county":"Burke","geo_location":{ "type": "Point", "coordinates": [-81.6406, 35.7179] }},
{"zip_code":"28026","country":"US","city":"Concord","state":"North Carolina","state_ab":"NC","county":"Cabarrus","geo_location":{ "type": "Point", "coordinates": [-80.5411, 35.3463] }},
{"zip_code":"28633","country":"US","city":"Lenoir","state":"North Carolina","state_ab":"NC","county":"Caldwell","geo_location":{ "type": "Point", "coordinates": [-81.5398, 35.9376] }},
{"zip_code":"28516","country":"US","city":"Beaufort","state":"North Carolina","state_ab":"NC","county":"Carteret","geo_location":{ "type": "Point", "coordinates": [-76.6228, 34.758] }},
{"zip_code":"28570","country":"US","city":"Newport","state":"North Carolina","state_ab":"NC","county":"Carteret","geo_location":{ "type": "Point", "coordinates": [-76.9069, 34.7551] }},
{"zip_code":"28673","country":"US","city":"Sherrills Ford","state":"North Carolina","state_ab":"NC","county":"Catawba","geo_location":{ "type": "Point", "coordinates": [-81.0339, 35.5962] }},
{"zip_code":"27256","country":"US","city":"Gulf","state":"North Carolina","state_ab":"NC","county":"Chatham","geo_location":{ "type": "Point", "coordinates": [-79.3386, 35.5627] }},
{"zip_code":"28903","country":"US","city":"Culberson","state":"North Carolina","state_ab":"NC","county":"Cherokee","geo_location":{ "type": "Point", "coordinates": [-84.0359, 35.0944] }},
{"zip_code":"27980","country":"US","city":"Tyner","state":"North Carolina","state_ab":"NC","county":"Chowan","geo_location":{ "type": "Point", "coordinates": [-76.6428, 36.2502] }},
{"zip_code":"73103","country":"US","city":"Oklahoma City","state":"Oklahoma","state_ab":"OK","county":"Oklahoma","geo_location":{ "type": "Point", "coordinates": [-97.5196, 35.491] }},
{"zip_code":"73116","country":"US","city":"Oklahoma City","state":"Oklahoma","state_ab":"OK","county":"Oklahoma","geo_location":{ "type": "Point", "coordinates": [-97.5642, 35.5463] }},
{"zip_code":"73129","country":"US","city":"Oklahoma City","state":"Oklahoma","state_ab":"OK","county":"Oklahoma","geo_location":{ "type": "Point", "coordinates": [-97.4913, 35.4312] }},
{"zip_code":"73130","country":"US","city":"Oklahoma City","state":"Oklahoma","state_ab":"OK","county":"Oklahoma","geo_location":{ "type": "Point", "coordinates": [-97.3419, 35.4604] }},
{"zip_code":"73143","country":"US","city":"Oklahoma City","state":"Oklahoma","state_ab":"OK","county":"Oklahoma","geo_location":{ "type": "Point", "coordinates": [-97.4075, 35.5514] }},
{"zip_code":"73156","country":"US","city":"Oklahoma City","state":"Oklahoma","state_ab":"OK","county":"Oklahoma","geo_location":{ "type": "Point", "coordinates": [-97.4075, 35.5514] }},
{"zip_code":"73169","country":"US","city":"Oklahoma City","state":"Oklahoma","state_ab":"OK","county":"Oklahoma","geo_location":{ "type": "Point", "coordinates": [-97.6587, 35.3882] }},
{"zip_code":"73196","country":"US","city":"Oklahoma City","state":"Oklahoma","state_ab":"OK","county":"Oklahoma","geo_location":{ "type": "Point", "coordinates": [-97.4075, 35.5514] }},
{"zip_code":"74456","country":"US","city":"Preston","state":"Oklahoma","state_ab":"OK","county":"Okmulgee","geo_location":{ "type": "Point", "coordinates": [-96.0112, 35.6983] }},
{"zip_code":"74056","country":"US","city":"Pawhuska","state":"Oklahoma","state_ab":"OK","county":"Osage","geo_location":{ "type": "Point", "coordinates": [-96.3121, 36.6904] }},
{"zip_code":"74070","country":"US","city":"Skiatook","state":"Oklahoma","state_ab":"OK","county":"Osage","geo_location":{ "type": "Point", "coordinates": [-96.0123, 36.3725] }},
{"zip_code":"74339","country":"US","city":"Commerce","state":"Oklahoma","state_ab":"OK","county":"Ottawa","geo_location":{ "type": "Point", "coordinates": [-94.873, 36.9331] }},
{"zip_code":"74650","country":"US","city":"Ralston","state":"Oklahoma","state_ab":"OK","county":"Pawnee","geo_location":{ "type": "Point", "coordinates": [-96.7755, 36.4992] }},
{"zip_code":"74430","country":"US","city":"Crowder","state":"Oklahoma","state_ab":"OK","county":"Pittsburg","geo_location":{ "type": "Point", "coordinates": [-95.6602, 35.1334] }},
{"zip_code":"74546","country":"US","city":"Haileyville","state":"Oklahoma","state_ab":"OK","county":"Pittsburg","geo_location":{ "type": "Point", "coordinates": [-95.5777, 34.85] }},
{"zip_code":"74560","country":"US","city":"Pittsburg","state":"Oklahoma","state_ab":"OK","county":"Pittsburg","geo_location":{ "type": "Point", "coordinates": [-95.8439, 34.6975] }},
{"zip_code":"74843","country":"US","city":"Fitzhugh","state":"Oklahoma","state_ab":"OK","county":"Pontotoc","geo_location":{ "type": "Point", "coordinates": [-96.7745, 34.6615] }},
{"zip_code":"73660","country":"US","city":"Reydon","state":"Oklahoma","state_ab":"OK","county":"Roger Mills","geo_location":{ "type": "Point", "coordinates": [-99.9166, 35.6576] }},
{"zip_code":"74016","country":"US","city":"Chelsea","state":"Oklahoma","state_ab":"OK","county":"Rogers","geo_location":{ "type": "Point", "coordinates": [-95.4489, 36.5356] }},
{"zip_code":"74830","country":"US","city":"Bowlegs","state":"Oklahoma","state_ab":"OK","county":"Seminole","geo_location":{ "type": "Point", "coordinates": [-96.6683, 35.1595] }},
{"zip_code":"74946","country":"US","city":"Moffett","state":"Oklahoma","state_ab":"OK","county":"Sequoyah","geo_location":{ "type": "Point", "coordinates": [-94.4462, 35.3898] }},
{"zip_code":"73529","country":"US","city":"Comanche","state":"Oklahoma","state_ab":"OK","county":"Stephens","geo_location":{ "type": "Point", "coordinates": [-97.9793, 34.3765] }},
{"zip_code":"73530","country":"US","city":"Davidson","state":"Oklahoma","state_ab":"OK","county":"Tillman","geo_location":{ "type": "Point", "coordinates": [-99.064, 34.2514] }},
{"zip_code":"73570","country":"US","city":"Tipton","state":"Oklahoma","state_ab":"OK","county":"Tillman","geo_location":{ "type": "Point", "coordinates": [-99.1315, 34.5098] }},
{"zip_code":"74043","country":"US","city":"Leonard","state":"Oklahoma","state_ab":"OK","county":"Tulsa","geo_location":{ "type": "Point", "coordinates": [-95.7988, 35.9183] }},
{"zip_code":"74106","country":"US","city":"Tulsa","state":"Oklahoma","state_ab":"OK","county":"Tulsa","geo_location":{ "type": "Point", "coordinates": [-95.986, 36.1883] }},
{"zip_code":"74119","country":"US","city":"Tulsa","state":"Oklahoma","state_ab":"OK","county":"Tulsa","geo_location":{ "type": "Point", "coordinates": [-95.9902, 36.1407] }},
{"zip_code":"74120","country":"US","city":"Tulsa","state":"Oklahoma","state_ab":"OK","county":"Tulsa","geo_location":{ "type": "Point", "coordinates": [-95.9734, 36.1442] }},
{"zip_code":"74133","country":"US","city":"Tulsa","state":"Oklahoma","state_ab":"OK","county":"Tulsa","geo_location":{ "type": "Point", "coordinates": [-95.8841, 36.0467] }},
{"zip_code":"74146","country":"US","city":"Tulsa","state":"Oklahoma","state_ab":"OK","county":"Tulsa","geo_location":{ "type": "Point", "coordinates": [-95.8506, 36.1093] }},
{"zip_code":"74159","country":"US","city":"Tulsa","state":"Oklahoma","state_ab":"OK","county":"Tulsa","geo_location":{ "type": "Point", "coordinates": [-96.0835, 36.0772] }},
{"zip_code":"74186","country":"US","city":"Tulsa","state":"Oklahoma","state_ab":"OK","county":"Tulsa","geo_location":{ "type": "Point", "coordinates": [-96.0297, 36.1398] }},
{"zip_code":"74429","country":"US","city":"Coweta","state":"Oklahoma","state_ab":"OK","county":"Wagoner","geo_location":{ "type": "Point", "coordinates": [-95.6526, 35.9578] }},
{"zip_code":"74003","country":"US","city":"Bartlesville","state":"Oklahoma","state_ab":"OK","county":"Washington","geo_location":{ "type": "Point", "coordinates": [-95.9921, 36.744] }},
{"zip_code":"74029","country":"US","city":"Dewey","state":"Oklahoma","state_ab":"OK","county":"Washington","geo_location":{ "type": "Point", "coordinates": [-95.9345, 36.8013] }},
{"zip_code":"73853","country":"US","city":"Mutual","state":"Oklahoma","state_ab":"OK","county":"Woodward","geo_location":{ "type": "Point", "coordinates": [-99.1145, 36.214] }},
{"zip_code":"97819","country":"US","city":"Bridgeport","state":"Oregon","state_ab":"OR","county":"Baker","geo_location":{ "type": "Point", "coordinates": [-117.7655, 44.4931] }},
{"zip_code":"97833","country":"US","city":"Haines","state":"Oregon","state_ab":"OR","county":"Baker","geo_location":{ "type": "Point", "coordinates": [-117.9756, 44.8776] }},
{"zip_code":"97330","country":"US","city":"Corvallis","state":"Oregon","state_ab":"OR","county":"Benton","geo_location":{ "type": "Point", "coordinates": [-123.2722, 44.5904] }},
{"zip_code":"97370","country":"US","city":"Philomath","state":"Oregon","state_ab":"OR","county":"Benton","geo_location":{ "type": "Point", "coordinates": [-123.3923, 44.5488] }},
{"zip_code":"97110","country":"US","city":"Cannon Beach","state":"Oregon","state_ab":"OR","county":"Clatsop","geo_location":{ "type": "Point", "coordinates": [-123.9315, 45.9466] }},
{"zip_code":"97420","country":"US","city":"Coos Bay","state":"Oregon","state_ab":"OR","county":"Coos","geo_location":{ "type": "Point", "coordinates": [-124.1984, 43.2151] }},
{"zip_code":"97459","country":"US","city":"North Bend","state":"Oregon","state_ab":"OR","county":"Coos","geo_location":{ "type": "Point", "coordinates": [-124.2131, 43.4327] }},
{"zip_code":"97460","country":"US","city":"Norway","state":"Oregon","state_ab":"OR","county":"Coos","geo_location":{ "type": "Point", "coordinates": [-124.1271, 43.1388] }},
{"zip_code":"97406","country":"US","city":"Agness","state":"Oregon","state_ab":"OR","county":"Curry","geo_location":{ "type": "Point", "coordinates": [-124.0648, 42.5748] }},
{"zip_code":"97756","country":"US","city":"Redmond","state":"Oregon","state_ab":"OR","county":"Deschutes","geo_location":{ "type": "Point", "coordinates": [-121.1896, 44.2767] }},
{"zip_code":"97473","country":"US","city":"Scottsburg","state":"Oregon","state_ab":"OR","county":"Douglas","geo_location":{ "type": "Point", "coordinates": [-123.8041, 43.6765] }},
{"zip_code":"97486","country":"US","city":"Umpqua","state":"Oregon","state_ab":"OR","county":"Douglas","geo_location":{ "type": "Point", "coordinates": [-123.5358, 43.3745] }},
{"zip_code":"97499","country":"US","city":"Yoncalla","state":"Oregon","state_ab":"OR","county":"Douglas","geo_location":{ "type": "Point", "coordinates": [-123.2926, 43.6043] }},
{"zip_code":"97820","country":"US","city":"Canyon City","state":"Oregon","state_ab":"OR","county":"Grant","geo_location":{ "type": "Point", "coordinates": [-118.9465, 44.3911] }},
{"zip_code":"97873","country":"US","city":"Seneca","state":"Oregon","state_ab":"OR","county":"Grant","geo_location":{ "type": "Point", "coordinates": [-119.1223, 44.1196] }},
{"zip_code":"97536","country":"US","city":"Prospect","state":"Oregon","state_ab":"OR","county":"Jackson","geo_location":{ "type": "Point", "coordinates": [-122.509, 42.7544] }},
{"zip_code":"97730","country":"US","city":"Camp Sherman","state":"Oregon","state_ab":"OR","county":"Jefferson","geo_location":{ "type": "Point", "coordinates": [-121.6394, 44.455] }},
{"zip_code":"97523","country":"US","city":"Cave Junction","state":"Oregon","state_ab":"OR","county":"Josephine","geo_location":{ "type": "Point", "coordinates": [-123.6272, 42.1348] }},
{"zip_code":"97626","country":"US","city":"Fort Klamath","state":"Oregon","state_ab":"OR","county":"Klamath","geo_location":{ "type": "Point", "coordinates": [-122.038, 42.6415] }},
{"zip_code":"97639","country":"US","city":"Sprague River","state":"Oregon","state_ab":"OR","county":"Klamath","geo_location":{ "type": "Point", "coordinates": [-121.4365, 42.4514] }},
{"zip_code":"97640","country":"US","city":"Summer Lake","state":"Oregon","state_ab":"OR","county":"Lake","geo_location":{ "type": "Point", "coordinates": [-120.7946, 42.9447] }},
{"zip_code":"97419","country":"US","city":"Cheshire","state":"Oregon","state_ab":"OR","county":"Lane","geo_location":{ "type": "Point", "coordinates": [-123.3715, 44.1782] }},
{"zip_code":"97343","country":"US","city":"Eddyville","state":"Oregon","state_ab":"OR","county":"Lincoln","geo_location":{ "type": "Point", "coordinates": [-123.7531, 44.6371] }},
{"zip_code":"97369","country":"US","city":"Otter Rock","state":"Oregon","state_ab":"OR","county":"Lincoln","geo_location":{ "type": "Point", "coordinates": [-124.0633, 44.7588] }},
{"zip_code":"97329","country":"US","city":"Cascadia","state":"Oregon","state_ab":"OR","county":"Linn","geo_location":{ "type": "Point", "coordinates": [-122.3636, 44.3995] }},
{"zip_code":"97446","country":"US","city":"Harrisburg","state":"Oregon","state_ab":"OR","county":"Linn","geo_location":{ "type": "Point", "coordinates": [-123.1432, 44.2717] }},
{"zip_code":"97909","country":"US","city":"Jamieson","state":"Oregon","state_ab":"OR","county":"Malheur","geo_location":{ "type": "Point", "coordinates": [-117.4813, 44.2161] }},
{"zip_code":"97910","country":"US","city":"Jordan Valley","state":"Oregon","state_ab":"OR","county":"Malheur","geo_location":{ "type": "Point", "coordinates": [-117.281, 42.8801] }},
{"zip_code":"97020","country":"US","city":"Donald","state":"Oregon","state_ab":"OR","county":"Marion","geo_location":{ "type": "Point", "coordinates": [-122.8405, 45.2199] }},
{"zip_code":"97303","country":"US","city":"Salem","state":"Oregon","state_ab":"OR","county":"Marion","geo_location":{ "type": "Point", "coordinates": [-123.0167, 44.9927] }},
{"zip_code":"97383","country":"US","city":"Stayton","state":"Oregon","state_ab":"OR","county":"Marion","geo_location":{ "type": "Point", "coordinates": [-122.7624, 44.8021] }},
{"zip_code":"97019","country":"US","city":"Corbett","state":"Oregon","state_ab":"OR","county":"Multnomah","geo_location":{ "type": "Point", "coordinates": [-122.2417, 45.5221] }},
{"zip_code":"97060","country":"US","city":"Troutdale","state":"Oregon","state_ab":"OR","county":"Multnomah","geo_location":{ "type": "Point", "coordinates": [-122.3739, 45.5254] }},
{"zip_code":"97086","country":"US","city":"Happy Valley","state":"Oregon","state_ab":"OR","county":"Multnomah County","geo_location":{ "type": "Point", "coordinates": [-122.5372, 45.4446] }},
{"zip_code":"97213","country":"US","city":"Portland","state":"Oregon","state_ab":"OR","county":"Multnomah","geo_location":{ "type": "Point", "coordinates": [-122.5987, 45.5373] }},
{"zip_code":"97239","country":"US","city":"Portland","state":"Oregon","state_ab":"OR","county":"Multnomah County","geo_location":{ "type": "Point", "coordinates": [-122.6913, 45.4983] }},
{"zip_code":"97240","country":"US","city":"Portland","state":"Oregon","state_ab":"OR","county":"Multnomah","geo_location":{ "type": "Point", "coordinates": [-122.3748, 45.5806] }},
{"zip_code":"97253","country":"US","city":"Portland","state":"Oregon","state_ab":"OR","county":"Multnomah","geo_location":{ "type": "Point", "coordinates": [-122.3748, 45.5806] }},
{"zip_code":"97266","country":"US","city":"Portland","state":"Oregon","state_ab":"OR","county":"Multnomah","geo_location":{ "type": "Point", "coordinates": [-122.5596, 45.4762] }},
{"zip_code":"97280","country":"US","city":"Portland","state":"Oregon","state_ab":"OR","county":"Multnomah","geo_location":{ "type": "Point", "coordinates": [-122.3748, 45.5806] }},
{"zip_code":"97293","country":"US","city":"Portland","state":"Oregon","state_ab":"OR","county":"Multnomah","geo_location":{ "type": "Point", "coordinates": [-122.3748, 45.5806] }},
{"zip_code":"97033","country":"US","city":"Kent","state":"Oregon","state_ab":"OR","county":"Sherman","geo_location":{ "type": "Point", "coordinates": [-120.6649, 45.0838] }},
{"zip_code":"97136","country":"US","city":"Rockaway Beach","state":"Oregon","state_ab":"OR","county":"Tillamook","geo_location":{ "type": "Point", "coordinates": [-123.913, 45.6352] }},
{"zip_code":"97149","country":"US","city":"Neskowin","state":"Oregon","state_ab":"OR","county":"Tillamook","geo_location":{ "type": "Point", "coordinates": [-123.9434, 45.097] }},
{"zip_code":"97859","country":"US","city":"Meacham","state":"Oregon","state_ab":"OR","county":"Umatilla","geo_location":{ "type": "Point", "coordinates": [-118.4335, 45.5215] }},
{"zip_code":"97886","country":"US","city":"Weston","state":"Oregon","state_ab":"OR","county":"Umatilla","geo_location":{ "type": "Point", "coordinates": [-118.3733, 45.8074] }},
{"zip_code":"97846","country":"US","city":"Joseph","state":"Oregon","state_ab":"OR","county":"Wallowa","geo_location":{ "type": "Point", "coordinates": [-117.2128, 45.3494] }},
{"zip_code":"97006","country":"US","city":"Beaverton","state":"Oregon","state_ab":"OR","county":"Washington","geo_location":{ "type": "Point", "coordinates": [-122.8604, 45.5201] }},
{"zip_code":"97109","country":"US","city":"Buxton","state":"Oregon","state_ab":"OR","county":"Washington","geo_location":{ "type": "Point", "coordinates": [-123.2146, 45.737] }},
{"zip_code":"97123","country":"US","city":"Hillsboro","state":"Oregon","state_ab":"OR","county":"Washington","geo_location":{ "type": "Point", "coordinates": [-122.957, 45.4984] }},
{"zip_code":"97396","country":"US","city":"Willamina","state":"Oregon","state_ab":"OR","county":"Yamhill","geo_location":{ "type": "Point", "coordinates": [-123.5047, 45.0826] }},
{"zip_code":"17303","country":"US","city":"Arendtsville","state":"Pennsylvania","state_ab":"PA","county":"Adams","geo_location":{ "type": "Point", "coordinates": [-77.3001, 39.9236] }},
{"zip_code":"17316","country":"US","city":"East Berlin","state":"Pennsylvania","state_ab":"PA","county":"Adams","geo_location":{ "type": "Point", "coordinates": [-77.0073, 39.9645] }},
{"zip_code":"17343","country":"US","city":"Mc Knightstown","state":"Pennsylvania","state_ab":"PA","county":"Adams","geo_location":{ "type": "Point", "coordinates": [-77.3292, 39.8692] }},
{"zip_code":"15026","country":"US","city":"Clinton","state":"Pennsylvania","state_ab":"PA","county":"Allegheny","geo_location":{ "type": "Point", "coordinates": [-80.3423, 40.5131] }},
{"zip_code":"15116","country":"US","city":"Glenshaw","state":"Pennsylvania","state_ab":"PA","county":"Allegheny","geo_location":{ "type": "Point", "coordinates": [-79.9644, 40.5375] }},
{"zip_code":"15129","country":"US","city":"Library","state":"Pennsylvania","state_ab":"PA","county":"Allegheny","geo_location":{ "type": "Point", "coordinates": [-79.996, 40.2932] }},
{"zip_code":"15130","country":"US","city":"Mc Keesport","state":"Pennsylvania","state_ab":"PA","county":"Allegheny","geo_location":{ "type": "Point", "coordinates": [-80.0248, 40.4344] }},
{"zip_code":"15143","country":"US","city":"Sewickley","state":"Pennsylvania","state_ab":"PA","county":"Allegheny","geo_location":{ "type": "Point", "coordinates": [-80.1578, 40.557] }},
{"zip_code":"15206","country":"US","city":"Pittsburgh","state":"Pennsylvania","state_ab":"PA","county":"Allegheny","geo_location":{ "type": "Point", "coordinates": [-79.9132, 40.4723] }},
{"zip_code":"15219","country":"US","city":"Pittsburgh","state":"Pennsylvania","state_ab":"PA","county":"Allegheny","geo_location":{ "type": "Point", "coordinates": [-79.983, 40.4423] }},
{"zip_code":"15220","country":"US","city":"Pittsburgh","state":"Pennsylvania","state_ab":"PA","county":"Allegheny","geo_location":{ "type": "Point", "coordinates": [-80.0526, 40.4181] }},
{"zip_code":"15233","country":"US","city":"Pittsburgh","state":"Pennsylvania","state_ab":"PA","county":"Allegheny","geo_location":{ "type": "Point", "coordinates": [-80.0348, 40.4608] }},
{"zip_code":"15259","country":"US","city":"Pittsburgh","state":"Pennsylvania","state_ab":"PA","county":"Allegheny","geo_location":{ "type": "Point", "coordinates": [-80.0248, 40.4344] }},
{"zip_code":"15260","country":"US","city":"Pittsburgh","state":"Pennsylvania","state_ab":"PA","county":"Allegheny","geo_location":{ "type": "Point", "coordinates": [-79.9531, 40.4432] }},
{"zip_code":"15286","country":"US","city":"Pittsburgh","state":"Pennsylvania","state_ab":"PA","county":"Allegheny","geo_location":{ "type": "Point", "coordinates": [-80.0248, 40.4344] }},
{"zip_code":"15673","country":"US","city":"North Apollo","state":"Pennsylvania","state_ab":"PA","county":"Armstrong","geo_location":{ "type": "Point", "coordinates": [-79.5581, 40.593] }},
{"zip_code":"15686","country":"US","city":"Spring Church","state":"Pennsylvania","state_ab":"PA","county":"Armstrong","geo_location":{ "type": "Point", "coordinates": [-79.4545, 40.6153] }},
{"zip_code":"15736","country":"US","city":"Elderton","state":"Pennsylvania","state_ab":"PA","county":"Armstrong","geo_location":{ "type": "Point", "coordinates": [-79.3422, 40.6922] }},
{"zip_code":"16210","country":"US","city":"Adrian","state":"Pennsylvania","state_ab":"PA","county":"Armstrong","geo_location":{ "type": "Point", "coordinates": [-79.5074, 40.9049] }},
{"zip_code":"16223","country":"US","city":"Distant","state":"Pennsylvania","state_ab":"PA","county":"Armstrong","geo_location":{ "type": "Point", "coordinates": [-79.4516, 40.8478] }},
{"zip_code":"16236","country":"US","city":"Mc Grann","state":"Pennsylvania","state_ab":"PA","county":"Armstrong","geo_location":{ "type": "Point", "coordinates": [-79.5218, 40.7818] }},
{"zip_code":"16249","country":"US","city":"Rural Valley","state":"Pennsylvania","state_ab":"PA","county":"Armstrong","geo_location":{ "type": "Point", "coordinates": [-79.2991, 40.7885] }},
{"zip_code":"16250","country":"US","city":"Sagamore","state":"Pennsylvania","state_ab":"PA","county":"Armstrong","geo_location":{ "type": "Point", "coordinates": [-79.2336, 40.7774] }},
{"zip_code":"16263","country":"US","city":"Yatesboro","state":"Pennsylvania","state_ab":"PA","county":"Armstrong","geo_location":{ "type": "Point", "coordinates": [-79.4516, 40.8478] }},
{"zip_code":"15066","country":"US","city":"New Brighton","state":"Pennsylvania","state_ab":"PA","county":"Beaver","geo_location":{ "type": "Point", "coordinates": [-80.2972, 40.7393] }},
{"zip_code":"16650","country":"US","city":"Hopewell","state":"Pennsylvania","state_ab":"PA","county":"Bedford","geo_location":{ "type": "Point", "coordinates": [-78.3129, 40.1192] }},
{"zip_code":"19503","country":"US","city":"Bally","state":"Pennsylvania","state_ab":"PA","county":"Berks","geo_location":{ "type": "Point", "coordinates": [-75.5769, 40.405] }},
{"zip_code":"19516","country":"US","city":"Centerport","state":"Pennsylvania","state_ab":"PA","county":"Berks","geo_location":{ "type": "Point", "coordinates": [-76.006, 40.4858] }},
{"zip_code":"19529","country":"US","city":"Kempton","state":"Pennsylvania","state_ab":"PA","county":"Berks","geo_location":{ "type": "Point", "coordinates": [-75.8513, 40.6328] }},
{"zip_code":"19530","country":"US","city":"Kutztown","state":"Pennsylvania","state_ab":"PA","county":"Berks","geo_location":{ "type": "Point", "coordinates": [-75.7774, 40.5214] }},
{"zip_code":"19543","country":"US","city":"Morgantown","state":"Pennsylvania","state_ab":"PA","county":"Berks","geo_location":{ "type": "Point", "coordinates": [-75.8998, 40.1552] }},
{"zip_code":"19606","country":"US","city":"Reading","state":"Pennsylvania","state_ab":"PA","county":"Berks","geo_location":{ "type": "Point", "coordinates": [-75.875, 40.3351] }},
{"zip_code":"17743","country":"US","city":"Leroy","state":"Pennsylvania","state_ab":"PA","county":"Bradford","geo_location":{ "type": "Point", "coordinates": [-76.5213, 41.772] }},
{"zip_code":"18810","country":"US","city":"Athens","state":"Pennsylvania","state_ab":"PA","county":"Bradford","geo_location":{ "type": "Point", "coordinates": [-76.4889, 41.949] }},
{"zip_code":"18850","country":"US","city":"Ulster","state":"Pennsylvania","state_ab":"PA","county":"Bradford","geo_location":{ "type": "Point", "coordinates": [-76.4876, 41.8408] }},
{"zip_code":"18913","country":"US","city":"Carversville","state":"Pennsylvania","state_ab":"PA","county":"Bucks","geo_location":{ "type": "Point", "coordinates": [-75.0413, 40.3765] }},
{"zip_code":"18926","country":"US","city":"Gardenville","state":"Pennsylvania","state_ab":"PA","county":"Bucks","geo_location":{ "type": "Point", "coordinates": [-75.0985, 40.3947] }},
{"zip_code":"18940","country":"US","city":"Newtown","state":"Pennsylvania","state_ab":"PA","county":"Bucks","geo_location":{ "type": "Point", "coordinates": [-74.9555, 40.263] }},
{"zip_code":"18953","country":"US","city":"Revere","state":"Pennsylvania","state_ab":"PA","county":"Bucks","geo_location":{ "type": "Point", "coordinates": [-75.1028, 40.3286] }},
{"zip_code":"18966","country":"US","city":"Southampton","state":"Pennsylvania","state_ab":"PA","county":"Bucks","geo_location":{ "type": "Point", "coordinates": [-75.0071, 40.1868] }},
{"zip_code":"18980","country":"US","city":"Wycombe","state":"Pennsylvania","state_ab":"PA","county":"Bucks","geo_location":{ "type": "Point", "coordinates": [-75.0205, 40.2742] }},
{"zip_code":"19053","country":"US","city":"Feasterville Trevose","state":"Pennsylvania","state_ab":"PA","county":"Bucks","geo_location":{ "type": "Point", "coordinates": [-74.9904, 40.1547] }},
{"zip_code":"16003","country":"US","city":"Butler","state":"Pennsylvania","state_ab":"PA","county":"Butler","geo_location":{ "type": "Point", "coordinates": [-79.9276, 40.9211] }},
{"zip_code":"16016","country":"US","city":"Boyers","state":"Pennsylvania","state_ab":"PA","county":"Butler","geo_location":{ "type": "Point", "coordinates": [-79.9276, 40.9211] }},
{"zip_code":"16029","country":"US","city":"East Butler","state":"Pennsylvania","state_ab":"PA","county":"Butler","geo_location":{ "type": "Point", "coordinates": [-79.7808, 40.7802] }},
{"zip_code":"16030","country":"US","city":"Eau Claire","state":"Pennsylvania","state_ab":"PA","county":"Butler","geo_location":{ "type": "Point", "coordinates": [-79.7981, 41.1348] }},
{"zip_code":"16056","country":"US","city":"Saxonburg","state":"Pennsylvania","state_ab":"PA","county":"Butler","geo_location":{ "type": "Point", "coordinates": [-79.8352, 40.7361] }},
{"zip_code":"15930","country":"US","city":"Dunlo","state":"Pennsylvania","state_ab":"PA","county":"Cambria","geo_location":{ "type": "Point", "coordinates": [-78.7192, 40.2939] }},
{"zip_code":"15943","country":"US","city":"Nanty Glo","state":"Pennsylvania","state_ab":"PA","county":"Cambria","geo_location":{ "type": "Point", "coordinates": [-78.8375, 40.4704] }},
{"zip_code":"15956","country":"US","city":"South Fork","state":"Pennsylvania","state_ab":"PA","county":"Cambria","geo_location":{ "type": "Point", "coordinates": [-78.7887, 40.3629] }},
{"zip_code":"16636","country":"US","city":"Dysart","state":"Pennsylvania","state_ab":"PA","county":"Cambria","geo_location":{ "type": "Point", "coordinates": [-78.5271, 40.6088] }},
{"zip_code":"18216","country":"US","city":"Beaver Meadows","state":"Pennsylvania","state_ab":"PA","county":"Carbon","geo_location":{ "type": "Point", "coordinates": [-75.9406, 40.9227] }},
{"zip_code":"18229","country":"US","city":"Jim Thorpe","state":"Pennsylvania","state_ab":"PA","county":"Carbon","geo_location":{ "type": "Point", "coordinates": [-75.7397, 40.87] }},
{"zip_code":"18230","country":"US","city":"Junedale","state":"Pennsylvania","state_ab":"PA","county":"Carbon","geo_location":{ "type": "Point", "coordinates": [-75.7358, 40.9348] }},
{"zip_code":"16803","country":"US","city":"State College","state":"Pennsylvania","state_ab":"PA","county":"Centre","geo_location":{ "type": "Point", "coordinates": [-77.8926, 40.8082] }},
{"zip_code":"16829","country":"US","city":"Clarence","state":"Pennsylvania","state_ab":"PA","county":"Centre","geo_location":{ "type": "Point", "coordinates": [-77.9312, 41.0585] }},
{"zip_code":"16856","country":"US","city":"Mingoville","state":"Pennsylvania","state_ab":"PA","county":"Centre","geo_location":{ "type": "Point", "coordinates": [-77.6389, 40.9299] }}]}