{"value": [{"zip_code":"94946","country":"US","city":"Nicasio","state":"California","state_ab":"CA","county":"Marin","geo_location":{ "type": "Point", "coordinates": [-122.6964, 38.0546] }},
{"zip_code":"94960","country":"US","city":"San Anselmo","state":"California","state_ab":"CA","county":"Marin","geo_location":{ "type": "Point", "coordinates": [-122.5711, 37.9846] }},
{"zip_code":"94973","country":"US","city":"Woodacre","state":"California","state_ab":"CA","county":"Marin","geo_location":{ "type": "Point", "coordinates": [-122.6382, 38.0069] }},
{"zip_code":"95420","country":"US","city":"Caspar","state":"California","state_ab":"CA","county":"Mendocino","geo_location":{ "type": "Point", "coordinates": [-123.7944, 39.3629] }},
{"zip_code":"95459","country":"US","city":"Manchester","state":"California","state_ab":"CA","county":"Mendocino","geo_location":{ "type": "Point", "coordinates": [-123.6523, 39.0097] }},
{"zip_code":"95460","country":"US","city":"Mendocino","state":"California","state_ab":"CA","county":"Mendocino","geo_location":{ "type": "Point", "coordinates": [-123.7739, 39.3173] }},
{"zip_code":"93620","country":"US","city":"Dos Palos","state":"California","state_ab":"CA","county":"Merced","geo_location":{ "type": "Point", "coordinates": [-120.6333, 37.0025] }},
{"zip_code":"95303","country":"US","city":"Ballico","state":"California","state_ab":"CA","county":"Merced","geo_location":{ "type": "Point", "coordinates": [-120.6931, 37.4548] }},
{"zip_code":"95343","country":"US","city":"Merced","state":"California","state_ab":"CA","county":"Merced","geo_location":{ "type": "Point", "coordinates": [-120.48, 37.3082] }},
{"zip_code":"95369","country":"US","city":"Snelling","state":"California","state_ab":"CA","county":"Merced","geo_location":{ "type": "Point", "coordinates": [-120.378, 37.5354] }},
{"zip_code":"93529","country":"US","city":"June Lake","state":"California","state_ab":"CA","county":"Mono","geo_location":{ "type": "Point", "coordinates": [-119.0825, 37.7773] }},
{"zip_code":"93426","country":"US","city":"Bradley","state":"California","state_ab":"CA","county":"Monterey","geo_location":{ "type": "Point", "coordinates": [-120.9728, 35.8093] }},
{"zip_code":"93930","country":"US","city":"King City","state":"California","state_ab":"CA","county":"Monterey","geo_location":{ "type": "Point", "coordinates": [-121.1273, 36.2028] }},
{"zip_code":"93943","country":"US","city":"Monterey","state":"California","state_ab":"CA","county":"Monterey","geo_location":{ "type": "Point", "coordinates": [-121.8741, 36.597] }},
{"zip_code":"94559","country":"US","city":"Napa","state":"California","state_ab":"CA","county":"Napa","geo_location":{ "type": "Point", "coordinates": [-122.2841, 38.2904] }},
{"zip_code":"94573","country":"US","city":"Rutherford","state":"California","state_ab":"CA","county":"Napa","geo_location":{ "type": "Point", "coordinates": [-122.4142, 38.4665] }},
{"zip_code":"94599","country":"US","city":"Yountville","state":"California","state_ab":"CA","county":"Napa","geo_location":{ "type": "Point", "coordinates": [-122.3616, 38.4161] }},
{"zip_code":"95949","country":"US","city":"Grass Valley","state":"California","state_ab":"CA","county":"Nevada","geo_location":{ "type": "Point", "coordinates": [-121.0938, 39.1193] }},
{"zip_code":"90623","country":"US","city":"La Palma","state":"California","state_ab":"CA","county":"Orange","geo_location":{ "type": "Point", "coordinates": [-118.0398, 33.8491] }},
{"zip_code":"90740","country":"US","city":"Seal Beach","state":"California","state_ab":"CA","county":"Orange","geo_location":{ "type": "Point", "coordinates": [-118.0808, 33.7602] }},
{"zip_code":"92603","country":"US","city":"Irvine","state":"California","state_ab":"CA","county":"Orange","geo_location":{ "type": "Point", "coordinates": [-117.794, 33.6245] }},
{"zip_code":"92616","country":"US","city":"Irvine","state":"California","state_ab":"CA","county":"Orange","geo_location":{ "type": "Point", "coordinates": [-117.8361, 33.6519] }},
{"zip_code":"92629","country":"US","city":"Dana Point","state":"California","state_ab":"CA","county":"Orange","geo_location":{ "type": "Point", "coordinates": [-117.6964, 33.4743] }},
{"zip_code":"92630","country":"US","city":"Lake Forest","state":"California","state_ab":"CA","county":"Orange","geo_location":{ "type": "Point", "coordinates": [-117.6868, 33.6437] }},
{"zip_code":"92643","country":"US","city":"Garden Grove","state":"California","state_ab":"CA","county":"Orange County","geo_location":{ "type": "Point", "coordinates": [-117.9303, 33.7629] }},
{"zip_code":"92656","country":"US","city":"Aliso Viejo","state":"California","state_ab":"CA","county":"Orange","geo_location":{ "type": "Point", "coordinates": [-117.7086, 33.5701] }},
{"zip_code":"92669","country":"US","city":"Orange","state":"California","state_ab":"CA","county":"Orange County","geo_location":{ "type": "Point", "coordinates": [-117.7986, 33.792] }},
{"zip_code":"92670","country":"US","city":"Placentia","state":"California","state_ab":"CA","county":"Orange County","geo_location":{ "type": "Point", "coordinates": [-117.8582, 33.8808] }},
{"zip_code":"92683","country":"US","city":"Westminster","state":"California","state_ab":"CA","county":"Orange","geo_location":{ "type": "Point", "coordinates": [-117.9939, 33.7524] }},
{"zip_code":"92706","country":"US","city":"Santa Ana","state":"California","state_ab":"CA","county":"Orange","geo_location":{ "type": "Point", "coordinates": [-117.8855, 33.7691] }},
{"zip_code":"92799","country":"US","city":"Santa Ana","state":"California","state_ab":"CA","county":"Orange","geo_location":{ "type": "Point", "coordinates": [-117.9098, 33.7205] }},
{"zip_code":"92809","country":"US","city":"Anaheim","state":"California","state_ab":"CA","county":"Orange County","geo_location":{ "type": "Point", "coordinates": [-117.9388, 33.8426] }},
{"zip_code":"92823","country":"US","city":"Brea","state":"California","state_ab":"CA","county":"Orange","geo_location":{ "type": "Point", "coordinates": [-117.798, 33.923] }},
{"zip_code":"92836","country":"US","city":"Fullerton","state":"California","state_ab":"CA","county":"Orange","geo_location":{ "type": "Point", "coordinates": [-117.9038, 33.8755] }},
{"zip_code":"92850","country":"US","city":"Anaheim","state":"California","state_ab":"CA","county":"Orange","geo_location":{ "type": "Point", "coordinates": [-117.9555, 33.8442] }},
{"zip_code":"92863","country":"US","city":"Orange","state":"California","state_ab":"CA","county":"Orange","geo_location":{ "type": "Point", "coordinates": [-117.8273, 33.8153] }},
{"zip_code":"95703","country":"US","city":"Applegate","state":"California","state_ab":"CA","county":"Placer","geo_location":{ "type": "Point", "coordinates": [-120.9905, 38.9955] }},
{"zip_code":"96140","country":"US","city":"Carnelian Bay","state":"California","state_ab":"CA","county":"Placer","geo_location":{ "type": "Point", "coordinates": [-120.0753, 39.2319] }},
{"zip_code":"95923","country":"US","city":"Canyondam","state":"California","state_ab":"CA","county":"Plumas","geo_location":{ "type": "Point", "coordinates": [-121.1496, 40.1828] }},
{"zip_code":"92203","country":"US","city":"Indio","state":"California","state_ab":"CA","county":"Riverside","geo_location":{ "type": "Point", "coordinates": [-116.2676, 33.7532] }},
{"zip_code":"92230","country":"US","city":"Cabazon","state":"California","state_ab":"CA","county":"Riverside","geo_location":{ "type": "Point", "coordinates": [-116.7739, 33.9086] }},
{"zip_code":"92270","country":"US","city":"Rancho Mirage","state":"California","state_ab":"CA","county":"Riverside","geo_location":{ "type": "Point", "coordinates": [-116.4225, 33.7643] }},
{"zip_code":"92320","country":"US","city":"Calimesa","state":"California","state_ab":"CA","county":"Riverside","geo_location":{ "type": "Point", "coordinates": [-117.043, 33.9946] }},
{"zip_code":"92513","country":"US","city":"Riverside","state":"California","state_ab":"CA","county":"Riverside","geo_location":{ "type": "Point", "coordinates": [-116.0556, 33.7529] }},
{"zip_code":"92539","country":"US","city":"Anza","state":"California","state_ab":"CA","county":"Riverside","geo_location":{ "type": "Point", "coordinates": [-116.7135, 33.5688] }},
{"zip_code":"34050","country":"US","city":"FPO","state":"","state_ab":"AA","county":"Erie","geo_location":{ "type": "Point", "coordinates": [-111.6789, 41.0375] }},
{"zip_code":"99509","country":"US","city":"Anchorage","state":"Alaska","state_ab":"AK","county":"Anchorage Municipality","geo_location":{ "type": "Point", "coordinates": [-149.4403, 61.1089] }},
{"zip_code":"99510","country":"US","city":"Anchorage","state":"Alaska","state_ab":"AK","county":"Anchorage Municipality","geo_location":{ "type": "Point", "coordinates": [-149.8784, 61.1446] }},
{"zip_code":"99523","country":"US","city":"Anchorage","state":"Alaska","state_ab":"AK","county":"Anchorage Municipality","geo_location":{ "type": "Point", "coordinates": [-149.4403, 61.1089] }},
{"zip_code":"99589","country":"US","city":"Goodnews Bay","state":"Alaska","state_ab":"AK","county":"Bethel (CA)","geo_location":{ "type": "Point", "coordinates": [-163.1189, 60.3147] }},
{"zip_code":"99626","country":"US","city":"Lower Kalskag","state":"Alaska","state_ab":"AK","county":"Bethel (CA)","geo_location":{ "type": "Point", "coordinates": [-160.36, 61.5138] }},
{"zip_code":"99679","country":"US","city":"Tuluksak","state":"Alaska","state_ab":"AK","county":"Bethel (CA)","geo_location":{ "type": "Point", "coordinates": [-160.9389, 61.1088] }},
{"zip_code":"99680","country":"US","city":"Tuntutuliak","state":"Alaska","state_ab":"AK","county":"Bethel (CA)","geo_location":{ "type": "Point", "coordinates": [-163.1189, 60.3147] }},
{"zip_code":"99613","country":"US","city":"King Salmon","state":"Alaska","state_ab":"AK","county":"Bristol Bay","geo_location":{ "type": "Point", "coordinates": [-157.1595, 58.7456] }},
{"zip_code":"99729","country":"US","city":"Cantwell","state":"Alaska","state_ab":"AK","county":"Denali","geo_location":{ "type": "Point", "coordinates": [-148.8973, 63.3955] }},
{"zip_code":"99743","country":"US","city":"Healy","state":"Alaska","state_ab":"AK","county":"Denali","geo_location":{ "type": "Point", "coordinates": [-149.0111, 63.9171] }},
{"zip_code":"99576","country":"US","city":"Dillingham","state":"Alaska","state_ab":"AK","county":"Dillingham (CA)","geo_location":{ "type": "Point", "coordinates": [-158.5231, 59.0402] }},
{"zip_code":"99703","country":"US","city":"Fort Wainwright","state":"Alaska","state_ab":"AK","county":"Fairbanks North Star","geo_location":{ "type": "Point", "coordinates": [-147.6557, 64.8283] }},
{"zip_code":"99716","country":"US","city":"Two Rivers","state":"Alaska","state_ab":"AK","county":"Fairbanks North Star","geo_location":{ "type": "Point", "coordinates": [-146.8982, 64.8746] }},
{"zip_code":"99639","country":"US","city":"Ninilchik","state":"Alaska","state_ab":"AK","county":"Kenai Peninsula","geo_location":{ "type": "Point", "coordinates": [-151.6396, 60.0108] }},
{"zip_code":"99950","country":"US","city":"Ketchikan","state":"Alaska","state_ab":"AK","county":"Ketchikan Gateway","geo_location":{ "type": "Point", "coordinates": [-131.4327, 55.542] }},
{"zip_code":"99550","country":"US","city":"Port Lions","state":"Alaska","state_ab":"AK","county":"Kodiak Island","geo_location":{ "type": "Point", "coordinates": [-153.5056, 57.7012] }},
{"zip_code":"99549","country":"US","city":"Port Heiden","state":"Alaska","state_ab":"AK","county":"Lake and Peninsula","geo_location":{ "type": "Point", "coordinates": [-158.5664, 56.9643] }},
{"zip_code":"99640","country":"US","city":"Nondalton","state":"Alaska","state_ab":"AK","county":"Lake and Peninsula","geo_location":{ "type": "Point", "coordinates": [-156.6484, 58.2687] }},
{"zip_code":"99653","country":"US","city":"Port Alsworth","state":"Alaska","state_ab":"AK","county":"Lake and Peninsula","geo_location":{ "type": "Point", "coordinates": [-156.6484, 58.2687] }},
{"zip_code":"99769","country":"US","city":"Savoonga","state":"Alaska","state_ab":"AK","county":"Nome (CA)","geo_location":{ "type": "Point", "coordinates": [-170.4709, 63.6797] }},
{"zip_code":"99783","country":"US","city":"Wales","state":"Alaska","state_ab":"AK","county":"Nome (CA)","geo_location":{ "type": "Point", "coordinates": [-165.6723, 64.7556] }},
{"zip_code":"99770","country":"US","city":"Selawik","state":"Alaska","state_ab":"AK","county":"Northwest Arctic","geo_location":{ "type": "Point", "coordinates": [-159.8439, 66.8684] }},
{"zip_code":"99923","country":"US","city":"Hyder","state":"Alaska","state_ab":"AK","county":"Prince of Wales-Outer","geo_location":{ "type": "Point", "coordinates": [-132.0032, 55.5179] }},
{"zip_code":"99820","country":"US","city":"Angoon","state":"Alaska","state_ab":"AK","county":"Skagway-Hoonah-Angoon","geo_location":{ "type": "Point", "coordinates": [-134.586, 57.5005] }},
{"zip_code":"99693","country":"US","city":"Whittier","state":"Alaska","state_ab":"AK","county":"Valdez-Cordova (CA)","geo_location":{ "type": "Point", "coordinates": [-148.6839, 60.7734] }},
{"zip_code":"99563","country":"US","city":"Chevak","state":"Alaska","state_ab":"AK","county":"Wade Hampton (CA)","geo_location":{ "type": "Point", "coordinates": [-165.5905, 61.529] }},
{"zip_code":"99666","country":"US","city":"Sheldon Point","state":"Alaska","state_ab":"AK","county":"Wade Hampton (CA)","geo_location":{ "type": "Point", "coordinates": [-163.2376, 62.1172] }},
{"zip_code":"99833","country":"US","city":"Petersburg","state":"Alaska","state_ab":"AK","county":"Wrangell-Petersburg (C","geo_location":{ "type": "Point", "coordinates": [-133.1607, 56.8271] }},
{"zip_code":"99590","country":"US","city":"Grayling","state":"Alaska","state_ab":"AK","county":"Yukon-Koyukuk (CA)","geo_location":{ "type": "Point", "coordinates": [-151.0251, 65.2264] }},
{"zip_code":"99730","country":"US","city":"Central","state":"Alaska","state_ab":"AK","county":"Yukon-Koyukuk (CA)","geo_location":{ "type": "Point", "coordinates": [-144.7489, 65.4681] }},
{"zip_code":"99756","country":"US","city":"Manley Hot Springs","state":"Alaska","state_ab":"AK","county":"Yukon-Koyukuk (CA)","geo_location":{ "type": "Point", "coordinates": [-151.0251, 65.2264] }},
{"zip_code":"36003","country":"US","city":"Autaugaville","state":"Alabama","state_ab":"AL","county":"Autauga","geo_location":{ "type": "Point", "coordinates": [-86.7149, 32.4625] }},
{"zip_code":"36533","country":"US","city":"Fairhope","state":"Alabama","state_ab":"AL","county":"Baldwin","geo_location":{ "type": "Point", "coordinates": [-87.8606, 30.4841] }},
{"zip_code":"36559","country":"US","city":"Montrose","state":"Alabama","state_ab":"AL","county":"Baldwin","geo_location":{ "type": "Point", "coordinates": [-87.9005, 30.5623] }},
{"zip_code":"36016","country":"US","city":"Clayton","state":"Alabama","state_ab":"AL","county":"Barbour","geo_location":{ "type": "Point", "coordinates": [-85.4509, 31.8874] }},
{"zip_code":"36793","country":"US","city":"Lawley","state":"Alabama","state_ab":"AL","county":"Bibb","geo_location":{ "type": "Point", "coordinates": [-86.9567, 32.8646] }},
{"zip_code":"35013","country":"US","city":"Allgood","state":"Alabama","state_ab":"AL","county":"Blount","geo_location":{ "type": "Point", "coordinates": [-86.4493, 33.9222] }},
{"zip_code":"35079","country":"US","city":"Hayden","state":"Alabama","state_ab":"AL","county":"Blount","geo_location":{ "type": "Point", "coordinates": [-86.7455, 33.9534] }},
{"zip_code":"36029","country":"US","city":"Fitzpatrick","state":"Alabama","state_ab":"AL","county":"Bullock","geo_location":{ "type": "Point", "coordinates": [-85.8883, 32.1516] }},
{"zip_code":"36030","country":"US","city":"Forest Home","state":"Alabama","state_ab":"AL","county":"Butler","geo_location":{ "type": "Point", "coordinates": [-86.8372, 31.8501] }},
{"zip_code":"36456","country":"US","city":"Mc Kenzie","state":"Alabama","state_ab":"AL","county":"Butler","geo_location":{ "type": "Point", "coordinates": [-86.7356, 31.545] }},
{"zip_code":"36210","country":"US","city":"Anniston","state":"Alabama","state_ab":"AL","county":"Calhoun County","geo_location":{ "type": "Point", "coordinates": [-85.7717, 33.6578] }},
{"zip_code":"36250","country":"US","city":"Alexandria","state":"Alabama","state_ab":"AL","county":"Calhoun","geo_location":{ "type": "Point", "coordinates": [-85.8924, 33.7808] }},
{"zip_code":"35983","country":"US","city":"Leesburg","state":"Alabama","state_ab":"AL","county":"Cherokee","geo_location":{ "type": "Point", "coordinates": [-85.7705, 34.1911] }},
{"zip_code":"36906","country":"US","city":"Cromwell","state":"Alabama","state_ab":"AL","county":"Choctaw","geo_location":{ "type": "Point", "coordinates": [-88.2007, 32.0042] }},
{"zip_code":"36919","country":"US","city":"Silas","state":"Alabama","state_ab":"AL","county":"Choctaw","geo_location":{ "type": "Point", "coordinates": [-88.3091, 31.7668] }},
{"zip_code":"36586","country":"US","city":"Walker Springs","state":"Alabama","state_ab":"AL","county":"Clarke","geo_location":{ "type": "Point", "coordinates": [-87.8409, 31.5884] }},
{"zip_code":"35646","country":"US","city":"Leighton","state":"Alabama","state_ab":"AL","county":"Colbert","geo_location":{ "type": "Point", "coordinates": [-87.5221, 34.711] }},
{"zip_code":"35660","country":"US","city":"Sheffield","state":"Alabama","state_ab":"AL","county":"Colbert","geo_location":{ "type": "Point", "coordinates": [-87.6971, 34.7578] }},
{"zip_code":"36429","country":"US","city":"Brooklyn","state":"Alabama","state_ab":"AL","county":"Conecuh","geo_location":{ "type": "Point", "coordinates": [-87.0447, 31.4669] }},
{"zip_code":"35183","country":"US","city":"Weogufka","state":"Alabama","state_ab":"AL","county":"Coosa","geo_location":{ "type": "Point", "coordinates": [-86.3042, 33.0238] }},
{"zip_code":"36483","country":"US","city":"Wing","state":"Alabama","state_ab":"AL","county":"Covington","geo_location":{ "type": "Point", "coordinates": [-86.6293, 31.0223] }},
{"zip_code":"35053","country":"US","city":"Crane Hill","state":"Alabama","state_ab":"AL","county":"Cullman","geo_location":{ "type": "Point", "coordinates": [-87.0484, 34.0821] }},
{"zip_code":"35903","country":"US","city":"Gadsden","state":"Alabama","state_ab":"AL","county":"Etowah","geo_location":{ "type": "Point", "coordinates": [-85.9077, 33.9845] }},
{"zip_code":"36313","country":"US","city":"Bellwood","state":"Alabama","state_ab":"AL","county":"Geneva","geo_location":{ "type": "Point", "coordinates": [-85.8137, 31.1501] }},
{"zip_code":"36340","country":"US","city":"Geneva","state":"Alabama","state_ab":"AL","county":"Geneva","geo_location":{ "type": "Point", "coordinates": [-85.8847, 31.0414] }},
{"zip_code":"36740","country":"US","city":"Forkland","state":"Alabama","state_ab":"AL","county":"Greene","geo_location":{ "type": "Point", "coordinates": [-87.8441, 32.6108] }},
{"zip_code":"36353","country":"US","city":"Newville","state":"Alabama","state_ab":"AL","county":"Henry","geo_location":{ "type": "Point", "coordinates": [-85.3287, 31.4403] }},
{"zip_code":"35776","country":"US","city":"Woodville","state":"Alabama","state_ab":"AL","county":"Jackson","geo_location":{ "type": "Point", "coordinates": [-86.2296, 34.6689] }},
{"zip_code":"35116","country":"US","city":"Morris","state":"Alabama","state_ab":"AL","county":"Jefferson","geo_location":{ "type": "Point", "coordinates": [-86.7726, 33.7392] }},
{"zip_code":"35206","country":"US","city":"Birmingham","state":"Alabama","state_ab":"AL","county":"Jefferson","geo_location":{ "type": "Point", "coordinates": [-86.7199, 33.5678] }},
{"zip_code":"35219","country":"US","city":"Birmingham","state":"Alabama","state_ab":"AL","county":"Jefferson","geo_location":{ "type": "Point", "coordinates": [-86.9292, 33.5446] }},
{"zip_code":"35220","country":"US","city":"Birmingham","state":"Alabama","state_ab":"AL","county":"Jefferson","geo_location":{ "type": "Point", "coordinates": [-86.9292, 33.5446] }},
{"zip_code":"35233","country":"US","city":"Birmingham","state":"Alabama","state_ab":"AL","county":"Jefferson","geo_location":{ "type": "Point", "coordinates": [-86.8003, 33.5062] }},
{"zip_code":"35246","country":"US","city":"Birmingham","state":"Alabama","state_ab":"AL","county":"Jefferson","geo_location":{ "type": "Point", "coordinates": [-86.9292, 33.5446] }},
{"zip_code":"35259","country":"US","city":"Birmingham","state":"Alabama","state_ab":"AL","county":"Jefferson","geo_location":{ "type": "Point", "coordinates": [-86.9292, 33.5446] }},
{"zip_code":"35260","country":"US","city":"Birmingham","state":"Alabama","state_ab":"AL","county":"Jefferson","geo_location":{ "type": "Point", "coordinates": [-86.9292, 33.5446] }},
{"zip_code":"35286","country":"US","city":"Birmingham","state":"Alabama","state_ab":"AL","county":"Jefferson","geo_location":{ "type": "Point", "coordinates": [-86.9292, 33.5446] }},
{"zip_code":"35299","country":"US","city":"Birmingham","state":"Alabama","state_ab":"AL","county":"Jefferson","geo_location":{ "type": "Point", "coordinates": [-86.9292, 33.5446] }},
{"zip_code":"35633","country":"US","city":"Florence","state":"Alabama","state_ab":"AL","county":"Lauderdale","geo_location":{ "type": "Point", "coordinates": [-87.7398, 34.8825] }},
{"zip_code":"36803","country":"US","city":"Opelika","state":"Alabama","state_ab":"AL","county":"Lee","geo_location":{ "type": "Point", "coordinates": [-85.4315, 32.5226] }},
{"zip_code":"36830","country":"US","city":"Auburn","state":"Alabama","state_ab":"AL","county":"Lee","geo_location":{ "type": "Point", "coordinates": [-85.4682, 32.5475] }},
{"zip_code":"35620","country":"US","city":"Elkmont","state":"Alabama","state_ab":"AL","county":"Limestone","geo_location":{ "type": "Point", "coordinates": [-86.9105, 34.9152] }},
{"zip_code":"36083","country":"US","city":"Tuskegee","state":"Alabama","state_ab":"AL","county":"Macon","geo_location":{ "type": "Point", "coordinates": [-85.6861, 32.4316] }},
{"zip_code":"35749","country":"US","city":"Harvest","state":"Alabama","state_ab":"AL","county":"Madison","geo_location":{ "type": "Point", "coordinates": [-86.7499, 34.8273] }},
{"zip_code":"35750","country":"US","city":"Hazel Green","state":"Alabama","state_ab":"AL","county":"Madison","geo_location":{ "type": "Point", "coordinates": [-86.5935, 34.9496] }},
{"zip_code":"35763","country":"US","city":"Owens Cross Roads","state":"Alabama","state_ab":"AL","county":"Madison","geo_location":{ "type": "Point", "coordinates": [-86.4644, 34.6215] }},
{"zip_code":"35813","country":"US","city":"Huntsville","state":"Alabama","state_ab":"AL","county":"Madison","geo_location":{ "type": "Point", "coordinates": [-86.5229, 34.734] }},
{"zip_code":"35893","country":"US","city":"Huntsville","state":"Alabama","state_ab":"AL","county":"Madison","geo_location":{ "type": "Point", "coordinates": [-86.5229, 34.734] }},
{"zip_code":"35543","country":"US","city":"Bear Creek","state":"Alabama","state_ab":"AL","county":"Marion","geo_location":{ "type": "Point", "coordinates": [-87.7396, 34.1649] }},
{"zip_code":"35570","country":"US","city":"Hamilton","state":"Alabama","state_ab":"AL","county":"Marion","geo_location":{ "type": "Point", "coordinates": [-88.0085, 34.1534] }},
{"zip_code":"35956","country":"US","city":"Boaz","state":"Alabama","state_ab":"AL","county":"Marshall","geo_location":{ "type": "Point", "coordinates": [-86.148, 34.1437] }},
{"zip_code":"36560","country":"US","city":"Mount Vernon","state":"Alabama","state_ab":"AL","county":"Mobile","geo_location":{ "type": "Point", "coordinates": [-88.035, 31.0974] }},
{"zip_code":"36609","country":"US","city":"Mobile","state":"Alabama","state_ab":"AL","county":"Mobile","geo_location":{ "type": "Point", "coordinates": [-88.1618, 30.6605] }},
{"zip_code":"36610","country":"US","city":"Mobile","state":"Alabama","state_ab":"AL","county":"Mobile","geo_location":{ "type": "Point", "coordinates": [-88.0789, 30.7309] }},
{"zip_code":"36623","country":"US","city":"Mobile","state":"Alabama","state_ab":"AL","county":"Mobile","geo_location":{ "type": "Point", "coordinates": [-88.178, 30.6589] }},
{"zip_code":"36663","country":"US","city":"Mobile","state":"Alabama","state_ab":"AL","county":"Mobile","geo_location":{ "type": "Point", "coordinates": [-88.2317, 30.819] }},
{"zip_code":"36689","country":"US","city":"Mobile","state":"Alabama","state_ab":"AL","county":"Mobile","geo_location":{ "type": "Point", "coordinates": [-88.178, 30.6589] }},
{"zip_code":"36690","country":"US","city":"Mobile","state":"Alabama","state_ab":"AL","county":"Mobile","geo_location":{ "type": "Point", "coordinates": [-88.178, 30.6589] }},
{"zip_code":"36469","country":"US","city":"Paul","state":"Alabama","state_ab":"AL","county":"Monroe County","geo_location":{ "type": "Point", "coordinates": [-86.7439, 31.32] }},
{"zip_code":"36470","country":"US","city":"Perdue Hill","state":"Alabama","state_ab":"AL","county":"Monroe","geo_location":{ "type": "Point", "coordinates": [-87.4284, 31.5081] }},
{"zip_code":"36043","country":"US","city":"Hope Hull","state":"Alabama","state_ab":"AL","county":"Montgomery","geo_location":{ "type": "Point", "coordinates": [-86.3932, 32.2243] }},
{"zip_code":"36069","country":"US","city":"Ramer","state":"Alabama","state_ab":"AL","county":"Montgomery","geo_location":{ "type": "Point", "coordinates": [-86.2463, 32.0677] }},
{"zip_code":"36106","country":"US","city":"Montgomery","state":"Alabama","state_ab":"AL","county":"Montgomery","geo_location":{ "type": "Point", "coordinates": [-86.2673, 32.3543] }},
{"zip_code":"36119","country":"US","city":"Montgomery","state":"Alabama","state_ab":"AL","county":"Montgomery","geo_location":{ "type": "Point", "coordinates": [-86.2085, 32.2334] }},
{"zip_code":"36120","country":"US","city":"Montgomery","state":"Alabama","state_ab":"AL","county":"Montgomery","geo_location":{ "type": "Point", "coordinates": [-86.2085, 32.2334] }},
{"zip_code":"36133","country":"US","city":"Montgomery","state":"Alabama","state_ab":"AL","county":"Montgomery","geo_location":{ "type": "Point", "coordinates": [-86.2085, 32.2334] }},
{"zip_code":"36199","country":"US","city":"Montgomery","state":"Alabama","state_ab":"AL","county":"Montgomery County","geo_location":{ "type": "Point", "coordinates": [-86.2822, 32.3858] }},
{"zip_code":"35619","country":"US","city":"Danville","state":"Alabama","state_ab":"AL","county":"Morgan","geo_location":{ "type": "Point", "coordinates": [-87.1454, 34.3873] }},
{"zip_code":"35673","country":"US","city":"Trinity","state":"Alabama","state_ab":"AL","county":"Morgan","geo_location":{ "type": "Point", "coordinates": [-87.0913, 34.5918] }},
{"zip_code":"35699","country":"US","city":"Decatur","state":"Alabama","state_ab":"AL","county":"Morgan","geo_location":{ "type": "Point", "coordinates": [-86.8299, 34.4954] }},
{"zip_code":"36779","country":"US","city":"Sprott","state":"Alabama","state_ab":"AL","county":"Perry","geo_location":{ "type": "Point", "coordinates": [-87.1416, 32.6544] }},
{"zip_code":"35466","country":"US","city":"Gordo","state":"Alabama","state_ab":"AL","county":"Pickens","geo_location":{ "type": "Point", "coordinates": [-87.9005, 33.3469] }},
{"zip_code":"36263","country":"US","city":"Graham","state":"Alabama","state_ab":"AL","county":"Randolph","geo_location":{ "type": "Point", "coordinates": [-85.334, 33.463] }},
{"zip_code":"36276","country":"US","city":"Wadley","state":"Alabama","state_ab":"AL","county":"Randolph","geo_location":{ "type": "Point", "coordinates": [-85.5513, 33.1492] }},
{"zip_code":"36856","country":"US","city":"Fort Mitchell","state":"Alabama","state_ab":"AL","county":"Russell","geo_location":{ "type": "Point", "coordinates": [-84.9972, 32.2965] }},
{"zip_code":"36869","country":"US","city":"Phenix City","state":"Alabama","state_ab":"AL","county":"Russell","geo_location":{ "type": "Point", "coordinates": [-85.0796, 32.4204] }},
{"zip_code":"36870","country":"US","city":"Phenix City","state":"Alabama","state_ab":"AL","county":"Russell","geo_location":{ "type": "Point", "coordinates": [-85.124, 32.4781] }},
{"zip_code":"35040","country":"US","city":"Calera","state":"Alabama","state_ab":"AL","county":"Shelby","geo_location":{ "type": "Point", "coordinates": [-86.756, 33.1098] }},
{"zip_code":"35080","country":"US","city":"Helena","state":"Alabama","state_ab":"AL","county":"Shelby","geo_location":{ "type": "Point", "coordinates": [-86.902, 33.2663] }},
{"zip_code":"35143","country":"US","city":"Shelby","state":"Alabama","state_ab":"AL","county":"Shelby","geo_location":{ "type": "Point", "coordinates": [-86.5536, 33.0785] }},
{"zip_code":"35440","country":"US","city":"Abernant","state":"Alabama","state_ab":"AL","county":"Tuscaloosa","geo_location":{ "type": "Point", "coordinates": [-87.1898, 33.311] }},
{"zip_code":"35453","country":"US","city":"Cottondale","state":"Alabama","state_ab":"AL","county":"Tuscaloosa","geo_location":{ "type": "Point", "coordinates": [-87.3871, 33.1767] }},
{"zip_code":"35480","country":"US","city":"Ralph","state":"Alabama","state_ab":"AL","county":"Tuscaloosa","geo_location":{ "type": "Point", "coordinates": [-87.7624, 33.1274] }},
{"zip_code":"35130","country":"US","city":"Quinton","state":"Alabama","state_ab":"AL","county":"Walker","geo_location":{ "type": "Point", "coordinates": [-87.1007, 33.6561] }},
{"zip_code":"35503","country":"US","city":"Jasper","state":"Alabama","state_ab":"AL","county":"Walker","geo_location":{ "type": "Point", "coordinates": [-87.3074, 33.9152] }},
{"zip_code":"36726","country":"US","city":"Camden","state":"Alabama","state_ab":"AL","county":"Wilcox","geo_location":{ "type": "Point", "coordinates": [-87.295, 32.0047] }},
{"zip_code":"36753","country":"US","city":"Mc Williams","state":"Alabama","state_ab":"AL","county":"Wilcox","geo_location":{ "type": "Point", "coordinates": [-87.2623, 32.0481] }},
{"zip_code":"36766","country":"US","city":"Oak Hill","state":"Alabama","state_ab":"AL","county":"Wilcox","geo_location":{ "type": "Point", "coordinates": [-87.0745, 31.947] }},
{"zip_code":"96373","country":"US","city":"FPO","state":"","state_ab":"AP","county":"Adams","geo_location":{ "type": "Point", "coordinates": [-155.7982, 19.111] }},
{"zip_code":"72003","country":"US","city":"Almyra","state":"Arkansas","state_ab":"AR","county":"Arkansas","geo_location":{ "type": "Point", "coordinates": [-91.431, 34.4146] }},
{"zip_code":"72160","country":"US","city":"Stuttgart","state":"Arkansas","state_ab":"AR","county":"Arkansas","geo_location":{ "type": "Point", "coordinates": [-91.5487, 34.4854] }},
{"zip_code":"71646","country":"US","city":"Hamburg","state":"Arkansas","state_ab":"AR","county":"Ashley","geo_location":{ "type": "Point", "coordinates": [-91.8023, 33.2058] }},
{"zip_code":"72623","country":"US","city":"Clarkridge","state":"Arkansas","state_ab":"AR","county":"Baxter","geo_location":{ "type": "Point", "coordinates": [-92.3296, 36.4724] }},
{"zip_code":"72739","country":"US","city":"Hiwasse","state":"Arkansas","state_ab":"AR","county":"Benton","geo_location":{ "type": "Point", "coordinates": [-94.339, 36.4416] }},
{"zip_code":"72430","country":"US","city":"Greenway","state":"Arkansas","state_ab":"AR","county":"Clay","geo_location":{ "type": "Point", "coordinates": [-90.2253, 36.3348] }},
{"zip_code":"72456","country":"US","city":"Pollard","state":"Arkansas","state_ab":"AR","county":"Clay","geo_location":{ "type": "Point", "coordinates": [-90.2751, 36.4317] }},
{"zip_code":"72470","country":"US","city":"Success","state":"Arkansas","state_ab":"AR","county":"Clay","geo_location":{ "type": "Point", "coordinates": [-90.7281, 36.4536] }},
{"zip_code":"72546","country":"US","city":"Ida","state":"Arkansas","state_ab":"AR","county":"Cleburne","geo_location":{ "type": "Point", "coordinates": [-91.9305, 35.5816] }},
{"zip_code":"71660","country":"US","city":"New Edinburg","state":"Arkansas","state_ab":"AR","county":"Cleveland","geo_location":{ "type": "Point", "coordinates": [-92.1939, 33.7588] }},
{"zip_code":"72030","country":"US","city":"Cleveland","state":"Arkansas","state_ab":"AR","county":"Conway","geo_location":{ "type": "Point", "coordinates": [-92.702, 35.3955] }},
{"zip_code":"72403","country":"US","city":"Jonesboro","state":"Arkansas","state_ab":"AR","county":"Craighead","geo_location":{ "type": "Point", "coordinates": [-90.7039, 35.8305] }},
{"zip_code":"72416","country":"US","city":"Bono","state":"Arkansas","state_ab":"AR","county":"Craighead","geo_location":{ "type": "Point", "coordinates": [-90.7848, 35.9086] }},
{"zip_code":"72946","country":"US","city":"Mountainburg","state":"Arkansas","state_ab":"AR","county":"Crawford","geo_location":{ "type": "Point", "coordinates": [-94.1497, 35.6464] }},
{"zip_code":"72339","country":"US","city":"Gilmore","state":"Arkansas","state_ab":"AR","county":"Crittenden","geo_location":{ "type": "Point", "coordinates": [-90.2714, 35.4057] }},
{"zip_code":"71763","country":"US","city":"Sparkman","state":"Arkansas","state_ab":"AR","county":"Dallas","geo_location":{ "type": "Point", "coordinates": [-92.8532, 33.9143] }},
{"zip_code":"72379","country":"US","city":"Snow Lake","state":"Arkansas","state_ab":"AR","county":"Desha","geo_location":{ "type": "Point", "coordinates": [-91.0071, 34.0665] }},
{"zip_code":"72106","country":"US","city":"Mayflower","state":"Arkansas","state_ab":"AR","county":"Faulkner","geo_location":{ "type": "Point", "coordinates": [-92.4001, 34.9669] }},
{"zip_code":"72173","country":"US","city":"Vilonia","state":"Arkansas","state_ab":"AR","county":"Faulkner","geo_location":{ "type": "Point", "coordinates": [-92.1832, 35.0719] }},
{"zip_code":"72933","country":"US","city":"Charleston","state":"Arkansas","state_ab":"AR","county":"Franklin","geo_location":{ "type": "Point", "coordinates": [-94.0337, 35.3115] }},
{"zip_code":"72520","country":"US","city":"Camp","state":"Arkansas","state_ab":"AR","county":"Fulton","geo_location":{ "type": "Point", "coordinates": [-91.7262, 36.4025] }},
{"zip_code":"71903","country":"US","city":"Hot Springs National Park","state":"Arkansas","state_ab":"AR","county":"Garland","geo_location":{ "type": "Point", "coordinates": [-93.0994, 34.5814] }},
{"zip_code":"71956","country":"US","city":"Mountain Pine","state":"Arkansas","state_ab":"AR","county":"Garland","geo_location":{ "type": "Point", "coordinates": [-93.1539, 34.5976] }},
{"zip_code":"72443","country":"US","city":"Marmaduke","state":"Arkansas","state_ab":"AR","county":"Greene","geo_location":{ "type": "Point", "coordinates": [-90.3837, 36.1951] }},
{"zip_code":"71929","country":"US","city":"Bismarck","state":"Arkansas","state_ab":"AR","county":"Hot Spring","geo_location":{ "type": "Point", "coordinates": [-93.1872, 34.311] }},
{"zip_code":"72519","country":"US","city":"Calico Rock","state":"Arkansas","state_ab":"AR","county":"Izard","geo_location":{ "type": "Point", "coordinates": [-92.1867, 36.1202] }},
{"zip_code":"72573","country":"US","city":"Sage","state":"Arkansas","state_ab":"AR","county":"Izard","geo_location":{ "type": "Point", "coordinates": [-91.791, 36.0688] }},
{"zip_code":"72043","country":"US","city":"Diaz","state":"Arkansas","state_ab":"AR","county":"Jackson","geo_location":{ "type": "Point", "coordinates": [-91.2592, 35.6336] }},
{"zip_code":"71659","country":"US","city":"Moscow","state":"Arkansas","state_ab":"AR","county":"Jefferson","geo_location":{ "type": "Point", "coordinates": [-91.8112, 34.1537] }},
{"zip_code":"72133","country":"US","city":"Reydell","state":"Arkansas","state_ab":"AR","county":"Jefferson","geo_location":{ "type": "Point", "coordinates": [-91.5656, 34.1715] }},
{"zip_code":"72830","country":"US","city":"Clarksville","state":"Arkansas","state_ab":"AR","county":"Johnson","geo_location":{ "type": "Point", "coordinates": [-93.4911, 35.4908] }},
{"zip_code":"71826","country":"US","city":"Bradley","state":"Arkansas","state_ab":"AR","county":"Lafayette","geo_location":{ "type": "Point", "coordinates": [-93.6275, 33.107] }},
{"zip_code":"71839","country":"US","city":"Garland City","state":"Arkansas","state_ab":"AR","county":"Lafayette","geo_location":{ "type": "Point", "coordinates": [-93.7316, 33.3352] }},
{"zip_code":"72469","country":"US","city":"Strawberry","state":"Arkansas","state_ab":"AR","county":"Lawrence","geo_location":{ "type": "Point", "coordinates": [-91.2935, 35.9673] }},
{"zip_code":"71853","country":"US","city":"Ogden","state":"Arkansas","state_ab":"AR","county":"Little River","geo_location":{ "type": "Point", "coordinates": [-94.0278, 33.5857] }},
{"zip_code":"71866","country":"US","city":"Winthrop","state":"Arkansas","state_ab":"AR","county":"Little River","geo_location":{ "type": "Point", "coordinates": [-94.3952, 33.8583] }},
{"zip_code":"72083","country":"US","city":"Keo","state":"Arkansas","state_ab":"AR","county":"Lonoke","geo_location":{ "type": "Point", "coordinates": [-92.0078, 34.6041] }},
{"zip_code":"72740","country":"US","city":"Huntsville","state":"Arkansas","state_ab":"AR","county":"Madison","geo_location":{ "type": "Point", "coordinates": [-93.7279, 36.1043] }},
{"zip_code":"71840","country":"US","city":"Genoa","state":"Arkansas","state_ab":"AR","county":"Miller","geo_location":{ "type": "Point", "coordinates": [-93.8545, 33.3166] }},
{"zip_code":"72313","country":"US","city":"Bassett","state":"Arkansas","state_ab":"AR","county":"Mississippi","geo_location":{ "type": "Point", "coordinates": [-90.0284, 35.7122] }},
{"zip_code":"72029","country":"US","city":"Clarendon","state":"Arkansas","state_ab":"AR","county":"Monroe","geo_location":{ "type": "Point", "coordinates": [-91.2564, 34.6601] }},
{"zip_code":"72069","country":"US","city":"Holly Grove","state":"Arkansas","state_ab":"AR","county":"Monroe","geo_location":{ "type": "Point", "coordinates": [-91.1844, 34.5993] }},
{"zip_code":"71969","country":"US","city":"Sims","state":"Arkansas","state_ab":"AR","county":"Montgomery","geo_location":{ "type": "Point", "coordinates": [-93.6741, 34.6462] }},
{"zip_code":"71970","country":"US","city":"Story","state":"Arkansas","state_ab":"AR","county":"Montgomery","geo_location":{ "type": "Point", "coordinates": [-93.5376, 34.6687] }},
{"zip_code":"72016","country":"US","city":"Bigelow","state":"Arkansas","state_ab":"AR","county":"Perry","geo_location":{ "type": "Point", "coordinates": [-92.6308, 34.9847] }},
{"zip_code":"72070","country":"US","city":"Houston","state":"Arkansas","state_ab":"AR","county":"Perry","geo_location":{ "type": "Point", "coordinates": [-92.6913, 35.0362] }},
{"zip_code":"72353","country":"US","city":"Lambrook","state":"Arkansas","state_ab":"AR","county":"Phillips","geo_location":{ "type": "Point", "coordinates": [-90.9652, 34.3286] }},
{"zip_code":"72366","country":"US","city":"Marvell","state":"Arkansas","state_ab":"AR","county":"Phillips","geo_location":{ "type": "Point", "coordinates": [-90.9413, 34.5485] }},
{"zip_code":"71943","country":"US","city":"Glenwood","state":"Arkansas","state_ab":"AR","county":"Pike","geo_location":{ "type": "Point", "coordinates": [-93.5559, 34.3192] }},
{"zip_code":"72429","country":"US","city":"Fisher","state":"Arkansas","state_ab":"AR","county":"Poinsett","geo_location":{ "type": "Point", "coordinates": [-90.955, 35.514] }},
{"zip_code":"72843","country":"US","city":"Hector","state":"Arkansas","state_ab":"AR","county":"Pope","geo_location":{ "type": "Point", "coordinates": [-92.9616, 35.5499] }},
{"zip_code":"72856","country":"US","city":"Pelsor","state":"Arkansas","state_ab":"AR","county":"Pope","geo_location":{ "type": "Point", "coordinates": [-93.0812, 35.7854] }},
{"zip_code":"72119","country":"US","city":"North Little Rock","state":"Arkansas","state_ab":"AR","county":"Pulaski","geo_location":{ "type": "Point", "coordinates": [-92.2598, 34.8017] }},
{"zip_code":"72120","country":"US","city":"Sherwood","state":"Arkansas","state_ab":"AR","county":"Pulaski","geo_location":{ "type": "Point", "coordinates": [-92.2303, 34.8807] }},
{"zip_code":"72199","country":"US","city":"North Little Rock","state":"Arkansas","state_ab":"AR","county":"Pulaski","geo_location":{ "type": "Point", "coordinates": [-92.2847, 34.8272] }},
{"zip_code":"72209","country":"US","city":"Little Rock","state":"Arkansas","state_ab":"AR","county":"Pulaski","geo_location":{ "type": "Point", "coordinates": [-92.3529, 34.6725] }},
{"zip_code":"72210","country":"US","city":"Little Rock","state":"Arkansas","state_ab":"AR","county":"Pulaski","geo_location":{ "type": "Point", "coordinates": [-92.466, 34.7076] }},
{"zip_code":"72223","country":"US","city":"Little Rock","state":"Arkansas","state_ab":"AR","county":"Pulaski","geo_location":{ "type": "Point", "coordinates": [-92.5044, 34.7902] }},
{"zip_code":"72326","country":"US","city":"Colt","state":"Arkansas","state_ab":"AR","county":"St. Francis","geo_location":{ "type": "Point", "coordinates": [-90.8895, 35.0881] }},
{"zip_code":"72340","country":"US","city":"Goodwin","state":"Arkansas","state_ab":"AR","county":"St. Francis","geo_location":{ "type": "Point", "coordinates": [-91.0292, 34.9358] }},
{"zip_code":"72636","country":"US","city":"Gilbert","state":"Arkansas","state_ab":"AR","county":"Searcy","geo_location":{ "type": "Point", "coordinates": [-92.6814, 35.9167] }},
{"zip_code":"72650","country":"US","city":"Marshall","state":"Arkansas","state_ab":"AR","county":"Searcy","geo_location":{ "type": "Point", "coordinates": [-92.6402, 35.9267] }},
{"zip_code":"72906","country":"US","city":"Fort Smith","state":"Arkansas","state_ab":"AR","county":"Sebastian","geo_location":{ "type": "Point", "coordinates": [-94.2382, 35.191] }},
{"zip_code":"72919","country":"US","city":"Fort Smith","state":"Arkansas","state_ab":"AR","county":"Sebastian","geo_location":{ "type": "Point", "coordinates": [-94.2382, 35.191] }},
{"zip_code":"72533","country":"US","city":"Fifty Six","state":"Arkansas","state_ab":"AR","county":"Stone","geo_location":{ "type": "Point", "coordinates": [-92.2182, 35.992] }},
{"zip_code":"72560","country":"US","city":"Mountain View","state":"Arkansas","state_ab":"AR","county":"Stone","geo_location":{ "type": "Point", "coordinates": [-92.0389, 35.8208] }},
{"zip_code":"72610","country":"US","city":"Alco","state":"Arkansas","state_ab":"AR","county":"Stone","geo_location":{ "type": "Point", "coordinates": [-92.3808, 35.8945] }},
{"zip_code":"72663","country":"US","city":"Onia","state":"Arkansas","state_ab":"AR","county":"Stone","geo_location":{ "type": "Point", "coordinates": [-92.3459, 35.9403] }},
{"zip_code":"71749","country":"US","city":"Junction City","state":"Arkansas","state_ab":"AR","county":"Union","geo_location":{ "type": "Point", "coordinates": [-92.6843, 33.044] }},
{"zip_code":"71750","country":"US","city":"Lawson","state":"Arkansas","state_ab":"AR","county":"Union","geo_location":{ "type": "Point", "coordinates": [-92.5289, 33.198] }},
{"zip_code":"72753","country":"US","city":"Prairie Grove","state":"Arkansas","state_ab":"AR","county":"Washington","geo_location":{ "type": "Point", "coordinates": [-94.3169, 35.9918] }},
{"zip_code":"72766","country":"US","city":"Springdale","state":"Arkansas","state_ab":"AR","county":"Washington","geo_location":{ "type": "Point", "coordinates": [-94.22, 35.994] }},
{"zip_code":"72959","country":"US","city":"Winslow","state":"Arkansas","state_ab":"AR","county":"Washington","geo_location":{ "type": "Point", "coordinates": [-94.1187, 35.8312] }},
{"zip_code":"72159","country":"US","city":"Steprock","state":"Arkansas","state_ab":"AR","county":"White County","geo_location":{ "type": "Point", "coordinates": [-91.6875, 35.4289] }},
{"zip_code":"72829","country":"US","city":"Centerville","state":"Arkansas","state_ab":"AR","county":"Yell","geo_location":{ "type": "Point", "coordinates": [-93.1773, 35.1018] }},
{"zip_code":"85920","country":"US","city":"Alpine","state":"Arizona","state_ab":"AZ","county":"Apache","geo_location":{ "type": "Point", "coordinates": [-109.1283, 33.8279] }},
{"zip_code":"86509","country":"US","city":"Chambers","state":"Arizona","state_ab":"AZ","county":"Apache County","geo_location":{ "type": "Point", "coordinates": [-109.3962, 34.8172] }},
{"zip_code":"86549","country":"US","city":"Sawmill","state":"Arizona","state_ab":"AZ","county":"Apache","geo_location":{ "type": "Point", "coordinates": [-109.5229, 35.2375] }},
{"zip_code":"85609","country":"US","city":"Dragoon","state":"Arizona","state_ab":"AZ","county":"Cochise","geo_location":{ "type": "Point", "coordinates": [-109.818, 32.0408] }},
{"zip_code":"85610","country":"US","city":"Elfrida","state":"Arizona","state_ab":"AZ","county":"Cochise","geo_location":{ "type": "Point", "coordinates": [-109.6193, 31.7139] }},
{"zip_code":"85636","country":"US","city":"Sierra Vista","state":"Arizona","state_ab":"AZ","county":"Cochise","geo_location":{ "type": "Point", "coordinates": [-110.2801, 31.6687] }},
{"zip_code":"85650","country":"US","city":"Sierra Vista","state":"Arizona","state_ab":"AZ","county":"Cochise","geo_location":{ "type": "Point", "coordinates": [-110.2153, 31.4892] }},
{"zip_code":"86020","country":"US","city":"Cameron","state":"Arizona","state_ab":"AZ","county":"Coconino","geo_location":{ "type": "Point", "coordinates": [-111.5038, 35.9922] }},
{"zip_code":"86046","country":"US","city":"Williams","state":"Arizona","state_ab":"AZ","county":"Coconino","geo_location":{ "type": "Point", "coordinates": [-112.1707, 35.5434] }},
{"zip_code":"34436","country":"US","city":"Floral City","state":"Florida","state_ab":"FL","county":"Citrus","geo_location":{ "type": "Point", "coordinates": [-82.3077, 28.7304] }},
{"zip_code":"34450","country":"US","city":"Inverness","state":"Florida","state_ab":"FL","county":"Citrus","geo_location":{ "type": "Point", "coordinates": [-82.2822, 28.834] }},
{"zip_code":"32003","country":"US","city":"Orange Park","state":"Florida","state_ab":"FL","county":"Clay","geo_location":{ "type": "Point", "coordinates": [-81.716, 30.1063] }},
{"zip_code":"32030","country":"US","city":"Doctors Inlet","state":"Florida","state_ab":"FL","county":"Clay","geo_location":{ "type": "Point", "coordinates": [-81.769, 30.1056] }},
{"zip_code":"32043","country":"US","city":"Green Cove Springs","state":"Florida","state_ab":"FL","county":"Clay","geo_location":{ "type": "Point", "coordinates": [-81.7647, 29.9983] }},
{"zip_code":"32160","country":"US","city":"Lake Geneva","state":"Florida","state_ab":"FL","county":"Clay","geo_location":{ "type": "Point", "coordinates": [-81.9907, 29.7683] }},
{"zip_code":"34113","country":"US","city":"Naples","state":"Florida","state_ab":"FL","county":"Collier","geo_location":{ "type": "Point", "coordinates": [-81.7182, 26.0426] }},
{"zip_code":"34139","country":"US","city":"Everglades City","state":"Florida","state_ab":"FL","county":"Collier","geo_location":{ "type": "Point", "coordinates": [-81.3778, 25.857] }},
{"zip_code":"34140","country":"US","city":"Goodland","state":"Florida","state_ab":"FL","county":"Collier","geo_location":{ "type": "Point", "coordinates": [-81.3891, 26.1433] }},
{"zip_code":"32056","country":"US","city":"Lake City","state":"Florida","state_ab":"FL","county":"Columbia","geo_location":{ "type": "Point", "coordinates": [-82.6512, 30.1628] }},
{"zip_code":"34269","country":"US","city":"Arcadia","state":"Florida","state_ab":"FL","county":"DeSoto","geo_location":{ "type": "Point", "coordinates": [-81.9855, 27.0675] }},
{"zip_code":"32209","country":"US","city":"Jacksonville","state":"Florida","state_ab":"FL","county":"Duval","geo_location":{ "type": "Point", "coordinates": [-81.692, 30.3584] }},
{"zip_code":"32210","country":"US","city":"Jacksonville","state":"Florida","state_ab":"FL","county":"Duval","geo_location":{ "type": "Point", "coordinates": [-81.7473, 30.2687] }},
{"zip_code":"32223","country":"US","city":"Jacksonville","state":"Florida","state_ab":"FL","county":"Duval","geo_location":{ "type": "Point", "coordinates": [-81.63, 30.1548] }},
{"zip_code":"32236","country":"US","city":"Jacksonville","state":"Florida","state_ab":"FL","county":"Duval","geo_location":{ "type": "Point", "coordinates": [-81.6831, 30.3449] }},
{"zip_code":"32250","country":"US","city":"Jacksonville Beach","state":"Florida","state_ab":"FL","county":"Duval","geo_location":{ "type": "Point", "coordinates": [-81.4165, 30.2801] }},
{"zip_code":"32290","country":"US","city":"Jacksonville","state":"Florida","state_ab":"FL","county":"Duval County","geo_location":{ "type": "Point", "coordinates": [-81.6331, 30.3073] }},
{"zip_code":"32506","country":"US","city":"Pensacola","state":"Florida","state_ab":"FL","county":"Escambia","geo_location":{ "type": "Point", "coordinates": [-87.3092, 30.4129] }},
{"zip_code":"32520","country":"US","city":"Pensacola","state":"Florida","state_ab":"FL","county":"Escambia","geo_location":{ "type": "Point", "coordinates": [-87.2035, 30.4124] }},
{"zip_code":"32533","country":"US","city":"Cantonment","state":"Florida","state_ab":"FL","county":"Escambia","geo_location":{ "type": "Point", "coordinates": [-87.3251, 30.6143] }},
{"zip_code":"32559","country":"US","city":"Pensacola","state":"Florida","state_ab":"FL","county":"Escambia","geo_location":{ "type": "Point", "coordinates": [-87.2773, 30.3563] }},
{"zip_code":"32560","country":"US","city":"Gonzalez","state":"Florida","state_ab":"FL","county":"Escambia","geo_location":{ "type": "Point", "coordinates": [-87.2929, 30.5818] }},
{"zip_code":"32573","country":"US","city":"Pensacola","state":"Florida","state_ab":"FL","county":"Escambia","geo_location":{ "type": "Point", "coordinates": [-87.2758, 30.6143] }},
{"zip_code":"32353","country":"US","city":"Quincy","state":"Florida","state_ab":"FL","county":"Gadsden","geo_location":{ "type": "Point", "coordinates": [-84.6069, 30.5497] }},
{"zip_code":"33963","country":"US","city":"Naples","state":"Florida","state_ab":"FL","county":"Glades County","geo_location":{ "type": "Point", "coordinates": [-81.8071, 26.2626] }},
{"zip_code":"32456","country":"US","city":"Port Saint Joe","state":"Florida","state_ab":"FL","county":"Gulf","geo_location":{ "type": "Point", "coordinates": [-85.2354, 29.9323] }},
{"zip_code":"32096","country":"US","city":"White Springs","state":"Florida","state_ab":"FL","county":"Hamilton","geo_location":{ "type": "Point", "coordinates": [-82.7765, 30.3387] }},
{"zip_code":"33873","country":"US","city":"Wauchula","state":"Florida","state_ab":"FL","county":"Hardee","geo_location":{ "type": "Point", "coordinates": [-81.8074, 27.5517] }},
{"zip_code":"34603","country":"US","city":"Brooksville","state":"Florida","state_ab":"FL","county":"Hernando","geo_location":{ "type": "Point", "coordinates": [-82.4165, 28.5642] }},
{"zip_code":"33509","country":"US","city":"Brandon","state":"Florida","state_ab":"FL","county":"Hillsborough","geo_location":{ "type": "Point", "coordinates": [-82.452, 28.1196] }},
{"zip_code":"33510","country":"US","city":"Brandon","state":"Florida","state_ab":"FL","county":"Hillsborough","geo_location":{ "type": "Point", "coordinates": [-82.2966, 27.9551] }},
{"zip_code":"33549","country":"US","city":"Lutz","state":"Florida","state_ab":"FL","county":"Hillsborough","geo_location":{ "type": "Point", "coordinates": [-82.461, 28.1367] }},
{"zip_code":"33550","country":"US","city":"Mango","state":"Florida","state_ab":"FL","county":"Hillsborough","geo_location":{ "type": "Point", "coordinates": [-82.4388, 27.872] }},
{"zip_code":"33563","country":"US","city":"Plant City","state":"Florida","state_ab":"FL","county":"Hillsborough County","geo_location":{ "type": "Point", "coordinates": [-82.1339, 28.013] }},
{"zip_code":"33613","country":"US","city":"Tampa","state":"Florida","state_ab":"FL","county":"Hillsborough","geo_location":{ "type": "Point", "coordinates": [-82.4455, 28.0772] }},
{"zip_code":"33626","country":"US","city":"Tampa","state":"Florida","state_ab":"FL","county":"Hillsborough","geo_location":{ "type": "Point", "coordinates": [-82.6164, 28.0509] }},
{"zip_code":"33679","country":"US","city":"Tampa","state":"Florida","state_ab":"FL","county":"Hillsborough","geo_location":{ "type": "Point", "coordinates": [-82.4388, 27.872] }},
{"zip_code":"33680","country":"US","city":"Tampa","state":"Florida","state_ab":"FL","county":"Hillsborough","geo_location":{ "type": "Point", "coordinates": [-82.4388, 27.872] }},
{"zip_code":"32960","country":"US","city":"Vero Beach","state":"Florida","state_ab":"FL","county":"Indian River","geo_location":{ "type": "Point", "coordinates": [-80.4031, 27.633] }},
{"zip_code":"32443","country":"US","city":"Greenwood","state":"Florida","state_ab":"FL","county":"Jackson","geo_location":{ "type": "Point", "coordinates": [-85.1153, 30.8667] }},
{"zip_code":"32753","country":"US","city":"Debary","state":"Florida","state_ab":"FL","county":"Jefferson","geo_location":{ "type": "Point", "coordinates": [-85.0055, 35.0704] }},
{"zip_code":"32159","country":"US","city":"Lady Lake","state":"Florida","state_ab":"FL","county":"Lake","geo_location":{ "type": "Point", "coordinates": [-81.9256, 28.9299] }},
{"zip_code":"32726","country":"US","city":"Eustis","state":"Florida","state_ab":"FL","county":"Lake","geo_location":{ "type": "Point", "coordinates": [-81.6789, 28.855] }},
{"zip_code":"33909","country":"US","city":"Cape Coral","state":"Florida","state_ab":"FL","county":"Lee","geo_location":{ "type": "Point", "coordinates": [-81.9452, 26.6939] }},
{"zip_code":"33910","country":"US","city":"Cape Coral","state":"Florida","state_ab":"FL","county":"Lee","geo_location":{ "type": "Point", "coordinates": [-81.9486, 26.5529] }},
{"zip_code":"33923","country":"US","city":"Bonita Springs","state":"Florida","state_ab":"FL","county":"Lee County","geo_location":{ "type": "Point", "coordinates": [-81.7899, 26.3472] }},
{"zip_code":"33936","country":"US","city":"Lehigh Acres","state":"Florida","state_ab":"FL","county":"Lee","geo_location":{ "type": "Point", "coordinates": [-81.6619, 26.5936] }},
{"zip_code":"33976","country":"US","city":"Lehigh Acres","state":"Florida","state_ab":"FL","county":"Lee County","geo_location":{ "type": "Point", "coordinates": [-81.6849, 26.5952] }},
{"zip_code":"33990","country":"US","city":"Cape Coral","state":"Florida","state_ab":"FL","county":"Lee","geo_location":{ "type": "Point", "coordinates": [-81.9677, 26.6265] }},
{"zip_code":"32313","country":"US","city":"Tallahassee","state":"Florida","state_ab":"FL","county":"Leon","geo_location":{ "type": "Point", "coordinates": [-84.3462, 30.4793] }},
{"zip_code":"34449","country":"US","city":"Inglis","state":"Florida","state_ab":"FL","county":"Levy","geo_location":{ "type": "Point", "coordinates": [-82.6561, 29.0955] }},
{"zip_code":"32340","country":"US","city":"Madison","state":"Florida","state_ab":"FL","county":"Madison","geo_location":{ "type": "Point", "coordinates": [-83.4067, 30.4802] }},
{"zip_code":"34203","country":"US","city":"Bradenton","state":"Florida","state_ab":"FL","county":"Manatee","geo_location":{ "type": "Point", "coordinates": [-82.5359, 27.4547] }},
{"zip_code":"34216","country":"US","city":"Anna Maria","state":"Florida","state_ab":"FL","county":"Manatee","geo_location":{ "type": "Point", "coordinates": [-82.7317, 27.5291] }},
{"zip_code":"34243","country":"US","city":"Sarasota","state":"Florida","state_ab":"FL","county":"Manatee","geo_location":{ "type": "Point", "coordinates": [-82.5303, 27.4072] }},
{"zip_code":"34270","country":"US","city":"Tallevast","state":"Florida","state_ab":"FL","county":"Manatee","geo_location":{ "type": "Point", "coordinates": [-82.5435, 27.4054] }},
{"zip_code":"32133","country":"US","city":"Eastlake Weir","state":"Florida","state_ab":"FL","county":"Marion","geo_location":{ "type": "Point", "coordinates": [-81.9094, 29.0088] }},
{"zip_code":"32663","country":"US","city":"Lowell","state":"Florida","state_ab":"FL","county":"Marion","geo_location":{ "type": "Point", "coordinates": [-82.2126, 29.3424] }},
{"zip_code":"34476","country":"US","city":"Ocala","state":"Florida","state_ab":"FL","county":"Marion","geo_location":{ "type": "Point", "coordinates": [-82.2422, 29.1159] }},
{"zip_code":"34489","country":"US","city":"Silver Springs","state":"Florida","state_ab":"FL","county":"Marion","geo_location":{ "type": "Point", "coordinates": [-82.0972, 29.2152] }},
{"zip_code":"33033","country":"US","city":"Homestead","state":"Florida","state_ab":"FL","county":"Miami-Dade","geo_location":{ "type": "Point", "coordinates": [-80.438, 25.4906] }},
{"zip_code":"33109","country":"US","city":"Miami Beach","state":"Florida","state_ab":"FL","county":"Miami-Dade","geo_location":{ "type": "Point", "coordinates": [-80.1376, 25.7588] }},
{"zip_code":"33110","country":"US","city":"Miami","state":"Florida","state_ab":"FL","county":"Miami-Dade","geo_location":{ "type": "Point", "coordinates": [-80.2083, 25.8469] }},
{"zip_code":"33136","country":"US","city":"Miami","state":"Florida","state_ab":"FL","county":"Miami-Dade","geo_location":{ "type": "Point", "coordinates": [-80.2042, 25.7864] }},
{"zip_code":"33149","country":"US","city":"Key Biscayne","state":"Florida","state_ab":"FL","county":"Miami-Dade","geo_location":{ "type": "Point", "coordinates": [-80.1625, 25.6921] }},
{"zip_code":"33150","country":"US","city":"Miami","state":"Florida","state_ab":"FL","county":"Miami-Dade","geo_location":{ "type": "Point", "coordinates": [-80.207, 25.8512] }},
{"zip_code":"33163","country":"US","city":"Miami","state":"Florida","state_ab":"FL","county":"Miami-Dade","geo_location":{ "type": "Point", "coordinates": [-80.2145, 25.945] }},
{"zip_code":"33176","country":"US","city":"Miami","state":"Florida","state_ab":"FL","county":"Miami-Dade","geo_location":{ "type": "Point", "coordinates": [-80.3627, 25.6574] }},
{"zip_code":"33189","country":"US","city":"Miami","state":"Florida","state_ab":"FL","county":"Miami-Dade","geo_location":{ "type": "Point", "coordinates": [-80.3374, 25.573] }},
{"zip_code":"33190","country":"US","city":"Miami","state":"Florida","state_ab":"FL","county":"Miami-Dade","geo_location":{ "type": "Point", "coordinates": [-80.3483, 25.5593] }},
{"zip_code":"33239","country":"US","city":"Miami Beach","state":"Florida","state_ab":"FL","county":"Miami-Dade","geo_location":{ "type": "Point", "coordinates": [-80.4582, 25.5584] }},
{"zip_code":"33266","country":"US","city":"Miami","state":"Florida","state_ab":"FL","county":"Miami-Dade","geo_location":{ "type": "Point", "coordinates": [-80.4582, 25.5584] }},
{"zip_code":"33280","country":"US","city":"Miami","state":"Florida","state_ab":"FL","county":"Miami-Dade","geo_location":{ "type": "Point", "coordinates": [-80.4582, 25.5584] }},
{"zip_code":"32793","country":"US","city":"Winter Park","state":"Florida","state_ab":"FL","county":"Orange","geo_location":{ "type": "Point", "coordinates": [-81.2608, 28.5663] }},
{"zip_code":"32803","country":"US","city":"Orlando","state":"Florida","state_ab":"FL","county":"Orange","geo_location":{ "type": "Point", "coordinates": [-81.3535, 28.5559] }},
{"zip_code":"32816","country":"US","city":"Orlando","state":"Florida","state_ab":"FL","county":"Orange","geo_location":{ "type": "Point", "coordinates": [-81.2608, 28.5663] }},
{"zip_code":"32829","country":"US","city":"Orlando","state":"Florida","state_ab":"FL","county":"Orange","geo_location":{ "type": "Point", "coordinates": [-81.2417, 28.4671] }},
{"zip_code":"32830","country":"US","city":"Orlando","state":"Florida","state_ab":"FL","county":"Orange","geo_location":{ "type": "Point", "coordinates": [-81.569, 28.3822] }},
{"zip_code":"32856","country":"US","city":"Orlando","state":"Florida","state_ab":"FL","county":"Orange","geo_location":{ "type": "Point", "coordinates": [-81.4201, 28.5484] }},
{"zip_code":"32869","country":"US","city":"Orlando","state":"Florida","state_ab":"FL","county":"Orange","geo_location":{ "type": "Point", "coordinates": [-81.2608, 28.5663] }},
{"zip_code":"32896","country":"US","city":"Orlando","state":"Florida","state_ab":"FL","county":"Orange County","geo_location":{ "type": "Point", "coordinates": [-81.3791, 28.5419] }},
{"zip_code":"34760","country":"US","city":"Oakland","state":"Florida","state_ab":"FL","county":"Orange","geo_location":{ "type": "Point", "coordinates": [-81.6322, 28.5547] }},
{"zip_code":"34786","country":"US","city":"Windermere","state":"Florida","state_ab":"FL","county":"Orange","geo_location":{ "type": "Point", "coordinates": [-81.5354, 28.5006] }},
{"zip_code":"34746","country":"US","city":"Kissimmee","state":"Florida","state_ab":"FL","county":"Osceola","geo_location":{ "type": "Point", "coordinates": [-81.4675, 28.268] }},
{"zip_code":"34773","country":"US","city":"Saint Cloud","state":"Florida","state_ab":"FL","county":"Osceola","geo_location":{ "type": "Point", "coordinates": [-81.0176, 28.1293] }},
{"zip_code":"33406","country":"US","city":"West Palm Beach","state":"Florida","state_ab":"FL","county":"Palm Beach","geo_location":{ "type": "Point", "coordinates": [-80.0827, 26.6396] }},
{"zip_code":"33419","country":"US","city":"West Palm Beach","state":"Florida","state_ab":"FL","county":"Palm Beach","geo_location":{ "type": "Point", "coordinates": [-80.4303, 26.6459] }},
{"zip_code":"33420","country":"US","city":"West Palm Beach","state":"Florida","state_ab":"FL","county":"Palm Beach","geo_location":{ "type": "Point", "coordinates": [-80.4303, 26.6459] }},
{"zip_code":"33433","country":"US","city":"Boca Raton","state":"Florida","state_ab":"FL","county":"Palm Beach","geo_location":{ "type": "Point", "coordinates": [-80.1564, 26.3464] }},
{"zip_code":"33446","country":"US","city":"Delray Beach","state":"Florida","state_ab":"FL","county":"Palm Beach","geo_location":{ "type": "Point", "coordinates": [-80.158, 26.4517] }},
{"zip_code":"33459","country":"US","city":"Lake Harbor","state":"Florida","state_ab":"FL","county":"Palm Beach","geo_location":{ "type": "Point", "coordinates": [-80.4303, 26.6459] }},
{"zip_code":"33460","country":"US","city":"Lake Worth","state":"Florida","state_ab":"FL","county":"Palm Beach","geo_location":{ "type": "Point", "coordinates": [-80.056, 26.6182] }},
{"zip_code":"33473","country":"US","city":"Boynton Beach","state":"Florida","state_ab":"FL","county":"Palm Beach County","geo_location":{ "type": "Point", "coordinates": [-80.1896, 26.5088] }},
{"zip_code":"33486","country":"US","city":"Boca Raton","state":"Florida","state_ab":"FL","county":"Palm Beach","geo_location":{ "type": "Point", "coordinates": [-80.1104, 26.3481] }},
{"zip_code":"33499","country":"US","city":"Boca Raton","state":"Florida","state_ab":"FL","county":"Palm Beach","geo_location":{ "type": "Point", "coordinates": [-80.4303, 26.6459] }},
{"zip_code":"33523","country":"US","city":"Dade City","state":"Florida","state_ab":"FL","county":"Pasco","geo_location":{ "type": "Point", "coordinates": [-82.2185, 28.4247] }},
{"zip_code":"33576","country":"US","city":"San Antonio","state":"Florida","state_ab":"FL","county":"Pasco","geo_location":{ "type": "Point", "coordinates": [-82.2882, 28.3371] }},
{"zip_code":"34656","country":"US","city":"New Port Richey","state":"Florida","state_ab":"FL","county":"Pasco","geo_location":{ "type": "Point", "coordinates": [-82.4818, 28.3248] }},
{"zip_code":"34669","country":"US","city":"Hudson","state":"Florida","state_ab":"FL","county":"Pasco","geo_location":{ "type": "Point", "coordinates": [-82.6288, 28.3506] }},
{"zip_code":"33703","country":"US","city":"Saint Petersburg","state":"Florida","state_ab":"FL","county":"Pinellas","geo_location":{ "type": "Point", "coordinates": [-82.6264, 27.817] }},
{"zip_code":"33716","country":"US","city":"Saint Petersburg","state":"Florida","state_ab":"FL","county":"Pinellas","geo_location":{ "type": "Point", "coordinates": [-82.64, 27.8738] }},
{"zip_code":"33729","country":"US","city":"Saint Petersburg","state":"Florida","state_ab":"FL","county":"Pinellas","geo_location":{ "type": "Point", "coordinates": [-82.6644, 27.8819] }},
{"zip_code":"33730","country":"US","city":"Saint Petersburg","state":"Florida","state_ab":"FL","county":"Pinellas","geo_location":{ "type": "Point", "coordinates": [-82.7248, 27.8918] }},
{"zip_code":"6910","country":"US","city":"Stamford","state":"Connecticut","state_ab":"CT","county":"Fairfield","geo_location":{ "type": "Point", "coordinates": [-73.5591, 41.0391] }},
{"zip_code":"6006","country":"US","city":"Windsor","state":"Connecticut","state_ab":"CT","county":"Hartford","geo_location":{ "type": "Point", "coordinates": [-72.7343, 41.8796] }},
{"zip_code":"6019","country":"US","city":"Canton","state":"Connecticut","state_ab":"CT","county":"Hartford","geo_location":{ "type": "Point", "coordinates": [-72.8987, 41.8384] }},
{"zip_code":"6020","country":"US","city":"Canton Center","state":"Connecticut","state_ab":"CT","county":"Hartford","geo_location":{ "type": "Point", "coordinates": [-72.9028, 41.8539] }},
{"zip_code":"6033","country":"US","city":"Glastonbury","state":"Connecticut","state_ab":"CT","county":"Hartford","geo_location":{ "type": "Point", "coordinates": [-72.5727, 41.7073] }},
{"zip_code":"6059","country":"US","city":"North Canton","state":"Connecticut","state_ab":"CT","county":"Hartford","geo_location":{ "type": "Point", "coordinates": [-72.8907, 41.8997] }},
{"zip_code":"6060","country":"US","city":"North Granby","state":"Connecticut","state_ab":"CT","county":"Hartford","geo_location":{ "type": "Point", "coordinates": [-72.8409, 42.0219] }},
{"zip_code":"6073","country":"US","city":"South Glastonbury","state":"Connecticut","state_ab":"CT","county":"Hartford","geo_location":{ "type": "Point", "coordinates": [-72.5722, 41.6571] }},
{"zip_code":"6109","country":"US","city":"Wethersfield","state":"Connecticut","state_ab":"CT","county":"Hartford","geo_location":{ "type": "Point", "coordinates": [-72.6763, 41.7013] }},
{"zip_code":"6110","country":"US","city":"West Hartford","state":"Connecticut","state_ab":"CT","county":"Hartford","geo_location":{ "type": "Point", "coordinates": [-72.7337, 41.7326] }},
{"zip_code":"6123","country":"US","city":"Hartford","state":"Connecticut","state_ab":"CT","county":"Hartford","geo_location":{ "type": "Point", "coordinates": [-72.7188, 41.7918] }},
{"zip_code":"6150","country":"US","city":"Hartford","state":"Connecticut","state_ab":"CT","county":"Hartford","geo_location":{ "type": "Point", "coordinates": [-72.7188, 41.7918] }},
{"zip_code":"6176","country":"US","city":"Hartford","state":"Connecticut","state_ab":"CT","county":"Hartford","geo_location":{ "type": "Point", "coordinates": [-72.7188, 41.7918] }},
{"zip_code":"6756","country":"US","city":"Goshen","state":"Connecticut","state_ab":"CT","county":"Litchfield","geo_location":{ "type": "Point", "coordinates": [-73.2429, 41.8335] }},
{"zip_code":"6783","country":"US","city":"Roxbury","state":"Connecticut","state_ab":"CT","county":"Litchfield","geo_location":{ "type": "Point", "coordinates": [-73.2993, 41.5509] }},
{"zip_code":"6796","country":"US","city":"West Cornwall","state":"Connecticut","state_ab":"CT","county":"Litchfield","geo_location":{ "type": "Point", "coordinates": [-73.3313, 41.8689] }},
{"zip_code":"6419","country":"US","city":"Killingworth","state":"Connecticut","state_ab":"CT","county":"Middlesex","geo_location":{ "type": "Point", "coordinates": [-72.5712, 41.3696] }},
{"zip_code":"6459","country":"US","city":"Middletown","state":"Connecticut","state_ab":"CT","county":"Middlesex","geo_location":{ "type": "Point", "coordinates": [-72.6582, 41.5565] }},
{"zip_code":"6460","country":"US","city":"Milford","state":"Connecticut","state_ab":"CT","county":"New Haven","geo_location":{ "type": "Point", "coordinates": [-73.0549, 41.2175] }},
{"zip_code":"6473","country":"US","city":"North Haven","state":"Connecticut","state_ab":"CT","county":"New Haven","geo_location":{ "type": "Point", "coordinates": [-72.8585, 41.3822] }},
{"zip_code":"6509","country":"US","city":"New Haven","state":"Connecticut","state_ab":"CT","county":"New Haven","geo_location":{ "type": "Point", "coordinates": [-72.9275, 41.3657] }},
{"zip_code":"6510","country":"US","city":"New Haven","state":"Connecticut","state_ab":"CT","county":"New Haven","geo_location":{ "type": "Point", "coordinates": [-72.9271, 41.3087] }},
{"zip_code":"6536","country":"US","city":"New Haven","state":"Connecticut","state_ab":"CT","county":"New Haven","geo_location":{ "type": "Point", "coordinates": [-72.9275, 41.3657] }},
{"zip_code":"6703","country":"US","city":"Waterbury","state":"Connecticut","state_ab":"CT","county":"New Haven","geo_location":{ "type": "Point", "coordinates": [-72.9275, 41.3657] }},
{"zip_code":"6716","country":"US","city":"Wolcott","state":"Connecticut","state_ab":"CT","county":"New Haven","geo_location":{ "type": "Point", "coordinates": [-72.9828, 41.597] }},
{"zip_code":"6770","country":"US","city":"Naugatuck","state":"Connecticut","state_ab":"CT","county":"New Haven","geo_location":{ "type": "Point", "coordinates": [-73.0493, 41.492] }},
{"zip_code":"6330","country":"US","city":"Baltic","state":"Connecticut","state_ab":"CT","county":"New London","geo_location":{ "type": "Point", "coordinates": [-72.0775, 41.6263] }},
{"zip_code":"6370","country":"US","city":"Oakdale","state":"Connecticut","state_ab":"CT","county":"New London","geo_location":{ "type": "Point", "coordinates": [-72.1904, 41.4706] }},
{"zip_code":"6383","country":"US","city":"Versailles","state":"Connecticut","state_ab":"CT","county":"New London","geo_location":{ "type": "Point", "coordinates": [-72.0404, 41.6016] }},
{"zip_code":"6420","country":"US","city":"Salem","state":"Connecticut","state_ab":"CT","county":"New London","geo_location":{ "type": "Point", "coordinates": [-72.2725, 41.4966] }},
{"zip_code":"6279","country":"US","city":"Willington","state":"Connecticut","state_ab":"CT","county":"Tolland","geo_location":{ "type": "Point", "coordinates": [-72.2622, 41.8966] }},
{"zip_code":"6226","country":"US","city":"Willimantic","state":"Connecticut","state_ab":"CT","county":"Windham","geo_location":{ "type": "Point", "coordinates": [-72.2134, 41.7149] }},
{"zip_code":"6239","country":"US","city":"Danielson","state":"Connecticut","state_ab":"CT","county":"Windham","geo_location":{ "type": "Point", "coordinates": [-71.8807, 41.7982] }},
{"zip_code":"6266","country":"US","city":"South Windham","state":"Connecticut","state_ab":"CT","county":"Windham","geo_location":{ "type": "Point", "coordinates": [-72.1681, 41.6677] }},
{"zip_code":"6280","country":"US","city":"Windham","state":"Connecticut","state_ab":"CT","county":"Windham","geo_location":{ "type": "Point", "coordinates": [-72.1526, 41.7027] }},
{"zip_code":"20006","country":"US","city":"Washington","state":"District of Columbia","state_ab":"DC","county":"District of Columbia","geo_location":{ "type": "Point", "coordinates": [-77.0447, 38.8964] }},
{"zip_code":"20019","country":"US","city":"Washington","state":"District of Columbia","state_ab":"DC","county":"District of Columbia","geo_location":{ "type": "Point", "coordinates": [-76.9376, 38.8902] }},
{"zip_code":"20020","country":"US","city":"Washington","state":"District of Columbia","state_ab":"DC","county":"District of Columbia","geo_location":{ "type": "Point", "coordinates": [-76.9742, 38.86] }},
{"zip_code":"20033","country":"US","city":"Washington","state":"District of Columbia","state_ab":"DC","county":"District of Columbia","geo_location":{ "type": "Point", "coordinates": [-77.0146, 38.8933] }},
{"zip_code":"20046","country":"US","city":"Washington","state":"District of Columbia","state_ab":"DC","county":"District of Columbia","geo_location":{ "type": "Point", "coordinates": [-77.0146, 38.8933] }},
{"zip_code":"20059","country":"US","city":"Washington","state":"District of Columbia","state_ab":"DC","county":"District of Columbia","geo_location":{ "type": "Point", "coordinates": [-77.0146, 38.8933] }},
{"zip_code":"20060","country":"US","city":"Washington","state":"District of Columbia","state_ab":"DC","county":"District of Columbia","geo_location":{ "type": "Point", "coordinates": [-77.0204, 38.918] }},
{"zip_code":"20073","country":"US","city":"Washington","state":"District of Columbia","state_ab":"DC","county":"District of Columbia","geo_location":{ "type": "Point", "coordinates": [-77.0251, 38.897] }},
{"zip_code":"20099","country":"US","city":"Washington","state":"District of Columbia","state_ab":"DC","county":"District of Columbia","geo_location":{ "type": "Point", "coordinates": [-77.0146, 38.8933] }},
{"zip_code":"20213","country":"US","city":"Washington","state":"District of Columbia","state_ab":"DC","county":"District of Columbia","geo_location":{ "type": "Point", "coordinates": [-77.0146, 38.8933] }},
{"zip_code":"20226","country":"US","city":"Washington","state":"District of Columbia","state_ab":"DC","county":"District of Columbia","geo_location":{ "type": "Point", "coordinates": [-77.0146, 38.8933] }},
{"zip_code":"20239","country":"US","city":"Washington","state":"District of Columbia","state_ab":"DC","county":"District of Columbia","geo_location":{ "type": "Point", "coordinates": [-77.0146, 38.8933] }},
{"zip_code":"20240","country":"US","city":"Washington","state":"District of Columbia","state_ab":"DC","county":"District of Columbia","geo_location":{ "type": "Point", "coordinates": [-77.0409, 38.8971] }},
{"zip_code":"20266","country":"US","city":"Washington","state":"District of Columbia","state_ab":"DC","county":"District of Columbia","geo_location":{ "type": "Point", "coordinates": [-77.0146, 38.8933] }},
{"zip_code":"20303","country":"US","city":"Washington","state":"District of Columbia","state_ab":"DC","county":"District of Columbia","geo_location":{ "type": "Point", "coordinates": [-77.0146, 38.8933] }},
{"zip_code":"20330","country":"US","city":"Washington","state":"District of Columbia","state_ab":"DC","county":"District of Columbia","geo_location":{ "type": "Point", "coordinates": [-77.0146, 38.8933] }},
{"zip_code":"20370","country":"US","city":"Washington","state":"District of Columbia","state_ab":"DC","county":"District of Columbia","geo_location":{ "type": "Point", "coordinates": [-77.0146, 38.8933] }},
{"zip_code":"20396","country":"US","city":"Washington","state":"District of Columbia","state_ab":"DC","county":"District of Columbia","geo_location":{ "type": "Point", "coordinates": [-76.9948, 38.9164] }},
{"zip_code":"20406","country":"US","city":"Washington","state":"District of Columbia","state_ab":"DC","county":"District of Columbia","geo_location":{ "type": "Point", "coordinates": [-77.0146, 38.8933] }},
{"zip_code":"20419","country":"US","city":"Washington","state":"District of Columbia","state_ab":"DC","county":"District of Columbia","geo_location":{ "type": "Point", "coordinates": [-77.0146, 38.8933] }},
{"zip_code":"20420","country":"US","city":"Washington","state":"District of Columbia","state_ab":"DC","county":"District of Columbia","geo_location":{ "type": "Point", "coordinates": [-77.0276, 38.9035] }},
{"zip_code":"20433","country":"US","city":"Washington","state":"District of Columbia","state_ab":"DC","county":"District of Columbia","geo_location":{ "type": "Point", "coordinates": [-77.042, 38.9] }},
{"zip_code":"20460","country":"US","city":"Washington","state":"District of Columbia","state_ab":"DC","county":"District of Columbia","geo_location":{ "type": "Point", "coordinates": [-77.0188, 38.8764] }},
{"zip_code":"20509","country":"US","city":"Washington","state":"District of Columbia","state_ab":"DC","county":"District of Columbia","geo_location":{ "type": "Point", "coordinates": [-77.0356, 38.8987] }},
{"zip_code":"20510","country":"US","city":"Washington","state":"District of Columbia","state_ab":"DC","county":"District of Columbia","geo_location":{ "type": "Point", "coordinates": [-77.0146, 38.8933] }},
{"zip_code":"20523","country":"US","city":"Washington","state":"District of Columbia","state_ab":"DC","county":"District of Columbia","geo_location":{ "type": "Point", "coordinates": [-77.0478, 38.8945] }},
{"zip_code":"20536","country":"US","city":"Washington","state":"District of Columbia","state_ab":"DC","county":"District of Columbia","geo_location":{ "type": "Point", "coordinates": [-77.0169, 38.9012] }},
{"zip_code":"20549","country":"US","city":"Washington","state":"District of Columbia","state_ab":"DC","county":"District of Columbia","geo_location":{ "type": "Point", "coordinates": [-77.0146, 38.8933] }},
{"zip_code":"20550","country":"US","city":"Washington","state":"District of Columbia","state_ab":"DC","county":"District of Columbia","geo_location":{ "type": "Point", "coordinates": [-77.0146, 38.8933] }},
{"zip_code":"20576","country":"US","city":"Washington","state":"District of Columbia","state_ab":"DC","county":"District of Columbia","geo_location":{ "type": "Point", "coordinates": [-77.0236, 38.8937] }},
{"zip_code":"20590","country":"US","city":"Washington","state":"District of Columbia","state_ab":"DC","county":"District of Columbia","geo_location":{ "type": "Point", "coordinates": [-77.0221, 38.884] }},
{"zip_code":"19936","country":"US","city":"Cheswold","state":"Delaware","state_ab":"DE","county":"Kent","geo_location":{ "type": "Point", "coordinates": [-75.5848, 39.2184] }},
{"zip_code":"19703","country":"US","city":"Claymont","state":"Delaware","state_ab":"DE","county":"New Castle","geo_location":{ "type": "Point", "coordinates": [-75.4649, 39.8044] }},
{"zip_code":"19716","country":"US","city":"Newark","state":"Delaware","state_ab":"DE","county":"New Castle","geo_location":{ "type": "Point", "coordinates": [-75.7584, 39.6896] }},
{"zip_code":"19730","country":"US","city":"Odessa","state":"Delaware","state_ab":"DE","county":"New Castle","geo_location":{ "type": "Point", "coordinates": [-75.6536, 39.4592] }},
{"zip_code":"19806","country":"US","city":"Wilmington","state":"Delaware","state_ab":"DE","county":"New Castle","geo_location":{ "type": "Point", "coordinates": [-75.5635, 39.7571] }},
{"zip_code":"19886","country":"US","city":"Wilmington","state":"Delaware","state_ab":"DE","county":"New Castle","geo_location":{ "type": "Point", "coordinates": [-75.597, 39.5645] }},
{"zip_code":"19899","country":"US","city":"Wilmington","state":"Delaware","state_ab":"DE","county":"New Castle","geo_location":{ "type": "Point", "coordinates": [-75.6246, 39.7348] }},
{"zip_code":"19950","country":"US","city":"Greenwood","state":"Delaware","state_ab":"DE","county":"Sussex","geo_location":{ "type": "Point", "coordinates": [-75.5935, 38.8175] }},
{"zip_code":"19963","country":"US","city":"Milford","state":"Delaware","state_ab":"DE","county":"Sussex","geo_location":{ "type": "Point", "coordinates": [-75.4299, 38.9218] }},
{"zip_code":"32609","country":"US","city":"Gainesville","state":"Florida","state_ab":"FL","county":"Alachua","geo_location":{ "type": "Point", "coordinates": [-82.308, 29.7005] }},
{"zip_code":"32610","country":"US","city":"Gainesville","state":"Florida","state_ab":"FL","county":"Alachua","geo_location":{ "type": "Point", "coordinates": [-82.3539, 29.6813] }},
{"zip_code":"32403","country":"US","city":"Panama City","state":"Florida","state_ab":"FL","county":"Bay","geo_location":{ "type": "Point", "coordinates": [-85.5762, 30.0583] }},
{"zip_code":"32780","country":"US","city":"Titusville","state":"Florida","state_ab":"FL","county":"Brevard","geo_location":{ "type": "Point", "coordinates": [-80.8191, 28.5697] }},
{"zip_code":"32906","country":"US","city":"Palm Bay","state":"Florida","state_ab":"FL","county":"Brevard","geo_location":{ "type": "Point", "coordinates": [-80.6503, 28.0671] }},
{"zip_code":"32919","country":"US","city":"Melbourne","state":"Florida","state_ab":"FL","county":"Brevard","geo_location":{ "type": "Point", "coordinates": [-80.6862, 28.3067] }},
{"zip_code":"32920","country":"US","city":"Cape Canaveral","state":"Florida","state_ab":"FL","county":"Brevard","geo_location":{ "type": "Point", "coordinates": [-80.6043, 28.3903] }},
{"zip_code":"32959","country":"US","city":"Sharpes","state":"Florida","state_ab":"FL","county":"Brevard","geo_location":{ "type": "Point", "coordinates": [-80.6862, 28.3067] }},
{"zip_code":"33019","country":"US","city":"Hollywood","state":"Florida","state_ab":"FL","county":"Broward","geo_location":{ "type": "Point", "coordinates": [-80.1219, 26.007] }},
{"zip_code":"33020","country":"US","city":"Hollywood","state":"Florida","state_ab":"FL","county":"Broward","geo_location":{ "type": "Point", "coordinates": [-80.1517, 26.0161] }},
{"zip_code":"33060","country":"US","city":"Pompano Beach","state":"Florida","state_ab":"FL","county":"Broward","geo_location":{ "type": "Point", "coordinates": [-80.1235, 26.2315] }},
{"zip_code":"33073","country":"US","city":"Pompano Beach","state":"Florida","state_ab":"FL","county":"Broward","geo_location":{ "type": "Point", "coordinates": [-80.181, 26.2997] }},
{"zip_code":"33303","country":"US","city":"Fort Lauderdale","state":"Florida","state_ab":"FL","county":"Broward","geo_location":{ "type": "Point", "coordinates": [-80.0952, 26.1969] }},
{"zip_code":"33316","country":"US","city":"Fort Lauderdale","state":"Florida","state_ab":"FL","county":"Broward","geo_location":{ "type": "Point", "coordinates": [-80.126, 26.1042] }},
{"zip_code":"33329","country":"US","city":"Fort Lauderdale","state":"Florida","state_ab":"FL","county":"Broward","geo_location":{ "type": "Point", "coordinates": [-80.4483, 26.1457] }},
{"zip_code":"33330","country":"US","city":"Fort Lauderdale","state":"Florida","state_ab":"FL","county":"Broward","geo_location":{ "type": "Point", "coordinates": [-80.3339, 26.0663] }},
{"zip_code":"32430","country":"US","city":"Clarksville","state":"Florida","state_ab":"FL","county":"Calhoun","geo_location":{ "type": "Point", "coordinates": [-85.1898, 30.3568] }},
{"zip_code":"33949","country":"US","city":"Port Charlotte","state":"Florida","state_ab":"FL","county":"Charlotte","geo_location":{ "type": "Point", "coordinates": [-82.0984, 26.9939] }},
{"zip_code":"33950","country":"US","city":"Punta Gorda","state":"Florida","state_ab":"FL","county":"Charlotte","geo_location":{ "type": "Point", "coordinates": [-82.0532, 26.9152] }},
{"zip_code":"34423","country":"US","city":"Crystal River","state":"Florida","state_ab":"FL","county":"Citrus","geo_location":{ "type": "Point", "coordinates": [-82.5727, 28.867] }},
{"zip_code":"33743","country":"US","city":"Saint Petersburg","state":"Florida","state_ab":"FL","county":"Pinellas","geo_location":{ "type": "Point", "coordinates": [-82.7248, 27.8918] }},
{"zip_code":"33756","country":"US","city":"Clearwater","state":"Florida","state_ab":"FL","county":"Pinellas","geo_location":{ "type": "Point", "coordinates": [-82.7943, 27.947] }},
{"zip_code":"33769","country":"US","city":"Clearwater","state":"Florida","state_ab":"FL","county":"Pinellas","geo_location":{ "type": "Point", "coordinates": [-82.7248, 27.8918] }},
{"zip_code":"33770","country":"US","city":"Largo","state":"Florida","state_ab":"FL","county":"Pinellas","geo_location":{ "type": "Point", "coordinates": [-82.8027, 27.917] }},
{"zip_code":"34616","country":"US","city":"Clearwater","state":"Florida","state_ab":"FL","county":"Pinellas County","geo_location":{ "type": "Point", "coordinates": [-82.787, 27.945] }},
{"zip_code":"34629","country":"US","city":"Clearwater","state":"Florida","state_ab":"FL","county":"Pinellas County","geo_location":{ "type": "Point", "coordinates": [-82.8001, 27.9654] }},
{"zip_code":"34630","country":"US","city":"Clearwater","state":"Florida","state_ab":"FL","county":"Pinellas County","geo_location":{ "type": "Point", "coordinates": [-82.8233, 27.9845] }},
{"zip_code":"34643","country":"US","city":"Largo","state":"Florida","state_ab":"FL","county":"Pinellas County","geo_location":{ "type": "Point", "coordinates": [-82.7619, 27.881] }},
{"zip_code":"34683","country":"US","city":"Palm Harbor","state":"Florida","state_ab":"FL","county":"Pinellas","geo_location":{ "type": "Point", "coordinates": [-82.7585, 28.0662] }},
{"zip_code":"33806","country":"US","city":"Lakeland","state":"Florida","state_ab":"FL","county":"Polk","geo_location":{ "type": "Point", "coordinates": [-81.6186, 28.0026] }},
{"zip_code":"33820","country":"US","city":"Alturas","state":"Florida","state_ab":"FL","county":"Polk","geo_location":{ "type": "Point", "coordinates": [-81.6186, 28.0026] }},
{"zip_code":"33846","country":"US","city":"Highland City","state":"Florida","state_ab":"FL","county":"Polk","geo_location":{ "type": "Point", "coordinates": [-81.8672, 27.9647] }},
{"zip_code":"33859","country":"US","city":"Lake Wales","state":"Florida","state_ab":"FL","county":"Polk","geo_location":{ "type": "Point", "coordinates": [-81.6221, 27.8774] }},
{"zip_code":"33860","country":"US","city":"Mulberry","state":"Florida","state_ab":"FL","county":"Polk","geo_location":{ "type": "Point", "coordinates": [-82.0015, 27.902] }},
{"zip_code":"34759","country":"US","city":"Kissimmee","state":"Florida","state_ab":"FL","county":"Polk","geo_location":{ "type": "Point", "coordinates": [-81.499, 28.0946] }},
{"zip_code":"34953","country":"US","city":"Port Saint Lucie","state":"Florida","state_ab":"FL","county":"St. Lucie","geo_location":{ "type": "Point", "coordinates": [-80.3793, 27.2625] }},
{"zip_code":"34979","country":"US","city":"Fort Pierce","state":"Florida","state_ab":"FL","county":"St. Lucie","geo_location":{ "type": "Point", "coordinates": [-80.409, 27.3822] }},
{"zip_code":"34229","country":"US","city":"Osprey","state":"Florida","state_ab":"FL","county":"Sarasota","geo_location":{ "type": "Point", "coordinates": [-82.4853, 27.1838] }},
{"zip_code":"34230","country":"US","city":"Sarasota","state":"Florida","state_ab":"FL","county":"Sarasota","geo_location":{ "type": "Point", "coordinates": [-82.5372, 27.335] }},
{"zip_code":"32766","country":"US","city":"Oviedo","state":"Florida","state_ab":"FL","county":"Seminole","geo_location":{ "type": "Point", "coordinates": [-81.1134, 28.6607] }},
{"zip_code":"32779","country":"US","city":"Longwood","state":"Florida","state_ab":"FL","county":"Seminole","geo_location":{ "type": "Point", "coordinates": [-81.4126, 28.7168] }},
{"zip_code":"32083","country":"US","city":"Raiford","state":"Florida","state_ab":"FL","county":"Union","geo_location":{ "type": "Point", "coordinates": [-82.2001, 30.0704] }},
{"zip_code":"32119","country":"US","city":"Daytona Beach","state":"Florida","state_ab":"FL","county":"Volusia","geo_location":{ "type": "Point", "coordinates": [-81.0269, 29.16] }},
{"zip_code":"32120","country":"US","city":"Daytona Beach","state":"Florida","state_ab":"FL","county":"Volusia","geo_location":{ "type": "Point", "coordinates": [-81.1722, 29.0227] }},
{"zip_code":"32173","country":"US","city":"Ormond Beach","state":"Florida","state_ab":"FL","county":"Volusia","geo_location":{ "type": "Point", "coordinates": [-81.1722, 29.0227] }},
{"zip_code":"32713","country":"US","city":"Debary","state":"Florida","state_ab":"FL","county":"Volusia","geo_location":{ "type": "Point", "coordinates": [-81.3065, 28.8846] }},
{"zip_code":"32739","country":"US","city":"Deltona","state":"Florida","state_ab":"FL","county":"Volusia","geo_location":{ "type": "Point", "coordinates": [-81.1722, 29.0227] }},
{"zip_code":"32326","country":"US","city":"Crawfordville","state":"Florida","state_ab":"FL","county":"Wakulla","geo_location":{ "type": "Point", "coordinates": [-84.3491, 30.1834] }},
{"zip_code":"31750","country":"US","city":"Fitzgerald","state":"Georgia","state_ab":"GA","county":"Ben Hill","geo_location":{ "type": "Point", "coordinates": [-83.2495, 31.7248] }},
{"zip_code":"39840","country":"US","city":"Cuthbert","state":"Georgia","state_ab":"GA","county":"Ben Hill County","geo_location":{ "type": "Point", "coordinates": [-84.7936, 31.7706] }},
{"zip_code":"31749","country":"US","city":"Enigma","state":"Georgia","state_ab":"GA","county":"Berrien","geo_location":{ "type": "Point", "coordinates": [-83.3552, 31.3736] }},
{"zip_code":"31206","country":"US","city":"Macon","state":"Georgia","state_ab":"GA","county":"Bibb","geo_location":{ "type": "Point", "coordinates": [-83.679, 32.7914] }},
{"zip_code":"31220","country":"US","city":"Macon","state":"Georgia","state_ab":"GA","county":"Bibb","geo_location":{ "type": "Point", "coordinates": [-83.802, 32.8595] }},
{"zip_code":"31299","country":"US","city":"Macon","state":"Georgia","state_ab":"GA","county":"Bibb","geo_location":{ "type": "Point", "coordinates": [-83.6913, 32.8067] }},
{"zip_code":"31543","country":"US","city":"Hortense","state":"Georgia","state_ab":"GA","county":"Brantley","geo_location":{ "type": "Point", "coordinates": [-81.9596, 31.3199] }},
{"zip_code":"30450","country":"US","city":"Portal","state":"Georgia","state_ab":"GA","county":"Bulloch","geo_location":{ "type": "Point", "coordinates": [-81.9123, 32.555] }},
{"zip_code":"30216","country":"US","city":"Flovilla","state":"Georgia","state_ab":"GA","county":"Butts","geo_location":{ "type": "Point", "coordinates": [-83.9079, 33.25] }},
{"zip_code":"30243","country":"US","city":"Lawrenceville","state":"Georgia","state_ab":"GA","county":"Butts County","geo_location":{ "type": "Point", "coordinates": [-84.0138, 33.9986] }},
{"zip_code":"39866","country":"US","city":"Morgan","state":"Georgia","state_ab":"GA","county":"Calhoun County","geo_location":{ "type": "Point", "coordinates": [-84.5994, 31.5374] }},
{"zip_code":"31569","country":"US","city":"Woodbine","state":"Georgia","state_ab":"GA","county":"Camden","geo_location":{ "type": "Point", "coordinates": [-81.6783, 30.9437] }},
{"zip_code":"30179","country":"US","city":"Temple","state":"Georgia","state_ab":"GA","county":"Carroll","geo_location":{ "type": "Point", "coordinates": [-85.0133, 33.7677] }},
{"zip_code":"30180","country":"US","city":"Villa Rica","state":"Georgia","state_ab":"GA","county":"Carroll","geo_location":{ "type": "Point", "coordinates": [-84.9297, 33.7173] }},
{"zip_code":"31646","country":"US","city":"Saint George","state":"Georgia","state_ab":"GA","county":"Charlton","geo_location":{ "type": "Point", "coordinates": [-82.0834, 30.5592] }},
{"zip_code":"30603","country":"US","city":"Athens","state":"Georgia","state_ab":"GA","county":"Clarke","geo_location":{ "type": "Point", "coordinates": [-83.4089, 33.9476] }},
{"zip_code":"30683","country":"US","city":"Winterville","state":"Georgia","state_ab":"GA","county":"Clarke","geo_location":{ "type": "Point", "coordinates": [-83.2906, 33.9543] }},
{"zip_code":"30050","country":"US","city":"Forest Park","state":"Georgia","state_ab":"GA","county":"Clayton County","geo_location":{ "type": "Point", "coordinates": [-84.368, 33.6147] }},
{"zip_code":"30296","country":"US","city":"Riverdale","state":"Georgia","state_ab":"GA","county":"Clayton","geo_location":{ "type": "Point", "coordinates": [-84.4364, 33.5667] }},
{"zip_code":"30063","country":"US","city":"Marietta","state":"Georgia","state_ab":"GA","county":"Cobb","geo_location":{ "type": "Point", "coordinates": [-84.5112, 33.9653] }},
{"zip_code":"30090","country":"US","city":"Marietta","state":"Georgia","state_ab":"GA","county":"Cobb","geo_location":{ "type": "Point", "coordinates": [-84.5471, 33.9525] }},
{"zip_code":"30126","country":"US","city":"Mableton","state":"Georgia","state_ab":"GA","county":"Cobb","geo_location":{ "type": "Point", "coordinates": [-84.6031, 33.8332] }},
{"zip_code":"31776","country":"US","city":"Moultrie","state":"Georgia","state_ab":"GA","county":"Colquitt","geo_location":{ "type": "Point", "coordinates": [-83.7924, 31.1727] }},
{"zip_code":"30809","country":"US","city":"Evans","state":"Georgia","state_ab":"GA","county":"Columbia","geo_location":{ "type": "Point", "coordinates": [-82.1398, 33.5412] }}]}