{"value": [{"zip_code":"7208","country":"US","city":"Elizabeth","state":"New Jersey","state_ab":"NJ","county":"Union","geo_location":{ "type": "Point", "coordinates": [-74.2239, 40.6747] }},
{"zip_code":"7882","country":"US","city":"Washington","state":"New Jersey","state_ab":"NJ","county":"Warren","geo_location":{ "type": "Point", "coordinates": [-74.9914, 40.7582] }},
{"zip_code":"87105","country":"US","city":"Albuquerque","state":"New Mexico","state_ab":"NM","county":"Bernalillo","geo_location":{ "type": "Point", "coordinates": [-106.6893, 35.0448] }},
{"zip_code":"87118","country":"US","city":"Albuquerque","state":"New Mexico","state_ab":"NM","county":"Bernalillo","geo_location":{ "type": "Point", "coordinates": [-106.5958, 35.0554] }},
{"zip_code":"87158","country":"US","city":"Albuquerque","state":"New Mexico","state_ab":"NM","county":"Bernalillo","geo_location":{ "type": "Point", "coordinates": [-106.6729, 35.0443] }},
{"zip_code":"87185","country":"US","city":"Albuquerque","state":"New Mexico","state_ab":"NM","county":"Bernalillo","geo_location":{ "type": "Point", "coordinates": [-106.6729, 35.0443] }},
{"zip_code":"87198","country":"US","city":"Albuquerque","state":"New Mexico","state_ab":"NM","county":"Bernalillo","geo_location":{ "type": "Point", "coordinates": [-106.6729, 35.0443] }},
{"zip_code":"88135","country":"US","city":"Texico","state":"New Mexico","state_ab":"NM","county":"Curry","geo_location":{ "type": "Point", "coordinates": [-103.0615, 34.3958] }},
{"zip_code":"88005","country":"US","city":"Las Cruces","state":"New Mexico","state_ab":"NM","county":"Doña Ana","geo_location":{ "type": "Point", "coordinates": [-106.7991, 32.3161] }},
{"zip_code":"88032","country":"US","city":"Dona Ana","state":"New Mexico","state_ab":"NM","county":"Doña Ana","geo_location":{ "type": "Point", "coordinates": [-106.801, 32.3939] }},
{"zip_code":"88058","country":"US","city":"San Miguel","state":"New Mexico","state_ab":"NM","county":"Doña Ana","geo_location":{ "type": "Point", "coordinates": [-106.8201, 32.4181] }},
{"zip_code":"88072","country":"US","city":"Vado","state":"New Mexico","state_ab":"NM","county":"Doña Ana","geo_location":{ "type": "Point", "coordinates": [-106.649, 32.1187] }},
{"zip_code":"88045","country":"US","city":"Lordsburg","state":"New Mexico","state_ab":"NM","county":"Hidalgo","geo_location":{ "type": "Point", "coordinates": [-108.723, 32.316] }},
{"zip_code":"88252","country":"US","city":"Jal","state":"New Mexico","state_ab":"NM","county":"Lea","geo_location":{ "type": "Point", "coordinates": [-103.1997, 32.1128] }},
{"zip_code":"88265","country":"US","city":"Monument","state":"New Mexico","state_ab":"NM","county":"Lea","geo_location":{ "type": "Point", "coordinates": [-103.2703, 32.5874] }},
{"zip_code":"88355","country":"US","city":"Ruidoso","state":"New Mexico","state_ab":"NM","county":"Lincoln","geo_location":{ "type": "Point", "coordinates": [-105.6933, 33.3305] }},
{"zip_code":"87545","country":"US","city":"Los Alamos","state":"New Mexico","state_ab":"NM","county":"Los Alamos","geo_location":{ "type": "Point", "coordinates": [-106.2953, 35.8639] }},
{"zip_code":"87312","country":"US","city":"Continental Divide","state":"New Mexico","state_ab":"NM","county":"McKinley","geo_location":{ "type": "Point", "coordinates": [-108.323, 35.4226] }},
{"zip_code":"87325","country":"US","city":"Tohatchi","state":"New Mexico","state_ab":"NM","county":"McKinley","geo_location":{ "type": "Point", "coordinates": [-108.6229, 36.0021] }},
{"zip_code":"87365","country":"US","city":"Smith Lake","state":"New Mexico","state_ab":"NM","county":"McKinley","geo_location":{ "type": "Point", "coordinates": [-108.1767, 35.4809] }},
{"zip_code":"87712","country":"US","city":"Buena Vista","state":"New Mexico","state_ab":"NM","county":"Mora","geo_location":{ "type": "Point", "coordinates": [-105.0239, 36.0083] }},
{"zip_code":"87752","country":"US","city":"Wagon Mound","state":"New Mexico","state_ab":"NM","county":"Mora","geo_location":{ "type": "Point", "coordinates": [-104.691, 35.9814] }},
{"zip_code":"88342","country":"US","city":"Orogrande","state":"New Mexico","state_ab":"NM","county":"Otero","geo_location":{ "type": "Point", "coordinates": [-106.0797, 32.4051] }},
{"zip_code":"87518","country":"US","city":"Cebolla","state":"New Mexico","state_ab":"NM","county":"Rio Arriba","geo_location":{ "type": "Point", "coordinates": [-106.5785, 36.4654] }},
{"zip_code":"87532","country":"US","city":"Espanola","state":"New Mexico","state_ab":"NM","county":"Rio Arriba","geo_location":{ "type": "Point", "coordinates": [-106.0717, 35.9872] }},
{"zip_code":"88122","country":"US","city":"Kenna","state":"New Mexico","state_ab":"NM","county":"Roosevelt","geo_location":{ "type": "Point", "coordinates": [-103.7095, 33.8832] }},
{"zip_code":"87402","country":"US","city":"Farmington","state":"New Mexico","state_ab":"NM","county":"San Juan","geo_location":{ "type": "Point", "coordinates": [-108.1478, 36.7685] }},
{"zip_code":"87415","country":"US","city":"Flora Vista","state":"New Mexico","state_ab":"NM","county":"San Juan","geo_location":{ "type": "Point", "coordinates": [-108.0827, 36.8028] }},
{"zip_code":"87455","country":"US","city":"Newcomb","state":"New Mexico","state_ab":"NM","county":"San Juan","geo_location":{ "type": "Point", "coordinates": [-108.2335, 36.5002] }},
{"zip_code":"87015","country":"US","city":"Edgewood","state":"New Mexico","state_ab":"NM","county":"Santa Fe","geo_location":{ "type": "Point", "coordinates": [-106.1872, 35.0776] }},
{"zip_code":"87505","country":"US","city":"Santa Fe","state":"New Mexico","state_ab":"NM","county":"Santa Fe","geo_location":{ "type": "Point", "coordinates": [-105.8688, 35.6219] }},
{"zip_code":"87028","country":"US","city":"La Joya","state":"New Mexico","state_ab":"NM","county":"Socorro","geo_location":{ "type": "Point", "coordinates": [-106.815, 34.3813] }},
{"zip_code":"87828","country":"US","city":"Polvadera","state":"New Mexico","state_ab":"NM","county":"Socorro","geo_location":{ "type": "Point", "coordinates": [-106.9167, 34.2059] }},
{"zip_code":"87558","country":"US","city":"Red River","state":"New Mexico","state_ab":"NM","county":"Taos","geo_location":{ "type": "Point", "coordinates": [-105.4694, 36.6659] }},
{"zip_code":"88418","country":"US","city":"Des Moines","state":"New Mexico","state_ab":"NM","county":"Union","geo_location":{ "type": "Point", "coordinates": [-103.8739, 36.7291] }},
{"zip_code":"87002","country":"US","city":"Belen","state":"New Mexico","state_ab":"NM","county":"Valencia","geo_location":{ "type": "Point", "coordinates": [-106.6952, 34.6511] }},
{"zip_code":"87042","country":"US","city":"Peralta","state":"New Mexico","state_ab":"NM","county":"Valencia","geo_location":{ "type": "Point", "coordinates": [-106.6872, 34.8332] }},
{"zip_code":"87068","country":"US","city":"Bosque Farms","state":"New Mexico","state_ab":"NM","county":"Valencia","geo_location":{ "type": "Point", "coordinates": [-106.6975, 34.8764] }},
{"zip_code":"89112","country":"US","city":"Las Vegas","state":"Nevada","state_ab":"NV","county":"Clark","geo_location":{ "type": "Point", "coordinates": [-115.0256, 36.1578] }},
{"zip_code":"89125","country":"US","city":"Las Vegas","state":"Nevada","state_ab":"NV","county":"Clark","geo_location":{ "type": "Point", "coordinates": [-115.2655, 36.2235] }},
{"zip_code":"89138","country":"US","city":"Las Vegas","state":"Nevada","state_ab":"NV","county":"Clark","geo_location":{ "type": "Point", "coordinates": [-115.3613, 36.1666] }},
{"zip_code":"89152","country":"US","city":"Las Vegas","state":"Nevada","state_ab":"NV","county":"Clark","geo_location":{ "type": "Point", "coordinates": [-114.9721, 35.9279] }},
{"zip_code":"89165","country":"US","city":"Las Vegas","state":"Nevada","state_ab":"NV","county":"Clark County","geo_location":{ "type": "Point", "coordinates": [-115.3257, 36.3302] }},
{"zip_code":"89178","country":"US","city":"Las Vegas","state":"Nevada","state_ab":"NV","county":"Clark County","geo_location":{ "type": "Point", "coordinates": [-115.2861, 35.9977] }},
{"zip_code":"89448","country":"US","city":"Zephyr Cove","state":"Nevada","state_ab":"NV","county":"Douglas","geo_location":{ "type": "Point", "coordinates": [-119.9114, 39.0204] }},
{"zip_code":"89705","country":"US","city":"Carson City","state":"Nevada","state_ab":"NV","county":"Douglas","geo_location":{ "type": "Point", "coordinates": [-119.8059, 39.0554] }},
{"zip_code":"89822","country":"US","city":"Carlin","state":"Nevada","state_ab":"NV","county":"Elko","geo_location":{ "type": "Point", "coordinates": [-116.1082, 40.7172] }},
{"zip_code":"89835","country":"US","city":"Wells","state":"Nevada","state_ab":"NV","county":"Elko","geo_location":{ "type": "Point", "coordinates": [-114.8218, 41.5439] }},
{"zip_code":"89008","country":"US","city":"Caliente","state":"Nevada","state_ab":"NV","county":"Lincoln","geo_location":{ "type": "Point", "coordinates": [-114.5097, 37.6128] }},
{"zip_code":"89408","country":"US","city":"Fernley","state":"Nevada","state_ab":"NV","county":"Lyon","geo_location":{ "type": "Point", "coordinates": [-119.235, 39.6019] }},
{"zip_code":"89422","country":"US","city":"Mina","state":"Nevada","state_ab":"NV","county":"Mineral","geo_location":{ "type": "Point", "coordinates": [-118.1096, 38.387] }},
{"zip_code":"89022","country":"US","city":"Manhattan","state":"Nevada","state_ab":"NV","county":"Nye","geo_location":{ "type": "Point", "coordinates": [-116.31, 38.7023] }},
{"zip_code":"89048","country":"US","city":"Pahrump","state":"Nevada","state_ab":"NV","county":"Nye","geo_location":{ "type": "Point", "coordinates": [-116.0038, 36.1661] }},
{"zip_code":"89435","country":"US","city":"Sparks","state":"Nevada","state_ab":"NV","county":"Washoe","geo_location":{ "type": "Point", "coordinates": [-119.5869, 40.5412] }},
{"zip_code":"89512","country":"US","city":"Reno","state":"Nevada","state_ab":"NV","county":"Washoe","geo_location":{ "type": "Point", "coordinates": [-119.7957, 39.5483] }},
{"zip_code":"89318","country":"US","city":"Mc Gill","state":"Nevada","state_ab":"NV","county":"White Pine","geo_location":{ "type": "Point", "coordinates": [-114.7791, 39.4034] }},
{"zip_code":"12055","country":"US","city":"Dormansville","state":"New York","state_ab":"NY","county":"Albany","geo_location":{ "type": "Point", "coordinates": [-73.9708, 42.6149] }},
{"zip_code":"12158","country":"US","city":"Selkirk","state":"New York","state_ab":"NY","county":"Albany","geo_location":{ "type": "Point", "coordinates": [-73.8129, 42.5486] }},
{"zip_code":"12208","country":"US","city":"Albany","state":"New York","state_ab":"NY","county":"Albany","geo_location":{ "type": "Point", "coordinates": [-73.7964, 42.656] }},
{"zip_code":"12222","country":"US","city":"Albany","state":"New York","state_ab":"NY","county":"Albany","geo_location":{ "type": "Point", "coordinates": [-73.8253, 42.6853] }},
{"zip_code":"12235","country":"US","city":"Albany","state":"New York","state_ab":"NY","county":"Albany","geo_location":{ "type": "Point", "coordinates": [-73.9708, 42.6149] }},
{"zip_code":"12248","country":"US","city":"Albany","state":"New York","state_ab":"NY","county":"Albany","geo_location":{ "type": "Point", "coordinates": [-73.9708, 42.6149] }},
{"zip_code":"12262","country":"US","city":"Albany","state":"New York","state_ab":"NY","county":"Albany","geo_location":{ "type": "Point", "coordinates": [-73.9708, 42.6149] }},
{"zip_code":"12288","country":"US","city":"Albany","state":"New York","state_ab":"NY","county":"Albany","geo_location":{ "type": "Point", "coordinates": [-73.9708, 42.6149] }},
{"zip_code":"14745","country":"US","city":"Hume","state":"New York","state_ab":"NY","county":"Allegany","geo_location":{ "type": "Point", "coordinates": [-78.1403, 42.4777] }},
{"zip_code":"14822","country":"US","city":"Canaseraga","state":"New York","state_ab":"NY","county":"Allegany","geo_location":{ "type": "Point", "coordinates": [-77.7954, 42.4585] }},
{"zip_code":"10462","country":"US","city":"Bronx","state":"New York","state_ab":"NY","county":"Bronx","geo_location":{ "type": "Point", "coordinates": [-73.8602, 40.8434] }},
{"zip_code":"10475","country":"US","city":"Bronx","state":"New York","state_ab":"NY","county":"Bronx","geo_location":{ "type": "Point", "coordinates": [-73.8278, 40.8729] }},
{"zip_code":"13795","country":"US","city":"Kirkwood","state":"New York","state_ab":"NY","county":"Broome","geo_location":{ "type": "Point", "coordinates": [-75.7967, 42.0695] }},
{"zip_code":"14138","country":"US","city":"South Dayton","state":"New York","state_ab":"NY","county":"Cattaraugus","geo_location":{ "type": "Point", "coordinates": [-79.0501, 42.3718] }},
{"zip_code":"14772","country":"US","city":"Randolph","state":"New York","state_ab":"NY","county":"Cattaraugus","geo_location":{ "type": "Point", "coordinates": [-78.96, 42.1631] }},
{"zip_code":"14048","country":"US","city":"Dunkirk","state":"New York","state_ab":"NY","county":"Chautauqua","geo_location":{ "type": "Point", "coordinates": [-79.3283, 42.4877] }},
{"zip_code":"14062","country":"US","city":"Forestville","state":"New York","state_ab":"NY","county":"Chautauqua","geo_location":{ "type": "Point", "coordinates": [-79.1607, 42.4482] }},
{"zip_code":"14718","country":"US","city":"Cassadaga","state":"New York","state_ab":"NY","county":"Chautauqua","geo_location":{ "type": "Point", "coordinates": [-79.2993, 42.3504] }},
{"zip_code":"14732","country":"US","city":"Ellington","state":"New York","state_ab":"NY","county":"Chautauqua","geo_location":{ "type": "Point", "coordinates": [-79.1135, 42.2291] }},
{"zip_code":"14758","country":"US","city":"Niobe","state":"New York","state_ab":"NY","county":"Chautauqua","geo_location":{ "type": "Point", "coordinates": [-79.4109, 42.3425] }},
{"zip_code":"14785","country":"US","city":"Stow","state":"New York","state_ab":"NY","county":"Chautauqua","geo_location":{ "type": "Point", "coordinates": [-79.4122, 42.1557] }},
{"zip_code":"28038","country":"US","city":"Earl","state":"North Carolina","state_ab":"NC","county":"Cleveland","geo_location":{ "type": "Point", "coordinates": [-81.5386, 35.197] }},
{"zip_code":"28438","country":"US","city":"Evergreen","state":"North Carolina","state_ab":"NC","county":"Columbus","geo_location":{ "type": "Point", "coordinates": [-78.8947, 34.4204] }},
{"zip_code":"28308","country":"US","city":"Pope A F B","state":"North Carolina","state_ab":"NC","county":"Cumberland","geo_location":{ "type": "Point", "coordinates": [-79.0138, 35.1734] }},
{"zip_code":"28348","country":"US","city":"Hope Mills","state":"North Carolina","state_ab":"NC","county":"Cumberland","geo_location":{ "type": "Point", "coordinates": [-78.9354, 34.9536] }},
{"zip_code":"27965","country":"US","city":"Poplar Branch","state":"North Carolina","state_ab":"NC","county":"Currituck","geo_location":{ "type": "Point", "coordinates": [-75.9097, 36.2737] }},
{"zip_code":"27848","country":"US","city":"Lasker","state":"North Carolina","state_ab":"NC","county":"Dare County","geo_location":{ "type": "Point", "coordinates": [-77.3471, 36.3739] }},
{"zip_code":"27978","country":"US","city":"Stumpy Point","state":"North Carolina","state_ab":"NC","county":"Dare","geo_location":{ "type": "Point", "coordinates": [-75.7728, 35.6985] }},
{"zip_code":"27295","country":"US","city":"Lexington","state":"North Carolina","state_ab":"NC","county":"Davidson","geo_location":{ "type": "Point", "coordinates": [-80.315, 35.8684] }},
{"zip_code":"27705","country":"US","city":"Durham","state":"North Carolina","state_ab":"NC","county":"Durham","geo_location":{ "type": "Point", "coordinates": [-78.9478, 36.0218] }},
{"zip_code":"27152","country":"US","city":"Winston Salem","state":"North Carolina","state_ab":"NC","county":"Forsyth","geo_location":{ "type": "Point", "coordinates": [-80.2073, 36.0275] }},
{"zip_code":"27525","country":"US","city":"Franklinton","state":"North Carolina","state_ab":"NC","county":"Franklin","geo_location":{ "type": "Point", "coordinates": [-78.4486, 36.0955] }},
{"zip_code":"28012","country":"US","city":"Belmont","state":"North Carolina","state_ab":"NC","county":"Gaston","geo_location":{ "type": "Point", "coordinates": [-81.044, 35.244] }},
{"zip_code":"28052","country":"US","city":"Gastonia","state":"North Carolina","state_ab":"NC","county":"Gaston","geo_location":{ "type": "Point", "coordinates": [-81.2194, 35.2449] }},
{"zip_code":"27938","country":"US","city":"Gatesville","state":"North Carolina","state_ab":"NC","county":"Gates","geo_location":{ "type": "Point", "coordinates": [-76.7325, 36.4072] }},
{"zip_code":"27565","country":"US","city":"Oxford","state":"North Carolina","state_ab":"NC","county":"Granville","geo_location":{ "type": "Point", "coordinates": [-78.6134, 36.3313] }},
{"zip_code":"27888","country":"US","city":"Walstonburg","state":"North Carolina","state_ab":"NC","county":"Greene","geo_location":{ "type": "Point", "coordinates": [-77.6983, 35.5882] }},
{"zip_code":"27282","country":"US","city":"Jamestown","state":"North Carolina","state_ab":"NC","county":"Guilford","geo_location":{ "type": "Point", "coordinates": [-79.9293, 35.999] }},
{"zip_code":"27358","country":"US","city":"Summerfield","state":"North Carolina","state_ab":"NC","county":"Guilford","geo_location":{ "type": "Point", "coordinates": [-79.8901, 36.2245] }},
{"zip_code":"27408","country":"US","city":"Greensboro","state":"North Carolina","state_ab":"NC","county":"Guilford","geo_location":{ "type": "Point", "coordinates": [-79.8165, 36.1064] }},
{"zip_code":"27435","country":"US","city":"Greensboro","state":"North Carolina","state_ab":"NC","county":"Guilford","geo_location":{ "type": "Point", "coordinates": [-80.0244, 36.0807] }},
{"zip_code":"27552","country":"US","city":"Mamers","state":"North Carolina","state_ab":"NC","county":"Harnett","geo_location":{ "type": "Point", "coordinates": [-78.98, 35.4136] }},
{"zip_code":"28335","country":"US","city":"Dunn","state":"North Carolina","state_ab":"NC","county":"Harnett","geo_location":{ "type": "Point", "coordinates": [-78.6254, 35.3508] }},
{"zip_code":"28735","country":"US","city":"Gerton","state":"North Carolina","state_ab":"NC","county":"Henderson","geo_location":{ "type": "Point", "coordinates": [-82.3505, 35.4759] }},
{"zip_code":"27875","country":"US","city":"Scranton","state":"North Carolina","state_ab":"NC","county":"Hyde","geo_location":{ "type": "Point", "coordinates": [-76.4951, 35.4717] }},
{"zip_code":"28115","country":"US","city":"Mooresville","state":"North Carolina","state_ab":"NC","county":"Iredell","geo_location":{ "type": "Point", "coordinates": [-80.8226, 35.5774] }},
{"zip_code":"28788","country":"US","city":"Webster","state":"North Carolina","state_ab":"NC","county":"Jackson","geo_location":{ "type": "Point", "coordinates": [-83.2333, 35.3285] }},
{"zip_code":"28555","country":"US","city":"Maysville","state":"North Carolina","state_ab":"NC","county":"Jones","geo_location":{ "type": "Point", "coordinates": [-77.2315, 34.8691] }},
{"zip_code":"27332","country":"US","city":"Sanford","state":"North Carolina","state_ab":"NC","county":"Lee","geo_location":{ "type": "Point", "coordinates": [-79.138, 35.4469] }},
{"zip_code":"28502","country":"US","city":"Kinston","state":"North Carolina","state_ab":"NC","county":"Lenoir","geo_location":{ "type": "Point", "coordinates": [-77.6626, 35.2886] }},
{"zip_code":"28092","country":"US","city":"Lincolnton","state":"North Carolina","state_ab":"NC","county":"Lincoln","geo_location":{ "type": "Point", "coordinates": [-81.1818, 35.4851] }},
{"zip_code":"28168","country":"US","city":"Vale","state":"North Carolina","state_ab":"NC","county":"Lincoln","geo_location":{ "type": "Point", "coordinates": [-81.4589, 35.5188] }},
{"zip_code":"28762","country":"US","city":"Old Fort","state":"North Carolina","state_ab":"NC","county":"McDowell","geo_location":{ "type": "Point", "coordinates": [-82.1686, 35.6169] }},
{"zip_code":"28775","country":"US","city":"Scaly Mountain","state":"North Carolina","state_ab":"NC","county":"Macon","geo_location":{ "type": "Point", "coordinates": [-83.3274, 35.0311] }},
{"zip_code":"28078","country":"US","city":"Huntersville","state":"North Carolina","state_ab":"NC","county":"Mecklenburg","geo_location":{ "type": "Point", "coordinates": [-80.8695, 35.4011] }},
{"zip_code":"28205","country":"US","city":"Charlotte","state":"North Carolina","state_ab":"NC","county":"Mecklenburg","geo_location":{ "type": "Point", "coordinates": [-80.7881, 35.22] }},
{"zip_code":"28218","country":"US","city":"Charlotte","state":"North Carolina","state_ab":"NC","county":"Mecklenburg","geo_location":{ "type": "Point", "coordinates": [-80.8042, 35.26] }},
{"zip_code":"28232","country":"US","city":"Charlotte","state":"North Carolina","state_ab":"NC","county":"Mecklenburg","geo_location":{ "type": "Point", "coordinates": [-80.8042, 35.26] }},
{"zip_code":"28245","country":"US","city":"Charlotte","state":"North Carolina","state_ab":"NC","county":"Mecklenburg County","geo_location":{ "type": "Point", "coordinates": [-80.8432, 35.2268] }},
{"zip_code":"28258","country":"US","city":"Charlotte","state":"North Carolina","state_ab":"NC","county":"Mecklenburg","geo_location":{ "type": "Point", "coordinates": [-80.8042, 35.26] }},
{"zip_code":"28272","country":"US","city":"Charlotte","state":"North Carolina","state_ab":"NC","county":"Mecklenburg","geo_location":{ "type": "Point", "coordinates": [-80.8042, 35.26] }},
{"zip_code":"28285","country":"US","city":"Charlotte","state":"North Carolina","state_ab":"NC","county":"Mecklenburg","geo_location":{ "type": "Point", "coordinates": [-80.8042, 35.26] }},
{"zip_code":"27242","country":"US","city":"Eagle Springs","state":"North Carolina","state_ab":"NC","county":"Moore","geo_location":{ "type": "Point", "coordinates": [-79.631, 35.336] }},
{"zip_code":"28388","country":"US","city":"Southern Pines","state":"North Carolina","state_ab":"NC","county":"Moore","geo_location":{ "type": "Point", "coordinates": [-79.4327, 35.2803] }},
{"zip_code":"28412","country":"US","city":"Wilmington","state":"North Carolina","state_ab":"NC","county":"New Hanover","geo_location":{ "type": "Point", "coordinates": [-77.9141, 34.1572] }},
{"zip_code":"27862","country":"US","city":"Pendleton","state":"North Carolina","state_ab":"NC","county":"Northampton","geo_location":{ "type": "Point", "coordinates": [-77.1911, 36.4937] }},
{"zip_code":"28542","country":"US","city":"Camp Lejeune","state":"North Carolina","state_ab":"NC","county":"Onslow","geo_location":{ "type": "Point", "coordinates": [-77.4637, 34.664] }},
{"zip_code":"28515","country":"US","city":"Bayboro","state":"North Carolina","state_ab":"NC","county":"Pamlico","geo_location":{ "type": "Point", "coordinates": [-76.7518, 35.1526] }},
{"zip_code":"28425","country":"US","city":"Burgaw","state":"North Carolina","state_ab":"NC","county":"Pender","geo_location":{ "type": "Point", "coordinates": [-77.9403, 34.5487] }},
{"zip_code":"28478","country":"US","city":"Willard","state":"North Carolina","state_ab":"NC","county":"Pender","geo_location":{ "type": "Point", "coordinates": [-78.0234, 34.6845] }},
{"zip_code":"27835","country":"US","city":"Greenville","state":"North Carolina","state_ab":"NC","county":"Pitt","geo_location":{ "type": "Point", "coordinates": [-77.3531, 35.5885] }},
{"zip_code":"28722","country":"US","city":"Columbus","state":"North Carolina","state_ab":"NC","county":"Polk","geo_location":{ "type": "Point", "coordinates": [-82.1206, 35.241] }},
{"zip_code":"28362","country":"US","city":"Marietta","state":"North Carolina","state_ab":"NC","county":"Robeson","geo_location":{ "type": "Point", "coordinates": [-79.1279, 34.3791] }},
{"zip_code":"28375","country":"US","city":"Proctorville","state":"North Carolina","state_ab":"NC","county":"Robeson","geo_location":{ "type": "Point", "coordinates": [-79.0414, 34.4713] }},
{"zip_code":"27048","country":"US","city":"Stoneville","state":"North Carolina","state_ab":"NC","county":"Rockingham","geo_location":{ "type": "Point", "coordinates": [-79.9013, 36.4705] }},
{"zip_code":"27008","country":"US","city":"Barber","state":"North Carolina","state_ab":"NC","county":"Rowan County","geo_location":{ "type": "Point", "coordinates": [-80.6418, 35.726] }},
{"zip_code":"28128","country":"US","city":"Norwood","state":"North Carolina","state_ab":"NC","county":"Stanly","geo_location":{ "type": "Point", "coordinates": [-80.1433, 35.2275] }},
{"zip_code":"27022","country":"US","city":"Lawsonville","state":"North Carolina","state_ab":"NC","county":"Stokes","geo_location":{ "type": "Point", "coordinates": [-80.2103, 36.5132] }},
{"zip_code":"28708","country":"US","city":"Balsam Grove","state":"North Carolina","state_ab":"NC","county":"Transylvania","geo_location":{ "type": "Point", "coordinates": [-82.8779, 35.2298] }},
{"zip_code":"27925","country":"US","city":"Columbia","state":"North Carolina","state_ab":"NC","county":"Tyrrell","geo_location":{ "type": "Point", "coordinates": [-76.2345, 35.9057] }},
{"zip_code":"27512","country":"US","city":"Cary","state":"North Carolina","state_ab":"NC","county":"Wake","geo_location":{ "type": "Point", "coordinates": [-78.8395, 35.8084] }},
{"zip_code":"27592","country":"US","city":"Willow Spring","state":"North Carolina","state_ab":"NC","county":"Wake","geo_location":{ "type": "Point", "coordinates": [-78.6717, 35.547] }},
{"zip_code":"27602","country":"US","city":"Raleigh","state":"North Carolina","state_ab":"NC","county":"Wake","geo_location":{ "type": "Point", "coordinates": [-78.6711, 35.7587] }},
{"zip_code":"27615","country":"US","city":"Raleigh","state":"North Carolina","state_ab":"NC","county":"Wake","geo_location":{ "type": "Point", "coordinates": [-78.6393, 35.8887] }},
{"zip_code":"27628","country":"US","city":"Raleigh","state":"North Carolina","state_ab":"NC","county":"Wake","geo_location":{ "type": "Point", "coordinates": [-78.6253, 35.7977] }},
{"zip_code":"27668","country":"US","city":"Raleigh","state":"North Carolina","state_ab":"NC","county":"Wake","geo_location":{ "type": "Point", "coordinates": [-78.6253, 35.7977] }},
{"zip_code":"27695","country":"US","city":"Raleigh","state":"North Carolina","state_ab":"NC","county":"Wake","geo_location":{ "type": "Point", "coordinates": [-78.6253, 35.7977] }},
{"zip_code":"28605","country":"US","city":"Blowing Rock","state":"North Carolina","state_ab":"NC","county":"Watauga","geo_location":{ "type": "Point", "coordinates": [-81.6996, 36.1355] }},
{"zip_code":"28618","country":"US","city":"Deep Gap","state":"North Carolina","state_ab":"NC","county":"Watauga","geo_location":{ "type": "Point", "coordinates": [-81.5163, 36.2136] }},
{"zip_code":"28698","country":"US","city":"Zionville","state":"North Carolina","state_ab":"NC","county":"Watauga","geo_location":{ "type": "Point", "coordinates": [-81.7476, 36.3194] }},
{"zip_code":"28685","country":"US","city":"Traphill","state":"North Carolina","state_ab":"NC","county":"Wilkes","geo_location":{ "type": "Point", "coordinates": [-81.0151, 36.3301] }},
{"zip_code":"27822","country":"US","city":"Elm City","state":"North Carolina","state_ab":"NC","county":"Wilson","geo_location":{ "type": "Point", "coordinates": [-77.856, 35.811] }},
{"zip_code":"58062","country":"US","city":"Nome","state":"North Dakota","state_ab":"ND","county":"Barnes","geo_location":{ "type": "Point", "coordinates": [-97.7911, 46.6748] }},
{"zip_code":"58332","country":"US","city":"Esmond","state":"North Dakota","state_ab":"ND","county":"Benson","geo_location":{ "type": "Point", "coordinates": [-99.7617, 48.0419] }},
{"zip_code":"58318","country":"US","city":"Bottineau","state":"North Dakota","state_ab":"ND","county":"Bottineau","geo_location":{ "type": "Point", "coordinates": [-100.4329, 48.8451] }},
{"zip_code":"58772","country":"US","city":"Portal","state":"North Dakota","state_ab":"ND","county":"Burke","geo_location":{ "type": "Point", "coordinates": [-102.548, 48.9758] }},
{"zip_code":"58048","country":"US","city":"Hunter","state":"North Dakota","state_ab":"ND","county":"Cass","geo_location":{ "type": "Point", "coordinates": [-97.2516, 47.1913] }},
{"zip_code":"58125","country":"US","city":"Fargo","state":"North Dakota","state_ab":"ND","county":"Cass","geo_location":{ "type": "Point", "coordinates": [-97.2297, 46.9346] }},
{"zip_code":"58255","country":"US","city":"Maida","state":"North Dakota","state_ab":"ND","county":"Cavalier","geo_location":{ "type": "Point", "coordinates": [-98.4641, 48.7718] }},
{"zip_code":"58372","country":"US","city":"Sarles","state":"North Dakota","state_ab":"ND","county":"Cavalier","geo_location":{ "type": "Point", "coordinates": [-98.9606, 48.9459] }},
{"zip_code":"58642","country":"US","city":"Manning","state":"North Dakota","state_ab":"ND","county":"Dunn","geo_location":{ "type": "Point", "coordinates": [-102.6806, 47.1258] }},
{"zip_code":"58552","country":"US","city":"Linton","state":"North Dakota","state_ab":"ND","county":"Emmons","geo_location":{ "type": "Point", "coordinates": [-100.2331, 46.1855] }},
{"zip_code":"58202","country":"US","city":"Grand Forks","state":"North Dakota","state_ab":"ND","county":"Grand Forks","geo_location":{ "type": "Point", "coordinates": [-97.0735, 47.9215] }},
{"zip_code":"58228","country":"US","city":"Emerado","state":"North Dakota","state_ab":"ND","county":"Grand Forks","geo_location":{ "type": "Point", "coordinates": [-97.263, 47.9214] }},
{"zip_code":"58448","country":"US","city":"Hannaford","state":"North Dakota","state_ab":"ND","county":"Griggs","geo_location":{ "type": "Point", "coordinates": [-98.3502, 47.3786] }},
{"zip_code":"58475","country":"US","city":"Pettibone","state":"North Dakota","state_ab":"ND","county":"Kidder","geo_location":{ "type": "Point", "coordinates": [-99.5279, 47.12] }},
{"zip_code":"58488","country":"US","city":"Tuttle","state":"North Dakota","state_ab":"ND","county":"Kidder","geo_location":{ "type": "Point", "coordinates": [-99.9873, 47.1626] }},
{"zip_code":"58835","country":"US","city":"Arnegard","state":"North Dakota","state_ab":"ND","county":"McKenzie","geo_location":{ "type": "Point", "coordinates": [-103.4538, 47.8088] }},
{"zip_code":"58565","country":"US","city":"Riverdale","state":"North Dakota","state_ab":"ND","county":"McLean","geo_location":{ "type": "Point", "coordinates": [-101.3831, 47.4868] }},
{"zip_code":"58282","country":"US","city":"Walhalla","state":"North Dakota","state_ab":"ND","county":"Pembina","geo_location":{ "type": "Point", "coordinates": [-97.7974, 48.8808] }},
{"zip_code":"58385","country":"US","city":"Wolford","state":"North Dakota","state_ab":"ND","county":"Pierce","geo_location":{ "type": "Point", "coordinates": [-99.6628, 48.4809] }},
{"zip_code":"58345","country":"US","city":"Lawton","state":"North Dakota","state_ab":"ND","county":"Ramsey","geo_location":{ "type": "Point", "coordinates": [-98.4142, 48.3033] }},
{"zip_code":"58008","country":"US","city":"Barney","state":"North Dakota","state_ab":"ND","county":"Richland","geo_location":{ "type": "Point", "coordinates": [-96.9708, 46.2496] }},
{"zip_code":"58075","country":"US","city":"Wahpeton","state":"North Dakota","state_ab":"ND","county":"Richland","geo_location":{ "type": "Point", "coordinates": [-96.7921, 46.3366] }},
{"zip_code":"58758","country":"US","city":"Martin","state":"North Dakota","state_ab":"ND","county":"Sheridan","geo_location":{ "type": "Point", "coordinates": [-100.1225, 47.7781] }},
{"zip_code":"58538","country":"US","city":"Fort Yates","state":"North Dakota","state_ab":"ND","county":"Sioux","geo_location":{ "type": "Point", "coordinates": [-100.6516, 46.0905] }},
{"zip_code":"58602","country":"US","city":"Dickinson","state":"North Dakota","state_ab":"ND","county":"Stark","geo_location":{ "type": "Point", "coordinates": [-102.6639, 46.8202] }},
{"zip_code":"58655","country":"US","city":"South Heart","state":"North Dakota","state_ab":"ND","county":"Stark","geo_location":{ "type": "Point", "coordinates": [-103.0162, 46.8127] }},
{"zip_code":"58035","country":"US","city":"Galesburg","state":"North Dakota","state_ab":"ND","county":"Traill","geo_location":{ "type": "Point", "coordinates": [-97.3746, 47.2778] }},
{"zip_code":"58705","country":"US","city":"Minot Afb","state":"North Dakota","state_ab":"ND","county":"Ward","geo_location":{ "type": "Point", "coordinates": [-101.3339, 48.4223] }},
{"zip_code":"58718","country":"US","city":"Berthold","state":"North Dakota","state_ab":"ND","county":"Ward","geo_location":{ "type": "Point", "coordinates": [-101.6866, 48.3064] }},
{"zip_code":"58785","country":"US","city":"Surrey","state":"North Dakota","state_ab":"ND","county":"Ward","geo_location":{ "type": "Point", "coordinates": [-101.1216, 48.2365] }},
{"zip_code":"58422","country":"US","city":"Cathay","state":"North Dakota","state_ab":"ND","county":"Wells","geo_location":{ "type": "Point", "coordinates": [-99.4049, 47.6289] }},
{"zip_code":"68902","country":"US","city":"Hastings","state":"Nebraska","state_ab":"NE","county":"Adams","geo_location":{ "type": "Point", "coordinates": [-98.3972, 40.5896] }},
{"zip_code":"68955","country":"US","city":"Juniata","state":"Nebraska","state_ab":"NE","county":"Adams","geo_location":{ "type": "Point", "coordinates": [-98.515, 40.5867] }},
{"zip_code":"68722","country":"US","city":"Butte","state":"Nebraska","state_ab":"NE","county":"Boyd","geo_location":{ "type": "Point", "coordinates": [-98.8459, 42.9124] }},
{"zip_code":"68812","country":"US","city":"Amherst","state":"Nebraska","state_ab":"NE","county":"Buffalo","geo_location":{ "type": "Point", "coordinates": [-99.2609, 40.8495] }},
{"zip_code":"68038","country":"US","city":"Lyons","state":"Nebraska","state_ab":"NE","county":"Burt","geo_location":{ "type": "Point", "coordinates": [-96.4661, 41.9442] }},
{"zip_code":"68632","country":"US","city":"David City","state":"Nebraska","state_ab":"NE","county":"Butler","geo_location":{ "type": "Point", "coordinates": [-97.1572, 41.2207] }},
{"zip_code":"68658","country":"US","city":"Rising City","state":"Nebraska","state_ab":"NE","county":"Butler","geo_location":{ "type": "Point", "coordinates": [-97.3032, 41.2082] }},
{"zip_code":"68762","country":"US","city":"Obert","state":"Nebraska","state_ab":"NE","county":"Cedar County","geo_location":{ "type": "Point", "coordinates": [-97.0722, 42.6566] }},
{"zip_code":"68452","country":"US","city":"Ong","state":"Nebraska","state_ab":"NE","county":"Clay","geo_location":{ "type": "Point", "coordinates": [-97.861, 40.3968] }},
{"zip_code":"68788","country":"US","city":"West Point","state":"Nebraska","state_ab":"NE","county":"Cuming","geo_location":{ "type": "Point", "coordinates": [-96.7318, 41.845] }},
{"zip_code":"68825","country":"US","city":"Callaway","state":"Nebraska","state_ab":"NE","county":"Custer","geo_location":{ "type": "Point", "coordinates": [-99.9932, 41.2485] }},
{"zip_code":"68878","country":"US","city":"Sumner","state":"Nebraska","state_ab":"NE","county":"Dawson","geo_location":{ "type": "Point", "coordinates": [-99.52, 40.9504] }},
{"zip_code":"68025","country":"US","city":"Fremont","state":"Nebraska","state_ab":"NE","county":"Dodge","geo_location":{ "type": "Point", "coordinates": [-96.4945, 41.4416] }},
{"zip_code":"68102","country":"US","city":"Omaha","state":"Nebraska","state_ab":"NE","county":"Douglas","geo_location":{ "type": "Point", "coordinates": [-95.9409, 41.259] }},
{"zip_code":"68142","country":"US","city":"Omaha","state":"Nebraska","state_ab":"NE","county":"Douglas","geo_location":{ "type": "Point", "coordinates": [-96.0901, 41.3359] }},
{"zip_code":"68155","country":"US","city":"Omaha","state":"Nebraska","state_ab":"NE","county":"Douglas","geo_location":{ "type": "Point", "coordinates": [-96.1711, 41.2917] }},
{"zip_code":"68182","country":"US","city":"Omaha","state":"Nebraska","state_ab":"NE","county":"Douglas","geo_location":{ "type": "Point", "coordinates": [-96.1711, 41.2917] }},
{"zip_code":"69028","country":"US","city":"Eustis","state":"Nebraska","state_ab":"NE","county":"Frontier","geo_location":{ "type": "Point", "coordinates": [-100.0547, 40.6267] }},
{"zip_code":"69042","country":"US","city":"Stockville","state":"Nebraska","state_ab":"NE","county":"Frontier","geo_location":{ "type": "Point", "coordinates": [-100.3849, 40.4948] }},
{"zip_code":"68865","country":"US","city":"Phillips","state":"Nebraska","state_ab":"NE","county":"Hamilton","geo_location":{ "type": "Point", "coordinates": [-98.2129, 40.8982] }},
{"zip_code":"68735","country":"US","city":"Ewing","state":"Nebraska","state_ab":"NE","county":"Holt","geo_location":{ "type": "Point", "coordinates": [-98.3981, 42.1851] }},
{"zip_code":"68838","country":"US","city":"Farwell","state":"Nebraska","state_ab":"NE","county":"Howard","geo_location":{ "type": "Point", "coordinates": [-98.6481, 41.2204] }},
{"zip_code":"68348","country":"US","city":"Elk Creek","state":"Nebraska","state_ab":"NE","county":"Johnson","geo_location":{ "type": "Point", "coordinates": [-96.1421, 40.2977] }},
{"zip_code":"68982","country":"US","city":"Wilcox","state":"Nebraska","state_ab":"NE","county":"Kearney","geo_location":{ "type": "Point", "coordinates": [-99.1539, 40.3735] }},
{"zip_code":"69145","country":"US","city":"Kimball","state":"Nebraska","state_ab":"NE","county":"Kimball","geo_location":{ "type": "Point", "coordinates": [-103.6602, 41.2321] }},
{"zip_code":"68438","country":"US","city":"Sprague","state":"Nebraska","state_ab":"NE","county":"Lancaster","geo_location":{ "type": "Point", "coordinates": [-96.7456, 40.6267] }},
{"zip_code":"68502","country":"US","city":"Lincoln","state":"Nebraska","state_ab":"NE","county":"Lancaster","geo_location":{ "type": "Point", "coordinates": [-96.6938, 40.7893] }},
{"zip_code":"68528","country":"US","city":"Lincoln","state":"Nebraska","state_ab":"NE","county":"Lancaster","geo_location":{ "type": "Point", "coordinates": [-96.7545, 40.8195] }},
{"zip_code":"68542","country":"US","city":"Lincoln","state":"Nebraska","state_ab":"NE","county":"Lancaster","geo_location":{ "type": "Point", "coordinates": [-96.6888, 40.7845] }},
{"zip_code":"69132","country":"US","city":"Dickens","state":"Nebraska","state_ab":"NE","county":"Lincoln","geo_location":{ "type": "Point", "coordinates": [-101.0149, 40.8041] }},
{"zip_code":"68748","country":"US","city":"Madison","state":"Nebraska","state_ab":"NE","county":"Madison","geo_location":{ "type": "Point", "coordinates": [-97.472, 41.8308] }},
{"zip_code":"68465","country":"US","city":"Wilber","state":"Nebraska","state_ab":"NE","county":"Saline","geo_location":{ "type": "Point", "coordinates": [-96.9757, 40.4821] }},
{"zip_code":"68128","country":"US","city":"La Vista","state":"Nebraska","state_ab":"NE","county":"Sarpy","geo_location":{ "type": "Point", "coordinates": [-96.0658, 41.1814] }},
{"zip_code":"68065","country":"US","city":"Valparaiso","state":"Nebraska","state_ab":"NE","county":"Saunders","geo_location":{ "type": "Point", "coordinates": [-96.8091, 41.0843] }},
{"zip_code":"69352","country":"US","city":"Lyman","state":"Nebraska","state_ab":"NE","county":"Scotts Bluff","geo_location":{ "type": "Point", "coordinates": [-104.0066, 41.8918] }},
{"zip_code":"69365","country":"US","city":"Whiteclay","state":"Nebraska","state_ab":"NE","county":"Sheridan","geo_location":{ "type": "Point", "coordinates": [-102.3997, 42.5024] }},
{"zip_code":"68852","country":"US","city":"Litchfield","state":"Nebraska","state_ab":"NE","county":"Sherman","geo_location":{ "type": "Point", "coordinates": [-99.1415, 41.1686] }},
{"zip_code":"68322","country":"US","city":"Bruning","state":"Nebraska","state_ab":"NE","county":"Thayer","geo_location":{ "type": "Point", "coordinates": [-97.5573, 40.3302] }},
{"zip_code":"68335","country":"US","city":"Davenport","state":"Nebraska","state_ab":"NE","county":"Thayer","geo_location":{ "type": "Point", "coordinates": [-97.805, 40.3108] }},
{"zip_code":"68362","country":"US","city":"Gilead","state":"Nebraska","state_ab":"NE","county":"Thayer","geo_location":{ "type": "Point", "coordinates": [-97.4271, 40.147] }},
{"zip_code":"68375","country":"US","city":"Hubbell","state":"Nebraska","state_ab":"NE","county":"Thayer","geo_location":{ "type": "Point", "coordinates": [-97.4735, 40.0456] }},
{"zip_code":"68928","country":"US","city":"Bladen","state":"Nebraska","state_ab":"NE","county":"Webster","geo_location":{ "type": "Point", "coordinates": [-98.6046, 40.299] }},
{"zip_code":"68942","country":"US","city":"Guide Rock","state":"Nebraska","state_ab":"NE","county":"Webster","geo_location":{ "type": "Point", "coordinates": [-98.3391, 40.0812] }},
{"zip_code":"49808","country":"US","city":"Big Bay","state":"Michigan","state_ab":"MI","county":"Marquette","geo_location":{ "type": "Point", "coordinates": [-87.6726, 46.7708] }},
{"zip_code":"49305","country":"US","city":"Barryton","state":"Michigan","state_ab":"MI","county":"Mecosta","geo_location":{ "type": "Point", "coordinates": [-85.1547, 43.7507] }},
{"zip_code":"49332","country":"US","city":"Mecosta","state":"Michigan","state_ab":"MI","county":"Mecosta","geo_location":{ "type": "Point", "coordinates": [-85.228, 43.6813] }},
{"zip_code":"49848","country":"US","city":"Ingalls","state":"Michigan","state_ab":"MI","county":"Menominee","geo_location":{ "type": "Point", "coordinates": [-87.6206, 45.3748] }},
{"zip_code":"48162","country":"US","city":"Monroe","state":"Michigan","state_ab":"MI","county":"Monroe","geo_location":{ "type": "Point", "coordinates": [-83.4448, 41.9293] }},
{"zip_code":"48818","country":"US","city":"Crystal","state":"Michigan","state_ab":"MI","county":"Montcalm","geo_location":{ "type": "Point", "coordinates": [-84.8993, 43.2624] }},
{"zip_code":"48885","country":"US","city":"Sidney","state":"Michigan","state_ab":"MI","county":"Montcalm","geo_location":{ "type": "Point", "coordinates": [-85.1207, 43.2358] }},
{"zip_code":"49318","country":"US","city":"Casnovia","state":"Michigan","state_ab":"MI","county":"Muskegon","geo_location":{ "type": "Point", "coordinates": [-85.8254, 43.2381] }},
{"zip_code":"48072","country":"US","city":"Berkley","state":"Michigan","state_ab":"MI","county":"Oakland","geo_location":{ "type": "Point", "coordinates": [-83.1887, 42.5028] }},
{"zip_code":"48085","country":"US","city":"Troy","state":"Michigan","state_ab":"MI","county":"Oakland","geo_location":{ "type": "Point", "coordinates": [-83.1198, 42.6006] }},
{"zip_code":"48098","country":"US","city":"Troy","state":"Michigan","state_ab":"MI","county":"Oakland","geo_location":{ "type": "Point", "coordinates": [-83.1789, 42.5991] }},
{"zip_code":"48302","country":"US","city":"Bloomfield Hills","state":"Michigan","state_ab":"MI","county":"Oakland","geo_location":{ "type": "Point", "coordinates": [-83.2821, 42.5848] }},
{"zip_code":"48328","country":"US","city":"Waterford","state":"Michigan","state_ab":"MI","county":"Oakland","geo_location":{ "type": "Point", "coordinates": [-83.3546, 42.6429] }},
{"zip_code":"48342","country":"US","city":"Pontiac","state":"Michigan","state_ab":"MI","county":"Oakland","geo_location":{ "type": "Point", "coordinates": [-83.2792, 42.6439] }},
{"zip_code":"48382","country":"US","city":"Commerce Township","state":"Michigan","state_ab":"MI","county":"Oakland","geo_location":{ "type": "Point", "coordinates": [-83.5009, 42.5834] }},
{"zip_code":"49912","country":"US","city":"Bruce Crossing","state":"Michigan","state_ab":"MI","county":"Ontonagon","geo_location":{ "type": "Point", "coordinates": [-89.168, 46.528] }},
{"zip_code":"49925","country":"US","city":"Ewen","state":"Michigan","state_ab":"MI","county":"Ontonagon","geo_location":{ "type": "Point", "coordinates": [-89.3145, 46.5404] }},
{"zip_code":"49655","country":"US","city":"Leroy","state":"Michigan","state_ab":"MI","county":"Osceola","geo_location":{ "type": "Point", "coordinates": [-85.43, 44.0457] }},
{"zip_code":"49422","country":"US","city":"Holland","state":"Michigan","state_ab":"MI","county":"Ottawa","geo_location":{ "type": "Point", "coordinates": [-86.4448, 42.9856] }},
{"zip_code":"49435","country":"US","city":"Marne","state":"Michigan","state_ab":"MI","county":"Ottawa","geo_location":{ "type": "Point", "coordinates": [-85.842, 43.0532] }},
{"zip_code":"49448","country":"US","city":"Nunica","state":"Michigan","state_ab":"MI","county":"Ottawa","geo_location":{ "type": "Point", "coordinates": [-86.1028, 43.0883] }},
{"zip_code":"48032","country":"US","city":"Jeddo","state":"Michigan","state_ab":"MI","county":"St. Clair","geo_location":{ "type": "Point", "coordinates": [-82.5998, 43.1223] }},
{"zip_code":"49075","country":"US","city":"Nottawa","state":"Michigan","state_ab":"MI","county":"St. Joseph","geo_location":{ "type": "Point", "coordinates": [-85.4529, 41.9185] }},
{"zip_code":"48472","country":"US","city":"Snover","state":"Michigan","state_ab":"MI","county":"Sanilac","geo_location":{ "type": "Point", "coordinates": [-82.9301, 43.4886] }},
{"zip_code":"48418","country":"US","city":"Byron","state":"Michigan","state_ab":"MI","county":"Shiawassee","geo_location":{ "type": "Point", "coordinates": [-83.973, 42.8059] }},
{"zip_code":"48872","country":"US","city":"Perry","state":"Michigan","state_ab":"MI","county":"Shiawassee","geo_location":{ "type": "Point", "coordinates": [-84.2313, 42.82] }},
{"zip_code":"48768","country":"US","city":"Vassar","state":"Michigan","state_ab":"MI","county":"Tuscola","geo_location":{ "type": "Point", "coordinates": [-83.5844, 43.3691] }},
{"zip_code":"49062","country":"US","city":"Kendall","state":"Michigan","state_ab":"MI","county":"Van Buren","geo_location":{ "type": "Point", "coordinates": [-85.8141, 42.3618] }},
{"zip_code":"48108","country":"US","city":"Ann Arbor","state":"Michigan","state_ab":"MI","county":"Washtenaw","geo_location":{ "type": "Point", "coordinates": [-83.7015, 42.2328] }},
{"zip_code":"48175","country":"US","city":"Salem","state":"Michigan","state_ab":"MI","county":"Washtenaw","geo_location":{ "type": "Point", "coordinates": [-83.5781, 42.4056] }},
{"zip_code":"48122","country":"US","city":"Melvindale","state":"Michigan","state_ab":"MI","county":"Wayne","geo_location":{ "type": "Point", "coordinates": [-83.1826, 42.2812] }},
{"zip_code":"48135","country":"US","city":"Garden City","state":"Michigan","state_ab":"MI","county":"Wayne","geo_location":{ "type": "Point", "coordinates": [-83.3402, 42.3242] }},
{"zip_code":"48188","country":"US","city":"Canton","state":"Michigan","state_ab":"MI","county":"Wayne","geo_location":{ "type": "Point", "coordinates": [-83.465, 42.291] }},
{"zip_code":"48212","country":"US","city":"Hamtramck","state":"Michigan","state_ab":"MI","county":"Wayne","geo_location":{ "type": "Point", "coordinates": [-83.0583, 42.4081] }},
{"zip_code":"48225","country":"US","city":"Harper Woods","state":"Michigan","state_ab":"MI","county":"Wayne","geo_location":{ "type": "Point", "coordinates": [-82.9289, 42.4377] }},
{"zip_code":"48238","country":"US","city":"Detroit","state":"Michigan","state_ab":"MI","county":"Wayne","geo_location":{ "type": "Point", "coordinates": [-83.1411, 42.3959] }},
{"zip_code":"48265","country":"US","city":"Detroit","state":"Michigan","state_ab":"MI","county":"Wayne","geo_location":{ "type": "Point", "coordinates": [-83.1508, 42.2399] }},
{"zip_code":"48278","country":"US","city":"Detroit","state":"Michigan","state_ab":"MI","county":"Wayne","geo_location":{ "type": "Point", "coordinates": [-83.1508, 42.2399] }},
{"zip_code":"49668","country":"US","city":"Mesick","state":"Michigan","state_ab":"MI","county":"Wexford","geo_location":{ "type": "Point", "coordinates": [-85.7061, 44.4075] }},
{"zip_code":"55748","country":"US","city":"Hill City","state":"Minnesota","state_ab":"MN","county":"Aitkin","geo_location":{ "type": "Point", "coordinates": [-93.5994, 46.9968] }},
{"zip_code":"56002","country":"US","city":"Mankato","state":"Minnesota","state_ab":"MN","county":"Blue Earth","geo_location":{ "type": "Point", "coordinates": [-94.0698, 44.056] }},
{"zip_code":"56055","country":"US","city":"Lake Crystal","state":"Minnesota","state_ab":"MN","county":"Blue Earth","geo_location":{ "type": "Point", "coordinates": [-94.2184, 44.1202] }},
{"zip_code":"55322","country":"US","city":"Cologne","state":"Minnesota","state_ab":"MN","county":"Carver","geo_location":{ "type": "Point", "coordinates": [-93.7982, 44.7646] }},
{"zip_code":"55388","country":"US","city":"Watertown","state":"Minnesota","state_ab":"MN","county":"Carver","geo_location":{ "type": "Point", "coordinates": [-93.8482, 44.9595] }},
{"zip_code":"55555","country":"US","city":"Young America","state":"Minnesota","state_ab":"MN","county":"Carver","geo_location":{ "type": "Point", "coordinates": [-93.7665, 44.8055] }},
{"zip_code":"55568","country":"US","city":"Young America","state":"Minnesota","state_ab":"MN","county":"Carver","geo_location":{ "type": "Point", "coordinates": [-93.7665, 44.8055] }},
{"zip_code":"56662","country":"US","city":"Outing","state":"Minnesota","state_ab":"MN","county":"Cass","geo_location":{ "type": "Point", "coordinates": [-93.9443, 46.8375] }},
{"zip_code":"56222","country":"US","city":"Clara City","state":"Minnesota","state_ab":"MN","county":"Chippewa","geo_location":{ "type": "Point", "coordinates": [-95.3499, 44.9639] }},
{"zip_code":"56262","country":"US","city":"Milan","state":"Minnesota","state_ab":"MN","county":"Chippewa","geo_location":{ "type": "Point", "coordinates": [-95.869, 45.1143] }},
{"zip_code":"55012","country":"US","city":"Center City","state":"Minnesota","state_ab":"MN","county":"Chisago","geo_location":{ "type": "Point", "coordinates": [-92.7894, 45.4482] }},
{"zip_code":"55078","country":"US","city":"Stacy","state":"Minnesota","state_ab":"MN","county":"Chisago","geo_location":{ "type": "Point", "coordinates": [-92.8942, 45.5134] }},
{"zip_code":"55092","country":"US","city":"Wyoming","state":"Minnesota","state_ab":"MN","county":"Chisago","geo_location":{ "type": "Point", "coordinates": [-92.9675, 45.3364] }},
{"zip_code":"56585","country":"US","city":"Ulen","state":"Minnesota","state_ab":"MN","county":"Clay","geo_location":{ "type": "Point", "coordinates": [-96.2824, 47.0903] }},
{"zip_code":"55605","country":"US","city":"Grand Portage","state":"Minnesota","state_ab":"MN","county":"Cook","geo_location":{ "type": "Point", "coordinates": [-89.6989, 47.9591] }},
{"zip_code":"56118","country":"US","city":"Bingham Lake","state":"Minnesota","state_ab":"MN","county":"Cottonwood","geo_location":{ "type": "Point", "coordinates": [-95.0457, 43.8942] }},
{"zip_code":"56145","country":"US","city":"Jeffers","state":"Minnesota","state_ab":"MN","county":"Cottonwood","geo_location":{ "type": "Point", "coordinates": [-95.1547, 44.0737] }},
{"zip_code":"56442","country":"US","city":"Crosslake","state":"Minnesota","state_ab":"MN","county":"Crow Wing","geo_location":{ "type": "Point", "coordinates": [-94.1128, 46.6773] }},
{"zip_code":"56455","country":"US","city":"Ironton","state":"Minnesota","state_ab":"MN","county":"Crow Wing","geo_location":{ "type": "Point", "coordinates": [-93.9789, 46.4778] }},
{"zip_code":"56468","country":"US","city":"Nisswa","state":"Minnesota","state_ab":"MN","county":"Crow Wing","geo_location":{ "type": "Point", "coordinates": [-94.2976, 46.4929] }},
{"zip_code":"55065","country":"US","city":"Randolph","state":"Minnesota","state_ab":"MN","county":"Dakota","geo_location":{ "type": "Point", "coordinates": [-93.0196, 44.5274] }},
{"zip_code":"55955","country":"US","city":"Mantorville","state":"Minnesota","state_ab":"MN","county":"Dodge","geo_location":{ "type": "Point", "coordinates": [-92.76, 44.0657] }},
{"zip_code":"56068","country":"US","city":"Minnesota Lake","state":"Minnesota","state_ab":"MN","county":"Faribault","geo_location":{ "type": "Point", "coordinates": [-93.8282, 43.8295] }},
{"zip_code":"56042","country":"US","city":"Hartland","state":"Minnesota","state_ab":"MN","county":"Freeborn","geo_location":{ "type": "Point", "coordinates": [-93.477, 43.804] }},
{"zip_code":"56248","country":"US","city":"Herman","state":"Minnesota","state_ab":"MN","county":"Grant","geo_location":{ "type": "Point", "coordinates": [-96.0992, 45.8071] }},
{"zip_code":"55348","country":"US","city":"Maple Plain","state":"Minnesota","state_ab":"MN","county":"Hennepin","geo_location":{ "type": "Point", "coordinates": [-93.3987, 44.8483] }},
{"zip_code":"55375","country":"US","city":"Saint Bonifacius","state":"Minnesota","state_ab":"MN","county":"Hennepin","geo_location":{ "type": "Point", "coordinates": [-93.749, 44.9041] }},
{"zip_code":"55412","country":"US","city":"Minneapolis","state":"Minnesota","state_ab":"MN","county":"Hennepin","geo_location":{ "type": "Point", "coordinates": [-93.302, 45.0242] }},
{"zip_code":"55425","country":"US","city":"Minneapolis","state":"Minnesota","state_ab":"MN","county":"Hennepin","geo_location":{ "type": "Point", "coordinates": [-93.2363, 44.8427] }},
{"zip_code":"55438","country":"US","city":"Minneapolis","state":"Minnesota","state_ab":"MN","county":"Hennepin","geo_location":{ "type": "Point", "coordinates": [-93.375, 44.8266] }},
{"zip_code":"55478","country":"US","city":"Minneapolis","state":"Minnesota","state_ab":"MN","county":"Hennepin","geo_location":{ "type": "Point", "coordinates": [-93.4719, 45.0159] }},
{"zip_code":"55595","country":"US","city":"Loretto","state":"Minnesota","state_ab":"MN","county":"Hennepin","geo_location":{ "type": "Point", "coordinates": [-93.4719, 45.0159] }},
{"zip_code":"55722","country":"US","city":"Coleraine","state":"Minnesota","state_ab":"MN","county":"Itasca","geo_location":{ "type": "Point", "coordinates": [-93.3856, 47.3775] }},
{"zip_code":"55775","country":"US","city":"Pengilly","state":"Minnesota","state_ab":"MN","county":"Itasca","geo_location":{ "type": "Point", "coordinates": [-93.1937, 47.3151] }},
{"zip_code":"55788","country":"US","city":"Togo","state":"Minnesota","state_ab":"MN","county":"Itasca County","geo_location":{ "type": "Point", "coordinates": [-93.2015, 47.7684] }},
{"zip_code":"56688","country":"US","city":"Wirt","state":"Minnesota","state_ab":"MN","county":"Itasca","geo_location":{ "type": "Point", "coordinates": [-93.963, 47.7462] }},
{"zip_code":"56288","country":"US","city":"Spicer","state":"Minnesota","state_ab":"MN","county":"Kandiyohi","geo_location":{ "type": "Point", "coordinates": [-94.9116, 45.2241] }},
{"zip_code":"56028","country":"US","city":"Elysian","state":"Minnesota","state_ab":"MN","county":"Le Sueur","geo_location":{ "type": "Point", "coordinates": [-93.6965, 44.2231] }},
{"zip_code":"56132","country":"US","city":"Garvin","state":"Minnesota","state_ab":"MN","county":"Lyon","geo_location":{ "type": "Point", "coordinates": [-95.7672, 44.2293] }},
{"zip_code":"56738","country":"US","city":"Newfolden","state":"Minnesota","state_ab":"MN","county":"Marshall","geo_location":{ "type": "Point", "coordinates": [-96.255, 48.2895] }},
{"zip_code":"56338","country":"US","city":"Hillman","state":"Minnesota","state_ab":"MN","county":"Morrison","geo_location":{ "type": "Point", "coordinates": [-93.8812, 46.0678] }},
{"zip_code":"55982","country":"US","city":"Waltham","state":"Minnesota","state_ab":"MN","county":"Mower","geo_location":{ "type": "Point", "coordinates": [-92.8734, 43.807] }},
{"zip_code":"56172","country":"US","city":"Slayton","state":"Minnesota","state_ab":"MN","county":"Murray","geo_location":{ "type": "Point", "coordinates": [-95.7554, 43.9856] }},
{"zip_code":"56082","country":"US","city":"Saint Peter","state":"Minnesota","state_ab":"MN","county":"Nicollet","geo_location":{ "type": "Point", "coordinates": [-93.9811, 44.3351] }},
{"zip_code":"56185","country":"US","city":"Wilmont","state":"Minnesota","state_ab":"MN","county":"Nobles","geo_location":{ "type": "Point", "coordinates": [-95.8324, 43.7692] }},
{"zip_code":"56545","country":"US","city":"Gary","state":"Minnesota","state_ab":"MN","county":"Norman","geo_location":{ "type": "Point", "coordinates": [-96.2152, 47.3675] }},
{"zip_code":"55902","country":"US","city":"Rochester","state":"Minnesota","state_ab":"MN","county":"Olmsted","geo_location":{ "type": "Point", "coordinates": [-92.4835, 44.0032] }},
{"zip_code":"56518","country":"US","city":"Bluffton","state":"Minnesota","state_ab":"MN","county":"Otter Tail","geo_location":{ "type": "Point", "coordinates": [-95.2236, 46.4918] }},
{"zip_code":"56572","country":"US","city":"Pelican Rapids","state":"Minnesota","state_ab":"MN","county":"Otter Tail","geo_location":{ "type": "Point", "coordinates": [-96.0662, 46.5994] }},
{"zip_code":"56725","country":"US","city":"Goodridge","state":"Minnesota","state_ab":"MN","county":"Pennington","geo_location":{ "type": "Point", "coordinates": [-95.7283, 48.0686] }},
{"zip_code":"55735","country":"US","city":"Finlayson","state":"Minnesota","state_ab":"MN","county":"Pine","geo_location":{ "type": "Point", "coordinates": [-92.9389, 46.2121] }},
{"zip_code":"55762","country":"US","city":"Mahtowa","state":"Minnesota","state_ab":"MN","county":"Polk County","geo_location":{ "type": "Point", "coordinates": [-92.6065, 46.5826] }},
{"zip_code":"56712","country":"US","city":"Angus","state":"Minnesota","state_ab":"MN","county":"Polk","geo_location":{ "type": "Point", "coordinates": [-96.657, 48.0927] }},
{"zip_code":"55102","country":"US","city":"Saint Paul","state":"Minnesota","state_ab":"MN","county":"Ramsey","geo_location":{ "type": "Point", "coordinates": [-93.1209, 44.9372] }},
{"zip_code":"55155","country":"US","city":"Saint Paul","state":"Minnesota","state_ab":"MN","county":"Ramsey","geo_location":{ "type": "Point", "coordinates": [-93.0955, 44.9522] }},
{"zip_code":"55168","country":"US","city":"Saint Paul","state":"Minnesota","state_ab":"MN","county":"Ramsey","geo_location":{ "type": "Point", "coordinates": [-93.1059, 45.0059] }},
{"zip_code":"55182","country":"US","city":"Saint Paul","state":"Minnesota","state_ab":"MN","county":"Ramsey","geo_location":{ "type": "Point", "coordinates": [-93.1059, 45.0059] }},
{"zip_code":"55052","country":"US","city":"Morristown","state":"Minnesota","state_ab":"MN","county":"Rice","geo_location":{ "type": "Point", "coordinates": [-93.4525, 44.2342] }},
{"zip_code":"56158","country":"US","city":"Magnolia","state":"Minnesota","state_ab":"MN","county":"Rock","geo_location":{ "type": "Point", "coordinates": [-96.0769, 43.644] }},
{"zip_code":"55708","country":"US","city":"Biwabik","state":"Minnesota","state_ab":"MN","county":"St. Louis","geo_location":{ "type": "Point", "coordinates": [-92.3408, 47.5328] }},
{"zip_code":"55812","country":"US","city":"Duluth","state":"Minnesota","state_ab":"MN","county":"St. Louis","geo_location":{ "type": "Point", "coordinates": [-92.0767, 46.8106] }},
{"zip_code":"55308","country":"US","city":"Becker","state":"Minnesota","state_ab":"MN","county":"Sherburne","geo_location":{ "type": "Point", "coordinates": [-93.841, 45.4365] }},
{"zip_code":"55335","country":"US","city":"Gibbon","state":"Minnesota","state_ab":"MN","county":"Sibley","geo_location":{ "type": "Point", "coordinates": [-94.5467, 44.5606] }},
{"zip_code":"56312","country":"US","city":"Belgrade","state":"Minnesota","state_ab":"MN","county":"Stearns","geo_location":{ "type": "Point", "coordinates": [-94.9699, 45.4865] }},
{"zip_code":"56325","country":"US","city":"Elrosa","state":"Minnesota","state_ab":"MN","county":"Stearns","geo_location":{ "type": "Point", "coordinates": [-94.9464, 45.5636] }},
{"zip_code":"56352","country":"US","city":"Melrose","state":"Minnesota","state_ab":"MN","county":"Stearns","geo_location":{ "type": "Point", "coordinates": [-94.8198, 45.6582] }},
{"zip_code":"56378","country":"US","city":"Sauk Centre","state":"Minnesota","state_ab":"MN","county":"Stearns","geo_location":{ "type": "Point", "coordinates": [-94.9682, 45.7281] }},
{"zip_code":"56235","country":"US","city":"Donnelly","state":"Minnesota","state_ab":"MN","county":"Stevens","geo_location":{ "type": "Point", "coordinates": [-96.0649, 45.7014] }},
{"zip_code":"56208","country":"US","city":"Appleton","state":"Minnesota","state_ab":"MN","county":"Swift","geo_location":{ "type": "Point", "coordinates": [-95.9949, 45.2054] }},
{"zip_code":"55968","country":"US","city":"Reads Landing","state":"Minnesota","state_ab":"MN","county":"Wabasha","geo_location":{ "type": "Point", "coordinates": [-92.0893, 44.3977] }},
{"zip_code":"56482","country":"US","city":"Wadena","state":"Minnesota","state_ab":"MN","county":"Wadena","geo_location":{ "type": "Point", "coordinates": [-95.1283, 46.4401] }},
{"zip_code":"55025","country":"US","city":"Forest Lake","state":"Minnesota","state_ab":"MN","county":"Washington","geo_location":{ "type": "Point", "coordinates": [-92.9749, 45.2685] }},
{"zip_code":"55038","country":"US","city":"Hugo","state":"Minnesota","state_ab":"MN","county":"Washington","geo_location":{ "type": "Point", "coordinates": [-92.9452, 45.1824] }},
{"zip_code":"55115","country":"US","city":"Saint Paul","state":"Minnesota","state_ab":"MN","county":"Washington","geo_location":{ "type": "Point", "coordinates": [-92.9391, 45.071] }},
{"zip_code":"55128","country":"US","city":"Saint Paul","state":"Minnesota","state_ab":"MN","county":"Washington","geo_location":{ "type": "Point", "coordinates": [-92.9487, 44.9913] }},
{"zip_code":"55942","country":"US","city":"Homer","state":"Minnesota","state_ab":"MN","county":"Winona","geo_location":{ "type": "Point", "coordinates": [-91.6819, 44.02] }},
{"zip_code":"55362","country":"US","city":"Monticello","state":"Minnesota","state_ab":"MN","county":"Wright","geo_location":{ "type": "Point", "coordinates": [-93.8023, 45.2956] }},
{"zip_code":"55582","country":"US","city":"Monticello","state":"Minnesota","state_ab":"MN","county":"Wright","geo_location":{ "type": "Point", "coordinates": [-93.8881, 45.2009] }},
{"zip_code":"63345","country":"US","city":"Farber","state":"Missouri","state_ab":"MO","county":"Audrain","geo_location":{ "type": "Point", "coordinates": [-91.5798, 39.2742] }},
{"zip_code":"64748","country":"US","city":"Golden City","state":"Missouri","state_ab":"MO","county":"Barton","geo_location":{ "type": "Point", "coordinates": [-94.1027, 37.3995] }},
{"zip_code":"64762","country":"US","city":"Liberal","state":"Missouri","state_ab":"MO","county":"Barton","geo_location":{ "type": "Point", "coordinates": [-94.5204, 37.5725] }},
{"zip_code":"64722","country":"US","city":"Amoret","state":"Missouri","state_ab":"MO","county":"Bates","geo_location":{ "type": "Point", "coordinates": [-94.5734, 38.2605] }},
{"zip_code":"65325","country":"US","city":"Cole Camp","state":"Missouri","state_ab":"MO","county":"Benton","geo_location":{ "type": "Point", "coordinates": [-93.1915, 38.4531] }},
{"zip_code":"65338","country":"US","city":"Lincoln","state":"Missouri","state_ab":"MO","county":"Benton","geo_location":{ "type": "Point", "coordinates": [-93.3668, 38.4073] }},
{"zip_code":"64502","country":"US","city":"Saint Joseph","state":"Missouri","state_ab":"MO","county":"Buchanan","geo_location":{ "type": "Point", "coordinates": [-94.8574, 39.6763] }},
{"zip_code":"63938","country":"US","city":"Fagus","state":"Missouri","state_ab":"MO","county":"Butler","geo_location":{ "type": "Point", "coordinates": [-90.407, 36.7125] }},
{"zip_code":"65262","country":"US","city":"Kingdom City","state":"Missouri","state_ab":"MO","county":"Callaway","geo_location":{ "type": "Point", "coordinates": [-91.952, 38.9551] }},
{"zip_code":"63705","country":"US","city":"Cape Girardeau","state":"Missouri","state_ab":"MO","county":"Cape Girardeau","geo_location":{ "type": "Point", "coordinates": [-89.6439, 37.3662] }},
{"zip_code":"63745","country":"US","city":"Dutchtown","state":"Missouri","state_ab":"MO","county":"Cape Girardeau","geo_location":{ "type": "Point", "coordinates": [-89.6977, 37.2424] }},
{"zip_code":"63785","country":"US","city":"Whitewater","state":"Missouri","state_ab":"MO","county":"Cape Girardeau","geo_location":{ "type": "Point", "coordinates": [-89.8061, 37.2781] }},
{"zip_code":"63965","country":"US","city":"Van Buren","state":"Missouri","state_ab":"MO","county":"Carter","geo_location":{ "type": "Point", "coordinates": [-91.0007, 37.0015] }},
{"zip_code":"64012","country":"US","city":"Belton","state":"Missouri","state_ab":"MO","county":"Cass","geo_location":{ "type": "Point", "coordinates": [-94.5328, 38.8161] }},
{"zip_code":"64078","country":"US","city":"Peculiar","state":"Missouri","state_ab":"MO","county":"Cass","geo_location":{ "type": "Point", "coordinates": [-94.4405, 38.7165] }},
{"zip_code":"64155","country":"US","city":"Kansas City","state":"Missouri","state_ab":"MO","county":"Clay","geo_location":{ "type": "Point", "coordinates": [-94.5704, 39.2758] }},
{"zip_code":"64465","country":"US","city":"Lathrop","state":"Missouri","state_ab":"MO","county":"Clinton","geo_location":{ "type": "Point", "coordinates": [-94.3093, 39.5177] }},
{"zip_code":"64492","country":"US","city":"Trimble","state":"Missouri","state_ab":"MO","county":"Clinton","geo_location":{ "type": "Point", "coordinates": [-94.5512, 39.4871] }},
{"zip_code":"65105","country":"US","city":"Jefferson City","state":"Missouri","state_ab":"MO","county":"Cole","geo_location":{ "type": "Point", "coordinates": [-92.2493, 38.5309] }},
{"zip_code":"65068","country":"US","city":"Prairie Home","state":"Missouri","state_ab":"MO","county":"Cooper","geo_location":{ "type": "Point", "coordinates": [-92.5974, 38.8253] }},
{"zip_code":"65635","country":"US","city":"Dadeville","state":"Missouri","state_ab":"MO","county":"Dade","geo_location":{ "type": "Point", "coordinates": [-93.6956, 37.5105] }},
{"zip_code":"65752","country":"US","city":"South Greenfield","state":"Missouri","state_ab":"MO","county":"Dade","geo_location":{ "type": "Point", "coordinates": [-93.8445, 37.3743] }},
{"zip_code":"65622","country":"US","city":"Buffalo","state":"Missouri","state_ab":"MO","county":"Dallas","geo_location":{ "type": "Point", "coordinates": [-93.0906, 37.6429] }},
{"zip_code":"65532","country":"US","city":"Lake Spring","state":"Missouri","state_ab":"MO","county":"Dent","geo_location":{ "type": "Point", "coordinates": [-91.4812, 37.6033] }},
{"zip_code":"65608","country":"US","city":"Ava","state":"Missouri","state_ab":"MO","county":"Douglas","geo_location":{ "type": "Point", "coordinates": [-92.6765, 36.9407] }},
{"zip_code":"63875","country":"US","city":"Rives","state":"Missouri","state_ab":"MO","county":"Dunklin","geo_location":{ "type": "Point", "coordinates": [-90.1658, 36.3133] }},
{"zip_code":"64438","country":"US","city":"Darlington","state":"Missouri","state_ab":"MO","county":"Gentry","geo_location":{ "type": "Point", "coordinates": [-94.4049, 40.1955] }},
{"zip_code":"65648","country":"US","city":"Fair Grove","state":"Missouri","state_ab":"MO","county":"Greene","geo_location":{ "type": "Point", "coordinates": [-93.1428, 37.3721] }},
{"zip_code":"65738","country":"US","city":"Republic","state":"Missouri","state_ab":"MO","county":"Greene","geo_location":{ "type": "Point", "coordinates": [-93.48, 37.123] }},
{"zip_code":"65765","country":"US","city":"Turners","state":"Missouri","state_ab":"MO","county":"Greene","geo_location":{ "type": "Point", "coordinates": [-93.3437, 37.2581] }},
{"zip_code":"65802","country":"US","city":"Springfield","state":"Missouri","state_ab":"MO","county":"Greene","geo_location":{ "type": "Point", "coordinates": [-93.299, 37.2117] }},
{"zip_code":"14925","country":"US","city":"Elmira","state":"New York","state_ab":"NY","county":"Chemung","geo_location":{ "type": "Point", "coordinates": [-76.7509, 42.1473] }},
{"zip_code":"13832","country":"US","city":"Plymouth","state":"New York","state_ab":"NY","county":"Chenango","geo_location":{ "type": "Point", "coordinates": [-75.6172, 42.6336] }},
{"zip_code":"12918","country":"US","city":"Cadyville","state":"New York","state_ab":"NY","county":"Clinton","geo_location":{ "type": "Point", "coordinates": [-73.6702, 44.6862] }},
{"zip_code":"12958","country":"US","city":"Mooers","state":"New York","state_ab":"NY","county":"Clinton","geo_location":{ "type": "Point", "coordinates": [-73.5834, 44.9592] }},
{"zip_code":"12972","country":"US","city":"Peru","state":"New York","state_ab":"NY","county":"Clinton","geo_location":{ "type": "Point", "coordinates": [-73.5293, 44.5851] }},
{"zip_code":"12985","country":"US","city":"Schuyler Falls","state":"New York","state_ab":"NY","county":"Clinton","geo_location":{ "type": "Point", "coordinates": [-73.6895, 44.5882] }},
{"zip_code":"12132","country":"US","city":"North Chatham","state":"New York","state_ab":"NY","county":"Columbia","geo_location":{ "type": "Point", "coordinates": [-73.63, 42.4705] }},
{"zip_code":"12172","country":"US","city":"Stottville","state":"New York","state_ab":"NY","county":"Columbia","geo_location":{ "type": "Point", "coordinates": [-73.7335, 42.2857] }},
{"zip_code":"13045","country":"US","city":"Cortland","state":"New York","state_ab":"NY","county":"Cortland","geo_location":{ "type": "Point", "coordinates": [-76.1857, 42.5952] }},
{"zip_code":"12455","country":"US","city":"Margaretville","state":"New York","state_ab":"NY","county":"Delaware","geo_location":{ "type": "Point", "coordinates": [-74.6178, 42.1852] }},
{"zip_code":"13755","country":"US","city":"Downsville","state":"New York","state_ab":"NY","county":"Delaware","geo_location":{ "type": "Point", "coordinates": [-75.0152, 42.0716] }},
{"zip_code":"13782","country":"US","city":"Hamden","state":"New York","state_ab":"NY","county":"Delaware","geo_location":{ "type": "Point", "coordinates": [-74.9984, 42.1787] }},
{"zip_code":"12545","country":"US","city":"Millbrook","state":"New York","state_ab":"NY","county":"Dutchess","geo_location":{ "type": "Point", "coordinates": [-73.6885, 41.7803] }},
{"zip_code":"12572","country":"US","city":"Rhinebeck","state":"New York","state_ab":"NY","county":"Dutchess","geo_location":{ "type": "Point", "coordinates": [-73.8888, 41.9272] }},
{"zip_code":"12585","country":"US","city":"Verbank","state":"New York","state_ab":"NY","county":"Dutchess","geo_location":{ "type": "Point", "coordinates": [-73.7184, 41.7227] }},
{"zip_code":"14035","country":"US","city":"Collins Center","state":"New York","state_ab":"NY","county":"Erie","geo_location":{ "type": "Point", "coordinates": [-78.8499, 42.4906] }},
{"zip_code":"14075","country":"US","city":"Hamburg","state":"New York","state_ab":"NY","county":"Erie","geo_location":{ "type": "Point", "coordinates": [-78.8389, 42.7334] }},
{"zip_code":"14112","country":"US","city":"North Evans","state":"New York","state_ab":"NY","county":"Erie","geo_location":{ "type": "Point", "coordinates": [-78.9927, 42.6917] }},
{"zip_code":"14202","country":"US","city":"Buffalo","state":"New York","state_ab":"NY","county":"Erie","geo_location":{ "type": "Point", "coordinates": [-78.8779, 42.887] }},
{"zip_code":"14215","country":"US","city":"Buffalo","state":"New York","state_ab":"NY","county":"Erie","geo_location":{ "type": "Point", "coordinates": [-78.8115, 42.9335] }},
{"zip_code":"14228","country":"US","city":"Buffalo","state":"New York","state_ab":"NY","county":"Erie","geo_location":{ "type": "Point", "coordinates": [-78.7812, 43.0408] }},
{"zip_code":"12855","country":"US","city":"North Hudson","state":"New York","state_ab":"NY","county":"Essex","geo_location":{ "type": "Point", "coordinates": [-73.7121, 43.9869] }},
{"zip_code":"12932","country":"US","city":"Elizabethtown","state":"New York","state_ab":"NY","county":"Essex","geo_location":{ "type": "Point", "coordinates": [-73.6011, 44.2245] }},
{"zip_code":"12998","country":"US","city":"Witherbee","state":"New York","state_ab":"NY","county":"Essex","geo_location":{ "type": "Point", "coordinates": [-73.5306, 44.0827] }},
{"zip_code":"12945","country":"US","city":"Lake Clear","state":"New York","state_ab":"NY","county":"Franklin","geo_location":{ "type": "Point", "coordinates": [-74.2381, 44.3375] }},
{"zip_code":"12095","country":"US","city":"Johnstown","state":"New York","state_ab":"NY","county":"Fulton","geo_location":{ "type": "Point", "coordinates": [-74.3715, 43.0069] }},
{"zip_code":"14125","country":"US","city":"Oakfield","state":"New York","state_ab":"NY","county":"Genesee","geo_location":{ "type": "Point", "coordinates": [-78.2702, 43.0717] }},
{"zip_code":"14422","country":"US","city":"Byron","state":"New York","state_ab":"NY","county":"Genesee","geo_location":{ "type": "Point", "coordinates": [-78.0629, 43.0738] }},
{"zip_code":"14525","country":"US","city":"Pavilion","state":"New York","state_ab":"NY","county":"Genesee","geo_location":{ "type": "Point", "coordinates": [-78.0269, 42.9102] }},
{"zip_code":"12015","country":"US","city":"Athens","state":"New York","state_ab":"NY","county":"Greene","geo_location":{ "type": "Point", "coordinates": [-73.8152, 42.2736] }},
{"zip_code":"12042","country":"US","city":"Climax","state":"New York","state_ab":"NY","county":"Greene","geo_location":{ "type": "Point", "coordinates": [-73.8625, 42.3708] }},
{"zip_code":"12442","country":"US","city":"Hunter","state":"New York","state_ab":"NY","county":"Greene","geo_location":{ "type": "Point", "coordinates": [-74.2416, 42.2333] }},
{"zip_code":"12468","country":"US","city":"Prattsville","state":"New York","state_ab":"NY","county":"Greene","geo_location":{ "type": "Point", "coordinates": [-74.3895, 42.2979] }},
{"zip_code":"12482","country":"US","city":"South Cairo","state":"New York","state_ab":"NY","county":"Greene","geo_location":{ "type": "Point", "coordinates": [-73.9554, 42.2681] }},
{"zip_code":"12842","country":"US","city":"Indian Lake","state":"New York","state_ab":"NY","county":"Hamilton","geo_location":{ "type": "Point", "coordinates": [-74.2766, 43.7606] }},
{"zip_code":"13472","country":"US","city":"Thendara","state":"New York","state_ab":"NY","county":"Herkimer","geo_location":{ "type": "Point", "coordinates": [-74.9571, 43.461] }},
{"zip_code":"13612","country":"US","city":"Black River","state":"New York","state_ab":"NY","county":"Jefferson","geo_location":{ "type": "Point", "coordinates": [-75.7958, 44.0042] }},
{"zip_code":"13638","country":"US","city":"Felts Mills","state":"New York","state_ab":"NY","county":"Jefferson","geo_location":{ "type": "Point", "coordinates": [-75.7524, 44.0204] }},
{"zip_code":"13665","country":"US","city":"Natural Bridge","state":"New York","state_ab":"NY","county":"Jefferson","geo_location":{ "type": "Point", "coordinates": [-75.5039, 44.063] }},
{"zip_code":"13692","country":"US","city":"Thousand Island Park","state":"New York","state_ab":"NY","county":"Jefferson","geo_location":{ "type": "Point", "coordinates": [-76.0262, 44.2898] }},
{"zip_code":"11205","country":"US","city":"Brooklyn","state":"New York","state_ab":"NY","county":"Kings","geo_location":{ "type": "Point", "coordinates": [-73.9666, 40.6924] }},
{"zip_code":"11218","country":"US","city":"Brooklyn","state":"New York","state_ab":"NY","county":"Kings","geo_location":{ "type": "Point", "coordinates": [-73.9758, 40.6424] }},
{"zip_code":"11232","country":"US","city":"Brooklyn","state":"New York","state_ab":"NY","county":"Kings","geo_location":{ "type": "Point", "coordinates": [-74.0018, 40.6521] }},
{"zip_code":"11245","country":"US","city":"Brooklyn","state":"New York","state_ab":"NY","county":"Kings","geo_location":{ "type": "Point", "coordinates": [-73.945, 40.6451] }},
{"zip_code":"13368","country":"US","city":"Lyons Falls","state":"New York","state_ab":"NY","county":"Lewis","geo_location":{ "type": "Point", "coordinates": [-75.3553, 43.6262] }},
{"zip_code":"14435","country":"US","city":"Conesus","state":"New York","state_ab":"NY","county":"Livingston","geo_location":{ "type": "Point", "coordinates": [-77.6747, 42.7216] }},
{"zip_code":"14462","country":"US","city":"Groveland","state":"New York","state_ab":"NY","county":"Livingston","geo_location":{ "type": "Point", "coordinates": [-77.7573, 42.676] }},
{"zip_code":"14488","country":"US","city":"Livonia Center","state":"New York","state_ab":"NY","county":"Livingston","geo_location":{ "type": "Point", "coordinates": [-77.7739, 42.7298] }},
{"zip_code":"14592","country":"US","city":"York","state":"New York","state_ab":"NY","county":"Livingston","geo_location":{ "type": "Point", "coordinates": [-77.8835, 42.8757] }},
{"zip_code":"13032","country":"US","city":"Canastota","state":"New York","state_ab":"NY","county":"Madison","geo_location":{ "type": "Point", "coordinates": [-75.7602, 43.0878] }},
{"zip_code":"13072","country":"US","city":"Georgetown","state":"New York","state_ab":"NY","county":"Madison","geo_location":{ "type": "Point", "coordinates": [-75.7443, 42.7631] }},
{"zip_code":"13085","country":"US","city":"Lebanon","state":"New York","state_ab":"NY","county":"Madison County","geo_location":{ "type": "Point", "coordinates": [-75.6776, 42.7745] }},
{"zip_code":"13122","country":"US","city":"New Woodstock","state":"New York","state_ab":"NY","county":"Madison","geo_location":{ "type": "Point", "coordinates": [-75.8635, 42.8441] }},
{"zip_code":"13355","country":"US","city":"Hubbardsville","state":"New York","state_ab":"NY","county":"Madison","geo_location":{ "type": "Point", "coordinates": [-75.4367, 42.8237] }},
{"zip_code":"13418","country":"US","city":"North Brookfield","state":"New York","state_ab":"NY","county":"Madison","geo_location":{ "type": "Point", "coordinates": [-75.3815, 42.8501] }},
{"zip_code":"14602","country":"US","city":"Rochester","state":"New York","state_ab":"NY","county":"Monroe","geo_location":{ "type": "Point", "coordinates": [-77.6843, 43.286] }},
{"zip_code":"14615","country":"US","city":"Rochester","state":"New York","state_ab":"NY","county":"Monroe","geo_location":{ "type": "Point", "coordinates": [-77.6521, 43.2058] }},
{"zip_code":"14642","country":"US","city":"Rochester","state":"New York","state_ab":"NY","county":"Monroe","geo_location":{ "type": "Point", "coordinates": [-77.6843, 43.286] }},
{"zip_code":"12068","country":"US","city":"Fonda","state":"New York","state_ab":"NY","county":"Montgomery","geo_location":{ "type": "Point", "coordinates": [-74.4021, 42.9571] }},
{"zip_code":"11025","country":"US","city":"Great Neck","state":"New York","state_ab":"NY","county":"Nassau","geo_location":{ "type": "Point", "coordinates": [-73.6018, 40.7548] }},
{"zip_code":"11052","country":"US","city":"Port Washington","state":"New York","state_ab":"NY","county":"Nassau","geo_location":{ "type": "Point", "coordinates": [-73.6018, 40.7548] }},
{"zip_code":"11542","country":"US","city":"Glen Cove","state":"New York","state_ab":"NY","county":"Nassau","geo_location":{ "type": "Point", "coordinates": [-73.6277, 40.865] }},
{"zip_code":"11555","country":"US","city":"Uniondale","state":"New York","state_ab":"NY","county":"Nassau","geo_location":{ "type": "Point", "coordinates": [-73.6018, 40.7548] }},
{"zip_code":"11568","country":"US","city":"Old Westbury","state":"New York","state_ab":"NY","county":"Nassau","geo_location":{ "type": "Point", "coordinates": [-73.5875, 40.7882] }},
{"zip_code":"11582","country":"US","city":"Valley Stream","state":"New York","state_ab":"NY","county":"Nassau","geo_location":{ "type": "Point", "coordinates": [-73.6018, 40.7548] }},
{"zip_code":"11595","country":"US","city":"Westbury","state":"New York","state_ab":"NY","county":"Nassau","geo_location":{ "type": "Point", "coordinates": [-73.6018, 40.7548] }},
{"zip_code":"11735","country":"US","city":"Farmingdale","state":"New York","state_ab":"NY","county":"Nassau","geo_location":{ "type": "Point", "coordinates": [-73.4327, 40.7315] }},
{"zip_code":"11762","country":"US","city":"Massapequa Park","state":"New York","state_ab":"NY","county":"Nassau","geo_location":{ "type": "Point", "coordinates": [-73.4444, 40.6807] }},
{"zip_code":"10008","country":"US","city":"New York City","state":"New York","state_ab":"NY","county":"New York","geo_location":{ "type": "Point", "coordinates": [-73.9772, 40.7808] }},
{"zip_code":"10022","country":"US","city":"New York City","state":"New York","state_ab":"NY","county":"New York","geo_location":{ "type": "Point", "coordinates": [-73.9657, 40.7571] }},
{"zip_code":"10035","country":"US","city":"New York City","state":"New York","state_ab":"NY","county":"New York","geo_location":{ "type": "Point", "coordinates": [-73.9371, 40.8011] }},
{"zip_code":"10048","country":"US","city":"New York City","state":"New York","state_ab":"NY","county":"New York","geo_location":{ "type": "Point", "coordinates": [-74.0133, 40.7125] }},
{"zip_code":"10075","country":"US","city":"New York City","state":"New York","state_ab":"NY","county":"New York County","geo_location":{ "type": "Point", "coordinates": [-73.9566, 40.773] }},
{"zip_code":"10112","country":"US","city":"New York City","state":"New York","state_ab":"NY","county":"New York","geo_location":{ "type": "Point", "coordinates": [-73.9798, 40.7593] }},
{"zip_code":"10125","country":"US","city":"New York City","state":"New York","state_ab":"NY","county":"New York","geo_location":{ "type": "Point", "coordinates": [-73.9772, 40.7808] }},
{"zip_code":"10138","country":"US","city":"New York City","state":"New York","state_ab":"NY","county":"New York","geo_location":{ "type": "Point", "coordinates": [-73.9772, 40.7808] }},
{"zip_code":"10152","country":"US","city":"New York City","state":"New York","state_ab":"NY","county":"New York","geo_location":{ "type": "Point", "coordinates": [-73.973, 40.7589] }},
{"zip_code":"10165","country":"US","city":"New York City","state":"New York","state_ab":"NY","county":"New York","geo_location":{ "type": "Point", "coordinates": [-73.9791, 40.7524] }},
{"zip_code":"10178","country":"US","city":"New York City","state":"New York","state_ab":"NY","county":"New York","geo_location":{ "type": "Point", "coordinates": [-73.9785, 40.7514] }},
{"zip_code":"10242","country":"US","city":"New York City","state":"New York","state_ab":"NY","county":"New York","geo_location":{ "type": "Point", "coordinates": [-73.9772, 40.7808] }},
{"zip_code":"10268","country":"US","city":"New York City","state":"New York","state_ab":"NY","county":"New York","geo_location":{ "type": "Point", "coordinates": [-73.9772, 40.7808] }},
{"zip_code":"10282","country":"US","city":"New York City","state":"New York","state_ab":"NY","county":"New York","geo_location":{ "type": "Point", "coordinates": [-74.0146, 40.7166] }},
{"zip_code":"14008","country":"US","city":"Appleton","state":"New York","state_ab":"NY","county":"Niagara","geo_location":{ "type": "Point", "coordinates": [-78.6372, 43.3105] }},
{"zip_code":"14305","country":"US","city":"Niagara Falls","state":"New York","state_ab":"NY","county":"Niagara","geo_location":{ "type": "Point", "coordinates": [-79.0378, 43.1146] }},
{"zip_code":"13162","country":"US","city":"Verona Beach","state":"New York","state_ab":"NY","county":"Oneida","geo_location":{ "type": "Point", "coordinates": [-75.7126, 43.1885] }},
{"zip_code":"13328","country":"US","city":"Deansboro","state":"New York","state_ab":"NY","county":"Oneida","geo_location":{ "type": "Point", "coordinates": [-75.4383, 42.9818] }},
{"zip_code":"13108","country":"US","city":"Marcellus","state":"New York","state_ab":"NY","county":"Onondaga","geo_location":{ "type": "Point", "coordinates": [-76.3323, 42.9821] }},
{"zip_code":"13212","country":"US","city":"Syracuse","state":"New York","state_ab":"NY","county":"Onondaga","geo_location":{ "type": "Point", "coordinates": [-76.1284, 43.1226] }},
{"zip_code":"13225","country":"US","city":"Syracuse","state":"New York","state_ab":"NY","county":"Onondaga","geo_location":{ "type": "Point", "coordinates": [-76.1977, 43.0214] }},
{"zip_code":"13252","country":"US","city":"Syracuse","state":"New York","state_ab":"NY","county":"Onondaga","geo_location":{ "type": "Point", "coordinates": [-76.1567, 43.051] }},
{"zip_code":"14475","country":"US","city":"Ionia","state":"New York","state_ab":"NY","county":"Ontario","geo_location":{ "type": "Point", "coordinates": [-77.5009, 42.938] }},
{"zip_code":"14512","country":"US","city":"Naples","state":"New York","state_ab":"NY","county":"Ontario","geo_location":{ "type": "Point", "coordinates": [-77.3901, 42.6404] }},
{"zip_code":"10912","country":"US","city":"Bellvale","state":"New York","state_ab":"NY","county":"Orange","geo_location":{ "type": "Point", "coordinates": [-74.3547, 41.3878] }},
{"zip_code":"10925","country":"US","city":"Greenwood Lake","state":"New York","state_ab":"NY","county":"Orange","geo_location":{ "type": "Point", "coordinates": [-74.3033, 41.2101] }},
{"zip_code":"10992","country":"US","city":"Washingtonville","state":"New York","state_ab":"NY","county":"Orange","geo_location":{ "type": "Point", "coordinates": [-74.1601, 41.4237] }},
{"zip_code":"12518","country":"US","city":"Cornwall","state":"New York","state_ab":"NY","county":"Orange","geo_location":{ "type": "Point", "coordinates": [-74.0395, 41.4162] }},
{"zip_code":"13135","country":"US","city":"Phoenix","state":"New York","state_ab":"NY","county":"Oswego","geo_location":{ "type": "Point", "coordinates": [-76.3064, 43.2468] }},
{"zip_code":"13302","country":"US","city":"Altmar","state":"New York","state_ab":"NY","county":"Oswego","geo_location":{ "type": "Point", "coordinates": [-75.9719, 43.497] }},
{"zip_code":"13315","country":"US","city":"Burlington Flats","state":"New York","state_ab":"NY","county":"Otsego","geo_location":{ "type": "Point", "coordinates": [-75.169, 42.7516] }},
{"zip_code":"13342","country":"US","city":"Garrattsville","state":"New York","state_ab":"NY","county":"Otsego","geo_location":{ "type": "Point", "coordinates": [-75.1866, 42.6315] }},
{"zip_code":"13485","country":"US","city":"West Edmeston","state":"New York","state_ab":"NY","county":"Otsego","geo_location":{ "type": "Point", "coordinates": [-75.3149, 42.7868] }},
{"zip_code":"10512","country":"US","city":"Carmel","state":"New York","state_ab":"NY","county":"Putnam","geo_location":{ "type": "Point", "coordinates": [-73.6815, 41.4432] }},
{"zip_code":"11102","country":"US","city":"Astoria","state":"New York","state_ab":"NY","county":"Queens","geo_location":{ "type": "Point", "coordinates": [-73.9265, 40.7706] }},
{"zip_code":"11362","country":"US","city":"Little Neck","state":"New York","state_ab":"NY","county":"Queens","geo_location":{ "type": "Point", "coordinates": [-73.7326, 40.7591] }},
{"zip_code":"11375","country":"US","city":"Forest Hills","state":"New York","state_ab":"NY","county":"Queens","geo_location":{ "type": "Point", "coordinates": [-73.8473, 40.7229] }},
{"zip_code":"11388","country":"US","city":"Flushing","state":"New York","state_ab":"NY","county":"Queens","geo_location":{ "type": "Point", "coordinates": [-73.8708, 40.6514] }},
{"zip_code":"11412","country":"US","city":"Saint Albans","state":"New York","state_ab":"NY","county":"Queens","geo_location":{ "type": "Point", "coordinates": [-73.7617, 40.6958] }},
{"zip_code":"11425","country":"US","city":"Jamaica","state":"New York","state_ab":"NY","county":"Queens","geo_location":{ "type": "Point", "coordinates": [-73.8708, 40.6514] }},
{"zip_code":"11452","country":"US","city":"Jamaica","state":"New York","state_ab":"NY","county":"Queens County","geo_location":{ "type": "Point", "coordinates": [-73.8059, 40.6913] }},
{"zip_code":"11478","country":"US","city":"Jamaica","state":"New York","state_ab":"NY","county":"Queens County","geo_location":{ "type": "Point", "coordinates": [-73.8061, 40.6914] }},
{"zip_code":"12028","country":"US","city":"Buskirk","state":"New York","state_ab":"NY","county":"Rensselaer","geo_location":{ "type": "Point", "coordinates": [-73.4497, 42.9601] }},
{"zip_code":"12082","country":"US","city":"Grafton","state":"New York","state_ab":"NY","county":"Rensselaer","geo_location":{ "type": "Point", "coordinates": [-73.4468, 42.7726] }},
{"zip_code":"12185","country":"US","city":"Valley Falls","state":"New York","state_ab":"NY","county":"Rensselaer","geo_location":{ "type": "Point", "coordinates": [-73.5437, 42.8855] }},
{"zip_code":"12198","country":"US","city":"Wynantskill","state":"New York","state_ab":"NY","county":"Rensselaer","geo_location":{ "type": "Point", "coordinates": [-73.6383, 42.6878] }},
{"zip_code":"10305","country":"US","city":"Staten Island","state":"New York","state_ab":"NY","county":"Richmond","geo_location":{ "type": "Point", "coordinates": [-74.0768, 40.5973] }},
{"zip_code":"10952","country":"US","city":"Monsey","state":"New York","state_ab":"NY","county":"Rockland","geo_location":{ "type": "Point", "coordinates": [-74.0736, 41.1163] }},
{"zip_code":"10965","country":"US","city":"Pearl River","state":"New York","state_ab":"NY","county":"Rockland","geo_location":{ "type": "Point", "coordinates": [-74.0159, 41.0629] }},
{"zip_code":"13625","country":"US","city":"Colton","state":"New York","state_ab":"NY","county":"St. Lawrence","geo_location":{ "type": "Point", "coordinates": [-74.9327, 44.5016] }},
{"zip_code":"13652","country":"US","city":"Hermon","state":"New York","state_ab":"NY","county":"St. Lawrence","geo_location":{ "type": "Point", "coordinates": [-75.1987, 44.4448] }},
{"zip_code":"13678","country":"US","city":"Raymondville","state":"New York","state_ab":"NY","county":"St. Lawrence","geo_location":{ "type": "Point", "coordinates": [-74.9798, 44.8287] }},
{"zip_code":"12118","country":"US","city":"Mechanicville","state":"New York","state_ab":"NY","county":"Saratoga","geo_location":{ "type": "Point", "coordinates": [-73.7214, 42.9168] }},
{"zip_code":"12325","country":"US","city":"Schenectady","state":"New York","state_ab":"NY","county":"Schenectady","geo_location":{ "type": "Point", "coordinates": [-74.058, 42.8333] }},
{"zip_code":"14888","country":"US","city":"Valois","state":"New York","state_ab":"NY","county":"Schuyler County","geo_location":{ "type": "Point", "coordinates": [-76.8607, 42.5249] }},
{"zip_code":"13148","country":"US","city":"Seneca Falls","state":"New York","state_ab":"NY","county":"Seneca","geo_location":{ "type": "Point", "coordinates": [-76.7925, 42.9094] }},
{"zip_code":"14808","country":"US","city":"Atlanta","state":"New York","state_ab":"NY","county":"Steuben","geo_location":{ "type": "Point", "coordinates": [-77.4669, 42.5596] }},
{"zip_code":"544","country":"US","city":"Holtsville","state":"New York","state_ab":"NY","county":"Suffolk","geo_location":{ "type": "Point", "coordinates": [-72.6371, 40.9223] }},
{"zip_code":"11708","country":"US","city":"Amityville","state":"New York","state_ab":"NY","county":"Suffolk","geo_location":{ "type": "Point", "coordinates": [-72.6371, 40.9223] }},
{"zip_code":"11722","country":"US","city":"Central Islip","state":"New York","state_ab":"NY","county":"Suffolk","geo_location":{ "type": "Point", "coordinates": [-73.1961, 40.7866] }},
{"zip_code":"11775","country":"US","city":"Melville","state":"New York","state_ab":"NY","county":"Suffolk","geo_location":{ "type": "Point", "coordinates": [-72.6371, 40.9223] }},
{"zip_code":"11788","country":"US","city":"Hauppauge","state":"New York","state_ab":"NY","county":"Suffolk","geo_location":{ "type": "Point", "coordinates": [-73.1958, 40.8231] }}]}