{"value": [{"zip_code":"13825","country":"US","city":"Otego","state":"New York","state_ab":"NY","county":"Otsego","geo_location":{ "type": "Point", "coordinates": [-75.2079, 42.4133] }},
{"zip_code":"11005","country":"US","city":"Floral Park","state":"New York","state_ab":"NY","county":"Queens","geo_location":{ "type": "Point", "coordinates": [-73.7182, 40.7571] }},
{"zip_code":"11355","country":"US","city":"Flushing","state":"New York","state_ab":"NY","county":"Queens","geo_location":{ "type": "Point", "coordinates": [-73.8226, 40.7536] }},
{"zip_code":"11368","country":"US","city":"Corona","state":"New York","state_ab":"NY","county":"Queens","geo_location":{ "type": "Point", "coordinates": [-73.8611, 40.7453] }},
{"zip_code":"11405","country":"US","city":"Jamaica","state":"New York","state_ab":"NY","county":"Queens","geo_location":{ "type": "Point", "coordinates": [-73.8708, 40.6514] }},
{"zip_code":"11418","country":"US","city":"Richmond Hill","state":"New York","state_ab":"NY","county":"Queens","geo_location":{ "type": "Point", "coordinates": [-73.8345, 40.6982] }},
{"zip_code":"11432","country":"US","city":"Jamaica","state":"New York","state_ab":"NY","county":"Queens","geo_location":{ "type": "Point", "coordinates": [-73.7944, 40.7119] }},
{"zip_code":"11472","country":"US","city":"Jamaica","state":"New York","state_ab":"NY","county":"Queens County","geo_location":{ "type": "Point", "coordinates": [-73.8061, 40.6914] }},
{"zip_code":"11692","country":"US","city":"Arverne","state":"New York","state_ab":"NY","county":"Queens","geo_location":{ "type": "Point", "coordinates": [-73.7933, 40.5923] }},
{"zip_code":"12022","country":"US","city":"Berlin","state":"New York","state_ab":"NY","county":"Rensselaer","geo_location":{ "type": "Point", "coordinates": [-73.3702, 42.6919] }},
{"zip_code":"12062","country":"US","city":"East Nassau","state":"New York","state_ab":"NY","county":"Rensselaer","geo_location":{ "type": "Point", "coordinates": [-73.4984, 42.5352] }},
{"zip_code":"12138","country":"US","city":"Petersburg","state":"New York","state_ab":"NY","county":"Rensselaer","geo_location":{ "type": "Point", "coordinates": [-73.3906, 42.6859] }},
{"zip_code":"10312","country":"US","city":"Staten Island","state":"New York","state_ab":"NY","county":"Richmond","geo_location":{ "type": "Point", "coordinates": [-74.1792, 40.5457] }},
{"zip_code":"12938","country":"US","city":"North Lawrence","state":"New York","state_ab":"NY","county":"St. Lawrence County","geo_location":{ "type": "Point", "coordinates": [-74.5365, 44.6387] }},
{"zip_code":"12965","country":"US","city":"Nicholville","state":"New York","state_ab":"NY","county":"St. Lawrence","geo_location":{ "type": "Point", "coordinates": [-74.6805, 44.703] }},
{"zip_code":"13645","country":"US","city":"Hailesboro","state":"New York","state_ab":"NY","county":"St. Lawrence","geo_location":{ "type": "Point", "coordinates": [-75.1929, 44.5331] }},
{"zip_code":"13658","country":"US","city":"Lisbon","state":"New York","state_ab":"NY","county":"St. Lawrence","geo_location":{ "type": "Point", "coordinates": [-75.2694, 44.7184] }},
{"zip_code":"13672","country":"US","city":"Parishville","state":"New York","state_ab":"NY","county":"St. Lawrence","geo_location":{ "type": "Point", "coordinates": [-74.7941, 44.5927] }},
{"zip_code":"12822","country":"US","city":"Corinth","state":"New York","state_ab":"NY","county":"Saratoga","geo_location":{ "type": "Point", "coordinates": [-73.8369, 43.2426] }},
{"zip_code":"12835","country":"US","city":"Hadley","state":"New York","state_ab":"NY","county":"Saratoga","geo_location":{ "type": "Point", "coordinates": [-73.977, 43.2876] }},
{"zip_code":"12008","country":"US","city":"Alplaus","state":"New York","state_ab":"NY","county":"Schenectady","geo_location":{ "type": "Point", "coordinates": [-73.9002, 42.8573] }},
{"zip_code":"12305","country":"US","city":"Schenectady","state":"New York","state_ab":"NY","county":"Schenectady","geo_location":{ "type": "Point", "coordinates": [-73.9398, 42.8161] }},
{"zip_code":"12345","country":"US","city":"Schenectady","state":"New York","state_ab":"NY","county":"Schenectady","geo_location":{ "type": "Point", "coordinates": [-74.058, 42.8333] }},
{"zip_code":"12035","country":"US","city":"Central Bridge","state":"New York","state_ab":"NY","county":"Schoharie","geo_location":{ "type": "Point", "coordinates": [-74.3451, 42.737] }},
{"zip_code":"13065","country":"US","city":"Fayette","state":"New York","state_ab":"NY","county":"Seneca","geo_location":{ "type": "Point", "coordinates": [-76.802, 42.8227] }},
{"zip_code":"14572","country":"US","city":"Wayland","state":"New York","state_ab":"NY","county":"Steuben","geo_location":{ "type": "Point", "coordinates": [-77.5906, 42.5593] }},
{"zip_code":"14815","country":"US","city":"Bradford","state":"New York","state_ab":"NY","county":"Steuben","geo_location":{ "type": "Point", "coordinates": [-77.0913, 42.3825] }},
{"zip_code":"14855","country":"US","city":"Jasper","state":"New York","state_ab":"NY","county":"Steuben","geo_location":{ "type": "Point", "coordinates": [-77.4999, 42.129] }},
{"zip_code":"14868","country":"US","city":"Cohocton","state":"New York","state_ab":"NY","county":"Steuben County","geo_location":{ "type": "Point", "coordinates": [-77.4648, 42.5611] }},
{"zip_code":"11702","country":"US","city":"Babylon","state":"New York","state_ab":"NY","county":"Suffolk","geo_location":{ "type": "Point", "coordinates": [-73.341, 40.6641] }},
{"zip_code":"11715","country":"US","city":"Blue Point","state":"New York","state_ab":"NY","county":"Suffolk","geo_location":{ "type": "Point", "coordinates": [-73.0352, 40.7501] }},
{"zip_code":"11742","country":"US","city":"Holtsville","state":"New York","state_ab":"NY","county":"Suffolk","geo_location":{ "type": "Point", "coordinates": [-73.0416, 40.8105] }},
{"zip_code":"11755","country":"US","city":"Lake Grove","state":"New York","state_ab":"NY","county":"Suffolk","geo_location":{ "type": "Point", "coordinates": [-73.1168, 40.8567] }},
{"zip_code":"11768","country":"US","city":"Northport","state":"New York","state_ab":"NY","county":"Suffolk","geo_location":{ "type": "Point", "coordinates": [-73.3309, 40.9051] }},
{"zip_code":"11782","country":"US","city":"Sayville","state":"New York","state_ab":"NY","county":"Suffolk","geo_location":{ "type": "Point", "coordinates": [-73.0859, 40.7459] }},
{"zip_code":"11795","country":"US","city":"West Islip","state":"New York","state_ab":"NY","county":"Suffolk","geo_location":{ "type": "Point", "coordinates": [-73.3007, 40.7117] }},
{"zip_code":"11805","country":"US","city":"Mid Island","state":"New York","state_ab":"NY","county":"Suffolk","geo_location":{ "type": "Point", "coordinates": [-72.6371, 40.9223] }},
{"zip_code":"11935","country":"US","city":"Cutchogue","state":"New York","state_ab":"NY","county":"Suffolk","geo_location":{ "type": "Point", "coordinates": [-72.4803, 41.0139] }},
{"zip_code":"11948","country":"US","city":"Laurel","state":"New York","state_ab":"NY","county":"Suffolk","geo_location":{ "type": "Point", "coordinates": [-72.554, 40.9674] }},
{"zip_code":"11962","country":"US","city":"Sagaponack","state":"New York","state_ab":"NY","county":"Suffolk","geo_location":{ "type": "Point", "coordinates": [-72.2707, 40.9305] }},
{"zip_code":"11975","country":"US","city":"Wainscott","state":"New York","state_ab":"NY","county":"Suffolk","geo_location":{ "type": "Point", "coordinates": [-72.2425, 40.9396] }},
{"zip_code":"12732","country":"US","city":"Eldred","state":"New York","state_ab":"NY","county":"Sullivan","geo_location":{ "type": "Point", "coordinates": [-74.8968, 41.5328] }},
{"zip_code":"12745","country":"US","city":"Hortonville","state":"New York","state_ab":"NY","county":"Sullivan","geo_location":{ "type": "Point", "coordinates": [-75.0306, 41.7629] }},
{"zip_code":"12758","country":"US","city":"Livingston Manor","state":"New York","state_ab":"NY","county":"Sullivan","geo_location":{ "type": "Point", "coordinates": [-74.827, 41.8778] }},
{"zip_code":"12785","country":"US","city":"Westbrookville","state":"New York","state_ab":"NY","county":"Sullivan","geo_location":{ "type": "Point", "coordinates": [-74.7554, 41.719] }},
{"zip_code":"13812","country":"US","city":"Nichols","state":"New York","state_ab":"NY","county":"Tioga","geo_location":{ "type": "Point", "coordinates": [-76.354, 42.0301] }},
{"zip_code":"13102","country":"US","city":"Mc Lean","state":"New York","state_ab":"NY","county":"Tompkins","geo_location":{ "type": "Point", "coordinates": [-76.2927, 42.5542] }},
{"zip_code":"14882","country":"US","city":"Lansing","state":"New York","state_ab":"NY","county":"Tompkins","geo_location":{ "type": "Point", "coordinates": [-76.5375, 42.5645] }},
{"zip_code":"12435","country":"US","city":"Greenfield Park","state":"New York","state_ab":"NY","county":"Ulster","geo_location":{ "type": "Point", "coordinates": [-74.5201, 41.7281] }},
{"zip_code":"12448","country":"US","city":"Lake Hill","state":"New York","state_ab":"NY","county":"Ulster","geo_location":{ "type": "Point", "coordinates": [-74.2123, 42.0733] }},
{"zip_code":"12475","country":"US","city":"Ruby","state":"New York","state_ab":"NY","county":"Ulster","geo_location":{ "type": "Point", "coordinates": [-74.0079, 42.0176] }},
{"zip_code":"12525","country":"US","city":"Gardiner","state":"New York","state_ab":"NY","county":"Ulster","geo_location":{ "type": "Point", "coordinates": [-74.1672, 41.6576] }},
{"zip_code":"28432","country":"US","city":"Clarendon","state":"North Carolina","state_ab":"NC","county":"Columbus","geo_location":{ "type": "Point", "coordinates": [-78.7637, 34.1761] }},
{"zip_code":"28472","country":"US","city":"Whiteville","state":"North Carolina","state_ab":"NC","county":"Columbus","geo_location":{ "type": "Point", "coordinates": [-78.716, 34.3241] }},
{"zip_code":"28562","country":"US","city":"New Bern","state":"North Carolina","state_ab":"NC","county":"Craven","geo_location":{ "type": "Point", "coordinates": [-77.1029, 35.1004] }},
{"zip_code":"28302","country":"US","city":"Fayetteville","state":"North Carolina","state_ab":"NC","county":"Cumberland","geo_location":{ "type": "Point", "coordinates": [-78.9088, 35.0343] }},
{"zip_code":"28342","country":"US","city":"Falcon","state":"North Carolina","state_ab":"NC","county":"Cumberland","geo_location":{ "type": "Point", "coordinates": [-78.6496, 35.2106] }},
{"zip_code":"28395","country":"US","city":"Wade","state":"North Carolina","state_ab":"NC","county":"Cumberland","geo_location":{ "type": "Point", "coordinates": [-78.7249, 35.1606] }},
{"zip_code":"27958","country":"US","city":"Moyock","state":"North Carolina","state_ab":"NC","county":"Currituck","geo_location":{ "type": "Point", "coordinates": [-76.1146, 36.4871] }},
{"zip_code":"27972","country":"US","city":"Salvo","state":"North Carolina","state_ab":"NC","county":"Dare","geo_location":{ "type": "Point", "coordinates": [-75.4693, 35.5546] }},
{"zip_code":"27028","country":"US","city":"Mocksville","state":"North Carolina","state_ab":"NC","county":"Davie","geo_location":{ "type": "Point", "coordinates": [-80.537, 35.922] }},
{"zip_code":"28458","country":"US","city":"Rose Hill","state":"North Carolina","state_ab":"NC","county":"Duplin","geo_location":{ "type": "Point", "coordinates": [-78.0166, 34.8235] }},
{"zip_code":"28508","country":"US","city":"Albertson","state":"North Carolina","state_ab":"NC","county":"Duplin","geo_location":{ "type": "Point", "coordinates": [-77.8515, 35.1176] }},
{"zip_code":"27572","country":"US","city":"Rougemont","state":"North Carolina","state_ab":"NC","county":"Durham","geo_location":{ "type": "Point", "coordinates": [-78.9019, 36.2393] }},
{"zip_code":"27712","country":"US","city":"Durham","state":"North Carolina","state_ab":"NC","county":"Durham","geo_location":{ "type": "Point", "coordinates": [-78.9299, 36.0918] }},
{"zip_code":"27802","country":"US","city":"Rocky Mount","state":"North Carolina","state_ab":"NC","county":"Edgecombe","geo_location":{ "type": "Point", "coordinates": [-77.7808, 35.9356] }},
{"zip_code":"27105","country":"US","city":"Winston Salem","state":"North Carolina","state_ab":"NC","county":"Forsyth","geo_location":{ "type": "Point", "coordinates": [-80.2376, 36.144] }},
{"zip_code":"27198","country":"US","city":"Winston Salem","state":"North Carolina","state_ab":"NC","county":"Forsyth","geo_location":{ "type": "Point", "coordinates": [-80.2073, 36.0275] }},
{"zip_code":"28032","country":"US","city":"Cramerton","state":"North Carolina","state_ab":"NC","county":"Gaston","geo_location":{ "type": "Point", "coordinates": [-81.0831, 35.2396] }},
{"zip_code":"28098","country":"US","city":"Lowell","state":"North Carolina","state_ab":"NC","county":"Gaston","geo_location":{ "type": "Point", "coordinates": [-81.096, 35.2655] }},
{"zip_code":"27235","country":"US","city":"Colfax","state":"North Carolina","state_ab":"NC","county":"Guilford","geo_location":{ "type": "Point", "coordinates": [-80.0103, 36.1003] }},
{"zip_code":"27262","country":"US","city":"High Point","state":"North Carolina","state_ab":"NC","county":"Guilford","geo_location":{ "type": "Point", "coordinates": [-80.0107, 35.9734] }},
{"zip_code":"27402","country":"US","city":"Greensboro","state":"North Carolina","state_ab":"NC","county":"Guilford","geo_location":{ "type": "Point", "coordinates": [-79.7919, 36.1067] }},
{"zip_code":"27415","country":"US","city":"Greensboro","state":"North Carolina","state_ab":"NC","county":"Guilford","geo_location":{ "type": "Point", "coordinates": [-80.0244, 36.0807] }},
{"zip_code":"27455","country":"US","city":"Greensboro","state":"North Carolina","state_ab":"NC","county":"Guilford","geo_location":{ "type": "Point", "coordinates": [-79.806, 36.1824] }},
{"zip_code":"27495","country":"US","city":"Greensboro","state":"North Carolina","state_ab":"NC","county":"Guilford","geo_location":{ "type": "Point", "coordinates": [-80.0244, 36.0807] }},
{"zip_code":"28368","country":"US","city":"Olivia","state":"North Carolina","state_ab":"NC","county":"Harnett","geo_location":{ "type": "Point", "coordinates": [-79.1074, 35.3229] }},
{"zip_code":"28742","country":"US","city":"Horse Shoe","state":"North Carolina","state_ab":"NC","county":"Henderson","geo_location":{ "type": "Point", "coordinates": [-82.5981, 35.3703] }},
{"zip_code":"27855","country":"US","city":"Murfreesboro","state":"North Carolina","state_ab":"NC","county":"Hertford","geo_location":{ "type": "Point", "coordinates": [-77.1027, 36.4319] }},
{"zip_code":"28625","country":"US","city":"Statesville","state":"North Carolina","state_ab":"NC","county":"Iredell","geo_location":{ "type": "Point", "coordinates": [-80.8858, 35.8651] }},
{"zip_code":"28522","country":"US","city":"Comfort","state":"North Carolina","state_ab":"NC","county":"Jones","geo_location":{ "type": "Point", "coordinates": [-77.5231, 35.0051] }},
{"zip_code":"27505","country":"US","city":"Broadway","state":"North Carolina","state_ab":"NC","county":"Lee","geo_location":{ "type": "Point", "coordinates": [-79.0435, 35.4181] }},
{"zip_code":"28355","country":"US","city":"Lemon Springs","state":"North Carolina","state_ab":"NC","county":"Lee","geo_location":{ "type": "Point", "coordinates": [-79.1653, 35.4676] }},
{"zip_code":"28212","country":"US","city":"Charlotte","state":"North Carolina","state_ab":"NC","county":"Mecklenburg","geo_location":{ "type": "Point", "coordinates": [-80.7448, 35.1908] }},
{"zip_code":"28225","country":"US","city":"Charlotte","state":"North Carolina","state_ab":"NC","county":"Mecklenburg","geo_location":{ "type": "Point", "coordinates": [-80.8042, 35.26] }},
{"zip_code":"28265","country":"US","city":"Charlotte","state":"North Carolina","state_ab":"NC","county":"Mecklenburg","geo_location":{ "type": "Point", "coordinates": [-80.8042, 35.26] }},
{"zip_code":"28278","country":"US","city":"Charlotte","state":"North Carolina","state_ab":"NC","county":"Mecklenburg","geo_location":{ "type": "Point", "coordinates": [-80.9568, 35.2072] }},
{"zip_code":"27325","country":"US","city":"Robbins","state":"North Carolina","state_ab":"NC","county":"Moore","geo_location":{ "type": "Point", "coordinates": [-79.582, 35.4528] }},
{"zip_code":"28315","country":"US","city":"Aberdeen","state":"North Carolina","state_ab":"NC","county":"Moore","geo_location":{ "type": "Point", "coordinates": [-79.445, 35.1216] }},
{"zip_code":"27815","country":"US","city":"Rocky Mount","state":"North Carolina","state_ab":"NC","county":"Nash County","geo_location":{ "type": "Point", "coordinates": [-77.7935, 35.8979] }},
{"zip_code":"27868","country":"US","city":"Red Oak","state":"North Carolina","state_ab":"NC","county":"Nash","geo_location":{ "type": "Point", "coordinates": [-77.9116, 36.0548] }},
{"zip_code":"27882","country":"US","city":"Spring Hope","state":"North Carolina","state_ab":"NC","county":"Nash","geo_location":{ "type": "Point", "coordinates": [-78.1085, 35.9302] }},
{"zip_code":"28405","country":"US","city":"Wilmington","state":"North Carolina","state_ab":"NC","county":"New Hanover","geo_location":{ "type": "Point", "coordinates": [-77.867, 34.2651] }},
{"zip_code":"27842","country":"US","city":"Henrico","state":"North Carolina","state_ab":"NC","county":"Northampton","geo_location":{ "type": "Point", "coordinates": [-77.8546, 36.5274] }},
{"zip_code":"28445","country":"US","city":"Holly Ridge","state":"North Carolina","state_ab":"NC","county":"Onslow","geo_location":{ "type": "Point", "coordinates": [-77.5147, 34.528] }},
{"zip_code":"27985","country":"US","city":"Winfall","state":"North Carolina","state_ab":"NC","county":"Perquimans","geo_location":{ "type": "Point", "coordinates": [-76.4667, 36.2193] }},
{"zip_code":"27828","country":"US","city":"Farmville","state":"North Carolina","state_ab":"NC","county":"Pitt","geo_location":{ "type": "Point", "coordinates": [-77.5793, 35.5806] }},
{"zip_code":"28782","country":"US","city":"Tryon","state":"North Carolina","state_ab":"NC","county":"Polk","geo_location":{ "type": "Point", "coordinates": [-82.2394, 35.2157] }},
{"zip_code":"27248","country":"US","city":"Franklinville","state":"North Carolina","state_ab":"NC","county":"Randolph","geo_location":{ "type": "Point", "coordinates": [-79.7132, 35.7917] }},
{"zip_code":"27288","country":"US","city":"Eden","state":"North Carolina","state_ab":"NC","county":"Rockingham","geo_location":{ "type": "Point", "coordinates": [-79.759, 36.5] }},
{"zip_code":"28072","country":"US","city":"Granite Quarry","state":"North Carolina","state_ab":"NC","county":"Rowan","geo_location":{ "type": "Point", "coordinates": [-80.4361, 35.6109] }},
{"zip_code":"28018","country":"US","city":"Bostic","state":"North Carolina","state_ab":"NC","county":"Rutherford","geo_location":{ "type": "Point", "coordinates": [-81.8118, 35.4533] }},
{"zip_code":"28328","country":"US","city":"Clinton","state":"North Carolina","state_ab":"NC","county":"Sampson","geo_location":{ "type": "Point", "coordinates": [-78.326, 35.0151] }},
{"zip_code":"28382","country":"US","city":"Roseboro","state":"North Carolina","state_ab":"NC","county":"Sampson","geo_location":{ "type": "Point", "coordinates": [-78.5133, 34.9639] }},
{"zip_code":"27042","country":"US","city":"Pine Hall","state":"North Carolina","state_ab":"NC","county":"Stokes","geo_location":{ "type": "Point", "coordinates": [-80.0495, 36.3482] }},
{"zip_code":"28702","country":"US","city":"Almond","state":"North Carolina","state_ab":"NC","county":"Swain","geo_location":{ "type": "Point", "coordinates": [-83.4794, 35.4099] }},
{"zip_code":"28768","country":"US","city":"Pisgah Forest","state":"North Carolina","state_ab":"NC","county":"Transylvania","geo_location":{ "type": "Point", "coordinates": [-82.6695, 35.2599] }},
{"zip_code":"28108","country":"US","city":"Mineral Springs","state":"North Carolina","state_ab":"NC","county":"Union","geo_location":{ "type": "Point", "coordinates": [-80.6404, 34.9163] }},
{"zip_code":"27518","country":"US","city":"Cary","state":"North Carolina","state_ab":"NC","county":"Wake","geo_location":{ "type": "Point", "coordinates": [-78.7735, 35.7299] }},
{"zip_code":"27545","country":"US","city":"Knightdale","state":"North Carolina","state_ab":"NC","county":"Wake","geo_location":{ "type": "Point", "coordinates": [-78.4898, 35.7789] }},
{"zip_code":"27608","country":"US","city":"Raleigh","state":"North Carolina","state_ab":"NC","county":"Wake","geo_location":{ "type": "Point", "coordinates": [-78.6463, 35.8077] }},
{"zip_code":"27622","country":"US","city":"Raleigh","state":"North Carolina","state_ab":"NC","county":"Wake","geo_location":{ "type": "Point", "coordinates": [-78.6253, 35.7977] }},
{"zip_code":"27635","country":"US","city":"Raleigh","state":"North Carolina","state_ab":"NC","county":"Wake","geo_location":{ "type": "Point", "coordinates": [-78.6253, 35.7977] }},
{"zip_code":"27675","country":"US","city":"Raleigh","state":"North Carolina","state_ab":"NC","county":"Wake","geo_location":{ "type": "Point", "coordinates": [-78.6253, 35.7977] }},
{"zip_code":"28692","country":"US","city":"Vilas","state":"North Carolina","state_ab":"NC","county":"Watauga","geo_location":{ "type": "Point", "coordinates": [-81.7652, 36.2574] }},
{"zip_code":"27532","country":"US","city":"Goldsboro","state":"North Carolina","state_ab":"NC","county":"Wayne","geo_location":{ "type": "Point", "coordinates": [-78.0524, 35.372] }},
{"zip_code":"28665","country":"US","city":"Purlear","state":"North Carolina","state_ab":"NC","county":"Wilkes","geo_location":{ "type": "Point", "coordinates": [-81.3528, 36.1964] }},
{"zip_code":"27895","country":"US","city":"Wilson","state":"North Carolina","state_ab":"NC","county":"Wilson","geo_location":{ "type": "Point", "coordinates": [-77.9267, 35.7199] }},
{"zip_code":"27055","country":"US","city":"Yadkinville","state":"North Carolina","state_ab":"NC","county":"Yadkin","geo_location":{ "type": "Point", "coordinates": [-80.653, 36.1277] }},
{"zip_code":"28755","country":"US","city":"Micaville","state":"North Carolina","state_ab":"NC","county":"Yancey","geo_location":{ "type": "Point", "coordinates": [-82.1962, 35.8392] }},
{"zip_code":"58752","country":"US","city":"Lignite","state":"North Dakota","state_ab":"ND","county":"Burke","geo_location":{ "type": "Point", "coordinates": [-102.5542, 48.8481] }},
{"zip_code":"58505","country":"US","city":"Bismarck","state":"North Dakota","state_ab":"ND","county":"Burleigh","geo_location":{ "type": "Point", "coordinates": [-100.7805, 46.8165] }},
{"zip_code":"58532","country":"US","city":"Driscoll","state":"North Dakota","state_ab":"ND","county":"Burleigh","geo_location":{ "type": "Point", "coordinates": [-100.1441, 46.8511] }},
{"zip_code":"58558","country":"US","city":"Menoken","state":"North Dakota","state_ab":"ND","county":"Burleigh","geo_location":{ "type": "Point", "coordinates": [-100.5275, 46.861] }},
{"zip_code":"58572","country":"US","city":"Sterling","state":"North Dakota","state_ab":"ND","county":"Burleigh","geo_location":{ "type": "Point", "coordinates": [-100.2744, 46.8436] }},
{"zip_code":"58002","country":"US","city":"Absaraka","state":"North Dakota","state_ab":"ND","county":"Cass","geo_location":{ "type": "Point", "coordinates": [-97.4069, 46.9763] }},
{"zip_code":"58042","country":"US","city":"Harwood","state":"North Dakota","state_ab":"ND","county":"Cass","geo_location":{ "type": "Point", "coordinates": [-96.9654, 46.9565] }},
{"zip_code":"56282","country":"US","city":"Raymond","state":"Minnesota","state_ab":"MN","county":"Kandiyohi","geo_location":{ "type": "Point", "coordinates": [-95.2208, 45.0181] }},
{"zip_code":"56732","country":"US","city":"Karlstad","state":"Minnesota","state_ab":"MN","county":"Kittson","geo_location":{ "type": "Point", "coordinates": [-96.5511, 48.5916] }},
{"zip_code":"56668","country":"US","city":"Ranier","state":"Minnesota","state_ab":"MN","county":"Koochiching","geo_location":{ "type": "Point", "coordinates": [-93.2977, 48.6031] }},
{"zip_code":"56178","country":"US","city":"Tyler","state":"Minnesota","state_ab":"MN","county":"Lincoln","geo_location":{ "type": "Point", "coordinates": [-96.1302, 44.2773] }},
{"zip_code":"55395","country":"US","city":"Winsted","state":"Minnesota","state_ab":"MN","county":"McLeod","geo_location":{ "type": "Point", "coordinates": [-94.0552, 44.9585] }},
{"zip_code":"56758","country":"US","city":"Strandquist","state":"Minnesota","state_ab":"MN","county":"Marshall","geo_location":{ "type": "Point", "coordinates": [-96.4723, 48.4526] }},
{"zip_code":"56075","country":"US","city":"Northrop","state":"Minnesota","state_ab":"MN","county":"Martin","geo_location":{ "type": "Point", "coordinates": [-94.4357, 43.7353] }},
{"zip_code":"56088","country":"US","city":"Truman","state":"Minnesota","state_ab":"MN","county":"Martin","geo_location":{ "type": "Point", "coordinates": [-94.4319, 43.82] }},
{"zip_code":"55355","country":"US","city":"Litchfield","state":"Minnesota","state_ab":"MN","county":"Meeker","geo_location":{ "type": "Point", "coordinates": [-94.5268, 45.1263] }},
{"zip_code":"56228","country":"US","city":"Cosmos","state":"Minnesota","state_ab":"MN","county":"Meeker","geo_location":{ "type": "Point", "coordinates": [-94.6978, 44.959] }},
{"zip_code":"56345","country":"US","city":"Little Falls","state":"Minnesota","state_ab":"MN","county":"Morrison","geo_location":{ "type": "Point", "coordinates": [-94.3604, 45.9811] }},
{"zip_code":"56475","country":"US","city":"Randall","state":"Minnesota","state_ab":"MN","county":"Morrison","geo_location":{ "type": "Point", "coordinates": [-94.5005, 46.0734] }},
{"zip_code":"56125","country":"US","city":"Dovray","state":"Minnesota","state_ab":"MN","county":"Murray","geo_location":{ "type": "Point", "coordinates": [-95.5499, 44.0533] }},
{"zip_code":"56165","country":"US","city":"Reading","state":"Minnesota","state_ab":"MN","county":"Nobles","geo_location":{ "type": "Point", "coordinates": [-95.7389, 43.7136] }},
{"zip_code":"56538","country":"US","city":"Fergus Falls","state":"Minnesota","state_ab":"MN","county":"Otter Tail","geo_location":{ "type": "Point", "coordinates": [-95.7135, 46.4124] }},
{"zip_code":"55072","country":"US","city":"Sandstone","state":"Minnesota","state_ab":"MN","county":"Pine","geo_location":{ "type": "Point", "coordinates": [-92.589, 46.1325] }},
{"zip_code":"55795","country":"US","city":"Willow River","state":"Minnesota","state_ab":"MN","county":"Pine","geo_location":{ "type": "Point", "coordinates": [-92.8309, 46.2949] }},
{"zip_code":"56592","country":"US","city":"Winger","state":"Minnesota","state_ab":"MN","county":"Polk","geo_location":{ "type": "Point", "coordinates": [-95.9941, 47.5375] }},
{"zip_code":"56385","country":"US","city":"Villard","state":"Minnesota","state_ab":"MN","county":"Pope","geo_location":{ "type": "Point", "coordinates": [-95.2414, 45.7118] }},
{"zip_code":"55108","country":"US","city":"Saint Paul","state":"Minnesota","state_ab":"MN","county":"Ramsey","geo_location":{ "type": "Point", "coordinates": [-93.1771, 44.9806] }},
{"zip_code":"55175","country":"US","city":"Saint Paul","state":"Minnesota","state_ab":"MN","county":"Ramsey","geo_location":{ "type": "Point", "coordinates": [-93.1059, 45.0059] }},
{"zip_code":"55188","country":"US","city":"Saint Paul","state":"Minnesota","state_ab":"MN","county":"Ramsey","geo_location":{ "type": "Point", "coordinates": [-93.1059, 45.0059] }},
{"zip_code":"56152","country":"US","city":"Lamberton","state":"Minnesota","state_ab":"MN","county":"Redwood","geo_location":{ "type": "Point", "coordinates": [-95.2739, 44.2378] }},
{"zip_code":"56255","country":"US","city":"Lucan","state":"Minnesota","state_ab":"MN","county":"Redwood","geo_location":{ "type": "Point", "coordinates": [-95.4119, 44.4132] }},
{"zip_code":"55342","country":"US","city":"Hector","state":"Minnesota","state_ab":"MN","county":"Renville","geo_location":{ "type": "Point", "coordinates": [-94.7058, 44.7485] }},
{"zip_code":"56138","country":"US","city":"Hills","state":"Minnesota","state_ab":"MN","county":"Rock","geo_location":{ "type": "Point", "coordinates": [-96.3645, 43.5335] }},
{"zip_code":"56682","country":"US","city":"Swift","state":"Minnesota","state_ab":"MN","county":"Roseau","geo_location":{ "type": "Point", "coordinates": [-95.7476, 48.7692] }},
{"zip_code":"55702","country":"US","city":"Alborn","state":"Minnesota","state_ab":"MN","county":"St. Louis","geo_location":{ "type": "Point", "coordinates": [-92.5579, 46.9782] }},
{"zip_code":"55768","country":"US","city":"Mountain Iron","state":"Minnesota","state_ab":"MN","county":"St. Louis","geo_location":{ "type": "Point", "coordinates": [-92.6243, 47.5133] }},
{"zip_code":"55782","country":"US","city":"Soudan","state":"Minnesota","state_ab":"MN","county":"St. Louis","geo_location":{ "type": "Point", "coordinates": [-92.2464, 47.821] }},
{"zip_code":"55805","country":"US","city":"Duluth","state":"Minnesota","state_ab":"MN","county":"St. Louis","geo_location":{ "type": "Point", "coordinates": [-92.0946, 46.7987] }},
{"zip_code":"56372","country":"US","city":"Saint Cloud","state":"Minnesota","state_ab":"MN","county":"Stearns","geo_location":{ "type": "Point", "coordinates": [-94.5933, 45.5289] }},
{"zip_code":"56398","country":"US","city":"Saint Cloud","state":"Minnesota","state_ab":"MN","county":"Stearns","geo_location":{ "type": "Point", "coordinates": [-94.5933, 45.5289] }},
{"zip_code":"56215","country":"US","city":"Benson","state":"Minnesota","state_ab":"MN","county":"Swift","geo_location":{ "type": "Point", "coordinates": [-95.5766, 45.3129] }},
{"zip_code":"56318","country":"US","city":"Burtrum","state":"Minnesota","state_ab":"MN","county":"Todd","geo_location":{ "type": "Point", "coordinates": [-94.6962, 45.888] }},
{"zip_code":"56048","country":"US","city":"Janesville","state":"Minnesota","state_ab":"MN","county":"Waseca","geo_location":{ "type": "Point", "coordinates": [-93.7095, 44.1168] }},
{"zip_code":"56022","country":"US","city":"Darfur","state":"Minnesota","state_ab":"MN","county":"Watonwan","geo_location":{ "type": "Point", "coordinates": [-94.7902, 44.0548] }},
{"zip_code":"56062","country":"US","city":"Madelia","state":"Minnesota","state_ab":"MN","county":"Watonwan","geo_location":{ "type": "Point", "coordinates": [-94.411, 44.0499] }},
{"zip_code":"56565","country":"US","city":"Nashua","state":"Minnesota","state_ab":"MN","county":"Wilkin","geo_location":{ "type": "Point", "coordinates": [-96.316, 46.0537] }},
{"zip_code":"55988","country":"US","city":"Stockton","state":"Minnesota","state_ab":"MN","county":"Winona","geo_location":{ "type": "Point", "coordinates": [-91.7708, 44.0252] }},
{"zip_code":"55302","country":"US","city":"Annandale","state":"Minnesota","state_ab":"MN","county":"Wright","geo_location":{ "type": "Point", "coordinates": [-94.1061, 45.2483] }},
{"zip_code":"55328","country":"US","city":"Delano","state":"Minnesota","state_ab":"MN","county":"Wright","geo_location":{ "type": "Point", "coordinates": [-93.8016, 45.0342] }},
{"zip_code":"55382","country":"US","city":"South Haven","state":"Minnesota","state_ab":"MN","county":"Wright","geo_location":{ "type": "Point", "coordinates": [-94.1628, 45.346] }},
{"zip_code":"55588","country":"US","city":"Monticello","state":"Minnesota","state_ab":"MN","county":"Wright","geo_location":{ "type": "Point", "coordinates": [-93.8802, 44.9895] }},
{"zip_code":"64485","country":"US","city":"Savannah","state":"Missouri","state_ab":"MO","county":"Andrew","geo_location":{ "type": "Point", "coordinates": [-94.8267, 39.9168] }},
{"zip_code":"64498","country":"US","city":"Westboro","state":"Missouri","state_ab":"MO","county":"Atchison","geo_location":{ "type": "Point", "coordinates": [-95.3134, 40.5357] }},
{"zip_code":"63352","country":"US","city":"Laddonia","state":"Missouri","state_ab":"MO","county":"Audrain","geo_location":{ "type": "Point", "coordinates": [-91.6893, 39.2593] }},
{"zip_code":"65745","country":"US","city":"Seligman","state":"Missouri","state_ab":"MO","county":"Barry","geo_location":{ "type": "Point", "coordinates": [-93.9359, 36.5276] }},
{"zip_code":"65758","country":"US","city":"Gainesville","state":"Missouri","state_ab":"MO","county":"Barry County","geo_location":{ "type": "Point", "coordinates": [-92.3544, 36.6718] }},
{"zip_code":"65772","country":"US","city":"Washburn","state":"Missouri","state_ab":"MO","county":"Barry","geo_location":{ "type": "Point", "coordinates": [-93.992, 36.5807] }},
{"zip_code":"64742","country":"US","city":"Drexel","state":"Missouri","state_ab":"MO","county":"Bates","geo_location":{ "type": "Point", "coordinates": [-94.5928, 38.4956] }},
{"zip_code":"63662","country":"US","city":"Patton","state":"Missouri","state_ab":"MO","county":"Bollinger","geo_location":{ "type": "Point", "coordinates": [-90.05, 37.4733] }},
{"zip_code":"63765","country":"US","city":"Menfro","state":"Missouri","state_ab":"MO","county":"Bollinger County","geo_location":{ "type": "Point", "coordinates": [-89.7232, 37.7768] }},
{"zip_code":"65202","country":"US","city":"Columbia","state":"Missouri","state_ab":"MO","county":"Boone","geo_location":{ "type": "Point", "coordinates": [-92.3112, 38.995] }},
{"zip_code":"65215","country":"US","city":"Columbia","state":"Missouri","state_ab":"MO","county":"Boone","geo_location":{ "type": "Point", "coordinates": [-92.3208, 38.9532] }},
{"zip_code":"65255","country":"US","city":"Hallsville","state":"Missouri","state_ab":"MO","county":"Boone","geo_location":{ "type": "Point", "coordinates": [-92.2239, 39.1054] }},
{"zip_code":"64508","country":"US","city":"Saint Joseph","state":"Missouri","state_ab":"MO","county":"Buchanan","geo_location":{ "type": "Point", "coordinates": [-94.8574, 39.6763] }},
{"zip_code":"63932","country":"US","city":"Broseley","state":"Missouri","state_ab":"MO","county":"Butler","geo_location":{ "type": "Point", "coordinates": [-90.2508, 36.6899] }},
{"zip_code":"63945","country":"US","city":"Harviell","state":"Missouri","state_ab":"MO","county":"Butler","geo_location":{ "type": "Point", "coordinates": [-90.5583, 36.6723] }},
{"zip_code":"64625","country":"US","city":"Breckenridge","state":"Missouri","state_ab":"MO","county":"Caldwell","geo_location":{ "type": "Point", "coordinates": [-93.8068, 39.7582] }},
{"zip_code":"65022","country":"US","city":"Cedar City","state":"Missouri","state_ab":"MO","county":"Callaway","geo_location":{ "type": "Point", "coordinates": [-92.1781, 38.5992] }},
{"zip_code":"63752","country":"US","city":"Gordonville","state":"Missouri","state_ab":"MO","county":"Cape Girardeau","geo_location":{ "type": "Point", "coordinates": [-89.6989, 37.3092] }},
{"zip_code":"65785","country":"US","city":"Stockton","state":"Missouri","state_ab":"MO","county":"Cedar","geo_location":{ "type": "Point", "coordinates": [-93.796, 37.7241] }},
{"zip_code":"64072","country":"US","city":"Missouri City","state":"Missouri","state_ab":"MO","county":"Clay","geo_location":{ "type": "Point", "coordinates": [-94.2924, 39.2458] }},
{"zip_code":"64162","country":"US","city":"Kansas City","state":"Missouri","state_ab":"MO","county":"Clay","geo_location":{ "type": "Point", "coordinates": [-94.4797, 39.1562] }},
{"zip_code":"65565","country":"US","city":"Steelville","state":"Missouri","state_ab":"MO","county":"Crawford","geo_location":{ "type": "Point", "coordinates": [-91.3032, 37.8904] }},
{"zip_code":"65682","country":"US","city":"Lockwood","state":"Missouri","state_ab":"MO","county":"Dade","geo_location":{ "type": "Point", "coordinates": [-93.9541, 37.386] }},
{"zip_code":"63855","country":"US","city":"Hornersville","state":"Missouri","state_ab":"MO","county":"Dunklin","geo_location":{ "type": "Point", "coordinates": [-90.0816, 36.0627] }},
{"zip_code":"63015","country":"US","city":"Catawissa","state":"Missouri","state_ab":"MO","county":"Franklin","geo_location":{ "type": "Point", "coordinates": [-90.7806, 38.4047] }},
{"zip_code":"63055","country":"US","city":"Labadie","state":"Missouri","state_ab":"MO","county":"Franklin","geo_location":{ "type": "Point", "coordinates": [-90.877, 38.52] }},
{"zip_code":"63068","country":"US","city":"New Haven","state":"Missouri","state_ab":"MO","county":"Franklin","geo_location":{ "type": "Point", "coordinates": [-91.2291, 38.574] }},
{"zip_code":"65062","country":"US","city":"Mount Sterling","state":"Missouri","state_ab":"MO","county":"Gasconade","geo_location":{ "type": "Point", "coordinates": [-91.6515, 38.4956] }},
{"zip_code":"65808","country":"US","city":"Springfield","state":"Missouri","state_ab":"MO","county":"Greene","geo_location":{ "type": "Point", "coordinates": [-93.3437, 37.2581] }},
{"zip_code":"64652","country":"US","city":"Laredo","state":"Missouri","state_ab":"MO","county":"Grundy","geo_location":{ "type": "Point", "coordinates": [-93.4407, 40.0144] }},
{"zip_code":"18505","country":"US","city":"Scranton","state":"Pennsylvania","state_ab":"PA","county":"Lackawanna","geo_location":{ "type": "Point", "coordinates": [-75.6657, 41.3914] }},
{"zip_code":"18518","country":"US","city":"Old Forge","state":"Pennsylvania","state_ab":"PA","county":"Lackawanna","geo_location":{ "type": "Point", "coordinates": [-75.7391, 41.3701] }},
{"zip_code":"17502","country":"US","city":"Bainbridge","state":"Pennsylvania","state_ab":"PA","county":"Lancaster","geo_location":{ "type": "Point", "coordinates": [-76.6726, 40.1086] }},
{"zip_code":"17528","country":"US","city":"Goodville","state":"Pennsylvania","state_ab":"PA","county":"Lancaster","geo_location":{ "type": "Point", "coordinates": [-76.2388, 40.0435] }},
{"zip_code":"17555","country":"US","city":"Narvon","state":"Pennsylvania","state_ab":"PA","county":"Lancaster","geo_location":{ "type": "Point", "coordinates": [-75.9756, 40.1252] }},
{"zip_code":"17568","country":"US","city":"Refton","state":"Pennsylvania","state_ab":"PA","county":"Lancaster","geo_location":{ "type": "Point", "coordinates": [-76.2322, 39.9469] }},
{"zip_code":"17582","country":"US","city":"Washington Boro","state":"Pennsylvania","state_ab":"PA","county":"Lancaster","geo_location":{ "type": "Point", "coordinates": [-76.4402, 39.9881] }},
{"zip_code":"17605","country":"US","city":"Lancaster","state":"Pennsylvania","state_ab":"PA","county":"Lancaster","geo_location":{ "type": "Point", "coordinates": [-76.2976, 40.0185] }},
{"zip_code":"16112","country":"US","city":"Bessemer","state":"Pennsylvania","state_ab":"PA","county":"Lawrence","geo_location":{ "type": "Point", "coordinates": [-80.4937, 40.9755] }},
{"zip_code":"17038","country":"US","city":"Jonestown","state":"Pennsylvania","state_ab":"PA","county":"Lebanon","geo_location":{ "type": "Point", "coordinates": [-76.5038, 40.4361] }},
{"zip_code":"17078","country":"US","city":"Palmyra","state":"Pennsylvania","state_ab":"PA","county":"Lebanon","geo_location":{ "type": "Point", "coordinates": [-76.5886, 40.3011] }},
{"zip_code":"18068","country":"US","city":"Old Zionsville","state":"Pennsylvania","state_ab":"PA","county":"Lehigh","geo_location":{ "type": "Point", "coordinates": [-75.4712, 40.6934] }},
{"zip_code":"18105","country":"US","city":"Allentown","state":"Pennsylvania","state_ab":"PA","county":"Lehigh","geo_location":{ "type": "Point", "coordinates": [-75.4712, 40.6934] }},
{"zip_code":"18222","country":"US","city":"Drums","state":"Pennsylvania","state_ab":"PA","county":"Luzerne","geo_location":{ "type": "Point", "coordinates": [-75.9768, 41.0255] }},
{"zip_code":"18622","country":"US","city":"Huntington Mills","state":"Pennsylvania","state_ab":"PA","county":"Luzerne","geo_location":{ "type": "Point", "coordinates": [-75.8801, 41.2722] }},
{"zip_code":"18635","country":"US","city":"Nescopeck","state":"Pennsylvania","state_ab":"PA","county":"Luzerne","geo_location":{ "type": "Point", "coordinates": [-76.1981, 41.0469] }},
{"zip_code":"18765","country":"US","city":"Wilkes Barre","state":"Pennsylvania","state_ab":"PA","county":"Luzerne","geo_location":{ "type": "Point", "coordinates": [-75.8801, 41.2722] }},
{"zip_code":"17722","country":"US","city":"Bodines","state":"Pennsylvania","state_ab":"PA","county":"Lycoming","geo_location":{ "type": "Point", "coordinates": [-77.0236, 41.3327] }},
{"zip_code":"17762","country":"US","city":"Picture Rocks","state":"Pennsylvania","state_ab":"PA","county":"Lycoming","geo_location":{ "type": "Point", "coordinates": [-76.6595, 41.2215] }},
{"zip_code":"16732","country":"US","city":"Gifford","state":"Pennsylvania","state_ab":"PA","county":"McKean","geo_location":{ "type": "Point", "coordinates": [-78.5797, 41.8011] }},
{"zip_code":"16745","country":"US","city":"Rixford","state":"Pennsylvania","state_ab":"PA","county":"McKean","geo_location":{ "type": "Point", "coordinates": [-78.4586, 41.9346] }},
{"zip_code":"16125","country":"US","city":"Greenville","state":"Pennsylvania","state_ab":"PA","county":"Mercer","geo_location":{ "type": "Point", "coordinates": [-80.3739, 41.4057] }},
{"zip_code":"18325","country":"US","city":"Canadensis","state":"Pennsylvania","state_ab":"PA","county":"Monroe","geo_location":{ "type": "Point", "coordinates": [-75.2573, 41.2338] }},
{"zip_code":"18352","country":"US","city":"Reeders","state":"Pennsylvania","state_ab":"PA","county":"Monroe","geo_location":{ "type": "Point", "coordinates": [-75.348, 40.9863] }},
{"zip_code":"18918","country":"US","city":"Earlington","state":"Pennsylvania","state_ab":"PA","county":"Montgomery","geo_location":{ "type": "Point", "coordinates": [-75.3742, 40.32] }},
{"zip_code":"18958","country":"US","city":"Salfordville","state":"Pennsylvania","state_ab":"PA","county":"Montgomery","geo_location":{ "type": "Point", "coordinates": [-75.4355, 40.2904] }},
{"zip_code":"19072","country":"US","city":"Narberth","state":"Pennsylvania","state_ab":"PA","county":"Montgomery","geo_location":{ "type": "Point", "coordinates": [-75.2594, 40.0177] }},
{"zip_code":"19405","country":"US","city":"Bridgeport","state":"Pennsylvania","state_ab":"PA","county":"Montgomery","geo_location":{ "type": "Point", "coordinates": [-75.3402, 40.103] }},
{"zip_code":"19472","country":"US","city":"Sassamansville","state":"Pennsylvania","state_ab":"PA","county":"Montgomery","geo_location":{ "type": "Point", "coordinates": [-75.5775, 40.3448] }},
{"zip_code":"19485","country":"US","city":"Valley Forge","state":"Pennsylvania","state_ab":"PA","county":"Montgomery","geo_location":{ "type": "Point", "coordinates": [-75.3559, 40.2119] }},
{"zip_code":"18002","country":"US","city":"Lehigh Valley","state":"Pennsylvania","state_ab":"PA","county":"Northampton","geo_location":{ "type": "Point", "coordinates": [-75.4262, 40.6656] }},
{"zip_code":"18015","country":"US","city":"Bethlehem","state":"Pennsylvania","state_ab":"PA","county":"Northampton","geo_location":{ "type": "Point", "coordinates": [-75.3805, 40.6002] }},
{"zip_code":"18042","country":"US","city":"Easton","state":"Pennsylvania","state_ab":"PA","county":"Northampton","geo_location":{ "type": "Point", "coordinates": [-75.224, 40.6516] }},
{"zip_code":"18055","country":"US","city":"Hellertown","state":"Pennsylvania","state_ab":"PA","county":"Northampton","geo_location":{ "type": "Point", "coordinates": [-75.3255, 40.5817] }},
{"zip_code":"17825","country":"US","city":"Excelsior","state":"Pennsylvania","state_ab":"PA","county":"Northumberland","geo_location":{ "type": "Point", "coordinates": [-76.6646, 40.8896] }},
{"zip_code":"17865","country":"US","city":"Potts Grove","state":"Pennsylvania","state_ab":"PA","county":"Northumberland","geo_location":{ "type": "Point", "coordinates": [-76.6646, 40.8896] }},
{"zip_code":"19108","country":"US","city":"Philadelphia","state":"Pennsylvania","state_ab":"PA","county":"Philadelphia","geo_location":{ "type": "Point", "coordinates": [-75.1616, 39.9598] }},
{"zip_code":"19122","country":"US","city":"Philadelphia","state":"Pennsylvania","state_ab":"PA","county":"Philadelphia","geo_location":{ "type": "Point", "coordinates": [-75.1459, 39.978] }},
{"zip_code":"19135","country":"US","city":"Philadelphia","state":"Pennsylvania","state_ab":"PA","county":"Philadelphia","geo_location":{ "type": "Point", "coordinates": [-75.0518, 40.0247] }},
{"zip_code":"19148","country":"US","city":"Philadelphia","state":"Pennsylvania","state_ab":"PA","county":"Philadelphia","geo_location":{ "type": "Point", "coordinates": [-75.1595, 39.9207] }},
{"zip_code":"19162","country":"US","city":"Philadelphia","state":"Pennsylvania","state_ab":"PA","county":"Philadelphia","geo_location":{ "type": "Point", "coordinates": [-75.1179, 40.0018] }},
{"zip_code":"19175","country":"US","city":"Philadelphia","state":"Pennsylvania","state_ab":"PA","county":"Philadelphia","geo_location":{ "type": "Point", "coordinates": [-75.1296, 39.9906] }},
{"zip_code":"19188","country":"US","city":"Philadelphia","state":"Pennsylvania","state_ab":"PA","county":"Philadelphia","geo_location":{ "type": "Point", "coordinates": [-75.1179, 40.0018] }},
{"zip_code":"17942","country":"US","city":"Landingville","state":"Pennsylvania","state_ab":"PA","county":"Schuylkill","geo_location":{ "type": "Point", "coordinates": [-76.2296, 40.7226] }},
{"zip_code":"17968","country":"US","city":"Sacramento","state":"Pennsylvania","state_ab":"PA","county":"Schuylkill","geo_location":{ "type": "Point", "coordinates": [-76.6128, 40.6352] }},
{"zip_code":"17982","country":"US","city":"Tuscarora","state":"Pennsylvania","state_ab":"PA","county":"Schuylkill","geo_location":{ "type": "Point", "coordinates": [-76.0134, 40.7815] }},
{"zip_code":"18248","country":"US","city":"Sheppton","state":"Pennsylvania","state_ab":"PA","county":"Schuylkill","geo_location":{ "type": "Point", "coordinates": [-76.1188, 40.902] }},
{"zip_code":"17812","country":"US","city":"Beaver Springs","state":"Pennsylvania","state_ab":"PA","county":"Snyder","geo_location":{ "type": "Point", "coordinates": [-77.2318, 40.7528] }},
{"zip_code":"15485","country":"US","city":"Ursina","state":"Pennsylvania","state_ab":"PA","county":"Somerset","geo_location":{ "type": "Point", "coordinates": [-79.3306, 39.8173] }},
{"zip_code":"15548","country":"US","city":"Kantner","state":"Pennsylvania","state_ab":"PA","county":"Somerset","geo_location":{ "type": "Point", "coordinates": [-78.9387, 40.1011] }},
{"zip_code":"15562","country":"US","city":"Springs","state":"Pennsylvania","state_ab":"PA","county":"Somerset","geo_location":{ "type": "Point", "coordinates": [-79.1237, 39.748] }},
{"zip_code":"15935","country":"US","city":"Hollsopple","state":"Pennsylvania","state_ab":"PA","county":"Somerset","geo_location":{ "type": "Point", "coordinates": [-78.9515, 40.2343] }},
{"zip_code":"18828","country":"US","city":"Lawton","state":"Pennsylvania","state_ab":"PA","county":"Susquehanna","geo_location":{ "type": "Point", "coordinates": [-76.0912, 41.7573] }},
{"zip_code":"18842","country":"US","city":"South Gibson","state":"Pennsylvania","state_ab":"PA","county":"Susquehanna","geo_location":{ "type": "Point", "coordinates": [-75.8046, 41.8203] }},
{"zip_code":"16912","country":"US","city":"Blossburg","state":"Pennsylvania","state_ab":"PA","county":"Tioga","geo_location":{ "type": "Point", "coordinates": [-77.0797, 41.6698] }},
{"zip_code":"16938","country":"US","city":"Morris","state":"Pennsylvania","state_ab":"PA","county":"Tioga","geo_location":{ "type": "Point", "coordinates": [-77.292, 41.5475] }},
{"zip_code":"16372","country":"US","city":"Clintonville","state":"Pennsylvania","state_ab":"PA","county":"Venango","geo_location":{ "type": "Point", "coordinates": [-79.8734, 41.2002] }},
{"zip_code":"16345","country":"US","city":"Russell","state":"Pennsylvania","state_ab":"PA","county":"Warren","geo_location":{ "type": "Point", "coordinates": [-79.1271, 41.9461] }},
{"zip_code":"15342","country":"US","city":"Houston","state":"Pennsylvania","state_ab":"PA","county":"Washington","geo_location":{ "type": "Point", "coordinates": [-80.2209, 40.2425] }},
{"zip_code":"15368","country":"US","city":"Vestaburg","state":"Pennsylvania","state_ab":"PA","county":"Washington","geo_location":{ "type": "Point", "coordinates": [-79.9889, 40.0144] }},
{"zip_code":"15432","country":"US","city":"Dunlevy","state":"Pennsylvania","state_ab":"PA","county":"Washington","geo_location":{ "type": "Point", "coordinates": [-79.8627, 40.1151] }},
{"zip_code":"18415","country":"US","city":"Damascus","state":"Pennsylvania","state_ab":"PA","county":"Wayne","geo_location":{ "type": "Point", "coordinates": [-75.1312, 41.7366] }},
{"zip_code":"18428","country":"US","city":"Hawley","state":"Pennsylvania","state_ab":"PA","county":"Wayne","geo_location":{ "type": "Point", "coordinates": [-75.1978, 41.4787] }},
{"zip_code":"18455","country":"US","city":"Preston Park","state":"Pennsylvania","state_ab":"PA","county":"Wayne","geo_location":{ "type": "Point", "coordinates": [-75.356, 41.8867] }},
{"zip_code":"15072","country":"US","city":"Pricedale","state":"Pennsylvania","state_ab":"PA","county":"Westmoreland","geo_location":{ "type": "Point", "coordinates": [-79.8562, 40.1393] }},
{"zip_code":"15085","country":"US","city":"Trafford","state":"Pennsylvania","state_ab":"PA","county":"Westmoreland","geo_location":{ "type": "Point", "coordinates": [-79.7223, 40.3857] }},
{"zip_code":"15612","country":"US","city":"Alverton","state":"Pennsylvania","state_ab":"PA","county":"Westmoreland","geo_location":{ "type": "Point", "coordinates": [-79.5997, 40.1373] }},
{"zip_code":"15625","country":"US","city":"Darragh","state":"Pennsylvania","state_ab":"PA","county":"Westmoreland","geo_location":{ "type": "Point", "coordinates": [-79.4398, 40.3602] }},
{"zip_code":"15638","country":"US","city":"Hostetter","state":"Pennsylvania","state_ab":"PA","county":"Westmoreland","geo_location":{ "type": "Point", "coordinates": [-79.1431, 40.2611] }},
{"zip_code":"15665","country":"US","city":"Manor","state":"Pennsylvania","state_ab":"PA","county":"Westmoreland","geo_location":{ "type": "Point", "coordinates": [-79.6607, 40.3359] }},
{"zip_code":"15678","country":"US","city":"Rillton","state":"Pennsylvania","state_ab":"PA","county":"Westmoreland","geo_location":{ "type": "Point", "coordinates": [-79.7262, 40.2872] }},
{"zip_code":"15692","country":"US","city":"Westmoreland City","state":"Pennsylvania","state_ab":"PA","county":"Westmoreland","geo_location":{ "type": "Point", "coordinates": [-79.6806, 40.3294] }},
{"zip_code":"17322","country":"US","city":"Felton","state":"Pennsylvania","state_ab":"PA","county":"York","geo_location":{ "type": "Point", "coordinates": [-76.5937, 39.836] }},
{"zip_code":"17362","country":"US","city":"Spring Grove","state":"Pennsylvania","state_ab":"PA","county":"York","geo_location":{ "type": "Point", "coordinates": [-76.8774, 39.8572] }},
{"zip_code":"2872","country":"US","city":"Prudence Island","state":"Rhode Island","state_ab":"RI","county":"Bristol","geo_location":{ "type": "Point", "coordinates": [-71.2868, 41.7071] }},
{"zip_code":"2885","country":"US","city":"Warren","state":"Rhode Island","state_ab":"RI","county":"Bristol","geo_location":{ "type": "Point", "coordinates": [-71.2702, 41.7256] }},
{"zip_code":"2818","country":"US","city":"East Greenwich","state":"Rhode Island","state_ab":"RI","county":"Kent","geo_location":{ "type": "Point", "coordinates": [-71.474, 41.6498] }},
{"zip_code":"2858","country":"US","city":"Oakland","state":"Rhode Island","state_ab":"RI","county":"Providence","geo_location":{ "type": "Point", "coordinates": [-71.6429, 41.9636] }},
{"zip_code":"2908","country":"US","city":"Providence","state":"Rhode Island","state_ab":"RI","county":"Providence","geo_location":{ "type": "Point", "coordinates": [-71.4377, 41.8383] }},
{"zip_code":"2832","country":"US","city":"Hope Valley","state":"Rhode Island","state_ab":"RI","county":"Washington","geo_location":{ "type": "Point", "coordinates": [-71.7339, 41.5096] }},
{"zip_code":"2898","country":"US","city":"Wyoming","state":"Rhode Island","state_ab":"RI","county":"Washington","geo_location":{ "type": "Point", "coordinates": [-71.663, 41.5041] }},
{"zip_code":"29628","country":"US","city":"Calhoun Falls","state":"South Carolina","state_ab":"SC","county":"Abbeville","geo_location":{ "type": "Point", "coordinates": [-82.5805, 34.0999] }},
{"zip_code":"29808","country":"US","city":"Aiken","state":"South Carolina","state_ab":"SC","county":"Aiken","geo_location":{ "type": "Point", "coordinates": [-81.5999, 33.5377] }},
{"zip_code":"29822","country":"US","city":"Clearwater","state":"South Carolina","state_ab":"SC","county":"Aiken","geo_location":{ "type": "Point", "coordinates": [-81.8649, 33.4997] }},
{"zip_code":"29655","country":"US","city":"Iva","state":"South Carolina","state_ab":"SC","county":"Anderson","geo_location":{ "type": "Point", "coordinates": [-82.6574, 34.3198] }},
{"zip_code":"29925","country":"US","city":"Hilton Head Island","state":"South Carolina","state_ab":"SC","county":"Beaufort","geo_location":{ "type": "Point", "coordinates": [-80.7997, 32.2132] }},
{"zip_code":"29938","country":"US","city":"Hilton Head Island","state":"South Carolina","state_ab":"SC","county":"Beaufort","geo_location":{ "type": "Point", "coordinates": [-80.661, 32.3906] }},
{"zip_code":"29408","country":"US","city":"Charleston","state":"South Carolina","state_ab":"SC","county":"Charleston County","geo_location":{ "type": "Point", "coordinates": [-79.931, 32.7762] }},
{"zip_code":"29422","country":"US","city":"Charleston","state":"South Carolina","state_ab":"SC","county":"Charleston","geo_location":{ "type": "Point", "coordinates": [-79.8577, 32.8488] }},
{"zip_code":"29718","country":"US","city":"Jefferson","state":"South Carolina","state_ab":"SC","county":"Chesterfield","geo_location":{ "type": "Point", "coordinates": [-80.3639, 34.6546] }},
{"zip_code":"29435","country":"US","city":"Cottageville","state":"South Carolina","state_ab":"SC","county":"Colleton","geo_location":{ "type": "Point", "coordinates": [-80.4794, 32.9612] }},
{"zip_code":"29475","country":"US","city":"Ruffin","state":"South Carolina","state_ab":"SC","county":"Colleton","geo_location":{ "type": "Point", "coordinates": [-80.8137, 33.0103] }},
{"zip_code":"29488","country":"US","city":"Walterboro","state":"South Carolina","state_ab":"SC","county":"Colleton","geo_location":{ "type": "Point", "coordinates": [-80.7032, 32.9252] }},
{"zip_code":"29565","country":"US","city":"Latta","state":"South Carolina","state_ab":"SC","county":"Dillon","geo_location":{ "type": "Point", "coordinates": [-79.4417, 34.3398] }},
{"zip_code":"29448","country":"US","city":"Harleyville","state":"South Carolina","state_ab":"SC","county":"Dorchester","geo_location":{ "type": "Point", "coordinates": [-80.4501, 33.2205] }},
{"zip_code":"29602","country":"US","city":"Greenville","state":"South Carolina","state_ab":"SC","county":"Greenville","geo_location":{ "type": "Point", "coordinates": [-82.3956, 34.8007] }},
{"zip_code":"29615","country":"US","city":"Greenville","state":"South Carolina","state_ab":"SC","county":"Greenville","geo_location":{ "type": "Point", "coordinates": [-82.3198, 34.8661] }},
{"zip_code":"29695","country":"US","city":"Hodges","state":"South Carolina","state_ab":"SC","county":"Greenwood","geo_location":{ "type": "Point", "coordinates": [-82.3047, 34.2186] }},
{"zip_code":"29848","country":"US","city":"Troy","state":"South Carolina","state_ab":"SC","county":"Greenwood","geo_location":{ "type": "Point", "coordinates": [-82.151, 33.9961] }},
{"zip_code":"29578","country":"US","city":"Myrtle Beach","state":"South Carolina","state_ab":"SC","county":"Horry","geo_location":{ "type": "Point", "coordinates": [-78.9996, 33.7389] }},
{"zip_code":"29912","country":"US","city":"Coosawatchie","state":"South Carolina","state_ab":"SC","county":"Jasper","geo_location":{ "type": "Point", "coordinates": [-80.9307, 32.5827] }},
{"zip_code":"29332","country":"US","city":"Cross Hill","state":"South Carolina","state_ab":"SC","county":"Laurens","geo_location":{ "type": "Point", "coordinates": [-81.9843, 34.2693] }},
{"zip_code":"29228","country":"US","city":"Columbia","state":"South Carolina","state_ab":"SC","county":"Lexington","geo_location":{ "type": "Point", "coordinates": [-81.2483, 33.9252] }},
{"zip_code":"29835","country":"US","city":"Mc Cormick","state":"South Carolina","state_ab":"SC","county":"McCormick","geo_location":{ "type": "Point", "coordinates": [-82.2719, 33.9146] }},
{"zip_code":"29592","country":"US","city":"Sellers","state":"South Carolina","state_ab":"SC","county":"Marion","geo_location":{ "type": "Point", "coordinates": [-79.4783, 34.258] }},
{"zip_code":"29512","country":"US","city":"Bennettsville","state":"South Carolina","state_ab":"SC","county":"Marlboro","geo_location":{ "type": "Point", "coordinates": [-79.6898, 34.6255] }},
{"zip_code":"29525","country":"US","city":"Clio","state":"South Carolina","state_ab":"SC","county":"Marlboro","geo_location":{ "type": "Point", "coordinates": [-79.5453, 34.5805] }},
{"zip_code":"29075","country":"US","city":"Little Mountain","state":"South Carolina","state_ab":"SC","county":"Newberry","geo_location":{ "type": "Point", "coordinates": [-81.4184, 34.1676] }},
{"zip_code":"29178","country":"US","city":"Whitmire","state":"South Carolina","state_ab":"SC","county":"Newberry","geo_location":{ "type": "Point", "coordinates": [-81.606, 34.4955] }},
{"zip_code":"29048","country":"US","city":"Eutawville","state":"South Carolina","state_ab":"SC","county":"Orangeburg","geo_location":{ "type": "Point", "coordinates": [-80.32, 33.3922] }},
{"zip_code":"29112","country":"US","city":"North","state":"South Carolina","state_ab":"SC","county":"Orangeburg","geo_location":{ "type": "Point", "coordinates": [-81.0601, 33.6211] }},
{"zip_code":"29642","country":"US","city":"Easley","state":"South Carolina","state_ab":"SC","county":"Pickens","geo_location":{ "type": "Point", "coordinates": [-82.5937, 34.7901] }},
{"zip_code":"29682","country":"US","city":"Six Mile","state":"South Carolina","state_ab":"SC","county":"Pickens","geo_location":{ "type": "Point", "coordinates": [-82.8278, 34.8283] }},
{"zip_code":"29202","country":"US","city":"Columbia","state":"South Carolina","state_ab":"SC","county":"Richland","geo_location":{ "type": "Point", "coordinates": [-80.9797, 33.9625] }},
{"zip_code":"29215","country":"US","city":"Columbia","state":"South Carolina","state_ab":"SC","county":"Richland","geo_location":{ "type": "Point", "coordinates": [-80.9708, 34.006] }},
{"zip_code":"29138","country":"US","city":"Saluda","state":"South Carolina","state_ab":"SC","county":"Saluda","geo_location":{ "type": "Point", "coordinates": [-81.7754, 34.0175] }},
{"zip_code":"29305","country":"US","city":"Spartanburg","state":"South Carolina","state_ab":"SC","county":"Spartanburg","geo_location":{ "type": "Point", "coordinates": [-82.1055, 35.1114] }},
{"zip_code":"29318","country":"US","city":"Spartanburg","state":"South Carolina","state_ab":"SC","county":"Spartanburg","geo_location":{ "type": "Point", "coordinates": [-81.969, 34.8882] }},
{"zip_code":"29372","country":"US","city":"Pacolet","state":"South Carolina","state_ab":"SC","county":"Spartanburg","geo_location":{ "type": "Point", "coordinates": [-81.7587, 34.9017] }},
{"zip_code":"29385","country":"US","city":"Wellford","state":"South Carolina","state_ab":"SC","county":"Spartanburg","geo_location":{ "type": "Point", "coordinates": [-82.0927, 34.9514] }},
{"zip_code":"29062","country":"US","city":"Horatio","state":"South Carolina","state_ab":"SC","county":"Sumter","geo_location":{ "type": "Point", "coordinates": [-80.5676, 34.0126] }},
{"zip_code":"29125","country":"US","city":"Pinewood","state":"South Carolina","state_ab":"SC","county":"Sumter","geo_location":{ "type": "Point", "coordinates": [-80.4978, 33.7642] }},
{"zip_code":"29152","country":"US","city":"Shaw A F B","state":"South Carolina","state_ab":"SC","county":"Sumter","geo_location":{ "type": "Point", "coordinates": [-80.4811, 33.9803] }},
{"zip_code":"29732","country":"US","city":"Rock Hill","state":"South Carolina","state_ab":"SC","county":"York","geo_location":{ "type": "Point", "coordinates": [-81.0489, 34.9681] }},
{"zip_code":"29745","country":"US","city":"York","state":"South Carolina","state_ab":"SC","county":"York","geo_location":{ "type": "Point", "coordinates": [-81.2245, 34.9947] }},
{"zip_code":"57375","country":"US","city":"Stickney","state":"South Dakota","state_ab":"SD","county":"Aurora","geo_location":{ "type": "Point", "coordinates": [-98.5088, 43.5842] }},
{"zip_code":"57348","country":"US","city":"Hitchcock","state":"South Dakota","state_ab":"SD","county":"Beadle","geo_location":{ "type": "Point", "coordinates": [-98.4509, 44.5834] }},
{"zip_code":"57762","country":"US","city":"Nisland","state":"South Dakota","state_ab":"SD","county":"Butte","geo_location":{ "type": "Point", "coordinates": [-103.5402, 44.6665] }},
{"zip_code":"57788","country":"US","city":"Vale","state":"South Dakota","state_ab":"SD","county":"Butte","geo_location":{ "type": "Point", "coordinates": [-103.3795, 44.6222] }},
{"zip_code":"57632","country":"US","city":"Herreid","state":"South Dakota","state_ab":"SD","county":"Campbell","geo_location":{ "type": "Point", "coordinates": [-100.049, 45.8452] }},
{"zip_code":"57258","country":"US","city":"Raymond","state":"South Dakota","state_ab":"SD","county":"Clark","geo_location":{ "type": "Point", "coordinates": [-97.9168, 44.8637] }},
{"zip_code":"57322","country":"US","city":"Carpenter","state":"South Dakota","state_ab":"SD","county":"Clark","geo_location":{ "type": "Point", "coordinates": [-97.9168, 44.6648] }},
{"zip_code":"57245","country":"US","city":"Kranzburg","state":"South Dakota","state_ab":"SD","county":"Codington","geo_location":{ "type": "Point", "coordinates": [-96.9174, 44.8923] }},
{"zip_code":"57272","country":"US","city":"Wallace","state":"South Dakota","state_ab":"SD","county":"Codington","geo_location":{ "type": "Point", "coordinates": [-97.4458, 45.0815] }},
{"zip_code":"57645","country":"US","city":"Morristown","state":"South Dakota","state_ab":"SD","county":"Corson","geo_location":{ "type": "Point", "coordinates": [-101.6998, 45.9006] }},
{"zip_code":"57658","country":"US","city":"Wakpala","state":"South Dakota","state_ab":"SD","county":"Corson","geo_location":{ "type": "Point", "coordinates": [-100.5332, 45.7006] }},
{"zip_code":"57722","country":"US","city":"Buffalo Gap","state":"South Dakota","state_ab":"SD","county":"Custer","geo_location":{ "type": "Point", "coordinates": [-103.3157, 43.4958] }},
{"zip_code":"57218","country":"US","city":"Brandt","state":"South Dakota","state_ab":"SD","county":"Deuel","geo_location":{ "type": "Point", "coordinates": [-96.6435, 44.6738] }},
{"zip_code":"57735","country":"US","city":"Edgemont","state":"South Dakota","state_ab":"SD","county":"Fall River","geo_location":{ "type": "Point", "coordinates": [-103.811, 43.2874] }},
{"zip_code":"57438","country":"US","city":"Faulkton","state":"South Dakota","state_ab":"SD","county":"Faulk","geo_location":{ "type": "Point", "coordinates": [-99.1954, 45.0855] }},
{"zip_code":"57335","country":"US","city":"Fairfax","state":"South Dakota","state_ab":"SD","county":"Gregory","geo_location":{ "type": "Point", "coordinates": [-98.8308, 43.0351] }},
{"zip_code":"57362","country":"US","city":"Miller","state":"South Dakota","state_ab":"SD","county":"Hand","geo_location":{ "type": "Point", "coordinates": [-98.9894, 44.4966] }},
{"zip_code":"57052","country":"US","city":"Olivet","state":"South Dakota","state_ab":"SD","county":"Hutchinson","geo_location":{ "type": "Point", "coordinates": [-97.7184, 43.2928] }},
{"zip_code":"57542","country":"US","city":"Iona","state":"South Dakota","state_ab":"SD","county":"Lyman","geo_location":{ "type": "Point", "coordinates": [-99.4881, 43.5758] }},
{"zip_code":"57568","country":"US","city":"Presho","state":"South Dakota","state_ab":"SD","county":"Lyman","geo_location":{ "type": "Point", "coordinates": [-100.0746, 43.8995] }},
{"zip_code":"57012","country":"US","city":"Canistota","state":"South Dakota","state_ab":"SD","county":"McCook","geo_location":{ "type": "Point", "coordinates": [-97.2889, 43.5856] }},
{"zip_code":"57232","country":"US","city":"Eden","state":"South Dakota","state_ab":"SD","county":"Marshall","geo_location":{ "type": "Point", "coordinates": [-97.3741, 45.6211] }},
{"zip_code":"57708","country":"US","city":"Bethlehem","state":"South Dakota","state_ab":"SD","county":"Meade","geo_location":{ "type": "Point", "coordinates": [-103.4201, 44.2711] }},
{"zip_code":"57748","country":"US","city":"Howes","state":"South Dakota","state_ab":"SD","county":"Meade","geo_location":{ "type": "Point", "coordinates": [-102.0229, 44.5838] }},
{"zip_code":"57102","country":"US","city":"Sioux Falls","state":"South Dakota","state_ab":"SD","county":"Minnehaha County","geo_location":{ "type": "Point", "coordinates": [-96.7266, 43.5467] }},
{"zip_code":"57115","country":"US","city":"Buffalo Ridge","state":"South Dakota","state_ab":"SD","county":"Minnehaha","geo_location":{ "type": "Point", "coordinates": [-96.8685, 43.5219] }},
{"zip_code":"57195","country":"US","city":"Sioux Falls","state":"South Dakota","state_ab":"SD","county":"Minnehaha","geo_location":{ "type": "Point", "coordinates": [-96.7913, 43.6746] }},
{"zip_code":"57065","country":"US","city":"Trent","state":"South Dakota","state_ab":"SD","county":"Moody","geo_location":{ "type": "Point", "coordinates": [-96.6326, 43.8942] }},
{"zip_code":"57775","country":"US","city":"Quinn","state":"South Dakota","state_ab":"SD","county":"Pennington","geo_location":{ "type": "Point", "coordinates": [-102.0159, 44.1035] }},
{"zip_code":"57465","country":"US","city":"Northville","state":"South Dakota","state_ab":"SD","county":"Spink","geo_location":{ "type": "Point", "coordinates": [-98.6589, 45.1611] }},
{"zip_code":"57555","country":"US","city":"Mission","state":"South Dakota","state_ab":"SD","county":"Todd","geo_location":{ "type": "Point", "coordinates": [-100.5954, 43.285] }},
{"zip_code":"57528","country":"US","city":"Colome","state":"South Dakota","state_ab":"SD","county":"Tripp","geo_location":{ "type": "Point", "coordinates": [-99.6933, 43.2273] }},
{"zip_code":"57025","country":"US","city":"Elk Point","state":"South Dakota","state_ab":"SD","county":"Union","geo_location":{ "type": "Point", "coordinates": [-96.687, 42.7382] }},
{"zip_code":"57038","country":"US","city":"Jefferson","state":"South Dakota","state_ab":"SD","county":"Union","geo_location":{ "type": "Point", "coordinates": [-96.5784, 42.6013] }},
{"zip_code":"57452","country":"US","city":"Java","state":"South Dakota","state_ab":"SD","county":"Walworth","geo_location":{ "type": "Point", "coordinates": [-99.822, 45.4492] }},
{"zip_code":"57078","country":"US","city":"Yankton","state":"South Dakota","state_ab":"SD","county":"Yankton","geo_location":{ "type": "Point", "coordinates": [-97.3986, 42.8821] }},
{"zip_code":"37162","country":"US","city":"Shelbyville","state":"Tennessee","state_ab":"TN","county":"Bedford","geo_location":{ "type": "Point", "coordinates": [-86.45, 35.5108] }},
{"zip_code":"38318","country":"US","city":"Buena Vista","state":"Tennessee","state_ab":"TN","county":"Carroll","geo_location":{ "type": "Point", "coordinates": [-88.2926, 35.9431] }},
{"zip_code":"38332","country":"US","city":"Enville","state":"Tennessee","state_ab":"TN","county":"Chester","geo_location":{ "type": "Point", "coordinates": [-88.4206, 35.4393] }},
{"zip_code":"37715","country":"US","city":"Clairfield","state":"Tennessee","state_ab":"TN","county":"Claiborne","geo_location":{ "type": "Point", "coordinates": [-83.9397, 36.565] }},
{"zip_code":"37018","country":"US","city":"Beechgrove","state":"Tennessee","state_ab":"TN","county":"Coffee","geo_location":{ "type": "Point", "coordinates": [-86.2046, 35.6447] }},
{"zip_code":"37342","country":"US","city":"Hillsboro","state":"Tennessee","state_ab":"TN","county":"Coffee","geo_location":{ "type": "Point", "coordinates": [-85.9724, 35.3699] }},
{"zip_code":"37355","country":"US","city":"Manchester","state":"Tennessee","state_ab":"TN","county":"Coffee","geo_location":{ "type": "Point", "coordinates": [-86.0816, 35.4958] }},
{"zip_code":"37382","country":"US","city":"Summitville","state":"Tennessee","state_ab":"TN","county":"Coffee","geo_location":{ "type": "Point", "coordinates": [-86.0748, 35.4976] }},
{"zip_code":"38578","country":"US","city":"Pleasant Hill","state":"Tennessee","state_ab":"TN","county":"Cumberland","geo_location":{ "type": "Point", "coordinates": [-85.1984, 35.9813] }},
{"zip_code":"37072","country":"US","city":"Goodlettsville","state":"Tennessee","state_ab":"TN","county":"Davidson","geo_location":{ "type": "Point", "coordinates": [-86.7212, 36.3417] }},
{"zip_code":"37212","country":"US","city":"Nashville","state":"Tennessee","state_ab":"TN","county":"Davidson","geo_location":{ "type": "Point", "coordinates": [-86.8006, 36.1337] }},
{"zip_code":"37238","country":"US","city":"Nashville","state":"Tennessee","state_ab":"TN","county":"Davidson","geo_location":{ "type": "Point", "coordinates": [-86.7852, 36.1866] }},
{"zip_code":"38048","country":"US","city":"Macon","state":"Tennessee","state_ab":"TN","county":"Fayette","geo_location":{ "type": "Point", "coordinates": [-89.4814, 35.1507] }},
{"zip_code":"38565","country":"US","city":"Grimsley","state":"Tennessee","state_ab":"TN","county":"Fentress","geo_location":{ "type": "Point", "coordinates": [-85.0015, 36.2598] }},
{"zip_code":"38358","country":"US","city":"Milan","state":"Tennessee","state_ab":"TN","county":"Gibson","geo_location":{ "type": "Point", "coordinates": [-88.7688, 35.9251] }},
{"zip_code":"37818","country":"US","city":"Mosheim","state":"Tennessee","state_ab":"TN","county":"Greene","geo_location":{ "type": "Point", "coordinates": [-82.9674, 36.1839] }},
{"zip_code":"37302","country":"US","city":"Apison","state":"Tennessee","state_ab":"TN","county":"Hamilton","geo_location":{ "type": "Point", "coordinates": [-85.0164, 35.0149] }},
{"zip_code":"37315","country":"US","city":"Collegedale","state":"Tennessee","state_ab":"TN","county":"Hamilton","geo_location":{ "type": "Point", "coordinates": [-85.0574, 35.0479] }},
{"zip_code":"37405","country":"US","city":"Chattanooga","state":"Tennessee","state_ab":"TN","county":"Hamilton","geo_location":{ "type": "Point", "coordinates": [-85.3082, 35.0768] }},
{"zip_code":"38008","country":"US","city":"Bolivar","state":"Tennessee","state_ab":"TN","county":"Hardeman","geo_location":{ "type": "Point", "coordinates": [-89.0007, 35.2461] }},
{"zip_code":"38075","country":"US","city":"Whiteville","state":"Tennessee","state_ab":"TN","county":"Hardeman","geo_location":{ "type": "Point", "coordinates": [-89.1337, 35.3191] }},
{"zip_code":"38372","country":"US","city":"Savannah","state":"Tennessee","state_ab":"TN","county":"Hardin","geo_location":{ "type": "Point", "coordinates": [-88.2005, 35.2023] }},
{"zip_code":"38475","country":"US","city":"Olivehill","state":"Tennessee","state_ab":"TN","county":"Hardin","geo_location":{ "type": "Point", "coordinates": [-88.039, 35.2667] }},
{"zip_code":"38345","country":"US","city":"Huron","state":"Tennessee","state_ab":"TN","county":"Henderson","geo_location":{ "type": "Point", "coordinates": [-88.5195, 35.6144] }},
{"zip_code":"38242","country":"US","city":"Paris","state":"Tennessee","state_ab":"TN","county":"Henry","geo_location":{ "type": "Point", "coordinates": [-88.3093, 36.3005] }},
{"zip_code":"37098","country":"US","city":"Lyles","state":"Tennessee","state_ab":"TN","county":"Hickman","geo_location":{ "type": "Point", "coordinates": [-87.3127, 35.8502] }},
{"zip_code":"37175","country":"US","city":"Stewart","state":"Tennessee","state_ab":"TN","county":"Houston","geo_location":{ "type": "Point", "coordinates": [-87.8725, 36.3241] }},
{"zip_code":"37922","country":"US","city":"Knoxville","state":"Tennessee","state_ab":"TN","county":"Knox","geo_location":{ "type": "Point", "coordinates": [-84.1194, 35.858] }},
{"zip_code":"38462","country":"US","city":"Hohenwald","state":"Tennessee","state_ab":"TN","county":"Lewis","geo_location":{ "type": "Point", "coordinates": [-87.4891, 35.5266] }},
{"zip_code":"37328","country":"US","city":"Elora","state":"Tennessee","state_ab":"TN","county":"Lincoln","geo_location":{ "type": "Point", "coordinates": [-86.3481, 35.0295] }},
{"zip_code":"38488","country":"US","city":"Taft","state":"Tennessee","state_ab":"TN","county":"Lincoln","geo_location":{ "type": "Point", "coordinates": [-86.6447, 35.0517] }},
{"zip_code":"37742","country":"US","city":"Greenback","state":"Tennessee","state_ab":"TN","county":"Loudon","geo_location":{ "type": "Point", "coordinates": [-84.171, 35.6567] }},
{"zip_code":"38305","country":"US","city":"Jackson","state":"Tennessee","state_ab":"TN","county":"Madison","geo_location":{ "type": "Point", "coordinates": [-88.8281, 35.6829] }},
{"zip_code":"37885","country":"US","city":"Vonore","state":"Tennessee","state_ab":"TN","county":"Monroe","geo_location":{ "type": "Point", "coordinates": [-84.1778, 35.5354] }},
{"zip_code":"37845","country":"US","city":"Petros","state":"Tennessee","state_ab":"TN","county":"Morgan","geo_location":{ "type": "Point", "coordinates": [-84.443, 36.0814] }},
{"zip_code":"37872","country":"US","city":"Sunbright","state":"Tennessee","state_ab":"TN","county":"Morgan","geo_location":{ "type": "Point", "coordinates": [-84.6984, 36.2622] }},
{"zip_code":"37395","country":"US","city":"Watts Bar Dam","state":"Tennessee","state_ab":"TN","county":"Rhea","geo_location":{ "type": "Point", "coordinates": [-84.9289, 35.6172] }},
{"zip_code":"37032","country":"US","city":"Cedar Hill","state":"Tennessee","state_ab":"TN","county":"Robertson","geo_location":{ "type": "Point", "coordinates": [-87.0275, 36.5062] }},
{"zip_code":"37188","country":"US","city":"White House","state":"Tennessee","state_ab":"TN","county":"Robertson","geo_location":{ "type": "Point", "coordinates": [-86.6705, 36.46] }},
{"zip_code":"37085","country":"US","city":"Lascassas","state":"Tennessee","state_ab":"TN","county":"Rutherford","geo_location":{ "type": "Point", "coordinates": [-86.3112, 35.9495] }},
{"zip_code":"37755","country":"US","city":"Helenwood","state":"Tennessee","state_ab":"TN","county":"Scott","geo_location":{ "type": "Point", "coordinates": [-84.5381, 36.4329] }},
{"zip_code":"38088","country":"US","city":"Cordova","state":"Tennessee","state_ab":"TN","county":"Shelby","geo_location":{ "type": "Point", "coordinates": [-89.9715, 35.2017] }},
{"zip_code":"38112","country":"US","city":"Memphis","state":"Tennessee","state_ab":"TN","county":"Shelby","geo_location":{ "type": "Point", "coordinates": [-89.9729, 35.1483] }},
{"zip_code":"38125","country":"US","city":"Memphis","state":"Tennessee","state_ab":"TN","county":"Shelby","geo_location":{ "type": "Point", "coordinates": [-89.8124, 35.0312] }},
{"zip_code":"38138","country":"US","city":"Germantown","state":"Tennessee","state_ab":"TN","county":"Shelby","geo_location":{ "type": "Point", "coordinates": [-89.8053, 35.0883] }},
{"zip_code":"38152","country":"US","city":"Memphis","state":"Tennessee","state_ab":"TN","county":"Shelby","geo_location":{ "type": "Point", "coordinates": [-89.9715, 35.2017] }},
{"zip_code":"38165","country":"US","city":"Memphis","state":"Tennessee","state_ab":"TN","county":"Shelby","geo_location":{ "type": "Point", "coordinates": [-89.9715, 35.2017] }},
{"zip_code":"38552","country":"US","city":"Chestnut Mound","state":"Tennessee","state_ab":"TN","county":"Smith","geo_location":{ "type": "Point", "coordinates": [-85.8374, 36.1929] }},
{"zip_code":"37058","country":"US","city":"Dover","state":"Tennessee","state_ab":"TN","county":"Stewart","geo_location":{ "type": "Point", "coordinates": [-87.8787, 36.4942] }},
{"zip_code":"37625","country":"US","city":"Bristol","state":"Tennessee","state_ab":"TN","county":"Sullivan","geo_location":{ "type": "Point", "coordinates": [-82.2645, 36.5042] }},
{"zip_code":"37665","country":"US","city":"Kingsport","state":"Tennessee","state_ab":"TN","county":"Sullivan","geo_location":{ "type": "Point", "coordinates": [-82.5733, 36.5799] }},
{"zip_code":"37148","country":"US","city":"Portland","state":"Tennessee","state_ab":"TN","county":"Sumner","geo_location":{ "type": "Point", "coordinates": [-86.5059, 36.5673] }},
{"zip_code":"37692","country":"US","city":"Unicoi","state":"Tennessee","state_ab":"TN","county":"Unicoi","geo_location":{ "type": "Point", "coordinates": [-82.322, 36.2066] }},
{"zip_code":"38255","country":"US","city":"Sharon","state":"Tennessee","state_ab":"TN","county":"Weakley","geo_location":{ "type": "Point", "coordinates": [-88.8477, 36.2395] }},
{"zip_code":"37135","country":"US","city":"Nolensville","state":"Tennessee","state_ab":"TN","county":"Williamson","geo_location":{ "type": "Point", "coordinates": [-86.6829, 35.9307] }},
{"zip_code":"37122","country":"US","city":"Mount Juliet","state":"Tennessee","state_ab":"TN","county":"Wilson","geo_location":{ "type": "Point", "coordinates": [-86.5023, 36.1897] }},
{"zip_code":"75902","country":"US","city":"Lufkin","state":"Texas","state_ab":"TX","county":"Angelina","geo_location":{ "type": "Point", "coordinates": [-94.7611, 31.3623] }},
{"zip_code":"75915","country":"US","city":"Lufkin","state":"Texas","state_ab":"TX","county":"Angelina","geo_location":{ "type": "Point", "coordinates": [-94.5771, 31.2873] }},
{"zip_code":"78358","country":"US","city":"Fulton","state":"Texas","state_ab":"TX","county":"Aransas","geo_location":{ "type": "Point", "coordinates": [-97.0416, 28.0865] }},
{"zip_code":"78008","country":"US","city":"Campbellton","state":"Texas","state_ab":"TX","county":"Atascosa","geo_location":{ "type": "Point", "coordinates": [-98.2566, 28.767] }},
{"zip_code":"78062","country":"US","city":"Peggy","state":"Texas","state_ab":"TX","county":"Atascosa","geo_location":{ "type": "Point", "coordinates": [-98.5529, 28.92] }},
{"zip_code":"77418","country":"US","city":"Bellville","state":"Texas","state_ab":"TX","county":"Austin","geo_location":{ "type": "Point", "coordinates": [-96.2531, 29.9658] }},
{"zip_code":"77485","country":"US","city":"Wallis","state":"Texas","state_ab":"TX","county":"Austin","geo_location":{ "type": "Point", "coordinates": [-96.0456, 29.6397] }},
{"zip_code":"78602","country":"US","city":"Bastrop","state":"Texas","state_ab":"TX","county":"Bastrop","geo_location":{ "type": "Point", "coordinates": [-97.2921, 30.1388] }},
{"zip_code":"78125","country":"US","city":"Mineral","state":"Texas","state_ab":"TX","county":"Bee","geo_location":{ "type": "Point", "coordinates": [-97.9407, 28.5552] }},
{"zip_code":"76505","country":"US","city":"Temple","state":"Texas","state_ab":"TX","county":"Bell","geo_location":{ "type": "Point", "coordinates": [-97.492, 31.0363] }},
{"zip_code":"78112","country":"US","city":"Elmendorf","state":"Texas","state_ab":"TX","county":"Bexar","geo_location":{ "type": "Point", "coordinates": [-98.372, 29.2308] }},
{"zip_code":"78152","country":"US","city":"Saint Hedwig","state":"Texas","state_ab":"TX","county":"Bexar","geo_location":{ "type": "Point", "coordinates": [-98.1952, 29.4353] }},
{"zip_code":"78202","country":"US","city":"San Antonio","state":"Texas","state_ab":"TX","county":"Bexar","geo_location":{ "type": "Point", "coordinates": [-98.4601, 29.4275] }},
{"zip_code":"78215","country":"US","city":"San Antonio","state":"Texas","state_ab":"TX","county":"Bexar","geo_location":{ "type": "Point", "coordinates": [-98.4793, 29.4413] }},
{"zip_code":"78228","country":"US","city":"San Antonio","state":"Texas","state_ab":"TX","county":"Bexar","geo_location":{ "type": "Point", "coordinates": [-98.5699, 29.4589] }},
{"zip_code":"78242","country":"US","city":"San Antonio","state":"Texas","state_ab":"TX","county":"Bexar","geo_location":{ "type": "Point", "coordinates": [-98.6109, 29.3509] }},
{"zip_code":"78255","country":"US","city":"San Antonio","state":"Texas","state_ab":"TX","county":"Bexar","geo_location":{ "type": "Point", "coordinates": [-98.6873, 29.6701] }},
{"zip_code":"78268","country":"US","city":"San Antonio","state":"Texas","state_ab":"TX","county":"Bexar","geo_location":{ "type": "Point", "coordinates": [-98.4616, 29.4375] }},
{"zip_code":"78295","country":"US","city":"San Antonio","state":"Texas","state_ab":"TX","county":"Bexar","geo_location":{ "type": "Point", "coordinates": [-98.4616, 29.4375] }},
{"zip_code":"77588","country":"US","city":"Pearland","state":"Texas","state_ab":"TX","county":"Brazoria","geo_location":{ "type": "Point", "coordinates": [-95.2542, 29.5127] }},
{"zip_code":"77805","country":"US","city":"Bryan","state":"Texas","state_ab":"TX","county":"Brazos","geo_location":{ "type": "Point", "coordinates": [-96.341, 30.6521] }},
{"zip_code":"77845","country":"US","city":"College Station","state":"Texas","state_ab":"TX","county":"Brazos","geo_location":{ "type": "Point", "coordinates": [-96.3171, 30.5118] }},
{"zip_code":"79852","country":"US","city":"Terlingua","state":"Texas","state_ab":"TX","county":"Brewster","geo_location":{ "type": "Point", "coordinates": [-103.5597, 29.3165] }},
{"zip_code":"76802","country":"US","city":"Early","state":"Texas","state_ab":"TX","county":"Brown","geo_location":{ "type": "Point", "coordinates": [-98.9229, 31.7874] }},
{"zip_code":"78655","country":"US","city":"Martindale","state":"Texas","state_ab":"TX","county":"Caldwell","geo_location":{ "type": "Point", "coordinates": [-97.8508, 29.8394] }},
{"zip_code":"78552","country":"US","city":"Harlingen","state":"Texas","state_ab":"TX","county":"Cameron","geo_location":{ "type": "Point", "coordinates": [-97.7468, 26.1831] }},
{"zip_code":"78578","country":"US","city":"Port Isabel","state":"Texas","state_ab":"TX","county":"Cameron","geo_location":{ "type": "Point", "coordinates": [-97.3125, 26.0539] }},
{"zip_code":"78592","country":"US","city":"Santa Maria","state":"Texas","state_ab":"TX","county":"Cameron","geo_location":{ "type": "Point", "coordinates": [-97.8351, 26.0785] }},
{"zip_code":"75555","country":"US","city":"Bivins","state":"Texas","state_ab":"TX","county":"Cass","geo_location":{ "type": "Point", "coordinates": [-94.1404, 32.966] }},
{"zip_code":"77665","country":"US","city":"Winnie","state":"Texas","state_ab":"TX","county":"Chambers","geo_location":{ "type": "Point", "coordinates": [-94.3395, 29.8157] }},
{"zip_code":"76352","country":"US","city":"Bluegrove","state":"Texas","state_ab":"TX","county":"Clay","geo_location":{ "type": "Point", "coordinates": [-98.1848, 33.8117] }},
{"zip_code":"76365","country":"US","city":"Henrietta","state":"Texas","state_ab":"TX","county":"Clay","geo_location":{ "type": "Point", "coordinates": [-98.26, 33.8196] }},
{"zip_code":"76945","country":"US","city":"Robert Lee","state":"Texas","state_ab":"TX","county":"Coke","geo_location":{ "type": "Point", "coordinates": [-100.5104, 31.8951] }},
{"zip_code":"76828","country":"US","city":"Burkett","state":"Texas","state_ab":"TX","county":"Coleman","geo_location":{ "type": "Point", "coordinates": [-99.2553, 31.9986] }},
{"zip_code":"76882","country":"US","city":"Talpa","state":"Texas","state_ab":"TX","county":"Coleman","geo_location":{ "type": "Point", "coordinates": [-99.6747, 31.8034] }},
{"zip_code":"75025","country":"US","city":"Plano","state":"Texas","state_ab":"TX","county":"Collin","geo_location":{ "type": "Point", "coordinates": [-96.7291, 33.0784] }},
{"zip_code":"75078","country":"US","city":"Prosper","state":"Texas","state_ab":"TX","county":"Collin","geo_location":{ "type": "Point", "coordinates": [-96.7954, 33.2362] }},
{"zip_code":"76442","country":"US","city":"Comanche","state":"Texas","state_ab":"TX","county":"Comanche","geo_location":{ "type": "Point", "coordinates": [-98.6082, 31.9116] }},
{"zip_code":"76455","country":"US","city":"Gustine","state":"Texas","state_ab":"TX","county":"Comanche","geo_location":{ "type": "Point", "coordinates": [-98.4017, 31.8468] }},
{"zip_code":"76468","country":"US","city":"Proctor","state":"Texas","state_ab":"TX","county":"Comanche","geo_location":{ "type": "Point", "coordinates": [-98.4003, 31.9963] }},
{"zip_code":"76855","country":"US","city":"Lowake","state":"Texas","state_ab":"TX","county":"Concho","geo_location":{ "type": "Point", "coordinates": [-99.8584, 31.3336] }},
{"zip_code":"76558","country":"US","city":"Mound","state":"Texas","state_ab":"TX","county":"Coryell","geo_location":{ "type": "Point", "coordinates": [-97.6444, 31.3514] }},
{"zip_code":"76598","country":"US","city":"Gatesville","state":"Texas","state_ab":"TX","county":"Coryell","geo_location":{ "type": "Point", "coordinates": [-97.7993, 31.3902] }},
{"zip_code":"79322","country":"US","city":"Crosbyton","state":"Texas","state_ab":"TX","county":"Crosby","geo_location":{ "type": "Point", "coordinates": [-101.2287, 33.6562] }},
{"zip_code":"75038","country":"US","city":"Irving","state":"Texas","state_ab":"TX","county":"Dallas","geo_location":{ "type": "Point", "coordinates": [-96.9905, 32.8653] }},
{"zip_code":"75052","country":"US","city":"Grand Prairie","state":"Texas","state_ab":"TX","county":"Dallas","geo_location":{ "type": "Point", "coordinates": [-97.0311, 32.6605] }},
{"zip_code":"75115","country":"US","city":"Desoto","state":"Texas","state_ab":"TX","county":"Dallas","geo_location":{ "type": "Point", "coordinates": [-96.8653, 32.6041] }},
{"zip_code":"75182","country":"US","city":"Sunnyvale","state":"Texas","state_ab":"TX","county":"Dallas","geo_location":{ "type": "Point", "coordinates": [-96.5616, 32.797] }},
{"zip_code":"75205","country":"US","city":"Dallas","state":"Texas","state_ab":"TX","county":"Dallas","geo_location":{ "type": "Point", "coordinates": [-96.7843, 32.826] }},
{"zip_code":"75218","country":"US","city":"Dallas","state":"Texas","state_ab":"TX","county":"Dallas","geo_location":{ "type": "Point", "coordinates": [-96.6972, 32.8463] }},
{"zip_code":"75232","country":"US","city":"Dallas","state":"Texas","state_ab":"TX","county":"Dallas","geo_location":{ "type": "Point", "coordinates": [-96.8384, 32.6647] }},
{"zip_code":"75245","country":"US","city":"Dallas","state":"Texas","state_ab":"TX","county":"Dallas","geo_location":{ "type": "Point", "coordinates": [-96.5352, 32.9225] }},
{"zip_code":"75258","country":"US","city":"Dallas","state":"Texas","state_ab":"TX","county":"Dallas","geo_location":{ "type": "Point", "coordinates": [-96.7776, 32.7673] }},
{"zip_code":"75285","country":"US","city":"Dallas","state":"Texas","state_ab":"TX","county":"Dallas","geo_location":{ "type": "Point", "coordinates": [-96.7776, 32.7673] }},
{"zip_code":"75388","country":"US","city":"Dallas","state":"Texas","state_ab":"TX","county":"Dallas","geo_location":{ "type": "Point", "coordinates": [-96.7776, 32.7673] }},
{"zip_code":"79025","country":"US","city":"Dawn","state":"Texas","state_ab":"TX","county":"Deaf Smith","geo_location":{ "type": "Point", "coordinates": [-102.2002, 34.9106] }},
{"zip_code":"75065","country":"US","city":"Lake Dallas","state":"Texas","state_ab":"TX","county":"Denton","geo_location":{ "type": "Point", "coordinates": [-97.0237, 33.1219] }},
{"zip_code":"76208","country":"US","city":"Denton","state":"Texas","state_ab":"TX","county":"Denton","geo_location":{ "type": "Point", "coordinates": [-97.0612, 33.2117] }},
{"zip_code":"76262","country":"US","city":"Roanoke","state":"Texas","state_ab":"TX","county":"Denton","geo_location":{ "type": "Point", "coordinates": [-97.2127, 33.0211] }},
{"zip_code":"79762","country":"US","city":"Odessa","state":"Texas","state_ab":"TX","county":"Ector","geo_location":{ "type": "Point", "coordinates": [-102.3548, 31.889] }},
{"zip_code":"75155","country":"US","city":"Rice","state":"Texas","state_ab":"TX","county":"Ellis","geo_location":{ "type": "Point", "coordinates": [-96.4606, 32.2258] }},
{"zip_code":"75168","country":"US","city":"Waxahachie","state":"Texas","state_ab":"TX","county":"Ellis","geo_location":{ "type": "Point", "coordinates": [-96.7166, 32.3749] }},
{"zip_code":"79838","country":"US","city":"Fabens","state":"Texas","state_ab":"TX","county":"El Paso","geo_location":{ "type": "Point", "coordinates": [-106.1589, 31.4745] }},
{"zip_code":"79902","country":"US","city":"El Paso","state":"Texas","state_ab":"TX","county":"El Paso","geo_location":{ "type": "Point", "coordinates": [-106.4932, 31.7763] }},
{"zip_code":"79915","country":"US","city":"El Paso","state":"Texas","state_ab":"TX","county":"El Paso","geo_location":{ "type": "Point", "coordinates": [-106.3686, 31.7432] }},
{"zip_code":"79928","country":"US","city":"El Paso","state":"Texas","state_ab":"TX","county":"El Paso","geo_location":{ "type": "Point", "coordinates": [-106.1401, 31.6631] }},
{"zip_code":"79942","country":"US","city":"El Paso","state":"Texas","state_ab":"TX","county":"El Paso","geo_location":{ "type": "Point", "coordinates": [-106.3, 31.6948] }},
{"zip_code":"79955","country":"US","city":"El Paso","state":"Texas","state_ab":"TX","county":"El Paso","geo_location":{ "type": "Point", "coordinates": [-106.3, 31.6948] }},
{"zip_code":"79968","country":"US","city":"El Paso","state":"Texas","state_ab":"TX","county":"El Paso","geo_location":{ "type": "Point", "coordinates": [-106.5048, 31.7705] }},
{"zip_code":"79982","country":"US","city":"El Paso","state":"Texas","state_ab":"TX","county":"El Paso","geo_location":{ "type": "Point", "coordinates": [-106.3, 31.6948] }},
{"zip_code":"79995","country":"US","city":"El Paso","state":"Texas","state_ab":"TX","county":"El Paso","geo_location":{ "type": "Point", "coordinates": [-106.3, 31.6948] }},
{"zip_code":"88515","country":"US","city":"El Paso","state":"Texas","state_ab":"TX","county":"El Paso","geo_location":{ "type": "Point", "coordinates": [-106.3, 31.6948] }},
{"zip_code":"88528","country":"US","city":"El Paso","state":"Texas","state_ab":"TX","county":"El Paso","geo_location":{ "type": "Point", "coordinates": [-106.3, 31.6948] }},
{"zip_code":"88542","country":"US","city":"El Paso","state":"Texas","state_ab":"TX","county":"El Paso","geo_location":{ "type": "Point", "coordinates": [-106.3, 31.6948] }},
{"zip_code":"88555","country":"US","city":"El Paso","state":"Texas","state_ab":"TX","county":"El Paso","geo_location":{ "type": "Point", "coordinates": [-106.3, 31.6948] }},
{"zip_code":"88568","country":"US","city":"El Paso","state":"Texas","state_ab":"TX","county":"El Paso","geo_location":{ "type": "Point", "coordinates": [-106.3, 31.6948] }},
{"zip_code":"88582","country":"US","city":"El Paso","state":"Texas","state_ab":"TX","county":"El Paso","geo_location":{ "type": "Point", "coordinates": [-106.3, 31.6948] }},
{"zip_code":"88595","country":"US","city":"El Paso","state":"Texas","state_ab":"TX","county":"El Paso","geo_location":{ "type": "Point", "coordinates": [-106.3, 31.6948] }},
{"zip_code":"76402","country":"US","city":"Stephenville","state":"Texas","state_ab":"TX","county":"Erath","geo_location":{ "type": "Point", "coordinates": [-98.208, 32.2153] }},
{"zip_code":"76675","country":"US","city":"Otto","state":"Texas","state_ab":"TX","county":"Falls","geo_location":{ "type": "Point", "coordinates": [-96.8194, 31.4023] }},
{"zip_code":"75438","country":"US","city":"Dodd City","state":"Texas","state_ab":"TX","county":"Fannin","geo_location":{ "type": "Point", "coordinates": [-96.0619, 33.5647] }},
{"zip_code":"75452","country":"US","city":"Leonard","state":"Texas","state_ab":"TX","county":"Fannin","geo_location":{ "type": "Point", "coordinates": [-96.2238, 33.4044] }}]}