{
  "$schema": "http://schema.management.azure.com/schemas/2015-01-01/deploymentTemplate.json#",
  "contentVersion": "1.0.0.0",
  "parameters": {
    "resourcePrefix": {
      "type": "string",
      "defaultValue": "psbes",
      "metadata": {
        "description": "Prefix for all resources created by this template"
      }
    },
      "storageAccountType": {
        "type": "string",
        "defaultValue": "Standard_LRS",
        "allowedValues": [
          "Standard_LRS",
          "Standard_GRS",
          "Standard_ZRS",
          "Premium_LRS"
        ],
        "metadata": {
          "description": "Storage Account type"
        }
      }
  },
  "variables": {
    "repoURL": "https://github.com/Azure-Samples/azure-search-power-skills",
    "functionProject": "Text\\CustomEntitySearch\\CustomEntityLookup.csproj",
    "websiteName": "[toLower(concat(parameters('resourcePrefix'), '-site-', uniqueString(resourceGroup().id)))]",
    "storageAccount": "[toLower(concat(parameters('resourcePrefix'), uniqueString(resourceGroup().id)))]",
    "functionAppName": "[toLower(concat(parameters('resourcePrefix'), '-function-app-', uniqueString(resourceGroup().id)))]"
  },
  "resources": [
    {
      "apiVersion": "2017-10-01",
      "name": "[variables('storageAccount')]",
      "type": "Microsoft.Storage/storageAccounts",
      "location": "[resourceGroup().location]",
      "sku": {
        "name": "[parameters('storageAccountType')]"
      },
      "kind": "Storage"
    },
    {
      "apiVersion": "2016-08-01",
      "name": "[variables('functionAppName')]",
      "type": "Microsoft.Web/sites",
      "kind": "functionapp",
      "location": "[resourceGroup().location]",
      "dependsOn": [
        "[resourceId('Microsoft.Storage/storageAccounts', variables('storageAccount'))]"
      ],
      "properties": {
        "name": "[variables('functionAppName')]",
        "kind": "functionapp",
        "httpsOnly": true,
        "siteConfig": {
          "appSettings": [
            {
              "name": "WEBSITE_CONTENTAZUREFILECONNECTIONSTRING",
              "value": "[concat('DefaultEndpointsProtocol=https;AccountName=', variables('storageAccount'), ';AccountKey=', listKeys(resourceId('Microsoft.Storage/storageAccounts', variables('storageAccount')), '2015-06-15').key1)]"
            },
            {
              "name": "WEBSITE_CONTENTSHARE",
              "value": "[toLower(variables('functionAppName'))]"
            },
            {
              "name": "AzureWebJobsDashboard",
              "value": "[concat('DefaultEndpointsProtocol=https;AccountName=', variables('storageAccount'), ';AccountKey=', listKeys(resourceId('Microsoft.Storage/storageAccounts', variables('storageAccount')), '2015-06-15').key1)]"
            },
            {
              "name": "AzureWebJobsStorage",
              "value": "[concat('DefaultEndpointsProtocol=https;AccountName=', variables('storageAccount'), ';AccountKey=', listKeys(resourceId('Microsoft.Storage/storageAccounts', variables('storageAccount')), '2015-06-15').key1)]"
            },
            {
              "name": "FUNCTIONS_EXTENSION_VERSION",
              "value": "~2"
            },
            {
              "name": "FUNCTIONS_EXTENSION_RUNTIME",
              "value": "dotnet"
            },
            {
              "name": "SCM_DO_BUILD_DURING_DEPLOYMENT",
              "value": true
            },
            {
              "name": "PROJECT",
              "value": "[variables('functionProject')]"
            }
          ]
        }
      },
      "resources": [
        {
          "apiVersion": "2015-08-01",
          "name": "web",
          "type": "sourcecontrols",
          "dependsOn": [
            "[resourceId('Microsoft.Web/Sites', variables('functionAppName'))]"
          ],
          "properties": {
            "RepoUrl": "[variables('repoURL')]",
            "branch": "master",
            "project": "[variables('functionProject')]",
            "IsManualIntegration": true
          }
        }
      ]
    }
  ],
  "outputs": {
    "Azure Function Site Name": {
      "type": "string",
      "value": "[variables('functionAppName')]"
    }
  }
}